,model,acc,curriculum
0,0,1.0,non-sequential
1,0,1.0,non-sequential
2,0,0.0,non-sequential
3,0,1.0,non-sequential
4,0,1.0,non-sequential
5,0,1.0,non-sequential
6,0,0.0,non-sequential
7,0,0.0,non-sequential
8,0,1.0,non-sequential
9,0,1.0,non-sequential
10,0,0.0,non-sequential
11,0,1.0,non-sequential
12,0,1.0,non-sequential
13,0,1.0,non-sequential
14,0,0.0,non-sequential
15,0,1.0,non-sequential
16,0,1.0,non-sequential
17,0,0.0,non-sequential
18,0,0.0,non-sequential
19,0,1.0,non-sequential
20,0,1.0,non-sequential
21,0,1.0,non-sequential
22,0,1.0,non-sequential
23,0,0.0,non-sequential
24,0,1.0,non-sequential
25,0,0.0,non-sequential
26,0,0.0,non-sequential
27,0,1.0,non-sequential
28,0,0.0,non-sequential
29,0,1.0,non-sequential
30,0,1.0,non-sequential
31,0,1.0,non-sequential
32,0,1.0,non-sequential
33,0,1.0,non-sequential
34,0,1.0,non-sequential
35,0,0.0,non-sequential
36,0,1.0,non-sequential
37,0,0.0,non-sequential
38,0,1.0,non-sequential
39,0,1.0,non-sequential
40,0,1.0,non-sequential
41,0,1.0,non-sequential
42,0,1.0,non-sequential
43,0,1.0,non-sequential
44,0,1.0,non-sequential
45,0,1.0,non-sequential
46,0,0.0,non-sequential
47,0,1.0,non-sequential
48,0,0.0,non-sequential
49,0,1.0,non-sequential
50,0,1.0,non-sequential
51,0,1.0,non-sequential
52,0,1.0,non-sequential
53,0,1.0,non-sequential
54,0,0.0,non-sequential
55,0,1.0,non-sequential
56,0,0.0,non-sequential
57,0,1.0,non-sequential
58,0,1.0,non-sequential
59,0,1.0,non-sequential
60,0,0.0,non-sequential
61,0,1.0,non-sequential
62,0,1.0,non-sequential
63,0,1.0,non-sequential
64,0,1.0,non-sequential
65,0,1.0,non-sequential
66,0,0.0,non-sequential
67,0,0.0,non-sequential
68,0,1.0,non-sequential
69,0,1.0,non-sequential
70,0,1.0,non-sequential
71,0,0.0,non-sequential
72,0,0.0,non-sequential
73,0,1.0,non-sequential
74,0,0.0,non-sequential
75,0,0.0,non-sequential
76,0,1.0,non-sequential
77,0,1.0,non-sequential
78,0,0.0,non-sequential
79,0,0.0,non-sequential
80,0,0.0,non-sequential
81,0,0.0,non-sequential
82,0,1.0,non-sequential
83,0,1.0,non-sequential
84,0,1.0,non-sequential
85,0,1.0,non-sequential
86,0,1.0,non-sequential
87,0,1.0,non-sequential
88,0,1.0,non-sequential
89,0,1.0,non-sequential
90,0,1.0,non-sequential
91,0,1.0,non-sequential
92,0,0.0,non-sequential
93,0,1.0,non-sequential
94,0,1.0,non-sequential
95,0,0.0,non-sequential
96,0,1.0,non-sequential
97,0,1.0,non-sequential
98,0,1.0,non-sequential
99,0,0.0,non-sequential
100,0,0.0,non-sequential
101,0,1.0,non-sequential
102,0,1.0,non-sequential
103,0,1.0,non-sequential
104,0,0.0,non-sequential
105,0,1.0,non-sequential
106,0,0.0,non-sequential
107,0,1.0,non-sequential
108,0,0.0,non-sequential
109,0,1.0,non-sequential
110,0,1.0,non-sequential
111,0,1.0,non-sequential
112,0,0.0,non-sequential
113,0,1.0,non-sequential
114,0,1.0,non-sequential
115,0,0.0,non-sequential
116,0,0.0,non-sequential
117,0,1.0,non-sequential
118,0,1.0,non-sequential
119,0,1.0,non-sequential
120,0,1.0,non-sequential
121,0,1.0,non-sequential
122,0,1.0,non-sequential
123,0,1.0,non-sequential
124,0,1.0,non-sequential
125,0,0.0,non-sequential
126,0,0.0,non-sequential
127,0,0.0,non-sequential
128,0,1.0,non-sequential
129,0,1.0,non-sequential
130,0,1.0,non-sequential
131,0,1.0,non-sequential
132,0,0.0,non-sequential
133,0,1.0,non-sequential
134,0,0.0,non-sequential
135,0,1.0,non-sequential
136,0,0.0,non-sequential
137,0,1.0,non-sequential
138,0,1.0,non-sequential
139,0,0.0,non-sequential
140,0,1.0,non-sequential
141,0,1.0,non-sequential
142,0,0.0,non-sequential
143,0,0.0,non-sequential
144,0,1.0,non-sequential
145,0,0.0,non-sequential
146,0,1.0,non-sequential
147,0,1.0,non-sequential
148,0,0.0,non-sequential
149,0,1.0,non-sequential
150,0,1.0,non-sequential
151,0,0.0,non-sequential
152,0,1.0,non-sequential
153,0,0.0,non-sequential
154,0,1.0,non-sequential
155,0,1.0,non-sequential
156,0,1.0,non-sequential
157,0,1.0,non-sequential
158,0,1.0,non-sequential
159,0,1.0,non-sequential
160,0,1.0,non-sequential
161,0,0.0,non-sequential
162,0,0.0,non-sequential
163,0,1.0,non-sequential
164,0,0.0,non-sequential
165,0,0.0,non-sequential
166,0,0.0,non-sequential
167,0,1.0,non-sequential
168,0,1.0,non-sequential
169,0,1.0,non-sequential
170,0,0.0,non-sequential
171,0,0.0,non-sequential
172,0,1.0,non-sequential
173,0,1.0,non-sequential
174,0,0.0,non-sequential
175,0,1.0,non-sequential
176,0,0.0,non-sequential
177,0,1.0,non-sequential
178,0,1.0,non-sequential
179,0,1.0,non-sequential
180,0,1.0,non-sequential
181,0,0.0,non-sequential
182,0,1.0,non-sequential
183,0,0.0,non-sequential
184,0,0.0,non-sequential
185,0,1.0,non-sequential
186,0,0.0,non-sequential
187,0,0.0,non-sequential
188,0,1.0,non-sequential
189,0,0.0,non-sequential
190,0,1.0,non-sequential
191,0,1.0,non-sequential
192,0,0.0,non-sequential
193,0,1.0,non-sequential
194,0,1.0,non-sequential
195,0,0.0,non-sequential
196,0,0.0,non-sequential
197,0,1.0,non-sequential
198,0,0.0,non-sequential
199,0,0.0,non-sequential
200,0,1.0,non-sequential
201,0,0.0,non-sequential
202,0,0.0,non-sequential
203,0,1.0,non-sequential
204,0,0.0,non-sequential
205,0,0.0,non-sequential
206,0,0.0,non-sequential
207,0,1.0,non-sequential
208,0,0.0,non-sequential
209,0,1.0,non-sequential
210,0,1.0,non-sequential
211,0,0.0,non-sequential
212,0,1.0,non-sequential
213,0,1.0,non-sequential
214,0,1.0,non-sequential
215,0,0.0,non-sequential
216,0,1.0,non-sequential
217,0,1.0,non-sequential
218,0,1.0,non-sequential
219,0,1.0,non-sequential
220,0,1.0,non-sequential
221,0,1.0,non-sequential
222,0,0.0,non-sequential
223,0,1.0,non-sequential
224,0,1.0,non-sequential
225,0,1.0,non-sequential
226,0,0.0,non-sequential
227,0,1.0,non-sequential
228,0,1.0,non-sequential
229,0,1.0,non-sequential
230,0,0.0,non-sequential
231,0,1.0,non-sequential
232,0,1.0,non-sequential
233,0,0.0,non-sequential
234,0,1.0,non-sequential
235,0,0.0,non-sequential
236,0,1.0,non-sequential
237,0,1.0,non-sequential
238,0,0.0,non-sequential
239,0,1.0,non-sequential
240,0,1.0,non-sequential
241,0,1.0,non-sequential
242,0,1.0,non-sequential
243,0,0.0,non-sequential
244,0,0.0,non-sequential
245,0,1.0,non-sequential
246,0,0.0,non-sequential
247,0,1.0,non-sequential
248,0,0.0,non-sequential
249,0,1.0,non-sequential
250,0,1.0,non-sequential
251,0,0.0,non-sequential
252,0,1.0,non-sequential
253,0,0.0,non-sequential
254,0,0.0,non-sequential
255,0,1.0,non-sequential
256,0,1.0,non-sequential
257,0,1.0,non-sequential
258,0,1.0,non-sequential
259,0,1.0,non-sequential
260,0,0.0,non-sequential
261,0,1.0,non-sequential
262,0,0.0,non-sequential
263,0,0.0,non-sequential
264,0,0.0,non-sequential
265,0,0.0,non-sequential
266,0,1.0,non-sequential
267,0,1.0,non-sequential
268,0,0.0,non-sequential
269,0,0.0,non-sequential
270,0,1.0,non-sequential
271,0,0.0,non-sequential
272,0,1.0,non-sequential
273,0,1.0,non-sequential
274,0,0.0,non-sequential
275,0,1.0,non-sequential
276,0,1.0,non-sequential
277,0,0.0,non-sequential
278,0,1.0,non-sequential
279,0,1.0,non-sequential
280,0,1.0,non-sequential
281,0,0.0,non-sequential
282,0,0.0,non-sequential
283,0,0.0,non-sequential
284,0,1.0,non-sequential
285,0,0.0,non-sequential
286,0,1.0,non-sequential
287,0,1.0,non-sequential
288,0,1.0,non-sequential
289,0,1.0,non-sequential
290,0,1.0,non-sequential
291,0,1.0,non-sequential
292,0,1.0,non-sequential
293,0,1.0,non-sequential
294,0,0.0,non-sequential
295,0,0.0,non-sequential
296,0,1.0,non-sequential
297,0,1.0,non-sequential
298,0,1.0,non-sequential
299,0,1.0,non-sequential
300,0,0.0,non-sequential
301,0,1.0,non-sequential
302,0,0.0,non-sequential
303,0,1.0,non-sequential
304,0,1.0,non-sequential
305,0,0.0,non-sequential
306,0,0.0,non-sequential
307,0,0.0,non-sequential
308,0,0.0,non-sequential
309,0,0.0,non-sequential
310,0,1.0,non-sequential
311,0,0.0,non-sequential
312,0,0.0,non-sequential
313,0,1.0,non-sequential
314,0,0.0,non-sequential
315,0,1.0,non-sequential
316,0,0.0,non-sequential
317,0,1.0,non-sequential
318,0,0.0,non-sequential
319,0,1.0,non-sequential
320,0,0.0,non-sequential
321,0,1.0,non-sequential
322,0,1.0,non-sequential
323,0,0.0,non-sequential
324,0,1.0,non-sequential
325,0,0.0,non-sequential
326,0,0.0,non-sequential
327,0,0.0,non-sequential
328,0,1.0,non-sequential
329,0,1.0,non-sequential
330,0,1.0,non-sequential
331,0,0.0,non-sequential
332,0,1.0,non-sequential
333,0,0.0,non-sequential
334,0,1.0,non-sequential
335,0,1.0,non-sequential
336,0,1.0,non-sequential
337,0,0.0,non-sequential
338,0,1.0,non-sequential
339,0,1.0,non-sequential
340,0,1.0,non-sequential
341,0,1.0,non-sequential
342,0,0.0,non-sequential
343,0,1.0,non-sequential
344,0,0.0,non-sequential
345,0,1.0,non-sequential
346,0,0.0,non-sequential
347,0,1.0,non-sequential
348,0,0.0,non-sequential
349,0,1.0,non-sequential
350,0,1.0,non-sequential
351,0,1.0,non-sequential
352,0,1.0,non-sequential
353,0,1.0,non-sequential
354,0,1.0,non-sequential
355,0,1.0,non-sequential
356,0,0.0,non-sequential
357,0,0.0,non-sequential
358,0,1.0,non-sequential
359,0,1.0,non-sequential
360,0,0.0,non-sequential
361,0,1.0,non-sequential
362,0,0.0,non-sequential
363,0,0.0,non-sequential
364,0,1.0,non-sequential
365,0,1.0,non-sequential
366,0,1.0,non-sequential
367,0,1.0,non-sequential
368,0,0.0,non-sequential
369,0,1.0,non-sequential
370,0,1.0,non-sequential
371,0,0.0,non-sequential
372,0,1.0,non-sequential
373,0,1.0,non-sequential
374,0,1.0,non-sequential
375,0,1.0,non-sequential
376,0,1.0,non-sequential
377,0,1.0,non-sequential
378,0,1.0,non-sequential
379,0,1.0,non-sequential
0,1,1.0,non-sequential
1,1,1.0,non-sequential
2,1,0.0,non-sequential
3,1,1.0,non-sequential
4,1,0.0,non-sequential
5,1,1.0,non-sequential
6,1,0.0,non-sequential
7,1,0.0,non-sequential
8,1,1.0,non-sequential
9,1,1.0,non-sequential
10,1,1.0,non-sequential
11,1,1.0,non-sequential
12,1,0.0,non-sequential
13,1,1.0,non-sequential
14,1,1.0,non-sequential
15,1,1.0,non-sequential
16,1,1.0,non-sequential
17,1,1.0,non-sequential
18,1,0.0,non-sequential
19,1,1.0,non-sequential
20,1,0.0,non-sequential
21,1,1.0,non-sequential
22,1,0.0,non-sequential
23,1,0.0,non-sequential
24,1,1.0,non-sequential
25,1,0.0,non-sequential
26,1,1.0,non-sequential
27,1,0.0,non-sequential
28,1,1.0,non-sequential
29,1,0.0,non-sequential
30,1,1.0,non-sequential
31,1,1.0,non-sequential
32,1,1.0,non-sequential
33,1,0.0,non-sequential
34,1,0.0,non-sequential
35,1,1.0,non-sequential
36,1,0.0,non-sequential
37,1,0.0,non-sequential
38,1,1.0,non-sequential
39,1,1.0,non-sequential
40,1,0.0,non-sequential
41,1,1.0,non-sequential
42,1,0.0,non-sequential
43,1,0.0,non-sequential
44,1,0.0,non-sequential
45,1,0.0,non-sequential
46,1,1.0,non-sequential
47,1,1.0,non-sequential
48,1,0.0,non-sequential
49,1,1.0,non-sequential
50,1,0.0,non-sequential
51,1,0.0,non-sequential
52,1,1.0,non-sequential
53,1,1.0,non-sequential
54,1,0.0,non-sequential
55,1,0.0,non-sequential
56,1,0.0,non-sequential
57,1,1.0,non-sequential
58,1,1.0,non-sequential
59,1,1.0,non-sequential
60,1,1.0,non-sequential
61,1,1.0,non-sequential
62,1,1.0,non-sequential
63,1,0.0,non-sequential
64,1,1.0,non-sequential
65,1,1.0,non-sequential
66,1,1.0,non-sequential
67,1,1.0,non-sequential
68,1,1.0,non-sequential
69,1,1.0,non-sequential
70,1,1.0,non-sequential
71,1,1.0,non-sequential
72,1,1.0,non-sequential
73,1,0.0,non-sequential
74,1,1.0,non-sequential
75,1,0.0,non-sequential
76,1,1.0,non-sequential
77,1,1.0,non-sequential
78,1,0.0,non-sequential
79,1,1.0,non-sequential
80,1,1.0,non-sequential
81,1,1.0,non-sequential
82,1,1.0,non-sequential
83,1,1.0,non-sequential
84,1,0.0,non-sequential
85,1,1.0,non-sequential
86,1,0.0,non-sequential
87,1,1.0,non-sequential
88,1,1.0,non-sequential
89,1,0.0,non-sequential
90,1,1.0,non-sequential
91,1,0.0,non-sequential
92,1,1.0,non-sequential
93,1,1.0,non-sequential
94,1,1.0,non-sequential
95,1,0.0,non-sequential
96,1,0.0,non-sequential
97,1,0.0,non-sequential
98,1,1.0,non-sequential
99,1,1.0,non-sequential
100,1,1.0,non-sequential
101,1,1.0,non-sequential
102,1,0.0,non-sequential
103,1,1.0,non-sequential
104,1,0.0,non-sequential
105,1,1.0,non-sequential
106,1,1.0,non-sequential
107,1,0.0,non-sequential
108,1,1.0,non-sequential
109,1,1.0,non-sequential
110,1,0.0,non-sequential
111,1,0.0,non-sequential
112,1,1.0,non-sequential
113,1,1.0,non-sequential
114,1,0.0,non-sequential
115,1,0.0,non-sequential
116,1,0.0,non-sequential
117,1,1.0,non-sequential
118,1,0.0,non-sequential
119,1,1.0,non-sequential
120,1,1.0,non-sequential
121,1,1.0,non-sequential
122,1,1.0,non-sequential
123,1,0.0,non-sequential
124,1,1.0,non-sequential
125,1,1.0,non-sequential
126,1,1.0,non-sequential
127,1,1.0,non-sequential
128,1,1.0,non-sequential
129,1,1.0,non-sequential
130,1,0.0,non-sequential
131,1,1.0,non-sequential
132,1,1.0,non-sequential
133,1,1.0,non-sequential
134,1,0.0,non-sequential
135,1,0.0,non-sequential
136,1,0.0,non-sequential
137,1,0.0,non-sequential
138,1,1.0,non-sequential
139,1,0.0,non-sequential
140,1,1.0,non-sequential
141,1,0.0,non-sequential
142,1,1.0,non-sequential
143,1,1.0,non-sequential
144,1,0.0,non-sequential
145,1,0.0,non-sequential
146,1,0.0,non-sequential
147,1,0.0,non-sequential
148,1,1.0,non-sequential
149,1,1.0,non-sequential
150,1,0.0,non-sequential
151,1,1.0,non-sequential
152,1,1.0,non-sequential
153,1,0.0,non-sequential
154,1,0.0,non-sequential
155,1,0.0,non-sequential
156,1,0.0,non-sequential
157,1,1.0,non-sequential
158,1,0.0,non-sequential
159,1,1.0,non-sequential
160,1,1.0,non-sequential
161,1,1.0,non-sequential
162,1,1.0,non-sequential
163,1,1.0,non-sequential
164,1,1.0,non-sequential
165,1,0.0,non-sequential
166,1,1.0,non-sequential
167,1,1.0,non-sequential
168,1,0.0,non-sequential
169,1,1.0,non-sequential
170,1,1.0,non-sequential
171,1,0.0,non-sequential
172,1,0.0,non-sequential
173,1,0.0,non-sequential
174,1,0.0,non-sequential
175,1,1.0,non-sequential
176,1,1.0,non-sequential
177,1,1.0,non-sequential
178,1,1.0,non-sequential
179,1,1.0,non-sequential
180,1,0.0,non-sequential
181,1,0.0,non-sequential
182,1,1.0,non-sequential
183,1,1.0,non-sequential
184,1,1.0,non-sequential
185,1,0.0,non-sequential
186,1,0.0,non-sequential
187,1,0.0,non-sequential
188,1,1.0,non-sequential
189,1,1.0,non-sequential
190,1,1.0,non-sequential
191,1,1.0,non-sequential
192,1,1.0,non-sequential
193,1,1.0,non-sequential
194,1,1.0,non-sequential
195,1,0.0,non-sequential
196,1,1.0,non-sequential
197,1,1.0,non-sequential
198,1,0.0,non-sequential
199,1,0.0,non-sequential
200,1,0.0,non-sequential
201,1,0.0,non-sequential
202,1,1.0,non-sequential
203,1,1.0,non-sequential
204,1,0.0,non-sequential
205,1,1.0,non-sequential
206,1,0.0,non-sequential
207,1,0.0,non-sequential
208,1,1.0,non-sequential
209,1,1.0,non-sequential
210,1,1.0,non-sequential
211,1,1.0,non-sequential
212,1,1.0,non-sequential
213,1,1.0,non-sequential
214,1,0.0,non-sequential
215,1,1.0,non-sequential
216,1,0.0,non-sequential
217,1,0.0,non-sequential
218,1,1.0,non-sequential
219,1,1.0,non-sequential
220,1,0.0,non-sequential
221,1,1.0,non-sequential
222,1,1.0,non-sequential
223,1,1.0,non-sequential
224,1,1.0,non-sequential
225,1,1.0,non-sequential
226,1,0.0,non-sequential
227,1,0.0,non-sequential
228,1,1.0,non-sequential
229,1,0.0,non-sequential
230,1,1.0,non-sequential
231,1,1.0,non-sequential
232,1,1.0,non-sequential
233,1,1.0,non-sequential
234,1,0.0,non-sequential
235,1,0.0,non-sequential
236,1,0.0,non-sequential
237,1,1.0,non-sequential
238,1,0.0,non-sequential
239,1,0.0,non-sequential
240,1,0.0,non-sequential
241,1,1.0,non-sequential
242,1,1.0,non-sequential
243,1,1.0,non-sequential
244,1,0.0,non-sequential
245,1,0.0,non-sequential
246,1,1.0,non-sequential
247,1,1.0,non-sequential
248,1,1.0,non-sequential
249,1,0.0,non-sequential
250,1,0.0,non-sequential
251,1,0.0,non-sequential
252,1,0.0,non-sequential
253,1,0.0,non-sequential
254,1,0.0,non-sequential
255,1,1.0,non-sequential
256,1,0.0,non-sequential
257,1,1.0,non-sequential
258,1,1.0,non-sequential
259,1,0.0,non-sequential
260,1,1.0,non-sequential
261,1,1.0,non-sequential
262,1,0.0,non-sequential
263,1,1.0,non-sequential
264,1,0.0,non-sequential
265,1,1.0,non-sequential
266,1,0.0,non-sequential
267,1,1.0,non-sequential
268,1,0.0,non-sequential
269,1,1.0,non-sequential
270,1,1.0,non-sequential
271,1,1.0,non-sequential
272,1,1.0,non-sequential
273,1,1.0,non-sequential
274,1,0.0,non-sequential
275,1,1.0,non-sequential
276,1,0.0,non-sequential
277,1,1.0,non-sequential
278,1,1.0,non-sequential
279,1,1.0,non-sequential
280,1,1.0,non-sequential
281,1,0.0,non-sequential
282,1,0.0,non-sequential
283,1,1.0,non-sequential
284,1,1.0,non-sequential
285,1,1.0,non-sequential
286,1,1.0,non-sequential
287,1,1.0,non-sequential
288,1,1.0,non-sequential
289,1,1.0,non-sequential
290,1,1.0,non-sequential
291,1,1.0,non-sequential
292,1,1.0,non-sequential
293,1,1.0,non-sequential
294,1,1.0,non-sequential
295,1,0.0,non-sequential
296,1,0.0,non-sequential
297,1,0.0,non-sequential
298,1,0.0,non-sequential
299,1,1.0,non-sequential
300,1,1.0,non-sequential
301,1,0.0,non-sequential
302,1,0.0,non-sequential
303,1,1.0,non-sequential
304,1,0.0,non-sequential
305,1,0.0,non-sequential
306,1,0.0,non-sequential
307,1,0.0,non-sequential
308,1,1.0,non-sequential
309,1,1.0,non-sequential
310,1,1.0,non-sequential
311,1,1.0,non-sequential
312,1,1.0,non-sequential
313,1,1.0,non-sequential
314,1,0.0,non-sequential
315,1,0.0,non-sequential
316,1,1.0,non-sequential
317,1,1.0,non-sequential
318,1,0.0,non-sequential
319,1,1.0,non-sequential
320,1,0.0,non-sequential
321,1,0.0,non-sequential
322,1,1.0,non-sequential
323,1,0.0,non-sequential
324,1,1.0,non-sequential
325,1,0.0,non-sequential
326,1,0.0,non-sequential
327,1,1.0,non-sequential
328,1,1.0,non-sequential
329,1,1.0,non-sequential
330,1,1.0,non-sequential
331,1,1.0,non-sequential
332,1,1.0,non-sequential
333,1,1.0,non-sequential
334,1,0.0,non-sequential
335,1,1.0,non-sequential
336,1,1.0,non-sequential
337,1,0.0,non-sequential
338,1,1.0,non-sequential
339,1,1.0,non-sequential
340,1,1.0,non-sequential
341,1,1.0,non-sequential
342,1,1.0,non-sequential
343,1,1.0,non-sequential
344,1,0.0,non-sequential
345,1,1.0,non-sequential
346,1,1.0,non-sequential
347,1,0.0,non-sequential
348,1,1.0,non-sequential
349,1,0.0,non-sequential
350,1,1.0,non-sequential
351,1,1.0,non-sequential
352,1,1.0,non-sequential
353,1,1.0,non-sequential
354,1,1.0,non-sequential
355,1,1.0,non-sequential
356,1,0.0,non-sequential
357,1,1.0,non-sequential
358,1,1.0,non-sequential
359,1,0.0,non-sequential
360,1,0.0,non-sequential
361,1,0.0,non-sequential
362,1,0.0,non-sequential
363,1,0.0,non-sequential
364,1,1.0,non-sequential
365,1,0.0,non-sequential
366,1,1.0,non-sequential
367,1,1.0,non-sequential
368,1,1.0,non-sequential
369,1,1.0,non-sequential
370,1,1.0,non-sequential
371,1,0.0,non-sequential
372,1,0.0,non-sequential
373,1,1.0,non-sequential
374,1,0.0,non-sequential
375,1,1.0,non-sequential
376,1,1.0,non-sequential
377,1,1.0,non-sequential
378,1,1.0,non-sequential
379,1,0.0,non-sequential
0,2,0.0,non-sequential
1,2,0.0,non-sequential
2,2,1.0,non-sequential
3,2,1.0,non-sequential
4,2,1.0,non-sequential
5,2,0.0,non-sequential
6,2,0.0,non-sequential
7,2,0.0,non-sequential
8,2,0.0,non-sequential
9,2,1.0,non-sequential
10,2,0.0,non-sequential
11,2,1.0,non-sequential
12,2,0.0,non-sequential
13,2,1.0,non-sequential
14,2,1.0,non-sequential
15,2,1.0,non-sequential
16,2,0.0,non-sequential
17,2,0.0,non-sequential
18,2,0.0,non-sequential
19,2,1.0,non-sequential
20,2,0.0,non-sequential
21,2,1.0,non-sequential
22,2,0.0,non-sequential
23,2,1.0,non-sequential
24,2,1.0,non-sequential
25,2,1.0,non-sequential
26,2,0.0,non-sequential
27,2,1.0,non-sequential
28,2,1.0,non-sequential
29,2,1.0,non-sequential
30,2,0.0,non-sequential
31,2,1.0,non-sequential
32,2,1.0,non-sequential
33,2,0.0,non-sequential
34,2,1.0,non-sequential
35,2,1.0,non-sequential
36,2,0.0,non-sequential
37,2,1.0,non-sequential
38,2,1.0,non-sequential
39,2,0.0,non-sequential
40,2,1.0,non-sequential
41,2,1.0,non-sequential
42,2,0.0,non-sequential
43,2,0.0,non-sequential
44,2,1.0,non-sequential
45,2,1.0,non-sequential
46,2,0.0,non-sequential
47,2,1.0,non-sequential
48,2,1.0,non-sequential
49,2,1.0,non-sequential
50,2,1.0,non-sequential
51,2,1.0,non-sequential
52,2,0.0,non-sequential
53,2,0.0,non-sequential
54,2,1.0,non-sequential
55,2,0.0,non-sequential
56,2,1.0,non-sequential
57,2,1.0,non-sequential
58,2,1.0,non-sequential
59,2,0.0,non-sequential
60,2,1.0,non-sequential
61,2,1.0,non-sequential
62,2,1.0,non-sequential
63,2,1.0,non-sequential
64,2,0.0,non-sequential
65,2,1.0,non-sequential
66,2,0.0,non-sequential
67,2,1.0,non-sequential
68,2,0.0,non-sequential
69,2,1.0,non-sequential
70,2,1.0,non-sequential
71,2,0.0,non-sequential
72,2,0.0,non-sequential
73,2,0.0,non-sequential
74,2,1.0,non-sequential
75,2,0.0,non-sequential
76,2,0.0,non-sequential
77,2,1.0,non-sequential
78,2,0.0,non-sequential
79,2,0.0,non-sequential
80,2,0.0,non-sequential
81,2,0.0,non-sequential
82,2,0.0,non-sequential
83,2,1.0,non-sequential
84,2,1.0,non-sequential
85,2,1.0,non-sequential
86,2,1.0,non-sequential
87,2,1.0,non-sequential
88,2,1.0,non-sequential
89,2,1.0,non-sequential
90,2,1.0,non-sequential
91,2,1.0,non-sequential
92,2,0.0,non-sequential
93,2,0.0,non-sequential
94,2,1.0,non-sequential
95,2,0.0,non-sequential
96,2,1.0,non-sequential
97,2,0.0,non-sequential
98,2,0.0,non-sequential
99,2,1.0,non-sequential
100,2,1.0,non-sequential
101,2,1.0,non-sequential
102,2,0.0,non-sequential
103,2,1.0,non-sequential
104,2,0.0,non-sequential
105,2,0.0,non-sequential
106,2,0.0,non-sequential
107,2,0.0,non-sequential
108,2,0.0,non-sequential
109,2,1.0,non-sequential
110,2,1.0,non-sequential
111,2,1.0,non-sequential
112,2,1.0,non-sequential
113,2,0.0,non-sequential
114,2,0.0,non-sequential
115,2,0.0,non-sequential
116,2,1.0,non-sequential
117,2,1.0,non-sequential
118,2,0.0,non-sequential
119,2,0.0,non-sequential
120,2,1.0,non-sequential
121,2,1.0,non-sequential
122,2,0.0,non-sequential
123,2,1.0,non-sequential
124,2,0.0,non-sequential
125,2,0.0,non-sequential
126,2,1.0,non-sequential
127,2,1.0,non-sequential
128,2,1.0,non-sequential
129,2,1.0,non-sequential
130,2,0.0,non-sequential
131,2,0.0,non-sequential
132,2,1.0,non-sequential
133,2,0.0,non-sequential
134,2,0.0,non-sequential
135,2,0.0,non-sequential
136,2,0.0,non-sequential
137,2,0.0,non-sequential
138,2,0.0,non-sequential
139,2,1.0,non-sequential
140,2,0.0,non-sequential
141,2,1.0,non-sequential
142,2,1.0,non-sequential
143,2,1.0,non-sequential
144,2,0.0,non-sequential
145,2,0.0,non-sequential
146,2,1.0,non-sequential
147,2,1.0,non-sequential
148,2,1.0,non-sequential
149,2,1.0,non-sequential
150,2,1.0,non-sequential
151,2,1.0,non-sequential
152,2,0.0,non-sequential
153,2,1.0,non-sequential
154,2,0.0,non-sequential
155,2,1.0,non-sequential
156,2,0.0,non-sequential
157,2,1.0,non-sequential
158,2,1.0,non-sequential
159,2,0.0,non-sequential
160,2,1.0,non-sequential
161,2,1.0,non-sequential
162,2,0.0,non-sequential
163,2,0.0,non-sequential
164,2,1.0,non-sequential
165,2,0.0,non-sequential
166,2,1.0,non-sequential
167,2,1.0,non-sequential
168,2,1.0,non-sequential
169,2,1.0,non-sequential
170,2,1.0,non-sequential
171,2,0.0,non-sequential
172,2,1.0,non-sequential
173,2,0.0,non-sequential
174,2,1.0,non-sequential
175,2,1.0,non-sequential
176,2,1.0,non-sequential
177,2,1.0,non-sequential
178,2,1.0,non-sequential
179,2,1.0,non-sequential
180,2,0.0,non-sequential
181,2,0.0,non-sequential
182,2,0.0,non-sequential
183,2,1.0,non-sequential
184,2,1.0,non-sequential
185,2,0.0,non-sequential
186,2,0.0,non-sequential
187,2,1.0,non-sequential
188,2,1.0,non-sequential
189,2,1.0,non-sequential
190,2,1.0,non-sequential
191,2,1.0,non-sequential
192,2,0.0,non-sequential
193,2,1.0,non-sequential
194,2,1.0,non-sequential
195,2,1.0,non-sequential
196,2,1.0,non-sequential
197,2,1.0,non-sequential
198,2,0.0,non-sequential
199,2,1.0,non-sequential
200,2,1.0,non-sequential
201,2,1.0,non-sequential
202,2,1.0,non-sequential
203,2,1.0,non-sequential
204,2,0.0,non-sequential
205,2,0.0,non-sequential
206,2,1.0,non-sequential
207,2,1.0,non-sequential
208,2,1.0,non-sequential
209,2,1.0,non-sequential
210,2,0.0,non-sequential
211,2,1.0,non-sequential
212,2,0.0,non-sequential
213,2,0.0,non-sequential
214,2,0.0,non-sequential
215,2,1.0,non-sequential
216,2,1.0,non-sequential
217,2,0.0,non-sequential
218,2,1.0,non-sequential
219,2,1.0,non-sequential
220,2,1.0,non-sequential
221,2,1.0,non-sequential
222,2,1.0,non-sequential
223,2,0.0,non-sequential
224,2,1.0,non-sequential
225,2,1.0,non-sequential
226,2,0.0,non-sequential
227,2,0.0,non-sequential
228,2,0.0,non-sequential
229,2,0.0,non-sequential
230,2,1.0,non-sequential
231,2,1.0,non-sequential
232,2,1.0,non-sequential
233,2,0.0,non-sequential
234,2,1.0,non-sequential
235,2,1.0,non-sequential
236,2,1.0,non-sequential
237,2,1.0,non-sequential
238,2,0.0,non-sequential
239,2,0.0,non-sequential
240,2,0.0,non-sequential
241,2,1.0,non-sequential
242,2,1.0,non-sequential
243,2,1.0,non-sequential
244,2,1.0,non-sequential
245,2,0.0,non-sequential
246,2,1.0,non-sequential
247,2,0.0,non-sequential
248,2,1.0,non-sequential
249,2,1.0,non-sequential
250,2,0.0,non-sequential
251,2,1.0,non-sequential
252,2,1.0,non-sequential
253,2,1.0,non-sequential
254,2,1.0,non-sequential
255,2,1.0,non-sequential
256,2,1.0,non-sequential
257,2,1.0,non-sequential
258,2,0.0,non-sequential
259,2,1.0,non-sequential
260,2,1.0,non-sequential
261,2,1.0,non-sequential
262,2,0.0,non-sequential
263,2,1.0,non-sequential
264,2,0.0,non-sequential
265,2,0.0,non-sequential
266,2,1.0,non-sequential
267,2,1.0,non-sequential
268,2,1.0,non-sequential
269,2,1.0,non-sequential
270,2,0.0,non-sequential
271,2,1.0,non-sequential
272,2,1.0,non-sequential
273,2,1.0,non-sequential
274,2,1.0,non-sequential
275,2,0.0,non-sequential
276,2,1.0,non-sequential
277,2,1.0,non-sequential
278,2,0.0,non-sequential
279,2,0.0,non-sequential
280,2,0.0,non-sequential
281,2,0.0,non-sequential
282,2,1.0,non-sequential
283,2,1.0,non-sequential
284,2,0.0,non-sequential
285,2,1.0,non-sequential
286,2,1.0,non-sequential
287,2,0.0,non-sequential
288,2,0.0,non-sequential
289,2,0.0,non-sequential
290,2,1.0,non-sequential
291,2,1.0,non-sequential
292,2,1.0,non-sequential
293,2,0.0,non-sequential
294,2,1.0,non-sequential
295,2,1.0,non-sequential
296,2,1.0,non-sequential
297,2,1.0,non-sequential
298,2,1.0,non-sequential
299,2,1.0,non-sequential
300,2,1.0,non-sequential
301,2,1.0,non-sequential
302,2,1.0,non-sequential
303,2,0.0,non-sequential
304,2,0.0,non-sequential
305,2,1.0,non-sequential
306,2,0.0,non-sequential
307,2,1.0,non-sequential
308,2,1.0,non-sequential
309,2,0.0,non-sequential
310,2,1.0,non-sequential
311,2,1.0,non-sequential
312,2,1.0,non-sequential
313,2,0.0,non-sequential
314,2,0.0,non-sequential
315,2,1.0,non-sequential
316,2,1.0,non-sequential
317,2,0.0,non-sequential
318,2,0.0,non-sequential
319,2,1.0,non-sequential
320,2,1.0,non-sequential
321,2,1.0,non-sequential
322,2,1.0,non-sequential
323,2,0.0,non-sequential
324,2,0.0,non-sequential
325,2,1.0,non-sequential
326,2,1.0,non-sequential
327,2,1.0,non-sequential
328,2,1.0,non-sequential
329,2,0.0,non-sequential
330,2,1.0,non-sequential
331,2,0.0,non-sequential
332,2,1.0,non-sequential
333,2,0.0,non-sequential
334,2,0.0,non-sequential
335,2,1.0,non-sequential
336,2,1.0,non-sequential
337,2,1.0,non-sequential
338,2,1.0,non-sequential
339,2,1.0,non-sequential
340,2,1.0,non-sequential
341,2,1.0,non-sequential
342,2,0.0,non-sequential
343,2,0.0,non-sequential
344,2,1.0,non-sequential
345,2,1.0,non-sequential
346,2,0.0,non-sequential
347,2,1.0,non-sequential
348,2,1.0,non-sequential
349,2,1.0,non-sequential
350,2,1.0,non-sequential
351,2,1.0,non-sequential
352,2,0.0,non-sequential
353,2,0.0,non-sequential
354,2,0.0,non-sequential
355,2,1.0,non-sequential
356,2,1.0,non-sequential
357,2,0.0,non-sequential
358,2,1.0,non-sequential
359,2,0.0,non-sequential
360,2,1.0,non-sequential
361,2,0.0,non-sequential
362,2,1.0,non-sequential
363,2,0.0,non-sequential
364,2,1.0,non-sequential
365,2,0.0,non-sequential
366,2,1.0,non-sequential
367,2,1.0,non-sequential
368,2,0.0,non-sequential
369,2,1.0,non-sequential
370,2,0.0,non-sequential
371,2,1.0,non-sequential
372,2,0.0,non-sequential
373,2,1.0,non-sequential
374,2,0.0,non-sequential
375,2,1.0,non-sequential
376,2,1.0,non-sequential
377,2,1.0,non-sequential
378,2,1.0,non-sequential
379,2,1.0,non-sequential
0,3,0.0,non-sequential
1,3,1.0,non-sequential
2,3,1.0,non-sequential
3,3,1.0,non-sequential
4,3,1.0,non-sequential
5,3,1.0,non-sequential
6,3,1.0,non-sequential
7,3,1.0,non-sequential
8,3,0.0,non-sequential
9,3,1.0,non-sequential
10,3,1.0,non-sequential
11,3,1.0,non-sequential
12,3,1.0,non-sequential
13,3,1.0,non-sequential
14,3,1.0,non-sequential
15,3,1.0,non-sequential
16,3,0.0,non-sequential
17,3,0.0,non-sequential
18,3,0.0,non-sequential
19,3,1.0,non-sequential
20,3,0.0,non-sequential
21,3,0.0,non-sequential
22,3,1.0,non-sequential
23,3,0.0,non-sequential
24,3,1.0,non-sequential
25,3,1.0,non-sequential
26,3,0.0,non-sequential
27,3,0.0,non-sequential
28,3,1.0,non-sequential
29,3,1.0,non-sequential
30,3,0.0,non-sequential
31,3,0.0,non-sequential
32,3,1.0,non-sequential
33,3,0.0,non-sequential
34,3,1.0,non-sequential
35,3,0.0,non-sequential
36,3,0.0,non-sequential
37,3,1.0,non-sequential
38,3,1.0,non-sequential
39,3,1.0,non-sequential
40,3,1.0,non-sequential
41,3,1.0,non-sequential
42,3,1.0,non-sequential
43,3,0.0,non-sequential
44,3,1.0,non-sequential
45,3,1.0,non-sequential
46,3,1.0,non-sequential
47,3,1.0,non-sequential
48,3,1.0,non-sequential
49,3,0.0,non-sequential
50,3,1.0,non-sequential
51,3,1.0,non-sequential
52,3,0.0,non-sequential
53,3,1.0,non-sequential
54,3,1.0,non-sequential
55,3,0.0,non-sequential
56,3,1.0,non-sequential
57,3,1.0,non-sequential
58,3,1.0,non-sequential
59,3,0.0,non-sequential
60,3,1.0,non-sequential
61,3,0.0,non-sequential
62,3,0.0,non-sequential
63,3,0.0,non-sequential
64,3,0.0,non-sequential
65,3,1.0,non-sequential
66,3,1.0,non-sequential
67,3,0.0,non-sequential
68,3,1.0,non-sequential
69,3,1.0,non-sequential
70,3,1.0,non-sequential
71,3,1.0,non-sequential
72,3,0.0,non-sequential
73,3,0.0,non-sequential
74,3,0.0,non-sequential
75,3,0.0,non-sequential
76,3,1.0,non-sequential
77,3,1.0,non-sequential
78,3,1.0,non-sequential
79,3,0.0,non-sequential
80,3,1.0,non-sequential
81,3,0.0,non-sequential
82,3,1.0,non-sequential
83,3,0.0,non-sequential
84,3,0.0,non-sequential
85,3,1.0,non-sequential
86,3,1.0,non-sequential
87,3,1.0,non-sequential
88,3,0.0,non-sequential
89,3,1.0,non-sequential
90,3,0.0,non-sequential
91,3,1.0,non-sequential
92,3,0.0,non-sequential
93,3,1.0,non-sequential
94,3,0.0,non-sequential
95,3,1.0,non-sequential
96,3,0.0,non-sequential
97,3,0.0,non-sequential
98,3,0.0,non-sequential
99,3,0.0,non-sequential
100,3,0.0,non-sequential
101,3,1.0,non-sequential
102,3,1.0,non-sequential
103,3,0.0,non-sequential
104,3,0.0,non-sequential
105,3,0.0,non-sequential
106,3,1.0,non-sequential
107,3,0.0,non-sequential
108,3,0.0,non-sequential
109,3,1.0,non-sequential
110,3,1.0,non-sequential
111,3,0.0,non-sequential
112,3,1.0,non-sequential
113,3,1.0,non-sequential
114,3,1.0,non-sequential
115,3,0.0,non-sequential
116,3,1.0,non-sequential
117,3,1.0,non-sequential
118,3,0.0,non-sequential
119,3,1.0,non-sequential
120,3,1.0,non-sequential
121,3,1.0,non-sequential
122,3,1.0,non-sequential
123,3,1.0,non-sequential
124,3,1.0,non-sequential
125,3,0.0,non-sequential
126,3,1.0,non-sequential
127,3,0.0,non-sequential
128,3,1.0,non-sequential
129,3,1.0,non-sequential
130,3,1.0,non-sequential
131,3,0.0,non-sequential
132,3,0.0,non-sequential
133,3,1.0,non-sequential
134,3,1.0,non-sequential
135,3,1.0,non-sequential
136,3,0.0,non-sequential
137,3,0.0,non-sequential
138,3,1.0,non-sequential
139,3,0.0,non-sequential
140,3,1.0,non-sequential
141,3,1.0,non-sequential
142,3,1.0,non-sequential
143,3,0.0,non-sequential
144,3,0.0,non-sequential
145,3,1.0,non-sequential
146,3,0.0,non-sequential
147,3,1.0,non-sequential
148,3,1.0,non-sequential
149,3,1.0,non-sequential
150,3,1.0,non-sequential
151,3,0.0,non-sequential
152,3,1.0,non-sequential
153,3,1.0,non-sequential
154,3,1.0,non-sequential
155,3,0.0,non-sequential
156,3,0.0,non-sequential
157,3,1.0,non-sequential
158,3,1.0,non-sequential
159,3,1.0,non-sequential
160,3,0.0,non-sequential
161,3,1.0,non-sequential
162,3,0.0,non-sequential
163,3,1.0,non-sequential
164,3,1.0,non-sequential
165,3,1.0,non-sequential
166,3,1.0,non-sequential
167,3,1.0,non-sequential
168,3,1.0,non-sequential
169,3,1.0,non-sequential
170,3,0.0,non-sequential
171,3,1.0,non-sequential
172,3,0.0,non-sequential
173,3,0.0,non-sequential
174,3,1.0,non-sequential
175,3,1.0,non-sequential
176,3,0.0,non-sequential
177,3,1.0,non-sequential
178,3,0.0,non-sequential
179,3,0.0,non-sequential
180,3,1.0,non-sequential
181,3,1.0,non-sequential
182,3,0.0,non-sequential
183,3,0.0,non-sequential
184,3,1.0,non-sequential
185,3,1.0,non-sequential
186,3,1.0,non-sequential
187,3,1.0,non-sequential
188,3,0.0,non-sequential
189,3,1.0,non-sequential
190,3,1.0,non-sequential
191,3,1.0,non-sequential
192,3,1.0,non-sequential
193,3,0.0,non-sequential
194,3,0.0,non-sequential
195,3,1.0,non-sequential
196,3,0.0,non-sequential
197,3,1.0,non-sequential
198,3,1.0,non-sequential
199,3,1.0,non-sequential
200,3,1.0,non-sequential
201,3,0.0,non-sequential
202,3,1.0,non-sequential
203,3,0.0,non-sequential
204,3,0.0,non-sequential
205,3,1.0,non-sequential
206,3,1.0,non-sequential
207,3,0.0,non-sequential
208,3,1.0,non-sequential
209,3,1.0,non-sequential
210,3,1.0,non-sequential
211,3,1.0,non-sequential
212,3,1.0,non-sequential
213,3,1.0,non-sequential
214,3,1.0,non-sequential
215,3,1.0,non-sequential
216,3,1.0,non-sequential
217,3,1.0,non-sequential
218,3,0.0,non-sequential
219,3,1.0,non-sequential
220,3,0.0,non-sequential
221,3,0.0,non-sequential
222,3,1.0,non-sequential
223,3,1.0,non-sequential
224,3,1.0,non-sequential
225,3,0.0,non-sequential
226,3,1.0,non-sequential
227,3,1.0,non-sequential
228,3,0.0,non-sequential
229,3,0.0,non-sequential
230,3,1.0,non-sequential
231,3,1.0,non-sequential
232,3,1.0,non-sequential
233,3,1.0,non-sequential
234,3,1.0,non-sequential
235,3,1.0,non-sequential
236,3,1.0,non-sequential
237,3,0.0,non-sequential
238,3,1.0,non-sequential
239,3,1.0,non-sequential
240,3,0.0,non-sequential
241,3,0.0,non-sequential
242,3,0.0,non-sequential
243,3,1.0,non-sequential
244,3,0.0,non-sequential
245,3,1.0,non-sequential
246,3,1.0,non-sequential
247,3,1.0,non-sequential
248,3,1.0,non-sequential
249,3,1.0,non-sequential
250,3,1.0,non-sequential
251,3,1.0,non-sequential
252,3,1.0,non-sequential
253,3,1.0,non-sequential
254,3,0.0,non-sequential
255,3,1.0,non-sequential
256,3,0.0,non-sequential
257,3,1.0,non-sequential
258,3,0.0,non-sequential
259,3,0.0,non-sequential
260,3,0.0,non-sequential
261,3,0.0,non-sequential
262,3,1.0,non-sequential
263,3,1.0,non-sequential
264,3,1.0,non-sequential
265,3,0.0,non-sequential
266,3,1.0,non-sequential
267,3,1.0,non-sequential
268,3,1.0,non-sequential
269,3,1.0,non-sequential
270,3,1.0,non-sequential
271,3,1.0,non-sequential
272,3,1.0,non-sequential
273,3,0.0,non-sequential
274,3,1.0,non-sequential
275,3,0.0,non-sequential
276,3,1.0,non-sequential
277,3,0.0,non-sequential
278,3,1.0,non-sequential
279,3,1.0,non-sequential
280,3,0.0,non-sequential
281,3,1.0,non-sequential
282,3,0.0,non-sequential
283,3,0.0,non-sequential
284,3,1.0,non-sequential
285,3,0.0,non-sequential
286,3,1.0,non-sequential
287,3,1.0,non-sequential
288,3,1.0,non-sequential
289,3,0.0,non-sequential
290,3,1.0,non-sequential
291,3,1.0,non-sequential
292,3,1.0,non-sequential
293,3,1.0,non-sequential
294,3,0.0,non-sequential
295,3,1.0,non-sequential
296,3,0.0,non-sequential
297,3,0.0,non-sequential
298,3,1.0,non-sequential
299,3,1.0,non-sequential
300,3,0.0,non-sequential
301,3,1.0,non-sequential
302,3,1.0,non-sequential
303,3,1.0,non-sequential
304,3,1.0,non-sequential
305,3,1.0,non-sequential
306,3,0.0,non-sequential
307,3,1.0,non-sequential
308,3,0.0,non-sequential
309,3,1.0,non-sequential
310,3,1.0,non-sequential
311,3,0.0,non-sequential
312,3,0.0,non-sequential
313,3,1.0,non-sequential
314,3,0.0,non-sequential
315,3,0.0,non-sequential
316,3,1.0,non-sequential
317,3,1.0,non-sequential
318,3,1.0,non-sequential
319,3,0.0,non-sequential
320,3,1.0,non-sequential
321,3,0.0,non-sequential
322,3,1.0,non-sequential
323,3,1.0,non-sequential
324,3,0.0,non-sequential
325,3,1.0,non-sequential
326,3,1.0,non-sequential
327,3,0.0,non-sequential
328,3,1.0,non-sequential
329,3,1.0,non-sequential
330,3,0.0,non-sequential
331,3,1.0,non-sequential
332,3,0.0,non-sequential
333,3,0.0,non-sequential
334,3,1.0,non-sequential
335,3,0.0,non-sequential
336,3,0.0,non-sequential
337,3,1.0,non-sequential
338,3,1.0,non-sequential
339,3,1.0,non-sequential
340,3,1.0,non-sequential
341,3,1.0,non-sequential
342,3,0.0,non-sequential
343,3,0.0,non-sequential
344,3,0.0,non-sequential
345,3,1.0,non-sequential
346,3,1.0,non-sequential
347,3,1.0,non-sequential
348,3,0.0,non-sequential
349,3,1.0,non-sequential
350,3,1.0,non-sequential
351,3,1.0,non-sequential
352,3,1.0,non-sequential
353,3,1.0,non-sequential
354,3,1.0,non-sequential
355,3,0.0,non-sequential
356,3,1.0,non-sequential
357,3,1.0,non-sequential
358,3,1.0,non-sequential
359,3,1.0,non-sequential
360,3,0.0,non-sequential
361,3,1.0,non-sequential
362,3,1.0,non-sequential
363,3,0.0,non-sequential
364,3,0.0,non-sequential
365,3,0.0,non-sequential
366,3,1.0,non-sequential
367,3,1.0,non-sequential
368,3,1.0,non-sequential
369,3,1.0,non-sequential
370,3,1.0,non-sequential
371,3,0.0,non-sequential
372,3,0.0,non-sequential
373,3,1.0,non-sequential
374,3,0.0,non-sequential
375,3,1.0,non-sequential
376,3,1.0,non-sequential
377,3,0.0,non-sequential
378,3,1.0,non-sequential
379,3,1.0,non-sequential
0,4,0.0,non-sequential
1,4,1.0,non-sequential
2,4,0.0,non-sequential
3,4,1.0,non-sequential
4,4,0.0,non-sequential
5,4,0.0,non-sequential
6,4,1.0,non-sequential
7,4,0.0,non-sequential
8,4,1.0,non-sequential
9,4,1.0,non-sequential
10,4,0.0,non-sequential
11,4,1.0,non-sequential
12,4,1.0,non-sequential
13,4,1.0,non-sequential
14,4,1.0,non-sequential
15,4,1.0,non-sequential
16,4,0.0,non-sequential
17,4,1.0,non-sequential
18,4,0.0,non-sequential
19,4,1.0,non-sequential
20,4,1.0,non-sequential
21,4,1.0,non-sequential
22,4,1.0,non-sequential
23,4,0.0,non-sequential
24,4,1.0,non-sequential
25,4,1.0,non-sequential
26,4,1.0,non-sequential
27,4,0.0,non-sequential
28,4,1.0,non-sequential
29,4,0.0,non-sequential
30,4,1.0,non-sequential
31,4,0.0,non-sequential
32,4,0.0,non-sequential
33,4,1.0,non-sequential
34,4,1.0,non-sequential
35,4,1.0,non-sequential
36,4,0.0,non-sequential
37,4,1.0,non-sequential
38,4,1.0,non-sequential
39,4,0.0,non-sequential
40,4,1.0,non-sequential
41,4,0.0,non-sequential
42,4,1.0,non-sequential
43,4,1.0,non-sequential
44,4,1.0,non-sequential
45,4,0.0,non-sequential
46,4,1.0,non-sequential
47,4,0.0,non-sequential
48,4,1.0,non-sequential
49,4,1.0,non-sequential
50,4,0.0,non-sequential
51,4,1.0,non-sequential
52,4,1.0,non-sequential
53,4,1.0,non-sequential
54,4,1.0,non-sequential
55,4,1.0,non-sequential
56,4,1.0,non-sequential
57,4,1.0,non-sequential
58,4,0.0,non-sequential
59,4,1.0,non-sequential
60,4,1.0,non-sequential
61,4,1.0,non-sequential
62,4,1.0,non-sequential
63,4,0.0,non-sequential
64,4,0.0,non-sequential
65,4,1.0,non-sequential
66,4,1.0,non-sequential
67,4,1.0,non-sequential
68,4,0.0,non-sequential
69,4,1.0,non-sequential
70,4,1.0,non-sequential
71,4,1.0,non-sequential
72,4,0.0,non-sequential
73,4,1.0,non-sequential
74,4,1.0,non-sequential
75,4,0.0,non-sequential
76,4,1.0,non-sequential
77,4,1.0,non-sequential
78,4,1.0,non-sequential
79,4,1.0,non-sequential
80,4,1.0,non-sequential
81,4,0.0,non-sequential
82,4,1.0,non-sequential
83,4,1.0,non-sequential
84,4,0.0,non-sequential
85,4,1.0,non-sequential
86,4,1.0,non-sequential
87,4,1.0,non-sequential
88,4,0.0,non-sequential
89,4,1.0,non-sequential
90,4,1.0,non-sequential
91,4,1.0,non-sequential
92,4,1.0,non-sequential
93,4,1.0,non-sequential
94,4,0.0,non-sequential
95,4,1.0,non-sequential
96,4,0.0,non-sequential
97,4,1.0,non-sequential
98,4,0.0,non-sequential
99,4,1.0,non-sequential
100,4,0.0,non-sequential
101,4,1.0,non-sequential
102,4,1.0,non-sequential
103,4,1.0,non-sequential
104,4,0.0,non-sequential
105,4,0.0,non-sequential
106,4,0.0,non-sequential
107,4,1.0,non-sequential
108,4,0.0,non-sequential
109,4,0.0,non-sequential
110,4,1.0,non-sequential
111,4,1.0,non-sequential
112,4,1.0,non-sequential
113,4,0.0,non-sequential
114,4,0.0,non-sequential
115,4,0.0,non-sequential
116,4,0.0,non-sequential
117,4,0.0,non-sequential
118,4,0.0,non-sequential
119,4,1.0,non-sequential
120,4,1.0,non-sequential
121,4,0.0,non-sequential
122,4,1.0,non-sequential
123,4,0.0,non-sequential
124,4,0.0,non-sequential
125,4,0.0,non-sequential
126,4,1.0,non-sequential
127,4,0.0,non-sequential
128,4,0.0,non-sequential
129,4,1.0,non-sequential
130,4,1.0,non-sequential
131,4,1.0,non-sequential
132,4,1.0,non-sequential
133,4,1.0,non-sequential
134,4,1.0,non-sequential
135,4,0.0,non-sequential
136,4,1.0,non-sequential
137,4,1.0,non-sequential
138,4,0.0,non-sequential
139,4,1.0,non-sequential
140,4,1.0,non-sequential
141,4,1.0,non-sequential
142,4,1.0,non-sequential
143,4,0.0,non-sequential
144,4,1.0,non-sequential
145,4,1.0,non-sequential
146,4,1.0,non-sequential
147,4,1.0,non-sequential
148,4,1.0,non-sequential
149,4,1.0,non-sequential
150,4,1.0,non-sequential
151,4,0.0,non-sequential
152,4,1.0,non-sequential
153,4,1.0,non-sequential
154,4,0.0,non-sequential
155,4,0.0,non-sequential
156,4,0.0,non-sequential
157,4,0.0,non-sequential
158,4,1.0,non-sequential
159,4,1.0,non-sequential
160,4,1.0,non-sequential
161,4,0.0,non-sequential
162,4,0.0,non-sequential
163,4,1.0,non-sequential
164,4,0.0,non-sequential
165,4,0.0,non-sequential
166,4,0.0,non-sequential
167,4,1.0,non-sequential
168,4,0.0,non-sequential
169,4,1.0,non-sequential
170,4,1.0,non-sequential
171,4,1.0,non-sequential
172,4,1.0,non-sequential
173,4,0.0,non-sequential
174,4,0.0,non-sequential
175,4,0.0,non-sequential
176,4,0.0,non-sequential
177,4,1.0,non-sequential
178,4,0.0,non-sequential
179,4,1.0,non-sequential
180,4,1.0,non-sequential
181,4,0.0,non-sequential
182,4,0.0,non-sequential
183,4,0.0,non-sequential
184,4,0.0,non-sequential
185,4,1.0,non-sequential
186,4,1.0,non-sequential
187,4,1.0,non-sequential
188,4,1.0,non-sequential
189,4,1.0,non-sequential
190,4,1.0,non-sequential
191,4,1.0,non-sequential
192,4,1.0,non-sequential
193,4,1.0,non-sequential
194,4,0.0,non-sequential
195,4,0.0,non-sequential
196,4,1.0,non-sequential
197,4,0.0,non-sequential
198,4,1.0,non-sequential
199,4,1.0,non-sequential
200,4,1.0,non-sequential
201,4,1.0,non-sequential
202,4,1.0,non-sequential
203,4,1.0,non-sequential
204,4,1.0,non-sequential
205,4,0.0,non-sequential
206,4,1.0,non-sequential
207,4,1.0,non-sequential
208,4,1.0,non-sequential
209,4,1.0,non-sequential
210,4,0.0,non-sequential
211,4,0.0,non-sequential
212,4,0.0,non-sequential
213,4,1.0,non-sequential
214,4,1.0,non-sequential
215,4,1.0,non-sequential
216,4,1.0,non-sequential
217,4,1.0,non-sequential
218,4,0.0,non-sequential
219,4,0.0,non-sequential
220,4,1.0,non-sequential
221,4,0.0,non-sequential
222,4,1.0,non-sequential
223,4,0.0,non-sequential
224,4,0.0,non-sequential
225,4,0.0,non-sequential
226,4,0.0,non-sequential
227,4,1.0,non-sequential
228,4,1.0,non-sequential
229,4,1.0,non-sequential
230,4,0.0,non-sequential
231,4,1.0,non-sequential
232,4,1.0,non-sequential
233,4,0.0,non-sequential
234,4,1.0,non-sequential
235,4,1.0,non-sequential
236,4,0.0,non-sequential
237,4,1.0,non-sequential
238,4,1.0,non-sequential
239,4,1.0,non-sequential
240,4,1.0,non-sequential
241,4,1.0,non-sequential
242,4,1.0,non-sequential
243,4,0.0,non-sequential
244,4,0.0,non-sequential
245,4,0.0,non-sequential
246,4,0.0,non-sequential
247,4,1.0,non-sequential
248,4,1.0,non-sequential
249,4,1.0,non-sequential
250,4,1.0,non-sequential
251,4,1.0,non-sequential
252,4,0.0,non-sequential
253,4,1.0,non-sequential
254,4,0.0,non-sequential
255,4,1.0,non-sequential
256,4,1.0,non-sequential
257,4,1.0,non-sequential
258,4,1.0,non-sequential
259,4,1.0,non-sequential
260,4,0.0,non-sequential
261,4,1.0,non-sequential
262,4,1.0,non-sequential
263,4,1.0,non-sequential
264,4,1.0,non-sequential
265,4,0.0,non-sequential
266,4,1.0,non-sequential
267,4,1.0,non-sequential
268,4,1.0,non-sequential
269,4,0.0,non-sequential
270,4,1.0,non-sequential
271,4,0.0,non-sequential
272,4,1.0,non-sequential
273,4,1.0,non-sequential
274,4,1.0,non-sequential
275,4,0.0,non-sequential
276,4,0.0,non-sequential
277,4,0.0,non-sequential
278,4,0.0,non-sequential
279,4,0.0,non-sequential
280,4,1.0,non-sequential
281,4,1.0,non-sequential
282,4,1.0,non-sequential
283,4,1.0,non-sequential
284,4,1.0,non-sequential
285,4,0.0,non-sequential
286,4,0.0,non-sequential
287,4,1.0,non-sequential
288,4,1.0,non-sequential
289,4,1.0,non-sequential
290,4,1.0,non-sequential
291,4,0.0,non-sequential
292,4,1.0,non-sequential
293,4,1.0,non-sequential
294,4,0.0,non-sequential
295,4,0.0,non-sequential
296,4,0.0,non-sequential
297,4,1.0,non-sequential
298,4,1.0,non-sequential
299,4,1.0,non-sequential
300,4,1.0,non-sequential
301,4,0.0,non-sequential
302,4,1.0,non-sequential
303,4,1.0,non-sequential
304,4,1.0,non-sequential
305,4,1.0,non-sequential
306,4,1.0,non-sequential
307,4,0.0,non-sequential
308,4,0.0,non-sequential
309,4,1.0,non-sequential
310,4,1.0,non-sequential
311,4,0.0,non-sequential
312,4,1.0,non-sequential
313,4,0.0,non-sequential
314,4,0.0,non-sequential
315,4,0.0,non-sequential
316,4,1.0,non-sequential
317,4,0.0,non-sequential
318,4,1.0,non-sequential
319,4,0.0,non-sequential
320,4,0.0,non-sequential
321,4,0.0,non-sequential
322,4,0.0,non-sequential
323,4,0.0,non-sequential
324,4,0.0,non-sequential
325,4,0.0,non-sequential
326,4,1.0,non-sequential
327,4,0.0,non-sequential
328,4,1.0,non-sequential
329,4,1.0,non-sequential
330,4,0.0,non-sequential
331,4,1.0,non-sequential
332,4,1.0,non-sequential
333,4,0.0,non-sequential
334,4,1.0,non-sequential
335,4,1.0,non-sequential
336,4,1.0,non-sequential
337,4,1.0,non-sequential
338,4,0.0,non-sequential
339,4,1.0,non-sequential
340,4,1.0,non-sequential
341,4,1.0,non-sequential
342,4,0.0,non-sequential
343,4,1.0,non-sequential
344,4,0.0,non-sequential
345,4,1.0,non-sequential
346,4,1.0,non-sequential
347,4,1.0,non-sequential
348,4,0.0,non-sequential
349,4,0.0,non-sequential
350,4,1.0,non-sequential
351,4,0.0,non-sequential
352,4,1.0,non-sequential
353,4,1.0,non-sequential
354,4,1.0,non-sequential
355,4,1.0,non-sequential
356,4,1.0,non-sequential
357,4,1.0,non-sequential
358,4,1.0,non-sequential
359,4,0.0,non-sequential
360,4,1.0,non-sequential
361,4,1.0,non-sequential
362,4,1.0,non-sequential
363,4,0.0,non-sequential
364,4,0.0,non-sequential
365,4,1.0,non-sequential
366,4,0.0,non-sequential
367,4,1.0,non-sequential
368,4,1.0,non-sequential
369,4,1.0,non-sequential
370,4,0.0,non-sequential
371,4,1.0,non-sequential
372,4,1.0,non-sequential
373,4,0.0,non-sequential
374,4,1.0,non-sequential
375,4,1.0,non-sequential
376,4,1.0,non-sequential
377,4,1.0,non-sequential
378,4,1.0,non-sequential
379,4,1.0,non-sequential
0,5,0.0,non-sequential
1,5,0.0,non-sequential
2,5,1.0,non-sequential
3,5,1.0,non-sequential
4,5,0.0,non-sequential
5,5,0.0,non-sequential
6,5,0.0,non-sequential
7,5,0.0,non-sequential
8,5,1.0,non-sequential
9,5,1.0,non-sequential
10,5,1.0,non-sequential
11,5,1.0,non-sequential
12,5,0.0,non-sequential
13,5,1.0,non-sequential
14,5,0.0,non-sequential
15,5,0.0,non-sequential
16,5,1.0,non-sequential
17,5,0.0,non-sequential
18,5,0.0,non-sequential
19,5,0.0,non-sequential
20,5,1.0,non-sequential
21,5,1.0,non-sequential
22,5,1.0,non-sequential
23,5,1.0,non-sequential
24,5,1.0,non-sequential
25,5,0.0,non-sequential
26,5,0.0,non-sequential
27,5,0.0,non-sequential
28,5,1.0,non-sequential
29,5,1.0,non-sequential
30,5,1.0,non-sequential
31,5,0.0,non-sequential
32,5,1.0,non-sequential
33,5,0.0,non-sequential
34,5,1.0,non-sequential
35,5,0.0,non-sequential
36,5,1.0,non-sequential
37,5,1.0,non-sequential
38,5,0.0,non-sequential
39,5,1.0,non-sequential
40,5,1.0,non-sequential
41,5,1.0,non-sequential
42,5,1.0,non-sequential
43,5,0.0,non-sequential
44,5,0.0,non-sequential
45,5,0.0,non-sequential
46,5,1.0,non-sequential
47,5,1.0,non-sequential
48,5,0.0,non-sequential
49,5,1.0,non-sequential
50,5,0.0,non-sequential
51,5,1.0,non-sequential
52,5,1.0,non-sequential
53,5,0.0,non-sequential
54,5,1.0,non-sequential
55,5,1.0,non-sequential
56,5,1.0,non-sequential
57,5,1.0,non-sequential
58,5,0.0,non-sequential
59,5,0.0,non-sequential
60,5,0.0,non-sequential
61,5,0.0,non-sequential
62,5,1.0,non-sequential
63,5,0.0,non-sequential
64,5,1.0,non-sequential
65,5,0.0,non-sequential
66,5,1.0,non-sequential
67,5,1.0,non-sequential
68,5,1.0,non-sequential
69,5,1.0,non-sequential
70,5,0.0,non-sequential
71,5,0.0,non-sequential
72,5,1.0,non-sequential
73,5,1.0,non-sequential
74,5,0.0,non-sequential
75,5,1.0,non-sequential
76,5,1.0,non-sequential
77,5,1.0,non-sequential
78,5,1.0,non-sequential
79,5,0.0,non-sequential
80,5,1.0,non-sequential
81,5,0.0,non-sequential
82,5,1.0,non-sequential
83,5,0.0,non-sequential
84,5,1.0,non-sequential
85,5,1.0,non-sequential
86,5,1.0,non-sequential
87,5,1.0,non-sequential
88,5,1.0,non-sequential
89,5,0.0,non-sequential
90,5,0.0,non-sequential
91,5,0.0,non-sequential
92,5,0.0,non-sequential
93,5,0.0,non-sequential
94,5,0.0,non-sequential
95,5,1.0,non-sequential
96,5,1.0,non-sequential
97,5,0.0,non-sequential
98,5,1.0,non-sequential
99,5,0.0,non-sequential
100,5,1.0,non-sequential
101,5,1.0,non-sequential
102,5,1.0,non-sequential
103,5,1.0,non-sequential
104,5,1.0,non-sequential
105,5,0.0,non-sequential
106,5,1.0,non-sequential
107,5,1.0,non-sequential
108,5,1.0,non-sequential
109,5,1.0,non-sequential
110,5,0.0,non-sequential
111,5,0.0,non-sequential
112,5,1.0,non-sequential
113,5,1.0,non-sequential
114,5,0.0,non-sequential
115,5,1.0,non-sequential
116,5,0.0,non-sequential
117,5,1.0,non-sequential
118,5,0.0,non-sequential
119,5,1.0,non-sequential
120,5,0.0,non-sequential
121,5,0.0,non-sequential
122,5,1.0,non-sequential
123,5,1.0,non-sequential
124,5,1.0,non-sequential
125,5,0.0,non-sequential
126,5,0.0,non-sequential
127,5,1.0,non-sequential
128,5,0.0,non-sequential
129,5,1.0,non-sequential
130,5,1.0,non-sequential
131,5,1.0,non-sequential
132,5,0.0,non-sequential
133,5,0.0,non-sequential
134,5,1.0,non-sequential
135,5,0.0,non-sequential
136,5,0.0,non-sequential
137,5,0.0,non-sequential
138,5,0.0,non-sequential
139,5,0.0,non-sequential
140,5,1.0,non-sequential
141,5,1.0,non-sequential
142,5,1.0,non-sequential
143,5,1.0,non-sequential
144,5,0.0,non-sequential
145,5,1.0,non-sequential
146,5,1.0,non-sequential
147,5,0.0,non-sequential
148,5,1.0,non-sequential
149,5,0.0,non-sequential
150,5,0.0,non-sequential
151,5,1.0,non-sequential
152,5,1.0,non-sequential
153,5,1.0,non-sequential
154,5,0.0,non-sequential
155,5,1.0,non-sequential
156,5,1.0,non-sequential
157,5,1.0,non-sequential
158,5,0.0,non-sequential
159,5,0.0,non-sequential
160,5,0.0,non-sequential
161,5,0.0,non-sequential
162,5,0.0,non-sequential
163,5,1.0,non-sequential
164,5,1.0,non-sequential
165,5,1.0,non-sequential
166,5,1.0,non-sequential
167,5,0.0,non-sequential
168,5,0.0,non-sequential
169,5,1.0,non-sequential
170,5,1.0,non-sequential
171,5,0.0,non-sequential
172,5,1.0,non-sequential
173,5,1.0,non-sequential
174,5,0.0,non-sequential
175,5,1.0,non-sequential
176,5,0.0,non-sequential
177,5,0.0,non-sequential
178,5,1.0,non-sequential
179,5,0.0,non-sequential
180,5,1.0,non-sequential
181,5,0.0,non-sequential
182,5,1.0,non-sequential
183,5,1.0,non-sequential
184,5,1.0,non-sequential
185,5,0.0,non-sequential
186,5,1.0,non-sequential
187,5,0.0,non-sequential
188,5,0.0,non-sequential
189,5,1.0,non-sequential
190,5,1.0,non-sequential
191,5,0.0,non-sequential
192,5,1.0,non-sequential
193,5,1.0,non-sequential
194,5,1.0,non-sequential
195,5,0.0,non-sequential
196,5,1.0,non-sequential
197,5,1.0,non-sequential
198,5,0.0,non-sequential
199,5,0.0,non-sequential
200,5,0.0,non-sequential
201,5,1.0,non-sequential
202,5,1.0,non-sequential
203,5,0.0,non-sequential
204,5,0.0,non-sequential
205,5,0.0,non-sequential
206,5,0.0,non-sequential
207,5,1.0,non-sequential
208,5,1.0,non-sequential
209,5,1.0,non-sequential
210,5,0.0,non-sequential
211,5,1.0,non-sequential
212,5,0.0,non-sequential
213,5,1.0,non-sequential
214,5,1.0,non-sequential
215,5,1.0,non-sequential
216,5,0.0,non-sequential
217,5,1.0,non-sequential
218,5,1.0,non-sequential
219,5,1.0,non-sequential
220,5,1.0,non-sequential
221,5,1.0,non-sequential
222,5,0.0,non-sequential
223,5,1.0,non-sequential
224,5,0.0,non-sequential
225,5,1.0,non-sequential
226,5,1.0,non-sequential
227,5,1.0,non-sequential
228,5,0.0,non-sequential
229,5,1.0,non-sequential
230,5,1.0,non-sequential
231,5,1.0,non-sequential
232,5,1.0,non-sequential
233,5,1.0,non-sequential
234,5,1.0,non-sequential
235,5,0.0,non-sequential
236,5,1.0,non-sequential
237,5,1.0,non-sequential
238,5,1.0,non-sequential
239,5,1.0,non-sequential
240,5,1.0,non-sequential
241,5,1.0,non-sequential
242,5,1.0,non-sequential
243,5,1.0,non-sequential
244,5,0.0,non-sequential
245,5,0.0,non-sequential
246,5,0.0,non-sequential
247,5,1.0,non-sequential
248,5,1.0,non-sequential
249,5,1.0,non-sequential
250,5,1.0,non-sequential
251,5,1.0,non-sequential
252,5,1.0,non-sequential
253,5,0.0,non-sequential
254,5,1.0,non-sequential
255,5,1.0,non-sequential
256,5,1.0,non-sequential
257,5,1.0,non-sequential
258,5,1.0,non-sequential
259,5,0.0,non-sequential
260,5,1.0,non-sequential
261,5,1.0,non-sequential
262,5,0.0,non-sequential
263,5,1.0,non-sequential
264,5,1.0,non-sequential
265,5,1.0,non-sequential
266,5,1.0,non-sequential
267,5,1.0,non-sequential
268,5,0.0,non-sequential
269,5,1.0,non-sequential
270,5,1.0,non-sequential
271,5,0.0,non-sequential
272,5,1.0,non-sequential
273,5,1.0,non-sequential
274,5,1.0,non-sequential
275,5,1.0,non-sequential
276,5,0.0,non-sequential
277,5,0.0,non-sequential
278,5,1.0,non-sequential
279,5,1.0,non-sequential
280,5,0.0,non-sequential
281,5,0.0,non-sequential
282,5,1.0,non-sequential
283,5,1.0,non-sequential
284,5,1.0,non-sequential
285,5,0.0,non-sequential
286,5,0.0,non-sequential
287,5,0.0,non-sequential
288,5,1.0,non-sequential
289,5,0.0,non-sequential
290,5,1.0,non-sequential
291,5,1.0,non-sequential
292,5,1.0,non-sequential
293,5,1.0,non-sequential
294,5,1.0,non-sequential
295,5,1.0,non-sequential
296,5,1.0,non-sequential
297,5,0.0,non-sequential
298,5,1.0,non-sequential
299,5,1.0,non-sequential
300,5,0.0,non-sequential
301,5,1.0,non-sequential
302,5,0.0,non-sequential
303,5,0.0,non-sequential
304,5,0.0,non-sequential
305,5,1.0,non-sequential
306,5,1.0,non-sequential
307,5,1.0,non-sequential
308,5,1.0,non-sequential
309,5,1.0,non-sequential
310,5,1.0,non-sequential
311,5,1.0,non-sequential
312,5,1.0,non-sequential
313,5,0.0,non-sequential
314,5,1.0,non-sequential
315,5,0.0,non-sequential
316,5,0.0,non-sequential
317,5,1.0,non-sequential
318,5,1.0,non-sequential
319,5,1.0,non-sequential
320,5,0.0,non-sequential
321,5,1.0,non-sequential
322,5,0.0,non-sequential
323,5,1.0,non-sequential
324,5,1.0,non-sequential
325,5,1.0,non-sequential
326,5,1.0,non-sequential
327,5,1.0,non-sequential
328,5,1.0,non-sequential
329,5,1.0,non-sequential
330,5,1.0,non-sequential
331,5,1.0,non-sequential
332,5,1.0,non-sequential
333,5,0.0,non-sequential
334,5,0.0,non-sequential
335,5,1.0,non-sequential
336,5,1.0,non-sequential
337,5,0.0,non-sequential
338,5,1.0,non-sequential
339,5,1.0,non-sequential
340,5,0.0,non-sequential
341,5,1.0,non-sequential
342,5,1.0,non-sequential
343,5,1.0,non-sequential
344,5,0.0,non-sequential
345,5,0.0,non-sequential
346,5,1.0,non-sequential
347,5,0.0,non-sequential
348,5,1.0,non-sequential
349,5,1.0,non-sequential
350,5,1.0,non-sequential
351,5,1.0,non-sequential
352,5,1.0,non-sequential
353,5,1.0,non-sequential
354,5,1.0,non-sequential
355,5,1.0,non-sequential
356,5,1.0,non-sequential
357,5,0.0,non-sequential
358,5,0.0,non-sequential
359,5,1.0,non-sequential
360,5,0.0,non-sequential
361,5,0.0,non-sequential
362,5,0.0,non-sequential
363,5,0.0,non-sequential
364,5,0.0,non-sequential
365,5,0.0,non-sequential
366,5,1.0,non-sequential
367,5,0.0,non-sequential
368,5,1.0,non-sequential
369,5,1.0,non-sequential
370,5,1.0,non-sequential
371,5,1.0,non-sequential
372,5,1.0,non-sequential
373,5,1.0,non-sequential
374,5,0.0,non-sequential
375,5,0.0,non-sequential
376,5,1.0,non-sequential
377,5,1.0,non-sequential
378,5,1.0,non-sequential
379,5,1.0,non-sequential
0,6,1.0,non-sequential
1,6,1.0,non-sequential
2,6,1.0,non-sequential
3,6,0.0,non-sequential
4,6,0.0,non-sequential
5,6,1.0,non-sequential
6,6,1.0,non-sequential
7,6,0.0,non-sequential
8,6,1.0,non-sequential
9,6,0.0,non-sequential
10,6,0.0,non-sequential
11,6,1.0,non-sequential
12,6,1.0,non-sequential
13,6,0.0,non-sequential
14,6,1.0,non-sequential
15,6,0.0,non-sequential
16,6,0.0,non-sequential
17,6,1.0,non-sequential
18,6,1.0,non-sequential
19,6,0.0,non-sequential
20,6,1.0,non-sequential
21,6,1.0,non-sequential
22,6,0.0,non-sequential
23,6,1.0,non-sequential
24,6,0.0,non-sequential
25,6,0.0,non-sequential
26,6,1.0,non-sequential
27,6,1.0,non-sequential
28,6,1.0,non-sequential
29,6,0.0,non-sequential
30,6,1.0,non-sequential
31,6,1.0,non-sequential
32,6,1.0,non-sequential
33,6,1.0,non-sequential
34,6,1.0,non-sequential
35,6,0.0,non-sequential
36,6,1.0,non-sequential
37,6,1.0,non-sequential
38,6,1.0,non-sequential
39,6,1.0,non-sequential
40,6,1.0,non-sequential
41,6,1.0,non-sequential
42,6,0.0,non-sequential
43,6,0.0,non-sequential
44,6,1.0,non-sequential
45,6,0.0,non-sequential
46,6,1.0,non-sequential
47,6,1.0,non-sequential
48,6,1.0,non-sequential
49,6,1.0,non-sequential
50,6,1.0,non-sequential
51,6,1.0,non-sequential
52,6,0.0,non-sequential
53,6,1.0,non-sequential
54,6,0.0,non-sequential
55,6,1.0,non-sequential
56,6,1.0,non-sequential
57,6,0.0,non-sequential
58,6,1.0,non-sequential
59,6,1.0,non-sequential
60,6,1.0,non-sequential
61,6,1.0,non-sequential
62,6,0.0,non-sequential
63,6,0.0,non-sequential
64,6,1.0,non-sequential
65,6,1.0,non-sequential
66,6,1.0,non-sequential
67,6,1.0,non-sequential
68,6,0.0,non-sequential
69,6,1.0,non-sequential
70,6,1.0,non-sequential
71,6,0.0,non-sequential
72,6,1.0,non-sequential
73,6,1.0,non-sequential
74,6,0.0,non-sequential
75,6,0.0,non-sequential
76,6,1.0,non-sequential
77,6,1.0,non-sequential
78,6,1.0,non-sequential
79,6,1.0,non-sequential
80,6,0.0,non-sequential
81,6,0.0,non-sequential
82,6,1.0,non-sequential
83,6,0.0,non-sequential
84,6,1.0,non-sequential
85,6,0.0,non-sequential
86,6,1.0,non-sequential
87,6,1.0,non-sequential
88,6,1.0,non-sequential
89,6,1.0,non-sequential
90,6,1.0,non-sequential
91,6,1.0,non-sequential
92,6,0.0,non-sequential
93,6,1.0,non-sequential
94,6,0.0,non-sequential
95,6,0.0,non-sequential
96,6,0.0,non-sequential
97,6,1.0,non-sequential
98,6,1.0,non-sequential
99,6,0.0,non-sequential
100,6,0.0,non-sequential
101,6,1.0,non-sequential
102,6,1.0,non-sequential
103,6,1.0,non-sequential
104,6,1.0,non-sequential
105,6,0.0,non-sequential
106,6,1.0,non-sequential
107,6,1.0,non-sequential
108,6,1.0,non-sequential
109,6,1.0,non-sequential
110,6,0.0,non-sequential
111,6,1.0,non-sequential
112,6,0.0,non-sequential
113,6,1.0,non-sequential
114,6,1.0,non-sequential
115,6,0.0,non-sequential
116,6,1.0,non-sequential
117,6,0.0,non-sequential
118,6,0.0,non-sequential
119,6,1.0,non-sequential
120,6,1.0,non-sequential
121,6,1.0,non-sequential
122,6,1.0,non-sequential
123,6,1.0,non-sequential
124,6,1.0,non-sequential
125,6,1.0,non-sequential
126,6,0.0,non-sequential
127,6,0.0,non-sequential
128,6,0.0,non-sequential
129,6,1.0,non-sequential
130,6,1.0,non-sequential
131,6,1.0,non-sequential
132,6,1.0,non-sequential
133,6,1.0,non-sequential
134,6,1.0,non-sequential
135,6,0.0,non-sequential
136,6,0.0,non-sequential
137,6,0.0,non-sequential
138,6,1.0,non-sequential
139,6,0.0,non-sequential
140,6,1.0,non-sequential
141,6,1.0,non-sequential
142,6,1.0,non-sequential
143,6,1.0,non-sequential
144,6,1.0,non-sequential
145,6,1.0,non-sequential
146,6,0.0,non-sequential
147,6,0.0,non-sequential
148,6,1.0,non-sequential
149,6,1.0,non-sequential
150,6,1.0,non-sequential
151,6,1.0,non-sequential
152,6,0.0,non-sequential
153,6,0.0,non-sequential
154,6,1.0,non-sequential
155,6,0.0,non-sequential
156,6,0.0,non-sequential
157,6,1.0,non-sequential
158,6,1.0,non-sequential
159,6,1.0,non-sequential
160,6,1.0,non-sequential
161,6,0.0,non-sequential
162,6,1.0,non-sequential
163,6,1.0,non-sequential
164,6,0.0,non-sequential
165,6,0.0,non-sequential
166,6,0.0,non-sequential
167,6,0.0,non-sequential
168,6,1.0,non-sequential
169,6,1.0,non-sequential
170,6,0.0,non-sequential
171,6,1.0,non-sequential
172,6,1.0,non-sequential
173,6,0.0,non-sequential
174,6,1.0,non-sequential
175,6,0.0,non-sequential
176,6,1.0,non-sequential
177,6,1.0,non-sequential
178,6,1.0,non-sequential
179,6,1.0,non-sequential
180,6,1.0,non-sequential
181,6,0.0,non-sequential
182,6,0.0,non-sequential
183,6,0.0,non-sequential
184,6,0.0,non-sequential
185,6,1.0,non-sequential
186,6,1.0,non-sequential
187,6,1.0,non-sequential
188,6,1.0,non-sequential
189,6,1.0,non-sequential
190,6,0.0,non-sequential
191,6,0.0,non-sequential
192,6,1.0,non-sequential
193,6,1.0,non-sequential
194,6,0.0,non-sequential
195,6,1.0,non-sequential
196,6,1.0,non-sequential
197,6,1.0,non-sequential
198,6,1.0,non-sequential
199,6,0.0,non-sequential
200,6,1.0,non-sequential
201,6,0.0,non-sequential
202,6,1.0,non-sequential
203,6,1.0,non-sequential
204,6,0.0,non-sequential
205,6,1.0,non-sequential
206,6,1.0,non-sequential
207,6,0.0,non-sequential
208,6,1.0,non-sequential
209,6,1.0,non-sequential
210,6,1.0,non-sequential
211,6,1.0,non-sequential
212,6,1.0,non-sequential
213,6,1.0,non-sequential
214,6,1.0,non-sequential
215,6,0.0,non-sequential
216,6,0.0,non-sequential
217,6,1.0,non-sequential
218,6,1.0,non-sequential
219,6,1.0,non-sequential
220,6,1.0,non-sequential
221,6,1.0,non-sequential
222,6,0.0,non-sequential
223,6,1.0,non-sequential
224,6,1.0,non-sequential
225,6,1.0,non-sequential
226,6,1.0,non-sequential
227,6,1.0,non-sequential
228,6,1.0,non-sequential
229,6,1.0,non-sequential
230,6,1.0,non-sequential
231,6,1.0,non-sequential
232,6,1.0,non-sequential
233,6,1.0,non-sequential
234,6,0.0,non-sequential
235,6,1.0,non-sequential
236,6,1.0,non-sequential
237,6,0.0,non-sequential
238,6,0.0,non-sequential
239,6,0.0,non-sequential
240,6,1.0,non-sequential
241,6,1.0,non-sequential
242,6,1.0,non-sequential
243,6,0.0,non-sequential
244,6,1.0,non-sequential
245,6,0.0,non-sequential
246,6,0.0,non-sequential
247,6,0.0,non-sequential
248,6,1.0,non-sequential
249,6,1.0,non-sequential
250,6,1.0,non-sequential
251,6,1.0,non-sequential
252,6,0.0,non-sequential
253,6,0.0,non-sequential
254,6,1.0,non-sequential
255,6,1.0,non-sequential
256,6,0.0,non-sequential
257,6,1.0,non-sequential
258,6,0.0,non-sequential
259,6,1.0,non-sequential
260,6,1.0,non-sequential
261,6,1.0,non-sequential
262,6,0.0,non-sequential
263,6,0.0,non-sequential
264,6,0.0,non-sequential
265,6,1.0,non-sequential
266,6,1.0,non-sequential
267,6,1.0,non-sequential
268,6,1.0,non-sequential
269,6,1.0,non-sequential
270,6,0.0,non-sequential
271,6,1.0,non-sequential
272,6,0.0,non-sequential
273,6,0.0,non-sequential
274,6,1.0,non-sequential
275,6,0.0,non-sequential
276,6,0.0,non-sequential
277,6,0.0,non-sequential
278,6,1.0,non-sequential
279,6,1.0,non-sequential
280,6,1.0,non-sequential
281,6,0.0,non-sequential
282,6,1.0,non-sequential
283,6,1.0,non-sequential
284,6,0.0,non-sequential
285,6,1.0,non-sequential
286,6,1.0,non-sequential
287,6,0.0,non-sequential
288,6,1.0,non-sequential
289,6,0.0,non-sequential
290,6,1.0,non-sequential
291,6,1.0,non-sequential
292,6,1.0,non-sequential
293,6,0.0,non-sequential
294,6,1.0,non-sequential
295,6,1.0,non-sequential
296,6,0.0,non-sequential
297,6,1.0,non-sequential
298,6,1.0,non-sequential
299,6,1.0,non-sequential
300,6,1.0,non-sequential
301,6,0.0,non-sequential
302,6,1.0,non-sequential
303,6,1.0,non-sequential
304,6,1.0,non-sequential
305,6,0.0,non-sequential
306,6,0.0,non-sequential
307,6,1.0,non-sequential
308,6,0.0,non-sequential
309,6,0.0,non-sequential
310,6,1.0,non-sequential
311,6,1.0,non-sequential
312,6,1.0,non-sequential
313,6,1.0,non-sequential
314,6,0.0,non-sequential
315,6,0.0,non-sequential
316,6,0.0,non-sequential
317,6,1.0,non-sequential
318,6,1.0,non-sequential
319,6,0.0,non-sequential
320,6,0.0,non-sequential
321,6,1.0,non-sequential
322,6,1.0,non-sequential
323,6,0.0,non-sequential
324,6,1.0,non-sequential
325,6,1.0,non-sequential
326,6,1.0,non-sequential
327,6,1.0,non-sequential
328,6,0.0,non-sequential
329,6,0.0,non-sequential
330,6,1.0,non-sequential
331,6,1.0,non-sequential
332,6,0.0,non-sequential
333,6,1.0,non-sequential
334,6,0.0,non-sequential
335,6,1.0,non-sequential
336,6,1.0,non-sequential
337,6,0.0,non-sequential
338,6,0.0,non-sequential
339,6,0.0,non-sequential
340,6,0.0,non-sequential
341,6,1.0,non-sequential
342,6,0.0,non-sequential
343,6,0.0,non-sequential
344,6,0.0,non-sequential
345,6,1.0,non-sequential
346,6,0.0,non-sequential
347,6,1.0,non-sequential
348,6,1.0,non-sequential
349,6,0.0,non-sequential
350,6,1.0,non-sequential
351,6,1.0,non-sequential
352,6,0.0,non-sequential
353,6,1.0,non-sequential
354,6,0.0,non-sequential
355,6,0.0,non-sequential
356,6,1.0,non-sequential
357,6,1.0,non-sequential
358,6,0.0,non-sequential
359,6,1.0,non-sequential
360,6,1.0,non-sequential
361,6,1.0,non-sequential
362,6,1.0,non-sequential
363,6,1.0,non-sequential
364,6,1.0,non-sequential
365,6,0.0,non-sequential
366,6,1.0,non-sequential
367,6,1.0,non-sequential
368,6,1.0,non-sequential
369,6,0.0,non-sequential
370,6,1.0,non-sequential
371,6,0.0,non-sequential
372,6,1.0,non-sequential
373,6,0.0,non-sequential
374,6,1.0,non-sequential
375,6,0.0,non-sequential
376,6,0.0,non-sequential
377,6,1.0,non-sequential
378,6,1.0,non-sequential
379,6,1.0,non-sequential
0,7,1.0,non-sequential
1,7,1.0,non-sequential
2,7,1.0,non-sequential
3,7,1.0,non-sequential
4,7,0.0,non-sequential
5,7,1.0,non-sequential
6,7,0.0,non-sequential
7,7,1.0,non-sequential
8,7,1.0,non-sequential
9,7,1.0,non-sequential
10,7,1.0,non-sequential
11,7,1.0,non-sequential
12,7,1.0,non-sequential
13,7,1.0,non-sequential
14,7,0.0,non-sequential
15,7,0.0,non-sequential
16,7,1.0,non-sequential
17,7,0.0,non-sequential
18,7,1.0,non-sequential
19,7,1.0,non-sequential
20,7,0.0,non-sequential
21,7,0.0,non-sequential
22,7,1.0,non-sequential
23,7,0.0,non-sequential
24,7,0.0,non-sequential
25,7,1.0,non-sequential
26,7,0.0,non-sequential
27,7,1.0,non-sequential
28,7,1.0,non-sequential
29,7,1.0,non-sequential
30,7,1.0,non-sequential
31,7,1.0,non-sequential
32,7,1.0,non-sequential
33,7,0.0,non-sequential
34,7,0.0,non-sequential
35,7,1.0,non-sequential
36,7,1.0,non-sequential
37,7,0.0,non-sequential
38,7,1.0,non-sequential
39,7,0.0,non-sequential
40,7,0.0,non-sequential
41,7,1.0,non-sequential
42,7,0.0,non-sequential
43,7,0.0,non-sequential
44,7,1.0,non-sequential
45,7,0.0,non-sequential
46,7,1.0,non-sequential
47,7,1.0,non-sequential
48,7,1.0,non-sequential
49,7,1.0,non-sequential
50,7,0.0,non-sequential
51,7,0.0,non-sequential
52,7,0.0,non-sequential
53,7,1.0,non-sequential
54,7,0.0,non-sequential
55,7,1.0,non-sequential
56,7,1.0,non-sequential
57,7,1.0,non-sequential
58,7,1.0,non-sequential
59,7,1.0,non-sequential
60,7,1.0,non-sequential
61,7,1.0,non-sequential
62,7,1.0,non-sequential
63,7,0.0,non-sequential
64,7,1.0,non-sequential
65,7,1.0,non-sequential
66,7,0.0,non-sequential
67,7,1.0,non-sequential
68,7,1.0,non-sequential
69,7,1.0,non-sequential
70,7,0.0,non-sequential
71,7,1.0,non-sequential
72,7,0.0,non-sequential
73,7,1.0,non-sequential
74,7,1.0,non-sequential
75,7,0.0,non-sequential
76,7,0.0,non-sequential
77,7,1.0,non-sequential
78,7,1.0,non-sequential
79,7,1.0,non-sequential
80,7,1.0,non-sequential
81,7,0.0,non-sequential
82,7,0.0,non-sequential
83,7,1.0,non-sequential
84,7,1.0,non-sequential
85,7,1.0,non-sequential
86,7,1.0,non-sequential
87,7,1.0,non-sequential
88,7,1.0,non-sequential
89,7,1.0,non-sequential
90,7,1.0,non-sequential
91,7,1.0,non-sequential
92,7,0.0,non-sequential
93,7,1.0,non-sequential
94,7,1.0,non-sequential
95,7,0.0,non-sequential
96,7,1.0,non-sequential
97,7,1.0,non-sequential
98,7,0.0,non-sequential
99,7,0.0,non-sequential
100,7,1.0,non-sequential
101,7,0.0,non-sequential
102,7,1.0,non-sequential
103,7,1.0,non-sequential
104,7,0.0,non-sequential
105,7,0.0,non-sequential
106,7,1.0,non-sequential
107,7,1.0,non-sequential
108,7,1.0,non-sequential
109,7,1.0,non-sequential
110,7,1.0,non-sequential
111,7,1.0,non-sequential
112,7,1.0,non-sequential
113,7,1.0,non-sequential
114,7,1.0,non-sequential
115,7,1.0,non-sequential
116,7,1.0,non-sequential
117,7,0.0,non-sequential
118,7,0.0,non-sequential
119,7,1.0,non-sequential
120,7,1.0,non-sequential
121,7,1.0,non-sequential
122,7,0.0,non-sequential
123,7,1.0,non-sequential
124,7,1.0,non-sequential
125,7,0.0,non-sequential
126,7,1.0,non-sequential
127,7,0.0,non-sequential
128,7,0.0,non-sequential
129,7,1.0,non-sequential
130,7,1.0,non-sequential
131,7,0.0,non-sequential
132,7,1.0,non-sequential
133,7,0.0,non-sequential
134,7,0.0,non-sequential
135,7,0.0,non-sequential
136,7,1.0,non-sequential
137,7,0.0,non-sequential
138,7,1.0,non-sequential
139,7,1.0,non-sequential
140,7,1.0,non-sequential
141,7,1.0,non-sequential
142,7,1.0,non-sequential
143,7,1.0,non-sequential
144,7,0.0,non-sequential
145,7,1.0,non-sequential
146,7,1.0,non-sequential
147,7,1.0,non-sequential
148,7,1.0,non-sequential
149,7,0.0,non-sequential
150,7,0.0,non-sequential
151,7,1.0,non-sequential
152,7,0.0,non-sequential
153,7,0.0,non-sequential
154,7,0.0,non-sequential
155,7,1.0,non-sequential
156,7,1.0,non-sequential
157,7,1.0,non-sequential
158,7,1.0,non-sequential
159,7,0.0,non-sequential
160,7,0.0,non-sequential
161,7,0.0,non-sequential
162,7,0.0,non-sequential
163,7,1.0,non-sequential
164,7,1.0,non-sequential
165,7,1.0,non-sequential
166,7,1.0,non-sequential
167,7,0.0,non-sequential
168,7,1.0,non-sequential
169,7,1.0,non-sequential
170,7,1.0,non-sequential
171,7,0.0,non-sequential
172,7,0.0,non-sequential
173,7,0.0,non-sequential
174,7,1.0,non-sequential
175,7,1.0,non-sequential
176,7,1.0,non-sequential
177,7,1.0,non-sequential
178,7,0.0,non-sequential
179,7,0.0,non-sequential
180,7,1.0,non-sequential
181,7,1.0,non-sequential
182,7,1.0,non-sequential
183,7,1.0,non-sequential
184,7,1.0,non-sequential
185,7,1.0,non-sequential
186,7,0.0,non-sequential
187,7,1.0,non-sequential
188,7,1.0,non-sequential
189,7,1.0,non-sequential
190,7,1.0,non-sequential
191,7,1.0,non-sequential
192,7,0.0,non-sequential
193,7,1.0,non-sequential
194,7,1.0,non-sequential
195,7,0.0,non-sequential
196,7,0.0,non-sequential
197,7,1.0,non-sequential
198,7,0.0,non-sequential
199,7,0.0,non-sequential
200,7,0.0,non-sequential
201,7,0.0,non-sequential
202,7,1.0,non-sequential
203,7,1.0,non-sequential
204,7,0.0,non-sequential
205,7,0.0,non-sequential
206,7,0.0,non-sequential
207,7,1.0,non-sequential
208,7,1.0,non-sequential
209,7,0.0,non-sequential
210,7,1.0,non-sequential
211,7,1.0,non-sequential
212,7,0.0,non-sequential
213,7,1.0,non-sequential
214,7,1.0,non-sequential
215,7,1.0,non-sequential
216,7,1.0,non-sequential
217,7,1.0,non-sequential
218,7,1.0,non-sequential
219,7,0.0,non-sequential
220,7,1.0,non-sequential
221,7,0.0,non-sequential
222,7,1.0,non-sequential
223,7,0.0,non-sequential
224,7,1.0,non-sequential
225,7,0.0,non-sequential
226,7,1.0,non-sequential
227,7,1.0,non-sequential
228,7,1.0,non-sequential
229,7,0.0,non-sequential
230,7,1.0,non-sequential
231,7,1.0,non-sequential
232,7,1.0,non-sequential
233,7,1.0,non-sequential
234,7,1.0,non-sequential
235,7,1.0,non-sequential
236,7,0.0,non-sequential
237,7,1.0,non-sequential
238,7,1.0,non-sequential
239,7,1.0,non-sequential
240,7,0.0,non-sequential
241,7,1.0,non-sequential
242,7,1.0,non-sequential
243,7,0.0,non-sequential
244,7,0.0,non-sequential
245,7,1.0,non-sequential
246,7,0.0,non-sequential
247,7,1.0,non-sequential
248,7,1.0,non-sequential
249,7,1.0,non-sequential
250,7,0.0,non-sequential
251,7,0.0,non-sequential
252,7,1.0,non-sequential
253,7,1.0,non-sequential
254,7,1.0,non-sequential
255,7,1.0,non-sequential
256,7,1.0,non-sequential
257,7,0.0,non-sequential
258,7,1.0,non-sequential
259,7,1.0,non-sequential
260,7,0.0,non-sequential
261,7,0.0,non-sequential
262,7,0.0,non-sequential
263,7,1.0,non-sequential
264,7,0.0,non-sequential
265,7,0.0,non-sequential
266,7,1.0,non-sequential
267,7,1.0,non-sequential
268,7,1.0,non-sequential
269,7,0.0,non-sequential
270,7,1.0,non-sequential
271,7,1.0,non-sequential
272,7,0.0,non-sequential
273,7,1.0,non-sequential
274,7,1.0,non-sequential
275,7,0.0,non-sequential
276,7,1.0,non-sequential
277,7,1.0,non-sequential
278,7,0.0,non-sequential
279,7,0.0,non-sequential
280,7,0.0,non-sequential
281,7,1.0,non-sequential
282,7,0.0,non-sequential
283,7,0.0,non-sequential
284,7,0.0,non-sequential
285,7,1.0,non-sequential
286,7,0.0,non-sequential
287,7,0.0,non-sequential
288,7,0.0,non-sequential
289,7,1.0,non-sequential
290,7,1.0,non-sequential
291,7,1.0,non-sequential
292,7,1.0,non-sequential
293,7,1.0,non-sequential
294,7,0.0,non-sequential
295,7,1.0,non-sequential
296,7,0.0,non-sequential
297,7,0.0,non-sequential
298,7,1.0,non-sequential
299,7,1.0,non-sequential
300,7,0.0,non-sequential
301,7,0.0,non-sequential
302,7,1.0,non-sequential
303,7,1.0,non-sequential
304,7,0.0,non-sequential
305,7,1.0,non-sequential
306,7,0.0,non-sequential
307,7,1.0,non-sequential
308,7,0.0,non-sequential
309,7,1.0,non-sequential
310,7,0.0,non-sequential
311,7,1.0,non-sequential
312,7,1.0,non-sequential
313,7,1.0,non-sequential
314,7,1.0,non-sequential
315,7,0.0,non-sequential
316,7,0.0,non-sequential
317,7,0.0,non-sequential
318,7,0.0,non-sequential
319,7,1.0,non-sequential
320,7,1.0,non-sequential
321,7,0.0,non-sequential
322,7,0.0,non-sequential
323,7,1.0,non-sequential
324,7,1.0,non-sequential
325,7,0.0,non-sequential
326,7,1.0,non-sequential
327,7,0.0,non-sequential
328,7,1.0,non-sequential
329,7,0.0,non-sequential
330,7,1.0,non-sequential
331,7,1.0,non-sequential
332,7,1.0,non-sequential
333,7,0.0,non-sequential
334,7,1.0,non-sequential
335,7,1.0,non-sequential
336,7,1.0,non-sequential
337,7,1.0,non-sequential
338,7,0.0,non-sequential
339,7,1.0,non-sequential
340,7,1.0,non-sequential
341,7,0.0,non-sequential
342,7,1.0,non-sequential
343,7,1.0,non-sequential
344,7,1.0,non-sequential
345,7,1.0,non-sequential
346,7,0.0,non-sequential
347,7,1.0,non-sequential
348,7,1.0,non-sequential
349,7,1.0,non-sequential
350,7,0.0,non-sequential
351,7,0.0,non-sequential
352,7,0.0,non-sequential
353,7,0.0,non-sequential
354,7,1.0,non-sequential
355,7,0.0,non-sequential
356,7,0.0,non-sequential
357,7,1.0,non-sequential
358,7,1.0,non-sequential
359,7,1.0,non-sequential
360,7,1.0,non-sequential
361,7,0.0,non-sequential
362,7,0.0,non-sequential
363,7,1.0,non-sequential
364,7,0.0,non-sequential
365,7,0.0,non-sequential
366,7,1.0,non-sequential
367,7,0.0,non-sequential
368,7,1.0,non-sequential
369,7,0.0,non-sequential
370,7,1.0,non-sequential
371,7,1.0,non-sequential
372,7,0.0,non-sequential
373,7,1.0,non-sequential
374,7,1.0,non-sequential
375,7,0.0,non-sequential
376,7,1.0,non-sequential
377,7,1.0,non-sequential
378,7,0.0,non-sequential
379,7,1.0,non-sequential
0,8,1.0,non-sequential
1,8,1.0,non-sequential
2,8,1.0,non-sequential
3,8,1.0,non-sequential
4,8,0.0,non-sequential
5,8,1.0,non-sequential
6,8,0.0,non-sequential
7,8,0.0,non-sequential
8,8,0.0,non-sequential
9,8,0.0,non-sequential
10,8,1.0,non-sequential
11,8,1.0,non-sequential
12,8,1.0,non-sequential
13,8,1.0,non-sequential
14,8,0.0,non-sequential
15,8,1.0,non-sequential
16,8,1.0,non-sequential
17,8,0.0,non-sequential
18,8,0.0,non-sequential
19,8,1.0,non-sequential
20,8,1.0,non-sequential
21,8,0.0,non-sequential
22,8,0.0,non-sequential
23,8,0.0,non-sequential
24,8,0.0,non-sequential
25,8,0.0,non-sequential
26,8,0.0,non-sequential
27,8,1.0,non-sequential
28,8,0.0,non-sequential
29,8,1.0,non-sequential
30,8,1.0,non-sequential
31,8,0.0,non-sequential
32,8,1.0,non-sequential
33,8,1.0,non-sequential
34,8,0.0,non-sequential
35,8,0.0,non-sequential
36,8,1.0,non-sequential
37,8,0.0,non-sequential
38,8,0.0,non-sequential
39,8,0.0,non-sequential
40,8,1.0,non-sequential
41,8,0.0,non-sequential
42,8,1.0,non-sequential
43,8,1.0,non-sequential
44,8,1.0,non-sequential
45,8,1.0,non-sequential
46,8,1.0,non-sequential
47,8,1.0,non-sequential
48,8,0.0,non-sequential
49,8,0.0,non-sequential
50,8,1.0,non-sequential
51,8,1.0,non-sequential
52,8,0.0,non-sequential
53,8,1.0,non-sequential
54,8,1.0,non-sequential
55,8,0.0,non-sequential
56,8,0.0,non-sequential
57,8,1.0,non-sequential
58,8,0.0,non-sequential
59,8,1.0,non-sequential
60,8,1.0,non-sequential
61,8,1.0,non-sequential
62,8,0.0,non-sequential
63,8,0.0,non-sequential
64,8,0.0,non-sequential
65,8,1.0,non-sequential
66,8,1.0,non-sequential
67,8,1.0,non-sequential
68,8,1.0,non-sequential
69,8,0.0,non-sequential
70,8,1.0,non-sequential
71,8,1.0,non-sequential
72,8,0.0,non-sequential
73,8,1.0,non-sequential
74,8,0.0,non-sequential
75,8,0.0,non-sequential
76,8,0.0,non-sequential
77,8,0.0,non-sequential
78,8,1.0,non-sequential
79,8,0.0,non-sequential
80,8,0.0,non-sequential
81,8,0.0,non-sequential
82,8,1.0,non-sequential
83,8,1.0,non-sequential
84,8,0.0,non-sequential
85,8,0.0,non-sequential
86,8,1.0,non-sequential
87,8,1.0,non-sequential
88,8,1.0,non-sequential
89,8,1.0,non-sequential
90,8,0.0,non-sequential
91,8,1.0,non-sequential
92,8,0.0,non-sequential
93,8,0.0,non-sequential
94,8,1.0,non-sequential
95,8,1.0,non-sequential
96,8,1.0,non-sequential
97,8,0.0,non-sequential
98,8,1.0,non-sequential
99,8,1.0,non-sequential
100,8,1.0,non-sequential
101,8,1.0,non-sequential
102,8,0.0,non-sequential
103,8,1.0,non-sequential
104,8,0.0,non-sequential
105,8,1.0,non-sequential
106,8,0.0,non-sequential
107,8,0.0,non-sequential
108,8,1.0,non-sequential
109,8,0.0,non-sequential
110,8,1.0,non-sequential
111,8,1.0,non-sequential
112,8,0.0,non-sequential
113,8,1.0,non-sequential
114,8,1.0,non-sequential
115,8,0.0,non-sequential
116,8,1.0,non-sequential
117,8,0.0,non-sequential
118,8,0.0,non-sequential
119,8,1.0,non-sequential
120,8,0.0,non-sequential
121,8,1.0,non-sequential
122,8,1.0,non-sequential
123,8,0.0,non-sequential
124,8,0.0,non-sequential
125,8,0.0,non-sequential
126,8,0.0,non-sequential
127,8,0.0,non-sequential
128,8,1.0,non-sequential
129,8,1.0,non-sequential
130,8,1.0,non-sequential
131,8,1.0,non-sequential
132,8,1.0,non-sequential
133,8,0.0,non-sequential
134,8,0.0,non-sequential
135,8,1.0,non-sequential
136,8,1.0,non-sequential
137,8,1.0,non-sequential
138,8,1.0,non-sequential
139,8,1.0,non-sequential
140,8,1.0,non-sequential
141,8,1.0,non-sequential
142,8,0.0,non-sequential
143,8,0.0,non-sequential
144,8,1.0,non-sequential
145,8,1.0,non-sequential
146,8,0.0,non-sequential
147,8,1.0,non-sequential
148,8,0.0,non-sequential
149,8,1.0,non-sequential
150,8,1.0,non-sequential
151,8,1.0,non-sequential
152,8,0.0,non-sequential
153,8,0.0,non-sequential
154,8,1.0,non-sequential
155,8,1.0,non-sequential
156,8,1.0,non-sequential
157,8,1.0,non-sequential
158,8,1.0,non-sequential
159,8,0.0,non-sequential
160,8,0.0,non-sequential
161,8,1.0,non-sequential
162,8,1.0,non-sequential
163,8,1.0,non-sequential
164,8,1.0,non-sequential
165,8,1.0,non-sequential
166,8,1.0,non-sequential
167,8,1.0,non-sequential
168,8,1.0,non-sequential
169,8,1.0,non-sequential
170,8,1.0,non-sequential
171,8,0.0,non-sequential
172,8,1.0,non-sequential
173,8,1.0,non-sequential
174,8,0.0,non-sequential
175,8,0.0,non-sequential
176,8,0.0,non-sequential
177,8,1.0,non-sequential
178,8,1.0,non-sequential
179,8,1.0,non-sequential
180,8,0.0,non-sequential
181,8,1.0,non-sequential
182,8,1.0,non-sequential
183,8,1.0,non-sequential
184,8,0.0,non-sequential
185,8,1.0,non-sequential
186,8,1.0,non-sequential
187,8,1.0,non-sequential
188,8,1.0,non-sequential
189,8,0.0,non-sequential
190,8,1.0,non-sequential
191,8,0.0,non-sequential
192,8,1.0,non-sequential
193,8,1.0,non-sequential
194,8,1.0,non-sequential
195,8,1.0,non-sequential
196,8,1.0,non-sequential
197,8,1.0,non-sequential
198,8,1.0,non-sequential
199,8,1.0,non-sequential
200,8,1.0,non-sequential
201,8,0.0,non-sequential
202,8,0.0,non-sequential
203,8,1.0,non-sequential
204,8,0.0,non-sequential
205,8,0.0,non-sequential
206,8,1.0,non-sequential
207,8,0.0,non-sequential
208,8,1.0,non-sequential
209,8,1.0,non-sequential
210,8,1.0,non-sequential
211,8,1.0,non-sequential
212,8,1.0,non-sequential
213,8,1.0,non-sequential
214,8,0.0,non-sequential
215,8,0.0,non-sequential
216,8,0.0,non-sequential
217,8,1.0,non-sequential
218,8,1.0,non-sequential
219,8,1.0,non-sequential
220,8,1.0,non-sequential
221,8,1.0,non-sequential
222,8,0.0,non-sequential
223,8,0.0,non-sequential
224,8,1.0,non-sequential
225,8,1.0,non-sequential
226,8,1.0,non-sequential
227,8,0.0,non-sequential
228,8,1.0,non-sequential
229,8,1.0,non-sequential
230,8,0.0,non-sequential
231,8,1.0,non-sequential
232,8,1.0,non-sequential
233,8,0.0,non-sequential
234,8,1.0,non-sequential
235,8,0.0,non-sequential
236,8,0.0,non-sequential
237,8,1.0,non-sequential
238,8,0.0,non-sequential
239,8,1.0,non-sequential
240,8,1.0,non-sequential
241,8,1.0,non-sequential
242,8,1.0,non-sequential
243,8,0.0,non-sequential
244,8,0.0,non-sequential
245,8,1.0,non-sequential
246,8,0.0,non-sequential
247,8,1.0,non-sequential
248,8,1.0,non-sequential
249,8,1.0,non-sequential
250,8,1.0,non-sequential
251,8,1.0,non-sequential
252,8,0.0,non-sequential
253,8,0.0,non-sequential
254,8,0.0,non-sequential
255,8,0.0,non-sequential
256,8,1.0,non-sequential
257,8,1.0,non-sequential
258,8,0.0,non-sequential
259,8,1.0,non-sequential
260,8,1.0,non-sequential
261,8,1.0,non-sequential
262,8,0.0,non-sequential
263,8,1.0,non-sequential
264,8,0.0,non-sequential
265,8,0.0,non-sequential
266,8,1.0,non-sequential
267,8,1.0,non-sequential
268,8,1.0,non-sequential
269,8,1.0,non-sequential
270,8,1.0,non-sequential
271,8,0.0,non-sequential
272,8,1.0,non-sequential
273,8,1.0,non-sequential
274,8,1.0,non-sequential
275,8,0.0,non-sequential
276,8,1.0,non-sequential
277,8,1.0,non-sequential
278,8,0.0,non-sequential
279,8,1.0,non-sequential
280,8,1.0,non-sequential
281,8,0.0,non-sequential
282,8,1.0,non-sequential
283,8,1.0,non-sequential
284,8,0.0,non-sequential
285,8,1.0,non-sequential
286,8,1.0,non-sequential
287,8,1.0,non-sequential
288,8,0.0,non-sequential
289,8,0.0,non-sequential
290,8,0.0,non-sequential
291,8,1.0,non-sequential
292,8,0.0,non-sequential
293,8,1.0,non-sequential
294,8,1.0,non-sequential
295,8,0.0,non-sequential
296,8,0.0,non-sequential
297,8,1.0,non-sequential
298,8,0.0,non-sequential
299,8,0.0,non-sequential
300,8,1.0,non-sequential
301,8,1.0,non-sequential
302,8,1.0,non-sequential
303,8,1.0,non-sequential
304,8,1.0,non-sequential
305,8,0.0,non-sequential
306,8,1.0,non-sequential
307,8,0.0,non-sequential
308,8,0.0,non-sequential
309,8,1.0,non-sequential
310,8,0.0,non-sequential
311,8,1.0,non-sequential
312,8,0.0,non-sequential
313,8,1.0,non-sequential
314,8,1.0,non-sequential
315,8,1.0,non-sequential
316,8,0.0,non-sequential
317,8,0.0,non-sequential
318,8,1.0,non-sequential
319,8,1.0,non-sequential
320,8,1.0,non-sequential
321,8,1.0,non-sequential
322,8,1.0,non-sequential
323,8,1.0,non-sequential
324,8,1.0,non-sequential
325,8,1.0,non-sequential
326,8,0.0,non-sequential
327,8,1.0,non-sequential
328,8,1.0,non-sequential
329,8,0.0,non-sequential
330,8,1.0,non-sequential
331,8,1.0,non-sequential
332,8,1.0,non-sequential
333,8,0.0,non-sequential
334,8,1.0,non-sequential
335,8,0.0,non-sequential
336,8,0.0,non-sequential
337,8,0.0,non-sequential
338,8,1.0,non-sequential
339,8,1.0,non-sequential
340,8,0.0,non-sequential
341,8,1.0,non-sequential
342,8,1.0,non-sequential
343,8,1.0,non-sequential
344,8,1.0,non-sequential
345,8,1.0,non-sequential
346,8,0.0,non-sequential
347,8,0.0,non-sequential
348,8,0.0,non-sequential
349,8,0.0,non-sequential
350,8,1.0,non-sequential
351,8,1.0,non-sequential
352,8,1.0,non-sequential
353,8,1.0,non-sequential
354,8,1.0,non-sequential
355,8,1.0,non-sequential
356,8,0.0,non-sequential
357,8,1.0,non-sequential
358,8,1.0,non-sequential
359,8,1.0,non-sequential
360,8,0.0,non-sequential
361,8,0.0,non-sequential
362,8,1.0,non-sequential
363,8,0.0,non-sequential
364,8,1.0,non-sequential
365,8,0.0,non-sequential
366,8,1.0,non-sequential
367,8,1.0,non-sequential
368,8,1.0,non-sequential
369,8,0.0,non-sequential
370,8,1.0,non-sequential
371,8,0.0,non-sequential
372,8,1.0,non-sequential
373,8,1.0,non-sequential
374,8,1.0,non-sequential
375,8,0.0,non-sequential
376,8,0.0,non-sequential
377,8,1.0,non-sequential
378,8,0.0,non-sequential
379,8,0.0,non-sequential
0,9,1.0,non-sequential
1,9,1.0,non-sequential
2,9,1.0,non-sequential
3,9,1.0,non-sequential
4,9,1.0,non-sequential
5,9,0.0,non-sequential
6,9,0.0,non-sequential
7,9,0.0,non-sequential
8,9,0.0,non-sequential
9,9,1.0,non-sequential
10,9,1.0,non-sequential
11,9,0.0,non-sequential
12,9,0.0,non-sequential
13,9,1.0,non-sequential
14,9,1.0,non-sequential
15,9,0.0,non-sequential
16,9,1.0,non-sequential
17,9,0.0,non-sequential
18,9,0.0,non-sequential
19,9,1.0,non-sequential
20,9,0.0,non-sequential
21,9,0.0,non-sequential
22,9,1.0,non-sequential
23,9,0.0,non-sequential
24,9,1.0,non-sequential
25,9,1.0,non-sequential
26,9,1.0,non-sequential
27,9,0.0,non-sequential
28,9,1.0,non-sequential
29,9,1.0,non-sequential
30,9,1.0,non-sequential
31,9,0.0,non-sequential
32,9,0.0,non-sequential
33,9,1.0,non-sequential
34,9,0.0,non-sequential
35,9,0.0,non-sequential
36,9,0.0,non-sequential
37,9,0.0,non-sequential
38,9,1.0,non-sequential
39,9,1.0,non-sequential
40,9,1.0,non-sequential
41,9,1.0,non-sequential
42,9,1.0,non-sequential
43,9,0.0,non-sequential
44,9,1.0,non-sequential
45,9,0.0,non-sequential
46,9,1.0,non-sequential
47,9,1.0,non-sequential
48,9,1.0,non-sequential
49,9,1.0,non-sequential
50,9,1.0,non-sequential
51,9,1.0,non-sequential
52,9,0.0,non-sequential
53,9,1.0,non-sequential
54,9,0.0,non-sequential
55,9,0.0,non-sequential
56,9,1.0,non-sequential
57,9,1.0,non-sequential
58,9,1.0,non-sequential
59,9,1.0,non-sequential
60,9,1.0,non-sequential
61,9,1.0,non-sequential
62,9,0.0,non-sequential
63,9,1.0,non-sequential
64,9,0.0,non-sequential
65,9,1.0,non-sequential
66,9,1.0,non-sequential
67,9,1.0,non-sequential
68,9,1.0,non-sequential
69,9,0.0,non-sequential
70,9,1.0,non-sequential
71,9,0.0,non-sequential
72,9,0.0,non-sequential
73,9,1.0,non-sequential
74,9,0.0,non-sequential
75,9,1.0,non-sequential
76,9,1.0,non-sequential
77,9,0.0,non-sequential
78,9,1.0,non-sequential
79,9,0.0,non-sequential
80,9,0.0,non-sequential
81,9,1.0,non-sequential
82,9,0.0,non-sequential
83,9,0.0,non-sequential
84,9,0.0,non-sequential
85,9,1.0,non-sequential
86,9,1.0,non-sequential
87,9,1.0,non-sequential
88,9,1.0,non-sequential
89,9,1.0,non-sequential
90,9,1.0,non-sequential
91,9,1.0,non-sequential
92,9,0.0,non-sequential
93,9,1.0,non-sequential
94,9,1.0,non-sequential
95,9,1.0,non-sequential
96,9,0.0,non-sequential
97,9,0.0,non-sequential
98,9,1.0,non-sequential
99,9,0.0,non-sequential
100,9,1.0,non-sequential
101,9,0.0,non-sequential
102,9,0.0,non-sequential
103,9,0.0,non-sequential
104,9,0.0,non-sequential
105,9,1.0,non-sequential
106,9,0.0,non-sequential
107,9,0.0,non-sequential
108,9,1.0,non-sequential
109,9,0.0,non-sequential
110,9,1.0,non-sequential
111,9,1.0,non-sequential
112,9,0.0,non-sequential
113,9,1.0,non-sequential
114,9,1.0,non-sequential
115,9,0.0,non-sequential
116,9,0.0,non-sequential
117,9,1.0,non-sequential
118,9,1.0,non-sequential
119,9,1.0,non-sequential
120,9,1.0,non-sequential
121,9,1.0,non-sequential
122,9,1.0,non-sequential
123,9,0.0,non-sequential
124,9,1.0,non-sequential
125,9,0.0,non-sequential
126,9,1.0,non-sequential
127,9,0.0,non-sequential
128,9,1.0,non-sequential
129,9,1.0,non-sequential
130,9,1.0,non-sequential
131,9,1.0,non-sequential
132,9,1.0,non-sequential
133,9,0.0,non-sequential
134,9,0.0,non-sequential
135,9,0.0,non-sequential
136,9,1.0,non-sequential
137,9,0.0,non-sequential
138,9,0.0,non-sequential
139,9,0.0,non-sequential
140,9,1.0,non-sequential
141,9,1.0,non-sequential
142,9,0.0,non-sequential
143,9,0.0,non-sequential
144,9,0.0,non-sequential
145,9,1.0,non-sequential
146,9,1.0,non-sequential
147,9,0.0,non-sequential
148,9,1.0,non-sequential
149,9,1.0,non-sequential
150,9,1.0,non-sequential
151,9,0.0,non-sequential
152,9,0.0,non-sequential
153,9,0.0,non-sequential
154,9,0.0,non-sequential
155,9,1.0,non-sequential
156,9,0.0,non-sequential
157,9,0.0,non-sequential
158,9,1.0,non-sequential
159,9,1.0,non-sequential
160,9,1.0,non-sequential
161,9,0.0,non-sequential
162,9,0.0,non-sequential
163,9,1.0,non-sequential
164,9,0.0,non-sequential
165,9,0.0,non-sequential
166,9,1.0,non-sequential
167,9,0.0,non-sequential
168,9,0.0,non-sequential
169,9,1.0,non-sequential
170,9,0.0,non-sequential
171,9,0.0,non-sequential
172,9,1.0,non-sequential
173,9,1.0,non-sequential
174,9,1.0,non-sequential
175,9,0.0,non-sequential
176,9,1.0,non-sequential
177,9,1.0,non-sequential
178,9,1.0,non-sequential
179,9,1.0,non-sequential
180,9,0.0,non-sequential
181,9,1.0,non-sequential
182,9,0.0,non-sequential
183,9,0.0,non-sequential
184,9,1.0,non-sequential
185,9,0.0,non-sequential
186,9,1.0,non-sequential
187,9,1.0,non-sequential
188,9,1.0,non-sequential
189,9,1.0,non-sequential
190,9,0.0,non-sequential
191,9,1.0,non-sequential
192,9,1.0,non-sequential
193,9,1.0,non-sequential
194,9,0.0,non-sequential
195,9,0.0,non-sequential
196,9,1.0,non-sequential
197,9,0.0,non-sequential
198,9,0.0,non-sequential
199,9,0.0,non-sequential
200,9,0.0,non-sequential
201,9,1.0,non-sequential
202,9,1.0,non-sequential
203,9,1.0,non-sequential
204,9,0.0,non-sequential
205,9,1.0,non-sequential
206,9,1.0,non-sequential
207,9,0.0,non-sequential
208,9,0.0,non-sequential
209,9,1.0,non-sequential
210,9,0.0,non-sequential
211,9,0.0,non-sequential
212,9,1.0,non-sequential
213,9,1.0,non-sequential
214,9,0.0,non-sequential
215,9,0.0,non-sequential
216,9,1.0,non-sequential
217,9,1.0,non-sequential
218,9,0.0,non-sequential
219,9,1.0,non-sequential
220,9,1.0,non-sequential
221,9,1.0,non-sequential
222,9,0.0,non-sequential
223,9,1.0,non-sequential
224,9,0.0,non-sequential
225,9,1.0,non-sequential
226,9,1.0,non-sequential
227,9,0.0,non-sequential
228,9,1.0,non-sequential
229,9,0.0,non-sequential
230,9,0.0,non-sequential
231,9,1.0,non-sequential
232,9,1.0,non-sequential
233,9,1.0,non-sequential
234,9,1.0,non-sequential
235,9,1.0,non-sequential
236,9,1.0,non-sequential
237,9,1.0,non-sequential
238,9,1.0,non-sequential
239,9,0.0,non-sequential
240,9,1.0,non-sequential
241,9,1.0,non-sequential
242,9,1.0,non-sequential
243,9,1.0,non-sequential
244,9,1.0,non-sequential
245,9,1.0,non-sequential
246,9,0.0,non-sequential
247,9,0.0,non-sequential
248,9,1.0,non-sequential
249,9,0.0,non-sequential
250,9,1.0,non-sequential
251,9,0.0,non-sequential
252,9,1.0,non-sequential
253,9,0.0,non-sequential
254,9,1.0,non-sequential
255,9,1.0,non-sequential
256,9,1.0,non-sequential
257,9,1.0,non-sequential
258,9,1.0,non-sequential
259,9,1.0,non-sequential
260,9,1.0,non-sequential
261,9,1.0,non-sequential
262,9,0.0,non-sequential
263,9,1.0,non-sequential
264,9,1.0,non-sequential
265,9,0.0,non-sequential
266,9,1.0,non-sequential
267,9,0.0,non-sequential
268,9,1.0,non-sequential
269,9,1.0,non-sequential
270,9,1.0,non-sequential
271,9,0.0,non-sequential
272,9,1.0,non-sequential
273,9,1.0,non-sequential
274,9,1.0,non-sequential
275,9,0.0,non-sequential
276,9,0.0,non-sequential
277,9,1.0,non-sequential
278,9,1.0,non-sequential
279,9,1.0,non-sequential
280,9,1.0,non-sequential
281,9,1.0,non-sequential
282,9,0.0,non-sequential
283,9,0.0,non-sequential
284,9,0.0,non-sequential
285,9,0.0,non-sequential
286,9,1.0,non-sequential
287,9,1.0,non-sequential
288,9,0.0,non-sequential
289,9,0.0,non-sequential
290,9,0.0,non-sequential
291,9,0.0,non-sequential
292,9,0.0,non-sequential
293,9,1.0,non-sequential
294,9,1.0,non-sequential
295,9,1.0,non-sequential
296,9,1.0,non-sequential
297,9,0.0,non-sequential
298,9,0.0,non-sequential
299,9,1.0,non-sequential
300,9,1.0,non-sequential
301,9,0.0,non-sequential
302,9,0.0,non-sequential
303,9,1.0,non-sequential
304,9,0.0,non-sequential
305,9,1.0,non-sequential
306,9,0.0,non-sequential
307,9,1.0,non-sequential
308,9,1.0,non-sequential
309,9,1.0,non-sequential
310,9,1.0,non-sequential
311,9,0.0,non-sequential
312,9,0.0,non-sequential
313,9,1.0,non-sequential
314,9,1.0,non-sequential
315,9,0.0,non-sequential
316,9,0.0,non-sequential
317,9,1.0,non-sequential
318,9,0.0,non-sequential
319,9,1.0,non-sequential
320,9,1.0,non-sequential
321,9,1.0,non-sequential
322,9,0.0,non-sequential
323,9,1.0,non-sequential
324,9,1.0,non-sequential
325,9,0.0,non-sequential
326,9,0.0,non-sequential
327,9,1.0,non-sequential
328,9,1.0,non-sequential
329,9,1.0,non-sequential
330,9,1.0,non-sequential
331,9,1.0,non-sequential
332,9,1.0,non-sequential
333,9,0.0,non-sequential
334,9,1.0,non-sequential
335,9,0.0,non-sequential
336,9,1.0,non-sequential
337,9,1.0,non-sequential
338,9,1.0,non-sequential
339,9,0.0,non-sequential
340,9,1.0,non-sequential
341,9,0.0,non-sequential
342,9,1.0,non-sequential
343,9,0.0,non-sequential
344,9,0.0,non-sequential
345,9,1.0,non-sequential
346,9,1.0,non-sequential
347,9,1.0,non-sequential
348,9,1.0,non-sequential
349,9,1.0,non-sequential
350,9,1.0,non-sequential
351,9,0.0,non-sequential
352,9,0.0,non-sequential
353,9,0.0,non-sequential
354,9,1.0,non-sequential
355,9,1.0,non-sequential
356,9,0.0,non-sequential
357,9,1.0,non-sequential
358,9,1.0,non-sequential
359,9,1.0,non-sequential
360,9,1.0,non-sequential
361,9,1.0,non-sequential
362,9,0.0,non-sequential
363,9,1.0,non-sequential
364,9,1.0,non-sequential
365,9,0.0,non-sequential
366,9,1.0,non-sequential
367,9,1.0,non-sequential
368,9,1.0,non-sequential
369,9,1.0,non-sequential
370,9,1.0,non-sequential
371,9,1.0,non-sequential
372,9,0.0,non-sequential
373,9,1.0,non-sequential
374,9,1.0,non-sequential
375,9,1.0,non-sequential
376,9,0.0,non-sequential
377,9,1.0,non-sequential
378,9,1.0,non-sequential
379,9,1.0,non-sequential
0,0,1.0,interleaved
1,0,0.0,interleaved
2,0,0.0,interleaved
3,0,1.0,interleaved
4,0,0.0,interleaved
5,0,1.0,interleaved
6,0,0.0,interleaved
7,0,0.0,interleaved
8,0,0.0,interleaved
9,0,1.0,interleaved
10,0,0.0,interleaved
11,0,1.0,interleaved
12,0,1.0,interleaved
13,0,0.0,interleaved
14,0,0.0,interleaved
15,0,1.0,interleaved
16,0,0.0,interleaved
17,0,1.0,interleaved
18,0,0.0,interleaved
19,0,0.0,interleaved
20,0,1.0,interleaved
21,0,1.0,interleaved
22,0,1.0,interleaved
23,0,1.0,interleaved
24,0,0.0,interleaved
25,0,0.0,interleaved
26,0,1.0,interleaved
27,0,1.0,interleaved
28,0,1.0,interleaved
29,0,1.0,interleaved
30,0,1.0,interleaved
31,0,1.0,interleaved
32,0,1.0,interleaved
33,0,1.0,interleaved
34,0,0.0,interleaved
35,0,1.0,interleaved
36,0,0.0,interleaved
37,0,1.0,interleaved
38,0,1.0,interleaved
39,0,0.0,interleaved
40,0,0.0,interleaved
41,0,1.0,interleaved
42,0,1.0,interleaved
43,0,0.0,interleaved
44,0,1.0,interleaved
45,0,0.0,interleaved
46,0,1.0,interleaved
47,0,1.0,interleaved
48,0,1.0,interleaved
49,0,0.0,interleaved
50,0,1.0,interleaved
51,0,1.0,interleaved
52,0,1.0,interleaved
53,0,1.0,interleaved
54,0,1.0,interleaved
55,0,1.0,interleaved
56,0,0.0,interleaved
57,0,1.0,interleaved
58,0,1.0,interleaved
59,0,1.0,interleaved
60,0,0.0,interleaved
61,0,0.0,interleaved
62,0,1.0,interleaved
63,0,0.0,interleaved
64,0,1.0,interleaved
65,0,0.0,interleaved
66,0,1.0,interleaved
67,0,0.0,interleaved
68,0,1.0,interleaved
69,0,1.0,interleaved
70,0,1.0,interleaved
71,0,0.0,interleaved
72,0,1.0,interleaved
73,0,1.0,interleaved
74,0,1.0,interleaved
75,0,1.0,interleaved
76,0,0.0,interleaved
77,0,1.0,interleaved
78,0,1.0,interleaved
79,0,1.0,interleaved
80,0,1.0,interleaved
81,0,0.0,interleaved
82,0,1.0,interleaved
83,0,1.0,interleaved
84,0,0.0,interleaved
85,0,1.0,interleaved
86,0,0.0,interleaved
87,0,1.0,interleaved
88,0,1.0,interleaved
89,0,1.0,interleaved
90,0,0.0,interleaved
91,0,0.0,interleaved
92,0,0.0,interleaved
93,0,1.0,interleaved
94,0,1.0,interleaved
95,0,1.0,interleaved
96,0,1.0,interleaved
97,0,0.0,interleaved
98,0,0.0,interleaved
99,0,1.0,interleaved
100,0,1.0,interleaved
101,0,1.0,interleaved
102,0,1.0,interleaved
103,0,0.0,interleaved
104,0,1.0,interleaved
105,0,0.0,interleaved
106,0,0.0,interleaved
107,0,1.0,interleaved
108,0,1.0,interleaved
109,0,1.0,interleaved
110,0,0.0,interleaved
111,0,0.0,interleaved
112,0,1.0,interleaved
113,0,0.0,interleaved
114,0,0.0,interleaved
115,0,0.0,interleaved
116,0,0.0,interleaved
117,0,1.0,interleaved
118,0,0.0,interleaved
119,0,1.0,interleaved
120,0,1.0,interleaved
121,0,1.0,interleaved
122,0,1.0,interleaved
123,0,0.0,interleaved
124,0,1.0,interleaved
125,0,1.0,interleaved
126,0,1.0,interleaved
127,0,1.0,interleaved
128,0,1.0,interleaved
129,0,0.0,interleaved
130,0,1.0,interleaved
131,0,1.0,interleaved
132,0,1.0,interleaved
133,0,0.0,interleaved
134,0,0.0,interleaved
135,0,1.0,interleaved
136,0,1.0,interleaved
137,0,1.0,interleaved
138,0,1.0,interleaved
139,0,0.0,interleaved
140,0,0.0,interleaved
141,0,1.0,interleaved
142,0,0.0,interleaved
143,0,0.0,interleaved
144,0,1.0,interleaved
145,0,0.0,interleaved
146,0,1.0,interleaved
147,0,0.0,interleaved
148,0,0.0,interleaved
149,0,0.0,interleaved
150,0,1.0,interleaved
151,0,0.0,interleaved
152,0,0.0,interleaved
153,0,0.0,interleaved
154,0,0.0,interleaved
155,0,0.0,interleaved
156,0,1.0,interleaved
157,0,0.0,interleaved
158,0,1.0,interleaved
159,0,0.0,interleaved
160,0,1.0,interleaved
161,0,0.0,interleaved
162,0,0.0,interleaved
163,0,1.0,interleaved
164,0,1.0,interleaved
165,0,0.0,interleaved
166,0,0.0,interleaved
167,0,1.0,interleaved
168,0,1.0,interleaved
169,0,1.0,interleaved
170,0,1.0,interleaved
171,0,0.0,interleaved
172,0,0.0,interleaved
173,0,1.0,interleaved
174,0,0.0,interleaved
175,0,1.0,interleaved
176,0,0.0,interleaved
177,0,1.0,interleaved
178,0,1.0,interleaved
179,0,1.0,interleaved
180,0,0.0,interleaved
181,0,1.0,interleaved
182,0,1.0,interleaved
183,0,1.0,interleaved
184,0,1.0,interleaved
185,0,1.0,interleaved
186,0,1.0,interleaved
187,0,0.0,interleaved
188,0,1.0,interleaved
189,0,1.0,interleaved
190,0,0.0,interleaved
191,0,1.0,interleaved
192,0,1.0,interleaved
193,0,1.0,interleaved
194,0,1.0,interleaved
195,0,1.0,interleaved
196,0,1.0,interleaved
197,0,0.0,interleaved
198,0,1.0,interleaved
199,0,0.0,interleaved
200,0,1.0,interleaved
201,0,0.0,interleaved
202,0,0.0,interleaved
203,0,1.0,interleaved
204,0,0.0,interleaved
205,0,0.0,interleaved
206,0,0.0,interleaved
207,0,1.0,interleaved
208,0,0.0,interleaved
209,0,0.0,interleaved
210,0,0.0,interleaved
211,0,1.0,interleaved
212,0,0.0,interleaved
213,0,0.0,interleaved
214,0,1.0,interleaved
215,0,0.0,interleaved
216,0,1.0,interleaved
217,0,0.0,interleaved
218,0,1.0,interleaved
219,0,1.0,interleaved
220,0,1.0,interleaved
221,0,0.0,interleaved
222,0,0.0,interleaved
223,0,1.0,interleaved
224,0,1.0,interleaved
225,0,0.0,interleaved
226,0,0.0,interleaved
227,0,0.0,interleaved
228,0,1.0,interleaved
229,0,0.0,interleaved
230,0,1.0,interleaved
231,0,0.0,interleaved
232,0,0.0,interleaved
233,0,1.0,interleaved
234,0,1.0,interleaved
235,0,0.0,interleaved
236,0,0.0,interleaved
237,0,1.0,interleaved
238,0,1.0,interleaved
239,0,1.0,interleaved
240,0,0.0,interleaved
241,0,0.0,interleaved
242,0,1.0,interleaved
243,0,1.0,interleaved
244,0,1.0,interleaved
245,0,0.0,interleaved
246,0,0.0,interleaved
247,0,0.0,interleaved
248,0,0.0,interleaved
249,0,1.0,interleaved
250,0,1.0,interleaved
251,0,1.0,interleaved
252,0,1.0,interleaved
253,0,1.0,interleaved
254,0,1.0,interleaved
255,0,0.0,interleaved
256,0,1.0,interleaved
257,0,0.0,interleaved
258,0,1.0,interleaved
259,0,1.0,interleaved
260,0,1.0,interleaved
261,0,1.0,interleaved
262,0,0.0,interleaved
263,0,1.0,interleaved
264,0,1.0,interleaved
265,0,1.0,interleaved
266,0,0.0,interleaved
267,0,1.0,interleaved
268,0,0.0,interleaved
269,0,1.0,interleaved
270,0,1.0,interleaved
271,0,1.0,interleaved
272,0,0.0,interleaved
273,0,0.0,interleaved
274,0,0.0,interleaved
275,0,0.0,interleaved
276,0,0.0,interleaved
277,0,1.0,interleaved
278,0,0.0,interleaved
279,0,1.0,interleaved
280,0,0.0,interleaved
281,0,0.0,interleaved
282,0,1.0,interleaved
283,0,0.0,interleaved
284,0,1.0,interleaved
285,0,0.0,interleaved
286,0,1.0,interleaved
287,0,0.0,interleaved
288,0,1.0,interleaved
289,0,1.0,interleaved
290,0,1.0,interleaved
291,0,1.0,interleaved
292,0,0.0,interleaved
293,0,0.0,interleaved
294,0,1.0,interleaved
295,0,0.0,interleaved
296,0,0.0,interleaved
297,0,1.0,interleaved
298,0,1.0,interleaved
299,0,0.0,interleaved
300,0,0.0,interleaved
301,0,0.0,interleaved
302,0,1.0,interleaved
303,0,0.0,interleaved
304,0,0.0,interleaved
305,0,0.0,interleaved
306,0,1.0,interleaved
307,0,0.0,interleaved
308,0,0.0,interleaved
309,0,0.0,interleaved
310,0,1.0,interleaved
311,0,1.0,interleaved
312,0,1.0,interleaved
313,0,1.0,interleaved
314,0,1.0,interleaved
315,0,1.0,interleaved
316,0,0.0,interleaved
317,0,1.0,interleaved
318,0,1.0,interleaved
319,0,1.0,interleaved
320,0,0.0,interleaved
321,0,0.0,interleaved
322,0,1.0,interleaved
323,0,1.0,interleaved
324,0,1.0,interleaved
325,0,0.0,interleaved
326,0,0.0,interleaved
327,0,1.0,interleaved
328,0,1.0,interleaved
329,0,1.0,interleaved
330,0,0.0,interleaved
331,0,0.0,interleaved
332,0,0.0,interleaved
333,0,0.0,interleaved
334,0,1.0,interleaved
335,0,1.0,interleaved
336,0,0.0,interleaved
337,0,1.0,interleaved
338,0,0.0,interleaved
339,0,1.0,interleaved
340,0,0.0,interleaved
341,0,0.0,interleaved
342,0,0.0,interleaved
343,0,0.0,interleaved
344,0,0.0,interleaved
345,0,1.0,interleaved
346,0,0.0,interleaved
347,0,1.0,interleaved
348,0,1.0,interleaved
349,0,0.0,interleaved
350,0,1.0,interleaved
351,0,1.0,interleaved
352,0,0.0,interleaved
353,0,1.0,interleaved
354,0,1.0,interleaved
355,0,0.0,interleaved
356,0,1.0,interleaved
357,0,1.0,interleaved
358,0,1.0,interleaved
359,0,0.0,interleaved
360,0,0.0,interleaved
361,0,1.0,interleaved
362,0,0.0,interleaved
363,0,1.0,interleaved
364,0,0.0,interleaved
365,0,1.0,interleaved
366,0,1.0,interleaved
367,0,0.0,interleaved
368,0,0.0,interleaved
369,0,1.0,interleaved
370,0,1.0,interleaved
371,0,1.0,interleaved
372,0,0.0,interleaved
373,0,0.0,interleaved
374,0,0.0,interleaved
375,0,0.0,interleaved
376,0,1.0,interleaved
377,0,0.0,interleaved
378,0,0.0,interleaved
379,0,1.0,interleaved
0,1,0.0,interleaved
1,1,1.0,interleaved
2,1,1.0,interleaved
3,1,1.0,interleaved
4,1,1.0,interleaved
5,1,1.0,interleaved
6,1,0.0,interleaved
7,1,1.0,interleaved
8,1,0.0,interleaved
9,1,1.0,interleaved
10,1,1.0,interleaved
11,1,1.0,interleaved
12,1,1.0,interleaved
13,1,1.0,interleaved
14,1,1.0,interleaved
15,1,0.0,interleaved
16,1,1.0,interleaved
17,1,1.0,interleaved
18,1,0.0,interleaved
19,1,0.0,interleaved
20,1,1.0,interleaved
21,1,1.0,interleaved
22,1,1.0,interleaved
23,1,1.0,interleaved
24,1,0.0,interleaved
25,1,1.0,interleaved
26,1,1.0,interleaved
27,1,0.0,interleaved
28,1,0.0,interleaved
29,1,0.0,interleaved
30,1,0.0,interleaved
31,1,1.0,interleaved
32,1,1.0,interleaved
33,1,1.0,interleaved
34,1,0.0,interleaved
35,1,1.0,interleaved
36,1,1.0,interleaved
37,1,0.0,interleaved
38,1,1.0,interleaved
39,1,1.0,interleaved
40,1,0.0,interleaved
41,1,1.0,interleaved
42,1,1.0,interleaved
43,1,1.0,interleaved
44,1,1.0,interleaved
45,1,1.0,interleaved
46,1,0.0,interleaved
47,1,1.0,interleaved
48,1,1.0,interleaved
49,1,0.0,interleaved
50,1,1.0,interleaved
51,1,1.0,interleaved
52,1,0.0,interleaved
53,1,1.0,interleaved
54,1,0.0,interleaved
55,1,0.0,interleaved
56,1,1.0,interleaved
57,1,0.0,interleaved
58,1,1.0,interleaved
59,1,1.0,interleaved
60,1,1.0,interleaved
61,1,0.0,interleaved
62,1,0.0,interleaved
63,1,0.0,interleaved
64,1,1.0,interleaved
65,1,0.0,interleaved
66,1,1.0,interleaved
67,1,1.0,interleaved
68,1,1.0,interleaved
69,1,1.0,interleaved
70,1,1.0,interleaved
71,1,1.0,interleaved
72,1,0.0,interleaved
73,1,0.0,interleaved
74,1,1.0,interleaved
75,1,1.0,interleaved
76,1,1.0,interleaved
77,1,1.0,interleaved
78,1,1.0,interleaved
79,1,1.0,interleaved
80,1,0.0,interleaved
81,1,0.0,interleaved
82,1,0.0,interleaved
83,1,1.0,interleaved
84,1,1.0,interleaved
85,1,1.0,interleaved
86,1,0.0,interleaved
87,1,0.0,interleaved
88,1,0.0,interleaved
89,1,0.0,interleaved
90,1,0.0,interleaved
91,1,0.0,interleaved
92,1,1.0,interleaved
93,1,1.0,interleaved
94,1,1.0,interleaved
95,1,0.0,interleaved
96,1,0.0,interleaved
97,1,0.0,interleaved
98,1,1.0,interleaved
99,1,1.0,interleaved
100,1,0.0,interleaved
101,1,1.0,interleaved
102,1,0.0,interleaved
103,1,0.0,interleaved
104,1,0.0,interleaved
105,1,1.0,interleaved
106,1,1.0,interleaved
107,1,0.0,interleaved
108,1,1.0,interleaved
109,1,1.0,interleaved
110,1,0.0,interleaved
111,1,1.0,interleaved
112,1,1.0,interleaved
113,1,1.0,interleaved
114,1,0.0,interleaved
115,1,1.0,interleaved
116,1,1.0,interleaved
117,1,1.0,interleaved
118,1,1.0,interleaved
119,1,0.0,interleaved
120,1,0.0,interleaved
121,1,1.0,interleaved
122,1,1.0,interleaved
123,1,1.0,interleaved
124,1,0.0,interleaved
125,1,1.0,interleaved
126,1,0.0,interleaved
127,1,1.0,interleaved
128,1,0.0,interleaved
129,1,1.0,interleaved
130,1,1.0,interleaved
131,1,0.0,interleaved
132,1,0.0,interleaved
133,1,1.0,interleaved
134,1,1.0,interleaved
135,1,0.0,interleaved
136,1,1.0,interleaved
137,1,0.0,interleaved
138,1,1.0,interleaved
139,1,1.0,interleaved
140,1,0.0,interleaved
141,1,1.0,interleaved
142,1,0.0,interleaved
143,1,0.0,interleaved
144,1,1.0,interleaved
145,1,0.0,interleaved
146,1,1.0,interleaved
147,1,1.0,interleaved
148,1,1.0,interleaved
149,1,1.0,interleaved
150,1,0.0,interleaved
151,1,0.0,interleaved
152,1,0.0,interleaved
153,1,1.0,interleaved
154,1,1.0,interleaved
155,1,1.0,interleaved
156,1,0.0,interleaved
157,1,1.0,interleaved
158,1,1.0,interleaved
159,1,1.0,interleaved
160,1,1.0,interleaved
161,1,0.0,interleaved
162,1,1.0,interleaved
163,1,0.0,interleaved
164,1,1.0,interleaved
165,1,0.0,interleaved
166,1,0.0,interleaved
167,1,1.0,interleaved
168,1,1.0,interleaved
169,1,0.0,interleaved
170,1,0.0,interleaved
171,1,1.0,interleaved
172,1,1.0,interleaved
173,1,0.0,interleaved
174,1,0.0,interleaved
175,1,0.0,interleaved
176,1,0.0,interleaved
177,1,1.0,interleaved
178,1,1.0,interleaved
179,1,0.0,interleaved
180,1,0.0,interleaved
181,1,0.0,interleaved
182,1,1.0,interleaved
183,1,1.0,interleaved
184,1,1.0,interleaved
185,1,1.0,interleaved
186,1,1.0,interleaved
187,1,1.0,interleaved
188,1,0.0,interleaved
189,1,1.0,interleaved
190,1,1.0,interleaved
191,1,1.0,interleaved
192,1,1.0,interleaved
193,1,0.0,interleaved
194,1,0.0,interleaved
195,1,1.0,interleaved
196,1,1.0,interleaved
197,1,1.0,interleaved
198,1,1.0,interleaved
199,1,0.0,interleaved
200,1,1.0,interleaved
201,1,1.0,interleaved
202,1,0.0,interleaved
203,1,1.0,interleaved
204,1,0.0,interleaved
205,1,1.0,interleaved
206,1,0.0,interleaved
207,1,1.0,interleaved
208,1,0.0,interleaved
209,1,0.0,interleaved
210,1,1.0,interleaved
211,1,1.0,interleaved
212,1,1.0,interleaved
213,1,0.0,interleaved
214,1,1.0,interleaved
215,1,1.0,interleaved
216,1,1.0,interleaved
217,1,0.0,interleaved
218,1,1.0,interleaved
219,1,1.0,interleaved
220,1,1.0,interleaved
221,1,1.0,interleaved
222,1,1.0,interleaved
223,1,1.0,interleaved
224,1,1.0,interleaved
225,1,0.0,interleaved
226,1,1.0,interleaved
227,1,1.0,interleaved
228,1,1.0,interleaved
229,1,0.0,interleaved
230,1,1.0,interleaved
231,1,0.0,interleaved
232,1,1.0,interleaved
233,1,0.0,interleaved
234,1,0.0,interleaved
235,1,0.0,interleaved
236,1,0.0,interleaved
237,1,0.0,interleaved
238,1,1.0,interleaved
239,1,1.0,interleaved
240,1,1.0,interleaved
241,1,1.0,interleaved
242,1,0.0,interleaved
243,1,1.0,interleaved
244,1,0.0,interleaved
245,1,1.0,interleaved
246,1,0.0,interleaved
247,1,1.0,interleaved
248,1,1.0,interleaved
249,1,1.0,interleaved
250,1,1.0,interleaved
251,1,1.0,interleaved
252,1,0.0,interleaved
253,1,1.0,interleaved
254,1,0.0,interleaved
255,1,1.0,interleaved
256,1,0.0,interleaved
257,1,1.0,interleaved
258,1,1.0,interleaved
259,1,0.0,interleaved
260,1,0.0,interleaved
261,1,1.0,interleaved
262,1,0.0,interleaved
263,1,0.0,interleaved
264,1,0.0,interleaved
265,1,0.0,interleaved
266,1,1.0,interleaved
267,1,1.0,interleaved
268,1,1.0,interleaved
269,1,0.0,interleaved
270,1,1.0,interleaved
271,1,1.0,interleaved
272,1,1.0,interleaved
273,1,1.0,interleaved
274,1,1.0,interleaved
275,1,1.0,interleaved
276,1,1.0,interleaved
277,1,1.0,interleaved
278,1,0.0,interleaved
279,1,0.0,interleaved
280,1,1.0,interleaved
281,1,0.0,interleaved
282,1,1.0,interleaved
283,1,0.0,interleaved
284,1,0.0,interleaved
285,1,1.0,interleaved
286,1,1.0,interleaved
287,1,1.0,interleaved
288,1,0.0,interleaved
289,1,1.0,interleaved
290,1,0.0,interleaved
291,1,1.0,interleaved
292,1,0.0,interleaved
293,1,1.0,interleaved
294,1,1.0,interleaved
295,1,0.0,interleaved
296,1,0.0,interleaved
297,1,1.0,interleaved
298,1,1.0,interleaved
299,1,1.0,interleaved
300,1,1.0,interleaved
301,1,0.0,interleaved
302,1,1.0,interleaved
303,1,0.0,interleaved
304,1,0.0,interleaved
305,1,1.0,interleaved
306,1,1.0,interleaved
307,1,1.0,interleaved
308,1,1.0,interleaved
309,1,0.0,interleaved
310,1,1.0,interleaved
311,1,1.0,interleaved
312,1,1.0,interleaved
313,1,1.0,interleaved
314,1,0.0,interleaved
315,1,0.0,interleaved
316,1,0.0,interleaved
317,1,0.0,interleaved
318,1,0.0,interleaved
319,1,1.0,interleaved
320,1,1.0,interleaved
321,1,0.0,interleaved
322,1,1.0,interleaved
323,1,0.0,interleaved
324,1,1.0,interleaved
325,1,1.0,interleaved
326,1,1.0,interleaved
327,1,0.0,interleaved
328,1,0.0,interleaved
329,1,1.0,interleaved
330,1,1.0,interleaved
331,1,0.0,interleaved
332,1,0.0,interleaved
333,1,0.0,interleaved
334,1,1.0,interleaved
335,1,1.0,interleaved
336,1,0.0,interleaved
337,1,1.0,interleaved
338,1,1.0,interleaved
339,1,0.0,interleaved
340,1,1.0,interleaved
341,1,1.0,interleaved
342,1,1.0,interleaved
343,1,1.0,interleaved
344,1,1.0,interleaved
345,1,1.0,interleaved
346,1,1.0,interleaved
347,1,1.0,interleaved
348,1,0.0,interleaved
349,1,1.0,interleaved
350,1,1.0,interleaved
351,1,1.0,interleaved
352,1,1.0,interleaved
353,1,1.0,interleaved
354,1,1.0,interleaved
355,1,1.0,interleaved
356,1,0.0,interleaved
357,1,0.0,interleaved
358,1,0.0,interleaved
359,1,0.0,interleaved
360,1,0.0,interleaved
361,1,1.0,interleaved
362,1,0.0,interleaved
363,1,0.0,interleaved
364,1,1.0,interleaved
365,1,1.0,interleaved
366,1,1.0,interleaved
367,1,0.0,interleaved
368,1,1.0,interleaved
369,1,1.0,interleaved
370,1,0.0,interleaved
371,1,1.0,interleaved
372,1,1.0,interleaved
373,1,1.0,interleaved
374,1,0.0,interleaved
375,1,1.0,interleaved
376,1,1.0,interleaved
377,1,0.0,interleaved
378,1,1.0,interleaved
379,1,0.0,interleaved
0,2,0.0,interleaved
1,2,0.0,interleaved
2,2,0.0,interleaved
3,2,0.0,interleaved
4,2,1.0,interleaved
5,2,0.0,interleaved
6,2,1.0,interleaved
7,2,0.0,interleaved
8,2,1.0,interleaved
9,2,1.0,interleaved
10,2,1.0,interleaved
11,2,1.0,interleaved
12,2,1.0,interleaved
13,2,1.0,interleaved
14,2,1.0,interleaved
15,2,0.0,interleaved
16,2,0.0,interleaved
17,2,0.0,interleaved
18,2,0.0,interleaved
19,2,1.0,interleaved
20,2,1.0,interleaved
21,2,1.0,interleaved
22,2,1.0,interleaved
23,2,1.0,interleaved
24,2,1.0,interleaved
25,2,0.0,interleaved
26,2,1.0,interleaved
27,2,1.0,interleaved
28,2,1.0,interleaved
29,2,1.0,interleaved
30,2,1.0,interleaved
31,2,1.0,interleaved
32,2,1.0,interleaved
33,2,1.0,interleaved
34,2,1.0,interleaved
35,2,0.0,interleaved
36,2,0.0,interleaved
37,2,0.0,interleaved
38,2,1.0,interleaved
39,2,0.0,interleaved
40,2,1.0,interleaved
41,2,1.0,interleaved
42,2,0.0,interleaved
43,2,1.0,interleaved
44,2,0.0,interleaved
45,2,0.0,interleaved
46,2,0.0,interleaved
47,2,1.0,interleaved
48,2,0.0,interleaved
49,2,1.0,interleaved
50,2,0.0,interleaved
51,2,1.0,interleaved
52,2,1.0,interleaved
53,2,0.0,interleaved
54,2,0.0,interleaved
55,2,1.0,interleaved
56,2,1.0,interleaved
57,2,0.0,interleaved
58,2,1.0,interleaved
59,2,0.0,interleaved
60,2,1.0,interleaved
61,2,0.0,interleaved
62,2,1.0,interleaved
63,2,1.0,interleaved
64,2,1.0,interleaved
65,2,1.0,interleaved
66,2,1.0,interleaved
67,2,0.0,interleaved
68,2,0.0,interleaved
69,2,1.0,interleaved
70,2,1.0,interleaved
71,2,1.0,interleaved
72,2,0.0,interleaved
73,2,0.0,interleaved
74,2,1.0,interleaved
75,2,0.0,interleaved
76,2,1.0,interleaved
77,2,1.0,interleaved
78,2,0.0,interleaved
79,2,1.0,interleaved
80,2,0.0,interleaved
81,2,0.0,interleaved
82,2,1.0,interleaved
83,2,1.0,interleaved
84,2,0.0,interleaved
85,2,1.0,interleaved
86,2,0.0,interleaved
87,2,1.0,interleaved
88,2,0.0,interleaved
89,2,1.0,interleaved
90,2,0.0,interleaved
91,2,1.0,interleaved
92,2,1.0,interleaved
93,2,0.0,interleaved
94,2,0.0,interleaved
95,2,1.0,interleaved
96,2,0.0,interleaved
97,2,1.0,interleaved
98,2,0.0,interleaved
99,2,1.0,interleaved
100,2,0.0,interleaved
101,2,1.0,interleaved
102,2,1.0,interleaved
103,2,1.0,interleaved
104,2,0.0,interleaved
105,2,0.0,interleaved
106,2,1.0,interleaved
107,2,0.0,interleaved
108,2,0.0,interleaved
109,2,0.0,interleaved
110,2,1.0,interleaved
111,2,1.0,interleaved
112,2,0.0,interleaved
113,2,1.0,interleaved
114,2,1.0,interleaved
115,2,1.0,interleaved
116,2,1.0,interleaved
117,2,0.0,interleaved
118,2,1.0,interleaved
119,2,0.0,interleaved
120,2,1.0,interleaved
121,2,1.0,interleaved
122,2,1.0,interleaved
123,2,1.0,interleaved
124,2,0.0,interleaved
125,2,1.0,interleaved
126,2,1.0,interleaved
127,2,1.0,interleaved
128,2,0.0,interleaved
129,2,0.0,interleaved
130,2,0.0,interleaved
131,2,0.0,interleaved
132,2,1.0,interleaved
133,2,1.0,interleaved
134,2,0.0,interleaved
135,2,1.0,interleaved
136,2,0.0,interleaved
137,2,1.0,interleaved
138,2,1.0,interleaved
139,2,1.0,interleaved
140,2,0.0,interleaved
141,2,0.0,interleaved
142,2,0.0,interleaved
143,2,1.0,interleaved
144,2,1.0,interleaved
145,2,1.0,interleaved
146,2,1.0,interleaved
147,2,0.0,interleaved
148,2,0.0,interleaved
149,2,0.0,interleaved
150,2,1.0,interleaved
151,2,1.0,interleaved
152,2,1.0,interleaved
153,2,0.0,interleaved
154,2,1.0,interleaved
155,2,1.0,interleaved
156,2,1.0,interleaved
157,2,1.0,interleaved
158,2,1.0,interleaved
159,2,1.0,interleaved
160,2,1.0,interleaved
161,2,0.0,interleaved
162,2,1.0,interleaved
163,2,1.0,interleaved
164,2,1.0,interleaved
165,2,1.0,interleaved
166,2,1.0,interleaved
167,2,0.0,interleaved
168,2,1.0,interleaved
169,2,0.0,interleaved
170,2,1.0,interleaved
171,2,0.0,interleaved
172,2,1.0,interleaved
173,2,1.0,interleaved
174,2,0.0,interleaved
175,2,1.0,interleaved
176,2,1.0,interleaved
177,2,1.0,interleaved
178,2,0.0,interleaved
179,2,1.0,interleaved
180,2,0.0,interleaved
181,2,0.0,interleaved
182,2,0.0,interleaved
183,2,0.0,interleaved
184,2,1.0,interleaved
185,2,0.0,interleaved
186,2,1.0,interleaved
187,2,1.0,interleaved
188,2,1.0,interleaved
189,2,1.0,interleaved
190,2,1.0,interleaved
191,2,0.0,interleaved
192,2,1.0,interleaved
193,2,0.0,interleaved
194,2,0.0,interleaved
195,2,0.0,interleaved
196,2,1.0,interleaved
197,2,0.0,interleaved
198,2,0.0,interleaved
199,2,1.0,interleaved
200,2,1.0,interleaved
201,2,0.0,interleaved
202,2,1.0,interleaved
203,2,1.0,interleaved
204,2,0.0,interleaved
205,2,0.0,interleaved
206,2,0.0,interleaved
207,2,0.0,interleaved
208,2,1.0,interleaved
209,2,0.0,interleaved
210,2,0.0,interleaved
211,2,1.0,interleaved
212,2,1.0,interleaved
213,2,1.0,interleaved
214,2,1.0,interleaved
215,2,1.0,interleaved
216,2,0.0,interleaved
217,2,0.0,interleaved
218,2,1.0,interleaved
219,2,0.0,interleaved
220,2,0.0,interleaved
221,2,0.0,interleaved
222,2,0.0,interleaved
223,2,0.0,interleaved
224,2,0.0,interleaved
225,2,1.0,interleaved
226,2,1.0,interleaved
227,2,0.0,interleaved
228,2,1.0,interleaved
229,2,1.0,interleaved
230,2,1.0,interleaved
231,2,0.0,interleaved
232,2,1.0,interleaved
233,2,0.0,interleaved
234,2,0.0,interleaved
235,2,1.0,interleaved
236,2,1.0,interleaved
237,2,1.0,interleaved
238,2,1.0,interleaved
239,2,0.0,interleaved
240,2,1.0,interleaved
241,2,1.0,interleaved
242,2,1.0,interleaved
243,2,1.0,interleaved
244,2,1.0,interleaved
245,2,1.0,interleaved
246,2,1.0,interleaved
247,2,0.0,interleaved
248,2,0.0,interleaved
249,2,1.0,interleaved
250,2,1.0,interleaved
251,2,1.0,interleaved
252,2,0.0,interleaved
253,2,0.0,interleaved
254,2,0.0,interleaved
255,2,1.0,interleaved
256,2,0.0,interleaved
257,2,0.0,interleaved
258,2,1.0,interleaved
259,2,0.0,interleaved
260,2,0.0,interleaved
261,2,0.0,interleaved
262,2,1.0,interleaved
263,2,1.0,interleaved
264,2,0.0,interleaved
265,2,1.0,interleaved
266,2,0.0,interleaved
267,2,1.0,interleaved
268,2,1.0,interleaved
269,2,1.0,interleaved
270,2,1.0,interleaved
271,2,1.0,interleaved
272,2,0.0,interleaved
273,2,0.0,interleaved
274,2,0.0,interleaved
275,2,0.0,interleaved
276,2,1.0,interleaved
277,2,0.0,interleaved
278,2,1.0,interleaved
279,2,1.0,interleaved
280,2,1.0,interleaved
281,2,1.0,interleaved
282,2,0.0,interleaved
283,2,1.0,interleaved
284,2,1.0,interleaved
285,2,0.0,interleaved
286,2,1.0,interleaved
287,2,1.0,interleaved
288,2,1.0,interleaved
289,2,1.0,interleaved
290,2,1.0,interleaved
291,2,1.0,interleaved
292,2,1.0,interleaved
293,2,1.0,interleaved
294,2,1.0,interleaved
295,2,0.0,interleaved
296,2,1.0,interleaved
297,2,1.0,interleaved
298,2,0.0,interleaved
299,2,0.0,interleaved
300,2,0.0,interleaved
301,2,0.0,interleaved
302,2,1.0,interleaved
303,2,1.0,interleaved
304,2,1.0,interleaved
305,2,1.0,interleaved
306,2,0.0,interleaved
307,2,0.0,interleaved
308,2,0.0,interleaved
309,2,0.0,interleaved
310,2,1.0,interleaved
311,2,1.0,interleaved
312,2,0.0,interleaved
313,2,0.0,interleaved
314,2,1.0,interleaved
315,2,1.0,interleaved
316,2,0.0,interleaved
317,2,1.0,interleaved
318,2,0.0,interleaved
319,2,0.0,interleaved
320,2,0.0,interleaved
321,2,1.0,interleaved
322,2,1.0,interleaved
323,2,0.0,interleaved
324,2,1.0,interleaved
325,2,0.0,interleaved
326,2,0.0,interleaved
327,2,0.0,interleaved
328,2,0.0,interleaved
329,2,1.0,interleaved
330,2,0.0,interleaved
331,2,1.0,interleaved
332,2,1.0,interleaved
333,2,0.0,interleaved
334,2,0.0,interleaved
335,2,0.0,interleaved
336,2,0.0,interleaved
337,2,1.0,interleaved
338,2,1.0,interleaved
339,2,1.0,interleaved
340,2,1.0,interleaved
341,2,1.0,interleaved
342,2,0.0,interleaved
343,2,0.0,interleaved
344,2,1.0,interleaved
345,2,1.0,interleaved
346,2,1.0,interleaved
347,2,0.0,interleaved
348,2,1.0,interleaved
349,2,1.0,interleaved
350,2,0.0,interleaved
351,2,0.0,interleaved
352,2,0.0,interleaved
353,2,1.0,interleaved
354,2,1.0,interleaved
355,2,1.0,interleaved
356,2,1.0,interleaved
357,2,0.0,interleaved
358,2,1.0,interleaved
359,2,0.0,interleaved
360,2,1.0,interleaved
361,2,1.0,interleaved
362,2,0.0,interleaved
363,2,0.0,interleaved
364,2,1.0,interleaved
365,2,0.0,interleaved
366,2,1.0,interleaved
367,2,1.0,interleaved
368,2,1.0,interleaved
369,2,1.0,interleaved
370,2,1.0,interleaved
371,2,1.0,interleaved
372,2,0.0,interleaved
373,2,0.0,interleaved
374,2,0.0,interleaved
375,2,1.0,interleaved
376,2,1.0,interleaved
377,2,0.0,interleaved
378,2,0.0,interleaved
379,2,0.0,interleaved
0,3,1.0,interleaved
1,3,1.0,interleaved
2,3,0.0,interleaved
3,3,1.0,interleaved
4,3,0.0,interleaved
5,3,1.0,interleaved
6,3,1.0,interleaved
7,3,0.0,interleaved
8,3,0.0,interleaved
9,3,1.0,interleaved
10,3,1.0,interleaved
11,3,0.0,interleaved
12,3,0.0,interleaved
13,3,1.0,interleaved
14,3,0.0,interleaved
15,3,0.0,interleaved
16,3,0.0,interleaved
17,3,1.0,interleaved
18,3,1.0,interleaved
19,3,1.0,interleaved
20,3,1.0,interleaved
21,3,1.0,interleaved
22,3,1.0,interleaved
23,3,1.0,interleaved
24,3,1.0,interleaved
25,3,1.0,interleaved
26,3,0.0,interleaved
27,3,0.0,interleaved
28,3,1.0,interleaved
29,3,1.0,interleaved
30,3,1.0,interleaved
31,3,0.0,interleaved
32,3,0.0,interleaved
33,3,1.0,interleaved
34,3,0.0,interleaved
35,3,1.0,interleaved
36,3,1.0,interleaved
37,3,0.0,interleaved
38,3,1.0,interleaved
39,3,1.0,interleaved
40,3,1.0,interleaved
41,3,1.0,interleaved
42,3,0.0,interleaved
43,3,1.0,interleaved
44,3,0.0,interleaved
45,3,1.0,interleaved
46,3,0.0,interleaved
47,3,1.0,interleaved
48,3,1.0,interleaved
49,3,1.0,interleaved
50,3,0.0,interleaved
51,3,1.0,interleaved
52,3,1.0,interleaved
53,3,1.0,interleaved
54,3,1.0,interleaved
55,3,0.0,interleaved
56,3,1.0,interleaved
57,3,0.0,interleaved
58,3,0.0,interleaved
59,3,1.0,interleaved
60,3,1.0,interleaved
61,3,1.0,interleaved
62,3,1.0,interleaved
63,3,0.0,interleaved
64,3,0.0,interleaved
65,3,0.0,interleaved
66,3,0.0,interleaved
67,3,1.0,interleaved
68,3,1.0,interleaved
69,3,0.0,interleaved
70,3,0.0,interleaved
71,3,1.0,interleaved
72,3,1.0,interleaved
73,3,1.0,interleaved
74,3,0.0,interleaved
75,3,1.0,interleaved
76,3,0.0,interleaved
77,3,1.0,interleaved
78,3,1.0,interleaved
79,3,1.0,interleaved
80,3,0.0,interleaved
81,3,1.0,interleaved
82,3,0.0,interleaved
83,3,1.0,interleaved
84,3,0.0,interleaved
85,3,1.0,interleaved
86,3,0.0,interleaved
87,3,0.0,interleaved
88,3,1.0,interleaved
89,3,1.0,interleaved
90,3,0.0,interleaved
91,3,0.0,interleaved
92,3,0.0,interleaved
93,3,0.0,interleaved
94,3,1.0,interleaved
95,3,0.0,interleaved
96,3,0.0,interleaved
97,3,1.0,interleaved
98,3,1.0,interleaved
99,3,0.0,interleaved
100,3,1.0,interleaved
101,3,1.0,interleaved
102,3,1.0,interleaved
103,3,0.0,interleaved
104,3,0.0,interleaved
105,3,1.0,interleaved
106,3,0.0,interleaved
107,3,1.0,interleaved
108,3,0.0,interleaved
109,3,0.0,interleaved
110,3,0.0,interleaved
111,3,1.0,interleaved
112,3,0.0,interleaved
113,3,1.0,interleaved
114,3,0.0,interleaved
115,3,0.0,interleaved
116,3,0.0,interleaved
117,3,1.0,interleaved
118,3,1.0,interleaved
119,3,1.0,interleaved
120,3,1.0,interleaved
121,3,1.0,interleaved
122,3,1.0,interleaved
123,3,0.0,interleaved
124,3,1.0,interleaved
125,3,0.0,interleaved
126,3,0.0,interleaved
127,3,0.0,interleaved
128,3,1.0,interleaved
129,3,0.0,interleaved
130,3,1.0,interleaved
131,3,1.0,interleaved
132,3,1.0,interleaved
133,3,1.0,interleaved
134,3,1.0,interleaved
135,3,0.0,interleaved
136,3,0.0,interleaved
137,3,0.0,interleaved
138,3,0.0,interleaved
139,3,0.0,interleaved
140,3,1.0,interleaved
141,3,0.0,interleaved
142,3,0.0,interleaved
143,3,1.0,interleaved
144,3,1.0,interleaved
145,3,1.0,interleaved
146,3,0.0,interleaved
147,3,1.0,interleaved
148,3,1.0,interleaved
149,3,0.0,interleaved
150,3,1.0,interleaved
151,3,0.0,interleaved
152,3,0.0,interleaved
153,3,0.0,interleaved
154,3,0.0,interleaved
155,3,0.0,interleaved
156,3,0.0,interleaved
157,3,0.0,interleaved
158,3,0.0,interleaved
159,3,0.0,interleaved
160,3,0.0,interleaved
161,3,0.0,interleaved
162,3,0.0,interleaved
163,3,0.0,interleaved
164,3,0.0,interleaved
165,3,0.0,interleaved
166,3,0.0,interleaved
167,3,0.0,interleaved
168,3,1.0,interleaved
169,3,0.0,interleaved
170,3,1.0,interleaved
171,3,0.0,interleaved
172,3,1.0,interleaved
173,3,1.0,interleaved
174,3,0.0,interleaved
175,3,1.0,interleaved
176,3,1.0,interleaved
177,3,1.0,interleaved
178,3,0.0,interleaved
179,3,1.0,interleaved
180,3,1.0,interleaved
181,3,1.0,interleaved
182,3,0.0,interleaved
183,3,0.0,interleaved
184,3,0.0,interleaved
185,3,1.0,interleaved
186,3,1.0,interleaved
187,3,1.0,interleaved
188,3,1.0,interleaved
189,3,1.0,interleaved
190,3,0.0,interleaved
191,3,1.0,interleaved
192,3,0.0,interleaved
193,3,0.0,interleaved
194,3,1.0,interleaved
195,3,0.0,interleaved
196,3,1.0,interleaved
197,3,0.0,interleaved
198,3,0.0,interleaved
199,3,1.0,interleaved
200,3,1.0,interleaved
201,3,0.0,interleaved
202,3,1.0,interleaved
203,3,1.0,interleaved
204,3,0.0,interleaved
205,3,1.0,interleaved
206,3,0.0,interleaved
207,3,1.0,interleaved
208,3,1.0,interleaved
209,3,1.0,interleaved
210,3,1.0,interleaved
211,3,1.0,interleaved
212,3,1.0,interleaved
213,3,0.0,interleaved
214,3,0.0,interleaved
215,3,0.0,interleaved
216,3,0.0,interleaved
217,3,1.0,interleaved
218,3,1.0,interleaved
219,3,0.0,interleaved
220,3,1.0,interleaved
221,3,1.0,interleaved
222,3,0.0,interleaved
223,3,0.0,interleaved
224,3,1.0,interleaved
225,3,0.0,interleaved
226,3,1.0,interleaved
227,3,1.0,interleaved
228,3,0.0,interleaved
229,3,0.0,interleaved
230,3,0.0,interleaved
231,3,1.0,interleaved
232,3,1.0,interleaved
233,3,0.0,interleaved
234,3,0.0,interleaved
235,3,0.0,interleaved
236,3,1.0,interleaved
237,3,1.0,interleaved
238,3,1.0,interleaved
239,3,0.0,interleaved
240,3,1.0,interleaved
241,3,1.0,interleaved
242,3,0.0,interleaved
243,3,1.0,interleaved
244,3,1.0,interleaved
245,3,0.0,interleaved
246,3,0.0,interleaved
247,3,1.0,interleaved
248,3,1.0,interleaved
249,3,1.0,interleaved
250,3,1.0,interleaved
251,3,1.0,interleaved
252,3,0.0,interleaved
253,3,0.0,interleaved
254,3,1.0,interleaved
255,3,1.0,interleaved
256,3,0.0,interleaved
257,3,1.0,interleaved
258,3,0.0,interleaved
259,3,1.0,interleaved
260,3,1.0,interleaved
261,3,1.0,interleaved
262,3,1.0,interleaved
263,3,0.0,interleaved
264,3,1.0,interleaved
265,3,0.0,interleaved
266,3,1.0,interleaved
267,3,1.0,interleaved
268,3,1.0,interleaved
269,3,1.0,interleaved
270,3,1.0,interleaved
271,3,1.0,interleaved
272,3,1.0,interleaved
273,3,1.0,interleaved
274,3,0.0,interleaved
275,3,1.0,interleaved
276,3,1.0,interleaved
277,3,0.0,interleaved
278,3,1.0,interleaved
279,3,0.0,interleaved
280,3,1.0,interleaved
281,3,1.0,interleaved
282,3,1.0,interleaved
283,3,1.0,interleaved
284,3,1.0,interleaved
285,3,0.0,interleaved
286,3,1.0,interleaved
287,3,1.0,interleaved
288,3,0.0,interleaved
289,3,0.0,interleaved
290,3,1.0,interleaved
291,3,0.0,interleaved
292,3,0.0,interleaved
293,3,0.0,interleaved
294,3,1.0,interleaved
295,3,1.0,interleaved
296,3,0.0,interleaved
297,3,1.0,interleaved
298,3,0.0,interleaved
299,3,1.0,interleaved
300,3,1.0,interleaved
301,3,1.0,interleaved
302,3,0.0,interleaved
303,3,1.0,interleaved
304,3,1.0,interleaved
305,3,0.0,interleaved
306,3,0.0,interleaved
307,3,1.0,interleaved
308,3,0.0,interleaved
309,3,0.0,interleaved
310,3,1.0,interleaved
311,3,0.0,interleaved
312,3,1.0,interleaved
313,3,0.0,interleaved
314,3,0.0,interleaved
315,3,0.0,interleaved
316,3,1.0,interleaved
317,3,1.0,interleaved
318,3,0.0,interleaved
319,3,1.0,interleaved
320,3,0.0,interleaved
321,3,0.0,interleaved
322,3,1.0,interleaved
323,3,1.0,interleaved
324,3,1.0,interleaved
325,3,0.0,interleaved
326,3,0.0,interleaved
327,3,1.0,interleaved
328,3,0.0,interleaved
329,3,1.0,interleaved
330,3,1.0,interleaved
331,3,1.0,interleaved
332,3,1.0,interleaved
333,3,1.0,interleaved
334,3,0.0,interleaved
335,3,0.0,interleaved
336,3,1.0,interleaved
337,3,1.0,interleaved
338,3,0.0,interleaved
339,3,1.0,interleaved
340,3,1.0,interleaved
341,3,0.0,interleaved
342,3,0.0,interleaved
343,3,0.0,interleaved
344,3,0.0,interleaved
345,3,0.0,interleaved
346,3,1.0,interleaved
347,3,0.0,interleaved
348,3,1.0,interleaved
349,3,1.0,interleaved
350,3,0.0,interleaved
351,3,1.0,interleaved
352,3,1.0,interleaved
353,3,1.0,interleaved
354,3,1.0,interleaved
355,3,1.0,interleaved
356,3,1.0,interleaved
357,3,1.0,interleaved
358,3,1.0,interleaved
359,3,0.0,interleaved
360,3,1.0,interleaved
361,3,0.0,interleaved
362,3,0.0,interleaved
363,3,0.0,interleaved
364,3,0.0,interleaved
365,3,1.0,interleaved
366,3,0.0,interleaved
367,3,0.0,interleaved
368,3,1.0,interleaved
369,3,0.0,interleaved
370,3,1.0,interleaved
371,3,1.0,interleaved
372,3,1.0,interleaved
373,3,1.0,interleaved
374,3,1.0,interleaved
375,3,1.0,interleaved
376,3,1.0,interleaved
377,3,1.0,interleaved
378,3,0.0,interleaved
379,3,0.0,interleaved
0,4,0.0,interleaved
1,4,0.0,interleaved
2,4,1.0,interleaved
3,4,1.0,interleaved
4,4,1.0,interleaved
5,4,0.0,interleaved
6,4,0.0,interleaved
7,4,1.0,interleaved
8,4,0.0,interleaved
9,4,1.0,interleaved
10,4,1.0,interleaved
11,4,0.0,interleaved
12,4,1.0,interleaved
13,4,1.0,interleaved
14,4,0.0,interleaved
15,4,1.0,interleaved
16,4,1.0,interleaved
17,4,0.0,interleaved
18,4,1.0,interleaved
19,4,0.0,interleaved
20,4,0.0,interleaved
21,4,1.0,interleaved
22,4,1.0,interleaved
23,4,1.0,interleaved
24,4,0.0,interleaved
25,4,0.0,interleaved
26,4,0.0,interleaved
27,4,0.0,interleaved
28,4,1.0,interleaved
29,4,0.0,interleaved
30,4,0.0,interleaved
31,4,0.0,interleaved
32,4,0.0,interleaved
33,4,0.0,interleaved
34,4,0.0,interleaved
35,4,0.0,interleaved
36,4,1.0,interleaved
37,4,0.0,interleaved
38,4,1.0,interleaved
39,4,0.0,interleaved
40,4,0.0,interleaved
41,4,1.0,interleaved
42,4,1.0,interleaved
43,4,0.0,interleaved
44,4,0.0,interleaved
45,4,1.0,interleaved
46,4,1.0,interleaved
47,4,1.0,interleaved
48,4,1.0,interleaved
49,4,1.0,interleaved
50,4,1.0,interleaved
51,4,0.0,interleaved
52,4,1.0,interleaved
53,4,0.0,interleaved
54,4,1.0,interleaved
55,4,0.0,interleaved
56,4,0.0,interleaved
57,4,1.0,interleaved
58,4,1.0,interleaved
59,4,1.0,interleaved
60,4,1.0,interleaved
61,4,1.0,interleaved
62,4,0.0,interleaved
63,4,1.0,interleaved
64,4,1.0,interleaved
65,4,0.0,interleaved
66,4,1.0,interleaved
67,4,0.0,interleaved
68,4,1.0,interleaved
69,4,1.0,interleaved
70,4,1.0,interleaved
71,4,0.0,interleaved
72,4,0.0,interleaved
73,4,1.0,interleaved
74,4,0.0,interleaved
75,4,0.0,interleaved
76,4,1.0,interleaved
77,4,0.0,interleaved
78,4,1.0,interleaved
79,4,1.0,interleaved
80,4,0.0,interleaved
81,4,0.0,interleaved
82,4,0.0,interleaved
83,4,1.0,interleaved
84,4,1.0,interleaved
85,4,1.0,interleaved
86,4,0.0,interleaved
87,4,0.0,interleaved
88,4,0.0,interleaved
89,4,0.0,interleaved
90,4,1.0,interleaved
91,4,0.0,interleaved
92,4,1.0,interleaved
93,4,0.0,interleaved
94,4,0.0,interleaved
95,4,0.0,interleaved
96,4,0.0,interleaved
97,4,0.0,interleaved
98,4,0.0,interleaved
99,4,0.0,interleaved
100,4,1.0,interleaved
101,4,1.0,interleaved
102,4,1.0,interleaved
103,4,1.0,interleaved
104,4,0.0,interleaved
105,4,0.0,interleaved
106,4,1.0,interleaved
107,4,0.0,interleaved
108,4,0.0,interleaved
109,4,1.0,interleaved
110,4,1.0,interleaved
111,4,1.0,interleaved
112,4,1.0,interleaved
113,4,1.0,interleaved
114,4,1.0,interleaved
115,4,1.0,interleaved
116,4,1.0,interleaved
117,4,1.0,interleaved
118,4,0.0,interleaved
119,4,0.0,interleaved
120,4,1.0,interleaved
121,4,1.0,interleaved
122,4,1.0,interleaved
123,4,0.0,interleaved
124,4,0.0,interleaved
125,4,1.0,interleaved
126,4,0.0,interleaved
127,4,1.0,interleaved
128,4,1.0,interleaved
129,4,1.0,interleaved
130,4,0.0,interleaved
131,4,0.0,interleaved
132,4,0.0,interleaved
133,4,1.0,interleaved
134,4,0.0,interleaved
135,4,0.0,interleaved
136,4,1.0,interleaved
137,4,0.0,interleaved
138,4,1.0,interleaved
139,4,1.0,interleaved
140,4,0.0,interleaved
141,4,1.0,interleaved
142,4,1.0,interleaved
143,4,0.0,interleaved
144,4,1.0,interleaved
145,4,1.0,interleaved
146,4,1.0,interleaved
147,4,0.0,interleaved
148,4,0.0,interleaved
149,4,0.0,interleaved
150,4,0.0,interleaved
151,4,1.0,interleaved
152,4,0.0,interleaved
153,4,1.0,interleaved
154,4,0.0,interleaved
155,4,0.0,interleaved
156,4,0.0,interleaved
157,4,0.0,interleaved
158,4,1.0,interleaved
159,4,1.0,interleaved
160,4,0.0,interleaved
161,4,0.0,interleaved
162,4,0.0,interleaved
163,4,1.0,interleaved
164,4,1.0,interleaved
165,4,1.0,interleaved
166,4,1.0,interleaved
167,4,0.0,interleaved
168,4,0.0,interleaved
169,4,1.0,interleaved
170,4,1.0,interleaved
171,4,1.0,interleaved
172,4,1.0,interleaved
173,4,0.0,interleaved
174,4,0.0,interleaved
175,4,0.0,interleaved
176,4,1.0,interleaved
177,4,1.0,interleaved
178,4,0.0,interleaved
179,4,1.0,interleaved
180,4,0.0,interleaved
181,4,1.0,interleaved
182,4,1.0,interleaved
183,4,0.0,interleaved
184,4,0.0,interleaved
185,4,1.0,interleaved
186,4,1.0,interleaved
187,4,1.0,interleaved
188,4,1.0,interleaved
189,4,1.0,interleaved
190,4,1.0,interleaved
191,4,1.0,interleaved
192,4,0.0,interleaved
193,4,0.0,interleaved
194,4,1.0,interleaved
195,4,0.0,interleaved
196,4,1.0,interleaved
197,4,0.0,interleaved
198,4,1.0,interleaved
199,4,0.0,interleaved
200,4,1.0,interleaved
201,4,1.0,interleaved
202,4,1.0,interleaved
203,4,1.0,interleaved
204,4,1.0,interleaved
205,4,1.0,interleaved
206,4,0.0,interleaved
207,4,1.0,interleaved
208,4,1.0,interleaved
209,4,0.0,interleaved
210,4,0.0,interleaved
211,4,1.0,interleaved
212,4,0.0,interleaved
213,4,1.0,interleaved
214,4,0.0,interleaved
215,4,0.0,interleaved
216,4,1.0,interleaved
217,4,1.0,interleaved
218,4,1.0,interleaved
219,4,0.0,interleaved
220,4,0.0,interleaved
221,4,1.0,interleaved
222,4,1.0,interleaved
223,4,0.0,interleaved
224,4,0.0,interleaved
225,4,1.0,interleaved
226,4,1.0,interleaved
227,4,1.0,interleaved
228,4,1.0,interleaved
229,4,0.0,interleaved
230,4,1.0,interleaved
231,4,0.0,interleaved
232,4,1.0,interleaved
233,4,1.0,interleaved
234,4,0.0,interleaved
235,4,1.0,interleaved
236,4,0.0,interleaved
237,4,0.0,interleaved
238,4,0.0,interleaved
239,4,1.0,interleaved
240,4,1.0,interleaved
241,4,1.0,interleaved
242,4,1.0,interleaved
243,4,1.0,interleaved
244,4,1.0,interleaved
245,4,0.0,interleaved
246,4,0.0,interleaved
247,4,1.0,interleaved
248,4,1.0,interleaved
249,4,1.0,interleaved
250,4,1.0,interleaved
251,4,1.0,interleaved
252,4,0.0,interleaved
253,4,1.0,interleaved
254,4,0.0,interleaved
255,4,0.0,interleaved
256,4,1.0,interleaved
257,4,0.0,interleaved
258,4,0.0,interleaved
259,4,0.0,interleaved
260,4,1.0,interleaved
261,4,0.0,interleaved
262,4,1.0,interleaved
263,4,0.0,interleaved
264,4,1.0,interleaved
265,4,0.0,interleaved
266,4,1.0,interleaved
267,4,0.0,interleaved
268,4,1.0,interleaved
269,4,1.0,interleaved
270,4,1.0,interleaved
271,4,1.0,interleaved
272,4,0.0,interleaved
273,4,0.0,interleaved
274,4,1.0,interleaved
275,4,0.0,interleaved
276,4,1.0,interleaved
277,4,1.0,interleaved
278,4,0.0,interleaved
279,4,0.0,interleaved
280,4,0.0,interleaved
281,4,1.0,interleaved
282,4,1.0,interleaved
283,4,1.0,interleaved
284,4,1.0,interleaved
285,4,0.0,interleaved
286,4,1.0,interleaved
287,4,0.0,interleaved
288,4,1.0,interleaved
289,4,1.0,interleaved
290,4,0.0,interleaved
291,4,1.0,interleaved
292,4,1.0,interleaved
293,4,1.0,interleaved
294,4,1.0,interleaved
295,4,0.0,interleaved
296,4,0.0,interleaved
297,4,0.0,interleaved
298,4,1.0,interleaved
299,4,0.0,interleaved
300,4,1.0,interleaved
301,4,1.0,interleaved
302,4,1.0,interleaved
303,4,0.0,interleaved
304,4,1.0,interleaved
305,4,0.0,interleaved
306,4,0.0,interleaved
307,4,0.0,interleaved
308,4,1.0,interleaved
309,4,0.0,interleaved
310,4,0.0,interleaved
311,4,1.0,interleaved
312,4,1.0,interleaved
313,4,1.0,interleaved
314,4,0.0,interleaved
315,4,1.0,interleaved
316,4,0.0,interleaved
317,4,1.0,interleaved
318,4,1.0,interleaved
319,4,1.0,interleaved
320,4,1.0,interleaved
321,4,0.0,interleaved
322,4,1.0,interleaved
323,4,1.0,interleaved
324,4,1.0,interleaved
325,4,0.0,interleaved
326,4,1.0,interleaved
327,4,1.0,interleaved
328,4,1.0,interleaved
329,4,1.0,interleaved
330,4,1.0,interleaved
331,4,1.0,interleaved
332,4,1.0,interleaved
333,4,0.0,interleaved
334,4,0.0,interleaved
335,4,0.0,interleaved
336,4,1.0,interleaved
337,4,0.0,interleaved
338,4,0.0,interleaved
339,4,1.0,interleaved
340,4,0.0,interleaved
341,4,1.0,interleaved
342,4,1.0,interleaved
343,4,1.0,interleaved
344,4,0.0,interleaved
345,4,1.0,interleaved
346,4,1.0,interleaved
347,4,0.0,interleaved
348,4,0.0,interleaved
349,4,1.0,interleaved
350,4,1.0,interleaved
351,4,1.0,interleaved
352,4,1.0,interleaved
353,4,1.0,interleaved
354,4,1.0,interleaved
355,4,1.0,interleaved
356,4,0.0,interleaved
357,4,1.0,interleaved
358,4,1.0,interleaved
359,4,1.0,interleaved
360,4,0.0,interleaved
361,4,1.0,interleaved
362,4,0.0,interleaved
363,4,0.0,interleaved
364,4,1.0,interleaved
365,4,1.0,interleaved
366,4,1.0,interleaved
367,4,0.0,interleaved
368,4,1.0,interleaved
369,4,1.0,interleaved
370,4,0.0,interleaved
371,4,1.0,interleaved
372,4,1.0,interleaved
373,4,1.0,interleaved
374,4,1.0,interleaved
375,4,0.0,interleaved
376,4,1.0,interleaved
377,4,0.0,interleaved
378,4,0.0,interleaved
379,4,0.0,interleaved
0,5,1.0,interleaved
1,5,1.0,interleaved
2,5,0.0,interleaved
3,5,1.0,interleaved
4,5,1.0,interleaved
5,5,1.0,interleaved
6,5,1.0,interleaved
7,5,1.0,interleaved
8,5,1.0,interleaved
9,5,1.0,interleaved
10,5,0.0,interleaved
11,5,1.0,interleaved
12,5,0.0,interleaved
13,5,1.0,interleaved
14,5,1.0,interleaved
15,5,1.0,interleaved
16,5,1.0,interleaved
17,5,1.0,interleaved
18,5,0.0,interleaved
19,5,1.0,interleaved
20,5,0.0,interleaved
21,5,0.0,interleaved
22,5,1.0,interleaved
23,5,0.0,interleaved
24,5,1.0,interleaved
25,5,0.0,interleaved
26,5,0.0,interleaved
27,5,0.0,interleaved
28,5,0.0,interleaved
29,5,0.0,interleaved
30,5,0.0,interleaved
31,5,0.0,interleaved
32,5,1.0,interleaved
33,5,0.0,interleaved
34,5,0.0,interleaved
35,5,1.0,interleaved
36,5,0.0,interleaved
37,5,1.0,interleaved
38,5,1.0,interleaved
39,5,0.0,interleaved
40,5,1.0,interleaved
41,5,1.0,interleaved
42,5,0.0,interleaved
43,5,0.0,interleaved
44,5,0.0,interleaved
45,5,0.0,interleaved
46,5,1.0,interleaved
47,5,1.0,interleaved
48,5,0.0,interleaved
49,5,0.0,interleaved
50,5,1.0,interleaved
51,5,1.0,interleaved
52,5,1.0,interleaved
53,5,1.0,interleaved
54,5,1.0,interleaved
55,5,1.0,interleaved
56,5,1.0,interleaved
57,5,0.0,interleaved
58,5,1.0,interleaved
59,5,0.0,interleaved
60,5,1.0,interleaved
61,5,1.0,interleaved
62,5,1.0,interleaved
63,5,0.0,interleaved
64,5,1.0,interleaved
65,5,1.0,interleaved
66,5,0.0,interleaved
67,5,1.0,interleaved
68,5,1.0,interleaved
69,5,1.0,interleaved
70,5,0.0,interleaved
71,5,1.0,interleaved
72,5,1.0,interleaved
73,5,0.0,interleaved
74,5,0.0,interleaved
75,5,0.0,interleaved
76,5,1.0,interleaved
77,5,1.0,interleaved
78,5,1.0,interleaved
79,5,1.0,interleaved
80,5,0.0,interleaved
81,5,1.0,interleaved
82,5,0.0,interleaved
83,5,0.0,interleaved
84,5,1.0,interleaved
85,5,0.0,interleaved
86,5,1.0,interleaved
87,5,1.0,interleaved
88,5,0.0,interleaved
89,5,1.0,interleaved
90,5,0.0,interleaved
91,5,1.0,interleaved
92,5,0.0,interleaved
93,5,1.0,interleaved
94,5,1.0,interleaved
95,5,1.0,interleaved
96,5,0.0,interleaved
97,5,1.0,interleaved
98,5,0.0,interleaved
99,5,1.0,interleaved
100,5,1.0,interleaved
101,5,1.0,interleaved
102,5,0.0,interleaved
103,5,0.0,interleaved
104,5,1.0,interleaved
105,5,0.0,interleaved
106,5,0.0,interleaved
107,5,1.0,interleaved
108,5,1.0,interleaved
109,5,1.0,interleaved
110,5,0.0,interleaved
111,5,1.0,interleaved
112,5,1.0,interleaved
113,5,0.0,interleaved
114,5,1.0,interleaved
115,5,0.0,interleaved
116,5,0.0,interleaved
117,5,1.0,interleaved
118,5,1.0,interleaved
119,5,0.0,interleaved
120,5,0.0,interleaved
121,5,0.0,interleaved
122,5,1.0,interleaved
123,5,1.0,interleaved
124,5,0.0,interleaved
125,5,1.0,interleaved
126,5,1.0,interleaved
127,5,1.0,interleaved
128,5,0.0,interleaved
129,5,0.0,interleaved
130,5,0.0,interleaved
131,5,0.0,interleaved
132,5,0.0,interleaved
133,5,1.0,interleaved
134,5,1.0,interleaved
135,5,0.0,interleaved
136,5,0.0,interleaved
137,5,0.0,interleaved
138,5,1.0,interleaved
139,5,1.0,interleaved
140,5,0.0,interleaved
141,5,1.0,interleaved
142,5,1.0,interleaved
143,5,1.0,interleaved
144,5,1.0,interleaved
145,5,1.0,interleaved
146,5,0.0,interleaved
147,5,0.0,interleaved
148,5,1.0,interleaved
149,5,1.0,interleaved
150,5,1.0,interleaved
151,5,0.0,interleaved
152,5,0.0,interleaved
153,5,0.0,interleaved
154,5,1.0,interleaved
155,5,0.0,interleaved
156,5,1.0,interleaved
157,5,1.0,interleaved
158,5,1.0,interleaved
159,5,1.0,interleaved
160,5,1.0,interleaved
161,5,1.0,interleaved
162,5,0.0,interleaved
163,5,0.0,interleaved
164,5,0.0,interleaved
165,5,0.0,interleaved
166,5,1.0,interleaved
167,5,1.0,interleaved
168,5,0.0,interleaved
169,5,0.0,interleaved
170,5,0.0,interleaved
171,5,1.0,interleaved
172,5,1.0,interleaved
173,5,1.0,interleaved
174,5,0.0,interleaved
175,5,1.0,interleaved
176,5,0.0,interleaved
177,5,1.0,interleaved
178,5,1.0,interleaved
179,5,1.0,interleaved
180,5,1.0,interleaved
181,5,0.0,interleaved
182,5,1.0,interleaved
183,5,0.0,interleaved
184,5,0.0,interleaved
185,5,1.0,interleaved
186,5,1.0,interleaved
187,5,1.0,interleaved
188,5,1.0,interleaved
189,5,1.0,interleaved
190,5,1.0,interleaved
191,5,1.0,interleaved
192,5,1.0,interleaved
193,5,1.0,interleaved
194,5,1.0,interleaved
195,5,0.0,interleaved
196,5,1.0,interleaved
197,5,1.0,interleaved
198,5,1.0,interleaved
199,5,0.0,interleaved
200,5,0.0,interleaved
201,5,0.0,interleaved
202,5,0.0,interleaved
203,5,1.0,interleaved
204,5,0.0,interleaved
205,5,1.0,interleaved
206,5,1.0,interleaved
207,5,1.0,interleaved
208,5,1.0,interleaved
209,5,0.0,interleaved
210,5,0.0,interleaved
211,5,1.0,interleaved
212,5,1.0,interleaved
213,5,1.0,interleaved
214,5,1.0,interleaved
215,5,1.0,interleaved
216,5,1.0,interleaved
217,5,0.0,interleaved
218,5,0.0,interleaved
219,5,0.0,interleaved
220,5,0.0,interleaved
221,5,0.0,interleaved
222,5,1.0,interleaved
223,5,1.0,interleaved
224,5,0.0,interleaved
225,5,1.0,interleaved
226,5,0.0,interleaved
227,5,1.0,interleaved
228,5,1.0,interleaved
229,5,0.0,interleaved
230,5,1.0,interleaved
231,5,0.0,interleaved
232,5,0.0,interleaved
233,5,0.0,interleaved
234,5,1.0,interleaved
235,5,0.0,interleaved
236,5,0.0,interleaved
237,5,0.0,interleaved
238,5,1.0,interleaved
239,5,1.0,interleaved
240,5,0.0,interleaved
241,5,0.0,interleaved
242,5,1.0,interleaved
243,5,1.0,interleaved
244,5,0.0,interleaved
245,5,1.0,interleaved
246,5,1.0,interleaved
247,5,0.0,interleaved
248,5,1.0,interleaved
249,5,0.0,interleaved
250,5,0.0,interleaved
251,5,1.0,interleaved
252,5,1.0,interleaved
253,5,1.0,interleaved
254,5,0.0,interleaved
255,5,0.0,interleaved
256,5,0.0,interleaved
257,5,0.0,interleaved
258,5,0.0,interleaved
259,5,1.0,interleaved
260,5,0.0,interleaved
261,5,1.0,interleaved
262,5,1.0,interleaved
263,5,1.0,interleaved
264,5,0.0,interleaved
265,5,1.0,interleaved
266,5,1.0,interleaved
267,5,1.0,interleaved
268,5,1.0,interleaved
269,5,0.0,interleaved
270,5,1.0,interleaved
271,5,0.0,interleaved
272,5,1.0,interleaved
273,5,0.0,interleaved
274,5,0.0,interleaved
275,5,0.0,interleaved
276,5,1.0,interleaved
277,5,0.0,interleaved
278,5,0.0,interleaved
279,5,1.0,interleaved
280,5,1.0,interleaved
281,5,0.0,interleaved
282,5,1.0,interleaved
283,5,1.0,interleaved
284,5,1.0,interleaved
285,5,0.0,interleaved
286,5,1.0,interleaved
287,5,1.0,interleaved
288,5,0.0,interleaved
289,5,1.0,interleaved
290,5,1.0,interleaved
291,5,1.0,interleaved
292,5,1.0,interleaved
293,5,1.0,interleaved
294,5,1.0,interleaved
295,5,1.0,interleaved
296,5,1.0,interleaved
297,5,0.0,interleaved
298,5,0.0,interleaved
299,5,1.0,interleaved
300,5,1.0,interleaved
301,5,0.0,interleaved
302,5,0.0,interleaved
303,5,0.0,interleaved
304,5,0.0,interleaved
305,5,1.0,interleaved
306,5,1.0,interleaved
307,5,0.0,interleaved
308,5,0.0,interleaved
309,5,0.0,interleaved
310,5,0.0,interleaved
311,5,1.0,interleaved
312,5,0.0,interleaved
313,5,0.0,interleaved
314,5,1.0,interleaved
315,5,0.0,interleaved
316,5,0.0,interleaved
317,5,1.0,interleaved
318,5,1.0,interleaved
319,5,1.0,interleaved
320,5,0.0,interleaved
321,5,0.0,interleaved
322,5,0.0,interleaved
323,5,0.0,interleaved
324,5,1.0,interleaved
325,5,1.0,interleaved
326,5,1.0,interleaved
327,5,0.0,interleaved
328,5,0.0,interleaved
329,5,0.0,interleaved
330,5,1.0,interleaved
331,5,0.0,interleaved
332,5,1.0,interleaved
333,5,0.0,interleaved
334,5,1.0,interleaved
335,5,1.0,interleaved
336,5,0.0,interleaved
337,5,0.0,interleaved
338,5,1.0,interleaved
339,5,0.0,interleaved
340,5,1.0,interleaved
341,5,1.0,interleaved
342,5,0.0,interleaved
343,5,0.0,interleaved
344,5,1.0,interleaved
345,5,1.0,interleaved
346,5,1.0,interleaved
347,5,1.0,interleaved
348,5,1.0,interleaved
349,5,1.0,interleaved
350,5,0.0,interleaved
351,5,0.0,interleaved
352,5,0.0,interleaved
353,5,1.0,interleaved
354,5,1.0,interleaved
355,5,0.0,interleaved
356,5,0.0,interleaved
357,5,0.0,interleaved
358,5,1.0,interleaved
359,5,1.0,interleaved
360,5,0.0,interleaved
361,5,0.0,interleaved
362,5,0.0,interleaved
363,5,1.0,interleaved
364,5,0.0,interleaved
365,5,1.0,interleaved
366,5,1.0,interleaved
367,5,1.0,interleaved
368,5,1.0,interleaved
369,5,0.0,interleaved
370,5,1.0,interleaved
371,5,1.0,interleaved
372,5,0.0,interleaved
373,5,1.0,interleaved
374,5,0.0,interleaved
375,5,0.0,interleaved
376,5,0.0,interleaved
377,5,0.0,interleaved
378,5,1.0,interleaved
379,5,1.0,interleaved
0,6,1.0,interleaved
1,6,1.0,interleaved
2,6,0.0,interleaved
3,6,1.0,interleaved
4,6,0.0,interleaved
5,6,1.0,interleaved
6,6,0.0,interleaved
7,6,0.0,interleaved
8,6,1.0,interleaved
9,6,1.0,interleaved
10,6,1.0,interleaved
11,6,1.0,interleaved
12,6,1.0,interleaved
13,6,1.0,interleaved
14,6,1.0,interleaved
15,6,1.0,interleaved
16,6,0.0,interleaved
17,6,1.0,interleaved
18,6,0.0,interleaved
19,6,0.0,interleaved
20,6,0.0,interleaved
21,6,1.0,interleaved
22,6,0.0,interleaved
23,6,1.0,interleaved
24,6,1.0,interleaved
25,6,0.0,interleaved
26,6,0.0,interleaved
27,6,1.0,interleaved
28,6,0.0,interleaved
29,6,1.0,interleaved
30,6,0.0,interleaved
31,6,0.0,interleaved
32,6,1.0,interleaved
33,6,1.0,interleaved
34,6,0.0,interleaved
35,6,0.0,interleaved
36,6,0.0,interleaved
37,6,0.0,interleaved
38,6,1.0,interleaved
39,6,1.0,interleaved
40,6,1.0,interleaved
41,6,1.0,interleaved
42,6,0.0,interleaved
43,6,0.0,interleaved
44,6,1.0,interleaved
45,6,1.0,interleaved
46,6,1.0,interleaved
47,6,1.0,interleaved
48,6,1.0,interleaved
49,6,1.0,interleaved
50,6,0.0,interleaved
51,6,1.0,interleaved
52,6,0.0,interleaved
53,6,0.0,interleaved
54,6,0.0,interleaved
55,6,1.0,interleaved
56,6,0.0,interleaved
57,6,0.0,interleaved
58,6,0.0,interleaved
59,6,1.0,interleaved
60,6,0.0,interleaved
61,6,1.0,interleaved
62,6,0.0,interleaved
63,6,0.0,interleaved
64,6,0.0,interleaved
65,6,0.0,interleaved
66,6,1.0,interleaved
67,6,1.0,interleaved
68,6,1.0,interleaved
69,6,1.0,interleaved
70,6,1.0,interleaved
71,6,1.0,interleaved
72,6,1.0,interleaved
73,6,0.0,interleaved
74,6,1.0,interleaved
75,6,1.0,interleaved
76,6,1.0,interleaved
77,6,1.0,interleaved
78,6,0.0,interleaved
79,6,0.0,interleaved
80,6,1.0,interleaved
81,6,0.0,interleaved
82,6,1.0,interleaved
83,6,0.0,interleaved
84,6,0.0,interleaved
85,6,0.0,interleaved
86,6,1.0,interleaved
87,6,1.0,interleaved
88,6,1.0,interleaved
89,6,1.0,interleaved
90,6,0.0,interleaved
91,6,0.0,interleaved
92,6,0.0,interleaved
93,6,0.0,interleaved
94,6,0.0,interleaved
95,6,0.0,interleaved
96,6,0.0,interleaved
97,6,1.0,interleaved
98,6,1.0,interleaved
99,6,0.0,interleaved
100,6,0.0,interleaved
101,6,0.0,interleaved
102,6,1.0,interleaved
103,6,0.0,interleaved
104,6,1.0,interleaved
105,6,0.0,interleaved
106,6,0.0,interleaved
107,6,1.0,interleaved
108,6,1.0,interleaved
109,6,1.0,interleaved
110,6,0.0,interleaved
111,6,0.0,interleaved
112,6,0.0,interleaved
113,6,0.0,interleaved
114,6,1.0,interleaved
115,6,0.0,interleaved
116,6,0.0,interleaved
117,6,1.0,interleaved
118,6,0.0,interleaved
119,6,0.0,interleaved
120,6,1.0,interleaved
121,6,1.0,interleaved
122,6,0.0,interleaved
123,6,0.0,interleaved
124,6,1.0,interleaved
125,6,0.0,interleaved
126,6,0.0,interleaved
127,6,1.0,interleaved
128,6,0.0,interleaved
129,6,1.0,interleaved
130,6,0.0,interleaved
131,6,1.0,interleaved
132,6,0.0,interleaved
133,6,1.0,interleaved
134,6,1.0,interleaved
135,6,0.0,interleaved
136,6,1.0,interleaved
137,6,1.0,interleaved
138,6,1.0,interleaved
139,6,1.0,interleaved
140,6,1.0,interleaved
141,6,0.0,interleaved
142,6,0.0,interleaved
143,6,1.0,interleaved
144,6,1.0,interleaved
145,6,0.0,interleaved
146,6,1.0,interleaved
147,6,0.0,interleaved
148,6,1.0,interleaved
149,6,1.0,interleaved
150,6,0.0,interleaved
151,6,1.0,interleaved
152,6,1.0,interleaved
153,6,1.0,interleaved
154,6,0.0,interleaved
155,6,1.0,interleaved
156,6,1.0,interleaved
157,6,0.0,interleaved
158,6,0.0,interleaved
159,6,0.0,interleaved
160,6,1.0,interleaved
161,6,0.0,interleaved
162,6,1.0,interleaved
163,6,1.0,interleaved
164,6,1.0,interleaved
165,6,1.0,interleaved
166,6,0.0,interleaved
167,6,1.0,interleaved
168,6,0.0,interleaved
169,6,0.0,interleaved
170,6,1.0,interleaved
171,6,0.0,interleaved
172,6,1.0,interleaved
173,6,0.0,interleaved
174,6,1.0,interleaved
175,6,0.0,interleaved
176,6,0.0,interleaved
177,6,0.0,interleaved
178,6,1.0,interleaved
179,6,1.0,interleaved
180,6,1.0,interleaved
181,6,1.0,interleaved
182,6,1.0,interleaved
183,6,0.0,interleaved
184,6,1.0,interleaved
185,6,1.0,interleaved
186,6,1.0,interleaved
187,6,1.0,interleaved
188,6,0.0,interleaved
189,6,1.0,interleaved
190,6,0.0,interleaved
191,6,0.0,interleaved
192,6,1.0,interleaved
193,6,0.0,interleaved
194,6,0.0,interleaved
195,6,1.0,interleaved
196,6,1.0,interleaved
197,6,0.0,interleaved
198,6,1.0,interleaved
199,6,1.0,interleaved
200,6,0.0,interleaved
201,6,1.0,interleaved
202,6,1.0,interleaved
203,6,1.0,interleaved
204,6,0.0,interleaved
205,6,0.0,interleaved
206,6,0.0,interleaved
207,6,0.0,interleaved
208,6,1.0,interleaved
209,6,0.0,interleaved
210,6,0.0,interleaved
211,6,0.0,interleaved
212,6,0.0,interleaved
213,6,0.0,interleaved
214,6,1.0,interleaved
215,6,1.0,interleaved
216,6,1.0,interleaved
217,6,0.0,interleaved
218,6,1.0,interleaved
219,6,1.0,interleaved
220,6,1.0,interleaved
221,6,1.0,interleaved
222,6,1.0,interleaved
223,6,1.0,interleaved
224,6,1.0,interleaved
225,6,0.0,interleaved
226,6,1.0,interleaved
227,6,1.0,interleaved
228,6,0.0,interleaved
229,6,1.0,interleaved
230,6,1.0,interleaved
231,6,1.0,interleaved
232,6,1.0,interleaved
233,6,0.0,interleaved
234,6,0.0,interleaved
235,6,1.0,interleaved
236,6,1.0,interleaved
237,6,1.0,interleaved
238,6,0.0,interleaved
239,6,1.0,interleaved
240,6,1.0,interleaved
241,6,1.0,interleaved
242,6,1.0,interleaved
243,6,1.0,interleaved
244,6,0.0,interleaved
245,6,0.0,interleaved
246,6,1.0,interleaved
247,6,0.0,interleaved
248,6,1.0,interleaved
249,6,1.0,interleaved
250,6,0.0,interleaved
251,6,1.0,interleaved
252,6,0.0,interleaved
253,6,0.0,interleaved
254,6,1.0,interleaved
255,6,1.0,interleaved
256,6,0.0,interleaved
257,6,0.0,interleaved
258,6,0.0,interleaved
259,6,1.0,interleaved
260,6,0.0,interleaved
261,6,0.0,interleaved
262,6,0.0,interleaved
263,6,0.0,interleaved
264,6,1.0,interleaved
265,6,0.0,interleaved
266,6,1.0,interleaved
267,6,1.0,interleaved
268,6,1.0,interleaved
269,6,1.0,interleaved
270,6,1.0,interleaved
271,6,0.0,interleaved
272,6,1.0,interleaved
273,6,0.0,interleaved
274,6,1.0,interleaved
275,6,0.0,interleaved
276,6,0.0,interleaved
277,6,0.0,interleaved
278,6,0.0,interleaved
279,6,1.0,interleaved
280,6,1.0,interleaved
281,6,1.0,interleaved
282,6,1.0,interleaved
283,6,1.0,interleaved
284,6,1.0,interleaved
285,6,1.0,interleaved
286,6,1.0,interleaved
287,6,1.0,interleaved
288,6,0.0,interleaved
289,6,1.0,interleaved
290,6,1.0,interleaved
291,6,1.0,interleaved
292,6,1.0,interleaved
293,6,1.0,interleaved
294,6,0.0,interleaved
295,6,0.0,interleaved
296,6,0.0,interleaved
297,6,1.0,interleaved
298,6,0.0,interleaved
299,6,0.0,interleaved
300,6,1.0,interleaved
301,6,1.0,interleaved
302,6,1.0,interleaved
303,6,1.0,interleaved
304,6,1.0,interleaved
305,6,0.0,interleaved
306,6,1.0,interleaved
307,6,0.0,interleaved
308,6,0.0,interleaved
309,6,1.0,interleaved
310,6,1.0,interleaved
311,6,1.0,interleaved
312,6,1.0,interleaved
313,6,1.0,interleaved
314,6,0.0,interleaved
315,6,1.0,interleaved
316,6,1.0,interleaved
317,6,0.0,interleaved
318,6,0.0,interleaved
319,6,1.0,interleaved
320,6,1.0,interleaved
321,6,0.0,interleaved
322,6,1.0,interleaved
323,6,1.0,interleaved
324,6,0.0,interleaved
325,6,1.0,interleaved
326,6,0.0,interleaved
327,6,1.0,interleaved
328,6,0.0,interleaved
329,6,1.0,interleaved
330,6,1.0,interleaved
331,6,1.0,interleaved
332,6,1.0,interleaved
333,6,1.0,interleaved
334,6,0.0,interleaved
335,6,0.0,interleaved
336,6,1.0,interleaved
337,6,1.0,interleaved
338,6,1.0,interleaved
339,6,1.0,interleaved
340,6,1.0,interleaved
341,6,1.0,interleaved
342,6,0.0,interleaved
343,6,1.0,interleaved
344,6,0.0,interleaved
345,6,0.0,interleaved
346,6,0.0,interleaved
347,6,0.0,interleaved
348,6,1.0,interleaved
349,6,1.0,interleaved
350,6,1.0,interleaved
351,6,0.0,interleaved
352,6,1.0,interleaved
353,6,0.0,interleaved
354,6,1.0,interleaved
355,6,1.0,interleaved
356,6,1.0,interleaved
357,6,0.0,interleaved
358,6,1.0,interleaved
359,6,1.0,interleaved
360,6,1.0,interleaved
361,6,0.0,interleaved
362,6,1.0,interleaved
363,6,1.0,interleaved
364,6,0.0,interleaved
365,6,0.0,interleaved
366,6,0.0,interleaved
367,6,1.0,interleaved
368,6,1.0,interleaved
369,6,0.0,interleaved
370,6,1.0,interleaved
371,6,0.0,interleaved
372,6,0.0,interleaved
373,6,1.0,interleaved
374,6,0.0,interleaved
375,6,0.0,interleaved
376,6,1.0,interleaved
377,6,0.0,interleaved
378,6,0.0,interleaved
379,6,0.0,interleaved
0,7,1.0,interleaved
1,7,1.0,interleaved
2,7,0.0,interleaved
3,7,0.0,interleaved
4,7,0.0,interleaved
5,7,1.0,interleaved
6,7,0.0,interleaved
7,7,0.0,interleaved
8,7,0.0,interleaved
9,7,1.0,interleaved
10,7,0.0,interleaved
11,7,1.0,interleaved
12,7,0.0,interleaved
13,7,1.0,interleaved
14,7,0.0,interleaved
15,7,1.0,interleaved
16,7,0.0,interleaved
17,7,1.0,interleaved
18,7,1.0,interleaved
19,7,0.0,interleaved
20,7,1.0,interleaved
21,7,1.0,interleaved
22,7,0.0,interleaved
23,7,1.0,interleaved
24,7,0.0,interleaved
25,7,0.0,interleaved
26,7,1.0,interleaved
27,7,1.0,interleaved
28,7,0.0,interleaved
29,7,0.0,interleaved
30,7,1.0,interleaved
31,7,0.0,interleaved
32,7,1.0,interleaved
33,7,1.0,interleaved
34,7,0.0,interleaved
35,7,0.0,interleaved
36,7,0.0,interleaved
37,7,1.0,interleaved
38,7,1.0,interleaved
39,7,1.0,interleaved
40,7,1.0,interleaved
41,7,1.0,interleaved
42,7,0.0,interleaved
43,7,0.0,interleaved
44,7,0.0,interleaved
45,7,1.0,interleaved
46,7,1.0,interleaved
47,7,1.0,interleaved
48,7,0.0,interleaved
49,7,1.0,interleaved
50,7,1.0,interleaved
51,7,1.0,interleaved
52,7,0.0,interleaved
53,7,1.0,interleaved
54,7,0.0,interleaved
55,7,1.0,interleaved
56,7,0.0,interleaved
57,7,1.0,interleaved
58,7,0.0,interleaved
59,7,1.0,interleaved
60,7,1.0,interleaved
61,7,1.0,interleaved
62,7,0.0,interleaved
63,7,1.0,interleaved
64,7,1.0,interleaved
65,7,0.0,interleaved
66,7,1.0,interleaved
67,7,1.0,interleaved
68,7,1.0,interleaved
69,7,0.0,interleaved
70,7,1.0,interleaved
71,7,1.0,interleaved
72,7,0.0,interleaved
73,7,1.0,interleaved
74,7,1.0,interleaved
75,7,1.0,interleaved
76,7,1.0,interleaved
77,7,1.0,interleaved
78,7,1.0,interleaved
79,7,1.0,interleaved
80,7,0.0,interleaved
81,7,0.0,interleaved
82,7,0.0,interleaved
83,7,1.0,interleaved
84,7,1.0,interleaved
85,7,1.0,interleaved
86,7,0.0,interleaved
87,7,1.0,interleaved
88,7,0.0,interleaved
89,7,0.0,interleaved
90,7,1.0,interleaved
91,7,1.0,interleaved
92,7,0.0,interleaved
93,7,0.0,interleaved
94,7,0.0,interleaved
95,7,0.0,interleaved
96,7,0.0,interleaved
97,7,1.0,interleaved
98,7,1.0,interleaved
99,7,1.0,interleaved
100,7,0.0,interleaved
101,7,1.0,interleaved
102,7,0.0,interleaved
103,7,1.0,interleaved
104,7,1.0,interleaved
105,7,1.0,interleaved
106,7,0.0,interleaved
107,7,0.0,interleaved
108,7,0.0,interleaved
109,7,0.0,interleaved
110,7,1.0,interleaved
111,7,1.0,interleaved
112,7,1.0,interleaved
113,7,0.0,interleaved
114,7,0.0,interleaved
115,7,0.0,interleaved
116,7,0.0,interleaved
117,7,1.0,interleaved
118,7,0.0,interleaved
119,7,1.0,interleaved
120,7,0.0,interleaved
121,7,1.0,interleaved
122,7,1.0,interleaved
123,7,0.0,interleaved
124,7,0.0,interleaved
125,7,1.0,interleaved
126,7,0.0,interleaved
127,7,1.0,interleaved
128,7,1.0,interleaved
129,7,0.0,interleaved
130,7,1.0,interleaved
131,7,1.0,interleaved
132,7,1.0,interleaved
133,7,1.0,interleaved
134,7,1.0,interleaved
135,7,0.0,interleaved
136,7,0.0,interleaved
137,7,1.0,interleaved
138,7,1.0,interleaved
139,7,1.0,interleaved
140,7,1.0,interleaved
141,7,1.0,interleaved
142,7,1.0,interleaved
143,7,1.0,interleaved
144,7,0.0,interleaved
145,7,0.0,interleaved
146,7,0.0,interleaved
147,7,0.0,interleaved
148,7,1.0,interleaved
149,7,1.0,interleaved
150,7,0.0,interleaved
151,7,1.0,interleaved
152,7,0.0,interleaved
153,7,0.0,interleaved
154,7,1.0,interleaved
155,7,0.0,interleaved
156,7,0.0,interleaved
157,7,0.0,interleaved
158,7,0.0,interleaved
159,7,1.0,interleaved
160,7,1.0,interleaved
161,7,0.0,interleaved
162,7,1.0,interleaved
163,7,1.0,interleaved
164,7,0.0,interleaved
165,7,0.0,interleaved
166,7,1.0,interleaved
167,7,1.0,interleaved
168,7,0.0,interleaved
169,7,0.0,interleaved
170,7,1.0,interleaved
171,7,1.0,interleaved
172,7,1.0,interleaved
173,7,0.0,interleaved
174,7,0.0,interleaved
175,7,0.0,interleaved
176,7,1.0,interleaved
177,7,1.0,interleaved
178,7,1.0,interleaved
179,7,1.0,interleaved
180,7,0.0,interleaved
181,7,0.0,interleaved
182,7,1.0,interleaved
183,7,0.0,interleaved
184,7,0.0,interleaved
185,7,1.0,interleaved
186,7,1.0,interleaved
187,7,1.0,interleaved
188,7,1.0,interleaved
189,7,1.0,interleaved
190,7,0.0,interleaved
191,7,0.0,interleaved
192,7,1.0,interleaved
193,7,1.0,interleaved
194,7,1.0,interleaved
195,7,0.0,interleaved
196,7,1.0,interleaved
197,7,1.0,interleaved
198,7,1.0,interleaved
199,7,1.0,interleaved
200,7,1.0,interleaved
201,7,0.0,interleaved
202,7,0.0,interleaved
203,7,0.0,interleaved
204,7,1.0,interleaved
205,7,1.0,interleaved
206,7,1.0,interleaved
207,7,1.0,interleaved
208,7,0.0,interleaved
209,7,0.0,interleaved
210,7,1.0,interleaved
211,7,1.0,interleaved
212,7,0.0,interleaved
213,7,0.0,interleaved
214,7,1.0,interleaved
215,7,0.0,interleaved
216,7,1.0,interleaved
217,7,1.0,interleaved
218,7,1.0,interleaved
219,7,0.0,interleaved
220,7,1.0,interleaved
221,7,0.0,interleaved
222,7,1.0,interleaved
223,7,0.0,interleaved
224,7,0.0,interleaved
225,7,1.0,interleaved
226,7,0.0,interleaved
227,7,0.0,interleaved
228,7,1.0,interleaved
229,7,0.0,interleaved
230,7,0.0,interleaved
231,7,1.0,interleaved
232,7,0.0,interleaved
233,7,0.0,interleaved
234,7,0.0,interleaved
235,7,0.0,interleaved
236,7,0.0,interleaved
237,7,0.0,interleaved
238,7,0.0,interleaved
239,7,1.0,interleaved
240,7,0.0,interleaved
241,7,1.0,interleaved
242,7,0.0,interleaved
243,7,1.0,interleaved
244,7,1.0,interleaved
245,7,1.0,interleaved
246,7,1.0,interleaved
247,7,1.0,interleaved
248,7,1.0,interleaved
249,7,1.0,interleaved
250,7,1.0,interleaved
251,7,1.0,interleaved
252,7,0.0,interleaved
253,7,0.0,interleaved
254,7,1.0,interleaved
255,7,1.0,interleaved
256,7,1.0,interleaved
257,7,1.0,interleaved
258,7,0.0,interleaved
259,7,1.0,interleaved
260,7,1.0,interleaved
261,7,0.0,interleaved
262,7,1.0,interleaved
263,7,0.0,interleaved
264,7,1.0,interleaved
265,7,0.0,interleaved
266,7,1.0,interleaved
267,7,1.0,interleaved
268,7,1.0,interleaved
269,7,0.0,interleaved
270,7,0.0,interleaved
271,7,1.0,interleaved
272,7,1.0,interleaved
273,7,0.0,interleaved
274,7,1.0,interleaved
275,7,1.0,interleaved
276,7,0.0,interleaved
277,7,0.0,interleaved
278,7,0.0,interleaved
279,7,1.0,interleaved
280,7,1.0,interleaved
281,7,1.0,interleaved
282,7,1.0,interleaved
283,7,1.0,interleaved
284,7,1.0,interleaved
285,7,0.0,interleaved
286,7,0.0,interleaved
287,7,1.0,interleaved
288,7,1.0,interleaved
289,7,0.0,interleaved
290,7,0.0,interleaved
291,7,1.0,interleaved
292,7,1.0,interleaved
293,7,1.0,interleaved
294,7,1.0,interleaved
295,7,1.0,interleaved
296,7,0.0,interleaved
297,7,0.0,interleaved
298,7,1.0,interleaved
299,7,1.0,interleaved
300,7,1.0,interleaved
301,7,1.0,interleaved
302,7,1.0,interleaved
303,7,0.0,interleaved
304,7,1.0,interleaved
305,7,0.0,interleaved
306,7,1.0,interleaved
307,7,0.0,interleaved
308,7,0.0,interleaved
309,7,0.0,interleaved
310,7,1.0,interleaved
311,7,1.0,interleaved
312,7,0.0,interleaved
313,7,0.0,interleaved
314,7,0.0,interleaved
315,7,0.0,interleaved
316,7,0.0,interleaved
317,7,0.0,interleaved
318,7,1.0,interleaved
319,7,1.0,interleaved
320,7,0.0,interleaved
321,7,1.0,interleaved
322,7,0.0,interleaved
323,7,1.0,interleaved
324,7,0.0,interleaved
325,7,0.0,interleaved
326,7,1.0,interleaved
327,7,1.0,interleaved
328,7,0.0,interleaved
329,7,1.0,interleaved
330,7,0.0,interleaved
331,7,1.0,interleaved
332,7,1.0,interleaved
333,7,1.0,interleaved
334,7,0.0,interleaved
335,7,1.0,interleaved
336,7,0.0,interleaved
337,7,1.0,interleaved
338,7,1.0,interleaved
339,7,0.0,interleaved
340,7,0.0,interleaved
341,7,0.0,interleaved
342,7,0.0,interleaved
343,7,1.0,interleaved
344,7,0.0,interleaved
345,7,1.0,interleaved
346,7,0.0,interleaved
347,7,1.0,interleaved
348,7,1.0,interleaved
349,7,1.0,interleaved
350,7,0.0,interleaved
351,7,1.0,interleaved
352,7,1.0,interleaved
353,7,1.0,interleaved
354,7,0.0,interleaved
355,7,1.0,interleaved
356,7,1.0,interleaved
357,7,0.0,interleaved
358,7,0.0,interleaved
359,7,1.0,interleaved
360,7,0.0,interleaved
361,7,0.0,interleaved
362,7,1.0,interleaved
363,7,1.0,interleaved
364,7,0.0,interleaved
365,7,1.0,interleaved
366,7,1.0,interleaved
367,7,0.0,interleaved
368,7,1.0,interleaved
369,7,0.0,interleaved
370,7,1.0,interleaved
371,7,0.0,interleaved
372,7,1.0,interleaved
373,7,1.0,interleaved
374,7,1.0,interleaved
375,7,0.0,interleaved
376,7,1.0,interleaved
377,7,1.0,interleaved
378,7,0.0,interleaved
379,7,1.0,interleaved
0,8,1.0,interleaved
1,8,0.0,interleaved
2,8,1.0,interleaved
3,8,1.0,interleaved
4,8,0.0,interleaved
5,8,0.0,interleaved
6,8,0.0,interleaved
7,8,0.0,interleaved
8,8,1.0,interleaved
9,8,1.0,interleaved
10,8,1.0,interleaved
11,8,1.0,interleaved
12,8,0.0,interleaved
13,8,0.0,interleaved
14,8,1.0,interleaved
15,8,0.0,interleaved
16,8,1.0,interleaved
17,8,1.0,interleaved
18,8,0.0,interleaved
19,8,0.0,interleaved
20,8,1.0,interleaved
21,8,1.0,interleaved
22,8,1.0,interleaved
23,8,1.0,interleaved
24,8,0.0,interleaved
25,8,1.0,interleaved
26,8,1.0,interleaved
27,8,0.0,interleaved
28,8,1.0,interleaved
29,8,1.0,interleaved
30,8,1.0,interleaved
31,8,1.0,interleaved
32,8,0.0,interleaved
33,8,1.0,interleaved
34,8,0.0,interleaved
35,8,1.0,interleaved
36,8,1.0,interleaved
37,8,0.0,interleaved
38,8,1.0,interleaved
39,8,1.0,interleaved
40,8,1.0,interleaved
41,8,1.0,interleaved
42,8,0.0,interleaved
43,8,0.0,interleaved
44,8,0.0,interleaved
45,8,0.0,interleaved
46,8,0.0,interleaved
47,8,1.0,interleaved
48,8,1.0,interleaved
49,8,1.0,interleaved
50,8,0.0,interleaved
51,8,1.0,interleaved
52,8,0.0,interleaved
53,8,1.0,interleaved
54,8,0.0,interleaved
55,8,1.0,interleaved
56,8,0.0,interleaved
57,8,0.0,interleaved
58,8,1.0,interleaved
59,8,1.0,interleaved
60,8,0.0,interleaved
61,8,1.0,interleaved
62,8,0.0,interleaved
63,8,0.0,interleaved
64,8,1.0,interleaved
65,8,0.0,interleaved
66,8,1.0,interleaved
67,8,1.0,interleaved
68,8,1.0,interleaved
69,8,1.0,interleaved
70,8,1.0,interleaved
71,8,0.0,interleaved
72,8,1.0,interleaved
73,8,0.0,interleaved
74,8,0.0,interleaved
75,8,0.0,interleaved
76,8,1.0,interleaved
77,8,1.0,interleaved
78,8,1.0,interleaved
79,8,1.0,interleaved
80,8,0.0,interleaved
81,8,1.0,interleaved
82,8,1.0,interleaved
83,8,0.0,interleaved
84,8,0.0,interleaved
85,8,1.0,interleaved
86,8,0.0,interleaved
87,8,1.0,interleaved
88,8,1.0,interleaved
89,8,1.0,interleaved
90,8,1.0,interleaved
91,8,0.0,interleaved
92,8,0.0,interleaved
93,8,1.0,interleaved
94,8,0.0,interleaved
95,8,1.0,interleaved
96,8,0.0,interleaved
97,8,1.0,interleaved
98,8,0.0,interleaved
99,8,0.0,interleaved
100,8,1.0,interleaved
101,8,1.0,interleaved
102,8,1.0,interleaved
103,8,1.0,interleaved
104,8,1.0,interleaved
105,8,0.0,interleaved
106,8,1.0,interleaved
107,8,1.0,interleaved
108,8,0.0,interleaved
109,8,1.0,interleaved
110,8,1.0,interleaved
111,8,1.0,interleaved
112,8,1.0,interleaved
113,8,1.0,interleaved
114,8,0.0,interleaved
115,8,1.0,interleaved
116,8,1.0,interleaved
117,8,0.0,interleaved
118,8,0.0,interleaved
119,8,1.0,interleaved
120,8,1.0,interleaved
121,8,1.0,interleaved
122,8,1.0,interleaved
123,8,1.0,interleaved
124,8,1.0,interleaved
125,8,0.0,interleaved
126,8,1.0,interleaved
127,8,0.0,interleaved
128,8,0.0,interleaved
129,8,1.0,interleaved
130,8,1.0,interleaved
131,8,1.0,interleaved
132,8,1.0,interleaved
133,8,1.0,interleaved
134,8,0.0,interleaved
135,8,0.0,interleaved
136,8,1.0,interleaved
137,8,1.0,interleaved
138,8,0.0,interleaved
139,8,1.0,interleaved
140,8,0.0,interleaved
141,8,1.0,interleaved
142,8,1.0,interleaved
143,8,1.0,interleaved
144,8,1.0,interleaved
145,8,1.0,interleaved
146,8,1.0,interleaved
147,8,1.0,interleaved
148,8,1.0,interleaved
149,8,1.0,interleaved
150,8,1.0,interleaved
151,8,1.0,interleaved
152,8,1.0,interleaved
153,8,0.0,interleaved
154,8,1.0,interleaved
155,8,1.0,interleaved
156,8,0.0,interleaved
157,8,1.0,interleaved
158,8,1.0,interleaved
159,8,0.0,interleaved
160,8,1.0,interleaved
161,8,0.0,interleaved
162,8,0.0,interleaved
163,8,0.0,interleaved
164,8,1.0,interleaved
165,8,1.0,interleaved
166,8,1.0,interleaved
167,8,0.0,interleaved
168,8,1.0,interleaved
169,8,0.0,interleaved
170,8,0.0,interleaved
171,8,0.0,interleaved
172,8,0.0,interleaved
173,8,1.0,interleaved
174,8,0.0,interleaved
175,8,0.0,interleaved
176,8,1.0,interleaved
177,8,1.0,interleaved
178,8,1.0,interleaved
179,8,0.0,interleaved
180,8,0.0,interleaved
181,8,0.0,interleaved
182,8,0.0,interleaved
183,8,1.0,interleaved
184,8,0.0,interleaved
185,8,0.0,interleaved
186,8,1.0,interleaved
187,8,0.0,interleaved
188,8,0.0,interleaved
189,8,1.0,interleaved
190,8,0.0,interleaved
191,8,1.0,interleaved
192,8,0.0,interleaved
193,8,1.0,interleaved
194,8,0.0,interleaved
195,8,0.0,interleaved
196,8,0.0,interleaved
197,8,1.0,interleaved
198,8,0.0,interleaved
199,8,1.0,interleaved
200,8,0.0,interleaved
201,8,1.0,interleaved
202,8,0.0,interleaved
203,8,1.0,interleaved
204,8,0.0,interleaved
205,8,0.0,interleaved
206,8,0.0,interleaved
207,8,1.0,interleaved
208,8,0.0,interleaved
209,8,0.0,interleaved
210,8,0.0,interleaved
211,8,1.0,interleaved
212,8,0.0,interleaved
213,8,1.0,interleaved
214,8,1.0,interleaved
215,8,0.0,interleaved
216,8,1.0,interleaved
217,8,0.0,interleaved
218,8,0.0,interleaved
219,8,0.0,interleaved
220,8,1.0,interleaved
221,8,1.0,interleaved
222,8,1.0,interleaved
223,8,1.0,interleaved
224,8,0.0,interleaved
225,8,0.0,interleaved
226,8,1.0,interleaved
227,8,1.0,interleaved
228,8,1.0,interleaved
229,8,0.0,interleaved
230,8,0.0,interleaved
231,8,0.0,interleaved
232,8,1.0,interleaved
233,8,0.0,interleaved
234,8,0.0,interleaved
235,8,1.0,interleaved
236,8,1.0,interleaved
237,8,1.0,interleaved
238,8,1.0,interleaved
239,8,1.0,interleaved
240,8,0.0,interleaved
241,8,0.0,interleaved
242,8,1.0,interleaved
243,8,1.0,interleaved
244,8,1.0,interleaved
245,8,0.0,interleaved
246,8,0.0,interleaved
247,8,1.0,interleaved
248,8,1.0,interleaved
249,8,1.0,interleaved
250,8,0.0,interleaved
251,8,1.0,interleaved
252,8,1.0,interleaved
253,8,1.0,interleaved
254,8,1.0,interleaved
255,8,0.0,interleaved
256,8,0.0,interleaved
257,8,1.0,interleaved
258,8,1.0,interleaved
259,8,1.0,interleaved
260,8,0.0,interleaved
261,8,0.0,interleaved
262,8,0.0,interleaved
263,8,1.0,interleaved
264,8,0.0,interleaved
265,8,1.0,interleaved
266,8,1.0,interleaved
267,8,0.0,interleaved
268,8,1.0,interleaved
269,8,0.0,interleaved
270,8,0.0,interleaved
271,8,1.0,interleaved
272,8,0.0,interleaved
273,8,1.0,interleaved
274,8,0.0,interleaved
275,8,0.0,interleaved
276,8,1.0,interleaved
277,8,1.0,interleaved
278,8,0.0,interleaved
279,8,0.0,interleaved
280,8,0.0,interleaved
281,8,0.0,interleaved
282,8,1.0,interleaved
283,8,0.0,interleaved
284,8,0.0,interleaved
285,8,1.0,interleaved
286,8,1.0,interleaved
287,8,1.0,interleaved
288,8,0.0,interleaved
289,8,0.0,interleaved
290,8,0.0,interleaved
291,8,1.0,interleaved
292,8,1.0,interleaved
293,8,1.0,interleaved
294,8,1.0,interleaved
295,8,1.0,interleaved
296,8,1.0,interleaved
297,8,0.0,interleaved
298,8,1.0,interleaved
299,8,1.0,interleaved
300,8,0.0,interleaved
301,8,0.0,interleaved
302,8,0.0,interleaved
303,8,1.0,interleaved
304,8,0.0,interleaved
305,8,1.0,interleaved
306,8,0.0,interleaved
307,8,1.0,interleaved
308,8,0.0,interleaved
309,8,0.0,interleaved
310,8,1.0,interleaved
311,8,1.0,interleaved
312,8,0.0,interleaved
313,8,1.0,interleaved
314,8,1.0,interleaved
315,8,1.0,interleaved
316,8,0.0,interleaved
317,8,1.0,interleaved
318,8,0.0,interleaved
319,8,0.0,interleaved
320,8,1.0,interleaved
321,8,0.0,interleaved
322,8,0.0,interleaved
323,8,0.0,interleaved
324,8,1.0,interleaved
325,8,0.0,interleaved
326,8,0.0,interleaved
327,8,0.0,interleaved
328,8,1.0,interleaved
329,8,1.0,interleaved
330,8,0.0,interleaved
331,8,1.0,interleaved
332,8,1.0,interleaved
333,8,0.0,interleaved
334,8,0.0,interleaved
335,8,1.0,interleaved
336,8,1.0,interleaved
337,8,0.0,interleaved
338,8,1.0,interleaved
339,8,0.0,interleaved
340,8,0.0,interleaved
341,8,1.0,interleaved
342,8,0.0,interleaved
343,8,1.0,interleaved
344,8,1.0,interleaved
345,8,1.0,interleaved
346,8,1.0,interleaved
347,8,1.0,interleaved
348,8,1.0,interleaved
349,8,0.0,interleaved
350,8,1.0,interleaved
351,8,1.0,interleaved
352,8,1.0,interleaved
353,8,1.0,interleaved
354,8,1.0,interleaved
355,8,0.0,interleaved
356,8,1.0,interleaved
357,8,1.0,interleaved
358,8,1.0,interleaved
359,8,1.0,interleaved
360,8,1.0,interleaved
361,8,1.0,interleaved
362,8,1.0,interleaved
363,8,1.0,interleaved
364,8,0.0,interleaved
365,8,1.0,interleaved
366,8,1.0,interleaved
367,8,1.0,interleaved
368,8,1.0,interleaved
369,8,1.0,interleaved
370,8,0.0,interleaved
371,8,0.0,interleaved
372,8,0.0,interleaved
373,8,0.0,interleaved
374,8,1.0,interleaved
375,8,0.0,interleaved
376,8,0.0,interleaved
377,8,0.0,interleaved
378,8,0.0,interleaved
379,8,1.0,interleaved
0,9,0.0,interleaved
1,9,1.0,interleaved
2,9,1.0,interleaved
3,9,0.0,interleaved
4,9,1.0,interleaved
5,9,1.0,interleaved
6,9,0.0,interleaved
7,9,0.0,interleaved
8,9,0.0,interleaved
9,9,0.0,interleaved
10,9,0.0,interleaved
11,9,1.0,interleaved
12,9,0.0,interleaved
13,9,0.0,interleaved
14,9,1.0,interleaved
15,9,1.0,interleaved
16,9,1.0,interleaved
17,9,0.0,interleaved
18,9,1.0,interleaved
19,9,1.0,interleaved
20,9,0.0,interleaved
21,9,1.0,interleaved
22,9,0.0,interleaved
23,9,1.0,interleaved
24,9,0.0,interleaved
25,9,0.0,interleaved
26,9,1.0,interleaved
27,9,1.0,interleaved
28,9,0.0,interleaved
29,9,0.0,interleaved
30,9,0.0,interleaved
31,9,1.0,interleaved
32,9,1.0,interleaved
33,9,0.0,interleaved
34,9,0.0,interleaved
35,9,0.0,interleaved
36,9,1.0,interleaved
37,9,1.0,interleaved
38,9,0.0,interleaved
39,9,0.0,interleaved
40,9,0.0,interleaved
41,9,1.0,interleaved
42,9,0.0,interleaved
43,9,1.0,interleaved
44,9,0.0,interleaved
45,9,0.0,interleaved
46,9,1.0,interleaved
47,9,1.0,interleaved
48,9,1.0,interleaved
49,9,0.0,interleaved
50,9,1.0,interleaved
51,9,1.0,interleaved
52,9,0.0,interleaved
53,9,0.0,interleaved
54,9,0.0,interleaved
55,9,0.0,interleaved
56,9,1.0,interleaved
57,9,1.0,interleaved
58,9,0.0,interleaved
59,9,1.0,interleaved
60,9,0.0,interleaved
61,9,1.0,interleaved
62,9,0.0,interleaved
63,9,1.0,interleaved
64,9,0.0,interleaved
65,9,0.0,interleaved
66,9,0.0,interleaved
67,9,0.0,interleaved
68,9,1.0,interleaved
69,9,1.0,interleaved
70,9,1.0,interleaved
71,9,1.0,interleaved
72,9,1.0,interleaved
73,9,0.0,interleaved
74,9,1.0,interleaved
75,9,1.0,interleaved
76,9,1.0,interleaved
77,9,1.0,interleaved
78,9,1.0,interleaved
79,9,1.0,interleaved
80,9,1.0,interleaved
81,9,1.0,interleaved
82,9,0.0,interleaved
83,9,0.0,interleaved
84,9,1.0,interleaved
85,9,1.0,interleaved
86,9,0.0,interleaved
87,9,1.0,interleaved
88,9,1.0,interleaved
89,9,1.0,interleaved
90,9,1.0,interleaved
91,9,1.0,interleaved
92,9,0.0,interleaved
93,9,1.0,interleaved
94,9,1.0,interleaved
95,9,1.0,interleaved
96,9,0.0,interleaved
97,9,0.0,interleaved
98,9,0.0,interleaved
99,9,0.0,interleaved
100,9,1.0,interleaved
101,9,1.0,interleaved
102,9,1.0,interleaved
103,9,0.0,interleaved
104,9,0.0,interleaved
105,9,1.0,interleaved
106,9,1.0,interleaved
107,9,1.0,interleaved
108,9,0.0,interleaved
109,9,1.0,interleaved
110,9,1.0,interleaved
111,9,1.0,interleaved
112,9,0.0,interleaved
113,9,1.0,interleaved
114,9,0.0,interleaved
115,9,0.0,interleaved
116,9,1.0,interleaved
117,9,0.0,interleaved
118,9,1.0,interleaved
119,9,0.0,interleaved
120,9,1.0,interleaved
121,9,0.0,interleaved
122,9,1.0,interleaved
123,9,0.0,interleaved
124,9,1.0,interleaved
125,9,0.0,interleaved
126,9,0.0,interleaved
127,9,1.0,interleaved
128,9,1.0,interleaved
129,9,1.0,interleaved
130,9,1.0,interleaved
131,9,1.0,interleaved
132,9,0.0,interleaved
133,9,1.0,interleaved
134,9,1.0,interleaved
135,9,0.0,interleaved
136,9,0.0,interleaved
137,9,0.0,interleaved
138,9,1.0,interleaved
139,9,1.0,interleaved
140,9,1.0,interleaved
141,9,1.0,interleaved
142,9,0.0,interleaved
143,9,0.0,interleaved
144,9,0.0,interleaved
145,9,1.0,interleaved
146,9,0.0,interleaved
147,9,1.0,interleaved
148,9,1.0,interleaved
149,9,0.0,interleaved
150,9,1.0,interleaved
151,9,1.0,interleaved
152,9,0.0,interleaved
153,9,1.0,interleaved
154,9,0.0,interleaved
155,9,0.0,interleaved
156,9,1.0,interleaved
157,9,1.0,interleaved
158,9,1.0,interleaved
159,9,1.0,interleaved
160,9,1.0,interleaved
161,9,1.0,interleaved
162,9,1.0,interleaved
163,9,0.0,interleaved
164,9,1.0,interleaved
165,9,1.0,interleaved
166,9,1.0,interleaved
167,9,0.0,interleaved
168,9,0.0,interleaved
169,9,0.0,interleaved
170,9,0.0,interleaved
171,9,0.0,interleaved
172,9,0.0,interleaved
173,9,0.0,interleaved
174,9,0.0,interleaved
175,9,0.0,interleaved
176,9,1.0,interleaved
177,9,1.0,interleaved
178,9,0.0,interleaved
179,9,1.0,interleaved
180,9,0.0,interleaved
181,9,1.0,interleaved
182,9,0.0,interleaved
183,9,0.0,interleaved
184,9,1.0,interleaved
185,9,1.0,interleaved
186,9,1.0,interleaved
187,9,1.0,interleaved
188,9,0.0,interleaved
189,9,1.0,interleaved
190,9,0.0,interleaved
191,9,1.0,interleaved
192,9,0.0,interleaved
193,9,1.0,interleaved
194,9,1.0,interleaved
195,9,0.0,interleaved
196,9,0.0,interleaved
197,9,1.0,interleaved
198,9,0.0,interleaved
199,9,0.0,interleaved
200,9,0.0,interleaved
201,9,1.0,interleaved
202,9,1.0,interleaved
203,9,1.0,interleaved
204,9,1.0,interleaved
205,9,1.0,interleaved
206,9,1.0,interleaved
207,9,1.0,interleaved
208,9,0.0,interleaved
209,9,0.0,interleaved
210,9,0.0,interleaved
211,9,0.0,interleaved
212,9,0.0,interleaved
213,9,1.0,interleaved
214,9,1.0,interleaved
215,9,1.0,interleaved
216,9,0.0,interleaved
217,9,0.0,interleaved
218,9,0.0,interleaved
219,9,0.0,interleaved
220,9,0.0,interleaved
221,9,1.0,interleaved
222,9,1.0,interleaved
223,9,1.0,interleaved
224,9,1.0,interleaved
225,9,0.0,interleaved
226,9,1.0,interleaved
227,9,0.0,interleaved
228,9,0.0,interleaved
229,9,0.0,interleaved
230,9,1.0,interleaved
231,9,0.0,interleaved
232,9,1.0,interleaved
233,9,1.0,interleaved
234,9,1.0,interleaved
235,9,1.0,interleaved
236,9,1.0,interleaved
237,9,0.0,interleaved
238,9,0.0,interleaved
239,9,0.0,interleaved
240,9,1.0,interleaved
241,9,1.0,interleaved
242,9,1.0,interleaved
243,9,1.0,interleaved
244,9,0.0,interleaved
245,9,0.0,interleaved
246,9,1.0,interleaved
247,9,1.0,interleaved
248,9,1.0,interleaved
249,9,1.0,interleaved
250,9,0.0,interleaved
251,9,1.0,interleaved
252,9,0.0,interleaved
253,9,0.0,interleaved
254,9,1.0,interleaved
255,9,0.0,interleaved
256,9,0.0,interleaved
257,9,0.0,interleaved
258,9,1.0,interleaved
259,9,1.0,interleaved
260,9,1.0,interleaved
261,9,0.0,interleaved
262,9,0.0,interleaved
263,9,0.0,interleaved
264,9,0.0,interleaved
265,9,0.0,interleaved
266,9,1.0,interleaved
267,9,1.0,interleaved
268,9,0.0,interleaved
269,9,1.0,interleaved
270,9,1.0,interleaved
271,9,0.0,interleaved
272,9,0.0,interleaved
273,9,0.0,interleaved
274,9,0.0,interleaved
275,9,1.0,interleaved
276,9,1.0,interleaved
277,9,0.0,interleaved
278,9,0.0,interleaved
279,9,1.0,interleaved
280,9,0.0,interleaved
281,9,1.0,interleaved
282,9,0.0,interleaved
283,9,0.0,interleaved
284,9,1.0,interleaved
285,9,0.0,interleaved
286,9,0.0,interleaved
287,9,0.0,interleaved
288,9,1.0,interleaved
289,9,0.0,interleaved
290,9,1.0,interleaved
291,9,1.0,interleaved
292,9,1.0,interleaved
293,9,1.0,interleaved
294,9,1.0,interleaved
295,9,0.0,interleaved
296,9,0.0,interleaved
297,9,1.0,interleaved
298,9,0.0,interleaved
299,9,0.0,interleaved
300,9,1.0,interleaved
301,9,1.0,interleaved
302,9,0.0,interleaved
303,9,1.0,interleaved
304,9,1.0,interleaved
305,9,1.0,interleaved
306,9,0.0,interleaved
307,9,1.0,interleaved
308,9,1.0,interleaved
309,9,0.0,interleaved
310,9,0.0,interleaved
311,9,1.0,interleaved
312,9,1.0,interleaved
313,9,1.0,interleaved
314,9,0.0,interleaved
315,9,0.0,interleaved
316,9,0.0,interleaved
317,9,0.0,interleaved
318,9,0.0,interleaved
319,9,0.0,interleaved
320,9,0.0,interleaved
321,9,1.0,interleaved
322,9,1.0,interleaved
323,9,1.0,interleaved
324,9,1.0,interleaved
325,9,0.0,interleaved
326,9,0.0,interleaved
327,9,1.0,interleaved
328,9,0.0,interleaved
329,9,0.0,interleaved
330,9,1.0,interleaved
331,9,1.0,interleaved
332,9,1.0,interleaved
333,9,1.0,interleaved
334,9,0.0,interleaved
335,9,1.0,interleaved
336,9,0.0,interleaved
337,9,1.0,interleaved
338,9,1.0,interleaved
339,9,1.0,interleaved
340,9,1.0,interleaved
341,9,0.0,interleaved
342,9,1.0,interleaved
343,9,0.0,interleaved
344,9,0.0,interleaved
345,9,1.0,interleaved
346,9,1.0,interleaved
347,9,1.0,interleaved
348,9,0.0,interleaved
349,9,1.0,interleaved
350,9,0.0,interleaved
351,9,1.0,interleaved
352,9,0.0,interleaved
353,9,1.0,interleaved
354,9,1.0,interleaved
355,9,1.0,interleaved
356,9,0.0,interleaved
357,9,0.0,interleaved
358,9,1.0,interleaved
359,9,0.0,interleaved
360,9,1.0,interleaved
361,9,1.0,interleaved
362,9,0.0,interleaved
363,9,0.0,interleaved
364,9,0.0,interleaved
365,9,0.0,interleaved
366,9,0.0,interleaved
367,9,0.0,interleaved
368,9,0.0,interleaved
369,9,1.0,interleaved
370,9,1.0,interleaved
371,9,1.0,interleaved
372,9,0.0,interleaved
373,9,1.0,interleaved
374,9,1.0,interleaved
375,9,1.0,interleaved
376,9,0.0,interleaved
377,9,1.0,interleaved
378,9,0.0,interleaved
379,9,1.0,interleaved
0,0,1.0,seq-blocked
1,0,0.0,seq-blocked
2,0,0.0,seq-blocked
3,0,1.0,seq-blocked
4,0,1.0,seq-blocked
5,0,0.0,seq-blocked
6,0,0.0,seq-blocked
7,0,0.0,seq-blocked
8,0,0.0,seq-blocked
9,0,0.0,seq-blocked
10,0,1.0,seq-blocked
11,0,1.0,seq-blocked
12,0,1.0,seq-blocked
13,0,0.0,seq-blocked
14,0,0.0,seq-blocked
15,0,0.0,seq-blocked
16,0,0.0,seq-blocked
17,0,0.0,seq-blocked
18,0,0.0,seq-blocked
19,0,1.0,seq-blocked
20,0,0.0,seq-blocked
21,0,1.0,seq-blocked
22,0,0.0,seq-blocked
23,0,0.0,seq-blocked
24,0,1.0,seq-blocked
25,0,0.0,seq-blocked
26,0,0.0,seq-blocked
27,0,0.0,seq-blocked
28,0,1.0,seq-blocked
29,0,0.0,seq-blocked
30,0,1.0,seq-blocked
31,0,0.0,seq-blocked
32,0,1.0,seq-blocked
33,0,0.0,seq-blocked
34,0,1.0,seq-blocked
35,0,1.0,seq-blocked
36,0,1.0,seq-blocked
37,0,1.0,seq-blocked
38,0,1.0,seq-blocked
39,0,1.0,seq-blocked
40,0,1.0,seq-blocked
41,0,1.0,seq-blocked
42,0,1.0,seq-blocked
43,0,1.0,seq-blocked
44,0,0.0,seq-blocked
45,0,0.0,seq-blocked
46,0,0.0,seq-blocked
47,0,1.0,seq-blocked
48,0,1.0,seq-blocked
49,0,0.0,seq-blocked
50,0,1.0,seq-blocked
51,0,0.0,seq-blocked
52,0,0.0,seq-blocked
53,0,0.0,seq-blocked
54,0,1.0,seq-blocked
55,0,0.0,seq-blocked
56,0,0.0,seq-blocked
57,0,0.0,seq-blocked
58,0,1.0,seq-blocked
59,0,0.0,seq-blocked
60,0,1.0,seq-blocked
61,0,1.0,seq-blocked
62,0,0.0,seq-blocked
63,0,0.0,seq-blocked
64,0,0.0,seq-blocked
65,0,0.0,seq-blocked
66,0,0.0,seq-blocked
67,0,1.0,seq-blocked
68,0,1.0,seq-blocked
69,0,0.0,seq-blocked
70,0,1.0,seq-blocked
71,0,0.0,seq-blocked
72,0,1.0,seq-blocked
73,0,1.0,seq-blocked
74,0,0.0,seq-blocked
75,0,1.0,seq-blocked
76,0,1.0,seq-blocked
77,0,0.0,seq-blocked
78,0,1.0,seq-blocked
79,0,1.0,seq-blocked
80,0,1.0,seq-blocked
81,0,1.0,seq-blocked
82,0,1.0,seq-blocked
83,0,1.0,seq-blocked
84,0,0.0,seq-blocked
85,0,1.0,seq-blocked
86,0,0.0,seq-blocked
87,0,1.0,seq-blocked
88,0,1.0,seq-blocked
89,0,1.0,seq-blocked
90,0,1.0,seq-blocked
91,0,1.0,seq-blocked
92,0,1.0,seq-blocked
93,0,0.0,seq-blocked
94,0,0.0,seq-blocked
95,0,1.0,seq-blocked
96,0,1.0,seq-blocked
97,0,0.0,seq-blocked
98,0,0.0,seq-blocked
99,0,0.0,seq-blocked
100,0,1.0,seq-blocked
101,0,1.0,seq-blocked
102,0,0.0,seq-blocked
103,0,0.0,seq-blocked
104,0,1.0,seq-blocked
105,0,1.0,seq-blocked
106,0,0.0,seq-blocked
107,0,0.0,seq-blocked
108,0,0.0,seq-blocked
109,0,0.0,seq-blocked
110,0,1.0,seq-blocked
111,0,1.0,seq-blocked
112,0,1.0,seq-blocked
113,0,1.0,seq-blocked
114,0,1.0,seq-blocked
115,0,1.0,seq-blocked
116,0,1.0,seq-blocked
117,0,0.0,seq-blocked
118,0,0.0,seq-blocked
119,0,0.0,seq-blocked
120,0,1.0,seq-blocked
121,0,1.0,seq-blocked
122,0,1.0,seq-blocked
123,0,0.0,seq-blocked
124,0,0.0,seq-blocked
125,0,1.0,seq-blocked
126,0,1.0,seq-blocked
127,0,0.0,seq-blocked
128,0,1.0,seq-blocked
129,0,1.0,seq-blocked
130,0,1.0,seq-blocked
131,0,0.0,seq-blocked
132,0,1.0,seq-blocked
133,0,1.0,seq-blocked
134,0,0.0,seq-blocked
135,0,0.0,seq-blocked
136,0,1.0,seq-blocked
137,0,0.0,seq-blocked
138,0,1.0,seq-blocked
139,0,1.0,seq-blocked
140,0,0.0,seq-blocked
141,0,1.0,seq-blocked
142,0,1.0,seq-blocked
143,0,0.0,seq-blocked
144,0,0.0,seq-blocked
145,0,0.0,seq-blocked
146,0,0.0,seq-blocked
147,0,0.0,seq-blocked
148,0,1.0,seq-blocked
149,0,1.0,seq-blocked
150,0,0.0,seq-blocked
151,0,1.0,seq-blocked
152,0,1.0,seq-blocked
153,0,0.0,seq-blocked
154,0,1.0,seq-blocked
155,0,1.0,seq-blocked
156,0,1.0,seq-blocked
157,0,1.0,seq-blocked
158,0,1.0,seq-blocked
159,0,1.0,seq-blocked
160,0,1.0,seq-blocked
161,0,0.0,seq-blocked
162,0,1.0,seq-blocked
163,0,1.0,seq-blocked
164,0,1.0,seq-blocked
165,0,0.0,seq-blocked
166,0,0.0,seq-blocked
167,0,1.0,seq-blocked
168,0,1.0,seq-blocked
169,0,0.0,seq-blocked
170,0,0.0,seq-blocked
171,0,0.0,seq-blocked
172,0,0.0,seq-blocked
173,0,1.0,seq-blocked
174,0,1.0,seq-blocked
175,0,0.0,seq-blocked
176,0,1.0,seq-blocked
177,0,1.0,seq-blocked
178,0,0.0,seq-blocked
179,0,1.0,seq-blocked
180,0,1.0,seq-blocked
181,0,0.0,seq-blocked
182,0,0.0,seq-blocked
183,0,1.0,seq-blocked
184,0,1.0,seq-blocked
185,0,1.0,seq-blocked
186,0,1.0,seq-blocked
187,0,1.0,seq-blocked
188,0,1.0,seq-blocked
189,0,0.0,seq-blocked
190,0,1.0,seq-blocked
191,0,1.0,seq-blocked
192,0,0.0,seq-blocked
193,0,1.0,seq-blocked
194,0,1.0,seq-blocked
195,0,1.0,seq-blocked
196,0,0.0,seq-blocked
197,0,0.0,seq-blocked
198,0,1.0,seq-blocked
199,0,1.0,seq-blocked
200,0,1.0,seq-blocked
201,0,0.0,seq-blocked
202,0,0.0,seq-blocked
203,0,1.0,seq-blocked
204,0,1.0,seq-blocked
205,0,0.0,seq-blocked
206,0,1.0,seq-blocked
207,0,1.0,seq-blocked
208,0,0.0,seq-blocked
209,0,1.0,seq-blocked
210,0,0.0,seq-blocked
211,0,1.0,seq-blocked
212,0,0.0,seq-blocked
213,0,0.0,seq-blocked
214,0,0.0,seq-blocked
215,0,0.0,seq-blocked
216,0,1.0,seq-blocked
217,0,0.0,seq-blocked
218,0,0.0,seq-blocked
219,0,1.0,seq-blocked
220,0,1.0,seq-blocked
221,0,1.0,seq-blocked
222,0,0.0,seq-blocked
223,0,1.0,seq-blocked
224,0,0.0,seq-blocked
225,0,0.0,seq-blocked
226,0,0.0,seq-blocked
227,0,1.0,seq-blocked
228,0,1.0,seq-blocked
229,0,1.0,seq-blocked
230,0,1.0,seq-blocked
231,0,1.0,seq-blocked
232,0,1.0,seq-blocked
233,0,0.0,seq-blocked
234,0,0.0,seq-blocked
235,0,0.0,seq-blocked
236,0,1.0,seq-blocked
237,0,0.0,seq-blocked
238,0,0.0,seq-blocked
239,0,0.0,seq-blocked
240,0,1.0,seq-blocked
241,0,1.0,seq-blocked
242,0,1.0,seq-blocked
243,0,0.0,seq-blocked
244,0,0.0,seq-blocked
245,0,0.0,seq-blocked
246,0,1.0,seq-blocked
247,0,1.0,seq-blocked
248,0,1.0,seq-blocked
249,0,0.0,seq-blocked
250,0,1.0,seq-blocked
251,0,1.0,seq-blocked
252,0,1.0,seq-blocked
253,0,1.0,seq-blocked
254,0,1.0,seq-blocked
255,0,1.0,seq-blocked
256,0,1.0,seq-blocked
257,0,1.0,seq-blocked
258,0,1.0,seq-blocked
259,0,0.0,seq-blocked
260,0,1.0,seq-blocked
261,0,1.0,seq-blocked
262,0,0.0,seq-blocked
263,0,0.0,seq-blocked
264,0,0.0,seq-blocked
265,0,1.0,seq-blocked
266,0,1.0,seq-blocked
267,0,1.0,seq-blocked
268,0,1.0,seq-blocked
269,0,0.0,seq-blocked
270,0,1.0,seq-blocked
271,0,1.0,seq-blocked
272,0,0.0,seq-blocked
273,0,1.0,seq-blocked
274,0,1.0,seq-blocked
275,0,0.0,seq-blocked
276,0,1.0,seq-blocked
277,0,1.0,seq-blocked
278,0,1.0,seq-blocked
279,0,1.0,seq-blocked
280,0,1.0,seq-blocked
281,0,0.0,seq-blocked
282,0,0.0,seq-blocked
283,0,0.0,seq-blocked
284,0,0.0,seq-blocked
285,0,1.0,seq-blocked
286,0,1.0,seq-blocked
287,0,1.0,seq-blocked
288,0,0.0,seq-blocked
289,0,1.0,seq-blocked
290,0,1.0,seq-blocked
291,0,1.0,seq-blocked
292,0,1.0,seq-blocked
293,0,0.0,seq-blocked
294,0,1.0,seq-blocked
295,0,0.0,seq-blocked
296,0,1.0,seq-blocked
297,0,1.0,seq-blocked
298,0,0.0,seq-blocked
299,0,0.0,seq-blocked
300,0,1.0,seq-blocked
301,0,0.0,seq-blocked
302,0,1.0,seq-blocked
303,0,1.0,seq-blocked
304,0,0.0,seq-blocked
305,0,0.0,seq-blocked
306,0,1.0,seq-blocked
307,0,0.0,seq-blocked
308,0,1.0,seq-blocked
309,0,1.0,seq-blocked
310,0,0.0,seq-blocked
311,0,1.0,seq-blocked
312,0,1.0,seq-blocked
313,0,1.0,seq-blocked
314,0,0.0,seq-blocked
315,0,0.0,seq-blocked
316,0,1.0,seq-blocked
317,0,0.0,seq-blocked
318,0,1.0,seq-blocked
319,0,1.0,seq-blocked
320,0,0.0,seq-blocked
321,0,1.0,seq-blocked
322,0,1.0,seq-blocked
323,0,1.0,seq-blocked
324,0,0.0,seq-blocked
325,0,1.0,seq-blocked
326,0,0.0,seq-blocked
327,0,0.0,seq-blocked
328,0,1.0,seq-blocked
329,0,1.0,seq-blocked
330,0,1.0,seq-blocked
331,0,1.0,seq-blocked
332,0,1.0,seq-blocked
333,0,1.0,seq-blocked
334,0,1.0,seq-blocked
335,0,1.0,seq-blocked
336,0,0.0,seq-blocked
337,0,0.0,seq-blocked
338,0,0.0,seq-blocked
339,0,0.0,seq-blocked
340,0,1.0,seq-blocked
341,0,1.0,seq-blocked
342,0,0.0,seq-blocked
343,0,1.0,seq-blocked
344,0,1.0,seq-blocked
345,0,0.0,seq-blocked
346,0,1.0,seq-blocked
347,0,0.0,seq-blocked
348,0,1.0,seq-blocked
349,0,1.0,seq-blocked
350,0,0.0,seq-blocked
351,0,1.0,seq-blocked
352,0,1.0,seq-blocked
353,0,1.0,seq-blocked
354,0,1.0,seq-blocked
355,0,1.0,seq-blocked
356,0,1.0,seq-blocked
357,0,1.0,seq-blocked
358,0,0.0,seq-blocked
359,0,1.0,seq-blocked
360,0,1.0,seq-blocked
361,0,0.0,seq-blocked
362,0,1.0,seq-blocked
363,0,0.0,seq-blocked
364,0,1.0,seq-blocked
365,0,0.0,seq-blocked
366,0,1.0,seq-blocked
367,0,1.0,seq-blocked
368,0,1.0,seq-blocked
369,0,1.0,seq-blocked
370,0,0.0,seq-blocked
371,0,1.0,seq-blocked
372,0,0.0,seq-blocked
373,0,0.0,seq-blocked
374,0,0.0,seq-blocked
375,0,0.0,seq-blocked
376,0,1.0,seq-blocked
377,0,1.0,seq-blocked
378,0,1.0,seq-blocked
379,0,1.0,seq-blocked
0,1,0.0,seq-blocked
1,1,1.0,seq-blocked
2,1,1.0,seq-blocked
3,1,1.0,seq-blocked
4,1,1.0,seq-blocked
5,1,1.0,seq-blocked
6,1,0.0,seq-blocked
7,1,0.0,seq-blocked
8,1,0.0,seq-blocked
9,1,1.0,seq-blocked
10,1,0.0,seq-blocked
11,1,1.0,seq-blocked
12,1,1.0,seq-blocked
13,1,1.0,seq-blocked
14,1,0.0,seq-blocked
15,1,0.0,seq-blocked
16,1,1.0,seq-blocked
17,1,0.0,seq-blocked
18,1,0.0,seq-blocked
19,1,0.0,seq-blocked
20,1,1.0,seq-blocked
21,1,1.0,seq-blocked
22,1,1.0,seq-blocked
23,1,1.0,seq-blocked
24,1,0.0,seq-blocked
25,1,1.0,seq-blocked
26,1,0.0,seq-blocked
27,1,0.0,seq-blocked
28,1,1.0,seq-blocked
29,1,1.0,seq-blocked
30,1,1.0,seq-blocked
31,1,1.0,seq-blocked
32,1,1.0,seq-blocked
33,1,0.0,seq-blocked
34,1,1.0,seq-blocked
35,1,1.0,seq-blocked
36,1,1.0,seq-blocked
37,1,1.0,seq-blocked
38,1,1.0,seq-blocked
39,1,0.0,seq-blocked
40,1,0.0,seq-blocked
41,1,0.0,seq-blocked
42,1,1.0,seq-blocked
43,1,0.0,seq-blocked
44,1,1.0,seq-blocked
45,1,0.0,seq-blocked
46,1,1.0,seq-blocked
47,1,1.0,seq-blocked
48,1,1.0,seq-blocked
49,1,1.0,seq-blocked
50,1,1.0,seq-blocked
51,1,1.0,seq-blocked
52,1,1.0,seq-blocked
53,1,1.0,seq-blocked
54,1,0.0,seq-blocked
55,1,1.0,seq-blocked
56,1,0.0,seq-blocked
57,1,1.0,seq-blocked
58,1,0.0,seq-blocked
59,1,1.0,seq-blocked
60,1,1.0,seq-blocked
61,1,1.0,seq-blocked
62,1,1.0,seq-blocked
63,1,0.0,seq-blocked
64,1,1.0,seq-blocked
65,1,0.0,seq-blocked
66,1,1.0,seq-blocked
67,1,1.0,seq-blocked
68,1,0.0,seq-blocked
69,1,1.0,seq-blocked
70,1,1.0,seq-blocked
71,1,0.0,seq-blocked
72,1,0.0,seq-blocked
73,1,0.0,seq-blocked
74,1,1.0,seq-blocked
75,1,0.0,seq-blocked
76,1,0.0,seq-blocked
77,1,1.0,seq-blocked
78,1,1.0,seq-blocked
79,1,1.0,seq-blocked
80,1,0.0,seq-blocked
81,1,1.0,seq-blocked
82,1,0.0,seq-blocked
83,1,1.0,seq-blocked
84,1,0.0,seq-blocked
85,1,0.0,seq-blocked
86,1,1.0,seq-blocked
87,1,1.0,seq-blocked
88,1,0.0,seq-blocked
89,1,1.0,seq-blocked
90,1,0.0,seq-blocked
91,1,1.0,seq-blocked
92,1,0.0,seq-blocked
93,1,0.0,seq-blocked
94,1,1.0,seq-blocked
95,1,0.0,seq-blocked
96,1,1.0,seq-blocked
97,1,0.0,seq-blocked
98,1,1.0,seq-blocked
99,1,0.0,seq-blocked
100,1,0.0,seq-blocked
101,1,0.0,seq-blocked
102,1,1.0,seq-blocked
103,1,1.0,seq-blocked
104,1,0.0,seq-blocked
105,1,1.0,seq-blocked
106,1,0.0,seq-blocked
107,1,0.0,seq-blocked
108,1,0.0,seq-blocked
109,1,1.0,seq-blocked
110,1,1.0,seq-blocked
111,1,1.0,seq-blocked
112,1,1.0,seq-blocked
113,1,1.0,seq-blocked
114,1,1.0,seq-blocked
115,1,1.0,seq-blocked
116,1,0.0,seq-blocked
117,1,0.0,seq-blocked
118,1,1.0,seq-blocked
119,1,1.0,seq-blocked
120,1,0.0,seq-blocked
121,1,1.0,seq-blocked
122,1,1.0,seq-blocked
123,1,0.0,seq-blocked
124,1,0.0,seq-blocked
125,1,1.0,seq-blocked
126,1,1.0,seq-blocked
127,1,0.0,seq-blocked
128,1,0.0,seq-blocked
129,1,1.0,seq-blocked
130,1,1.0,seq-blocked
131,1,0.0,seq-blocked
132,1,1.0,seq-blocked
133,1,1.0,seq-blocked
134,1,1.0,seq-blocked
135,1,1.0,seq-blocked
136,1,0.0,seq-blocked
137,1,0.0,seq-blocked
138,1,1.0,seq-blocked
139,1,1.0,seq-blocked
140,1,1.0,seq-blocked
141,1,1.0,seq-blocked
142,1,0.0,seq-blocked
143,1,0.0,seq-blocked
144,1,1.0,seq-blocked
145,1,0.0,seq-blocked
146,1,1.0,seq-blocked
147,1,1.0,seq-blocked
148,1,1.0,seq-blocked
149,1,1.0,seq-blocked
150,1,1.0,seq-blocked
151,1,0.0,seq-blocked
152,1,1.0,seq-blocked
153,1,1.0,seq-blocked
154,1,0.0,seq-blocked
155,1,1.0,seq-blocked
156,1,0.0,seq-blocked
157,1,1.0,seq-blocked
158,1,1.0,seq-blocked
159,1,1.0,seq-blocked
160,1,1.0,seq-blocked
161,1,1.0,seq-blocked
162,1,0.0,seq-blocked
163,1,0.0,seq-blocked
164,1,1.0,seq-blocked
165,1,1.0,seq-blocked
166,1,0.0,seq-blocked
167,1,1.0,seq-blocked
168,1,0.0,seq-blocked
169,1,1.0,seq-blocked
170,1,1.0,seq-blocked
171,1,1.0,seq-blocked
172,1,1.0,seq-blocked
173,1,1.0,seq-blocked
174,1,1.0,seq-blocked
175,1,1.0,seq-blocked
176,1,1.0,seq-blocked
177,1,1.0,seq-blocked
178,1,1.0,seq-blocked
179,1,1.0,seq-blocked
180,1,0.0,seq-blocked
181,1,0.0,seq-blocked
182,1,1.0,seq-blocked
183,1,1.0,seq-blocked
184,1,1.0,seq-blocked
185,1,1.0,seq-blocked
186,1,1.0,seq-blocked
187,1,1.0,seq-blocked
188,1,1.0,seq-blocked
189,1,0.0,seq-blocked
190,1,1.0,seq-blocked
191,1,1.0,seq-blocked
192,1,1.0,seq-blocked
193,1,1.0,seq-blocked
194,1,1.0,seq-blocked
195,1,1.0,seq-blocked
196,1,0.0,seq-blocked
197,1,1.0,seq-blocked
198,1,1.0,seq-blocked
199,1,0.0,seq-blocked
200,1,1.0,seq-blocked
201,1,1.0,seq-blocked
202,1,1.0,seq-blocked
203,1,1.0,seq-blocked
204,1,0.0,seq-blocked
205,1,1.0,seq-blocked
206,1,0.0,seq-blocked
207,1,0.0,seq-blocked
208,1,1.0,seq-blocked
209,1,1.0,seq-blocked
210,1,1.0,seq-blocked
211,1,1.0,seq-blocked
212,1,1.0,seq-blocked
213,1,1.0,seq-blocked
214,1,1.0,seq-blocked
215,1,1.0,seq-blocked
216,1,1.0,seq-blocked
217,1,0.0,seq-blocked
218,1,0.0,seq-blocked
219,1,1.0,seq-blocked
220,1,1.0,seq-blocked
221,1,1.0,seq-blocked
222,1,1.0,seq-blocked
223,1,0.0,seq-blocked
224,1,0.0,seq-blocked
225,1,1.0,seq-blocked
226,1,1.0,seq-blocked
227,1,0.0,seq-blocked
228,1,1.0,seq-blocked
229,1,1.0,seq-blocked
230,1,1.0,seq-blocked
231,1,1.0,seq-blocked
232,1,1.0,seq-blocked
233,1,1.0,seq-blocked
234,1,0.0,seq-blocked
235,1,1.0,seq-blocked
236,1,1.0,seq-blocked
237,1,1.0,seq-blocked
238,1,1.0,seq-blocked
239,1,1.0,seq-blocked
240,1,1.0,seq-blocked
241,1,1.0,seq-blocked
242,1,1.0,seq-blocked
243,1,1.0,seq-blocked
244,1,0.0,seq-blocked
245,1,1.0,seq-blocked
246,1,1.0,seq-blocked
247,1,1.0,seq-blocked
248,1,1.0,seq-blocked
249,1,1.0,seq-blocked
250,1,0.0,seq-blocked
251,1,0.0,seq-blocked
252,1,0.0,seq-blocked
253,1,1.0,seq-blocked
254,1,0.0,seq-blocked
255,1,1.0,seq-blocked
256,1,1.0,seq-blocked
257,1,0.0,seq-blocked
258,1,0.0,seq-blocked
259,1,0.0,seq-blocked
260,1,0.0,seq-blocked
261,1,0.0,seq-blocked
262,1,0.0,seq-blocked
263,1,1.0,seq-blocked
264,1,1.0,seq-blocked
265,1,0.0,seq-blocked
266,1,1.0,seq-blocked
267,1,1.0,seq-blocked
268,1,1.0,seq-blocked
269,1,1.0,seq-blocked
270,1,1.0,seq-blocked
271,1,1.0,seq-blocked
272,1,1.0,seq-blocked
273,1,0.0,seq-blocked
274,1,1.0,seq-blocked
275,1,0.0,seq-blocked
276,1,0.0,seq-blocked
277,1,1.0,seq-blocked
278,1,1.0,seq-blocked
279,1,1.0,seq-blocked
280,1,1.0,seq-blocked
281,1,0.0,seq-blocked
282,1,0.0,seq-blocked
283,1,1.0,seq-blocked
284,1,1.0,seq-blocked
285,1,0.0,seq-blocked
286,1,0.0,seq-blocked
287,1,0.0,seq-blocked
288,1,1.0,seq-blocked
289,1,1.0,seq-blocked
290,1,1.0,seq-blocked
291,1,1.0,seq-blocked
292,1,1.0,seq-blocked
293,1,1.0,seq-blocked
294,1,0.0,seq-blocked
295,1,0.0,seq-blocked
296,1,1.0,seq-blocked
297,1,0.0,seq-blocked
298,1,1.0,seq-blocked
299,1,1.0,seq-blocked
300,1,1.0,seq-blocked
301,1,1.0,seq-blocked
302,1,0.0,seq-blocked
303,1,1.0,seq-blocked
304,1,1.0,seq-blocked
305,1,1.0,seq-blocked
306,1,1.0,seq-blocked
307,1,1.0,seq-blocked
308,1,1.0,seq-blocked
309,1,1.0,seq-blocked
310,1,1.0,seq-blocked
311,1,1.0,seq-blocked
312,1,0.0,seq-blocked
313,1,1.0,seq-blocked
314,1,0.0,seq-blocked
315,1,1.0,seq-blocked
316,1,0.0,seq-blocked
317,1,1.0,seq-blocked
318,1,1.0,seq-blocked
319,1,1.0,seq-blocked
320,1,1.0,seq-blocked
321,1,1.0,seq-blocked
322,1,1.0,seq-blocked
323,1,0.0,seq-blocked
324,1,0.0,seq-blocked
325,1,0.0,seq-blocked
326,1,1.0,seq-blocked
327,1,1.0,seq-blocked
328,1,1.0,seq-blocked
329,1,1.0,seq-blocked
330,1,1.0,seq-blocked
331,1,1.0,seq-blocked
332,1,1.0,seq-blocked
333,1,1.0,seq-blocked
334,1,0.0,seq-blocked
335,1,1.0,seq-blocked
336,1,0.0,seq-blocked
337,1,0.0,seq-blocked
338,1,1.0,seq-blocked
339,1,0.0,seq-blocked
340,1,1.0,seq-blocked
341,1,1.0,seq-blocked
342,1,0.0,seq-blocked
343,1,0.0,seq-blocked
344,1,1.0,seq-blocked
345,1,1.0,seq-blocked
346,1,1.0,seq-blocked
347,1,1.0,seq-blocked
348,1,0.0,seq-blocked
349,1,1.0,seq-blocked
350,1,1.0,seq-blocked
351,1,1.0,seq-blocked
352,1,1.0,seq-blocked
353,1,1.0,seq-blocked
354,1,1.0,seq-blocked
355,1,1.0,seq-blocked
356,1,0.0,seq-blocked
357,1,1.0,seq-blocked
358,1,1.0,seq-blocked
359,1,1.0,seq-blocked
360,1,0.0,seq-blocked
361,1,1.0,seq-blocked
362,1,0.0,seq-blocked
363,1,0.0,seq-blocked
364,1,1.0,seq-blocked
365,1,1.0,seq-blocked
366,1,1.0,seq-blocked
367,1,0.0,seq-blocked
368,1,0.0,seq-blocked
369,1,1.0,seq-blocked
370,1,1.0,seq-blocked
371,1,0.0,seq-blocked
372,1,1.0,seq-blocked
373,1,1.0,seq-blocked
374,1,0.0,seq-blocked
375,1,0.0,seq-blocked
376,1,1.0,seq-blocked
377,1,1.0,seq-blocked
378,1,0.0,seq-blocked
379,1,1.0,seq-blocked
0,2,0.0,seq-blocked
1,2,0.0,seq-blocked
2,2,0.0,seq-blocked
3,2,1.0,seq-blocked
4,2,1.0,seq-blocked
5,2,1.0,seq-blocked
6,2,0.0,seq-blocked
7,2,0.0,seq-blocked
8,2,1.0,seq-blocked
9,2,1.0,seq-blocked
10,2,0.0,seq-blocked
11,2,1.0,seq-blocked
12,2,1.0,seq-blocked
13,2,1.0,seq-blocked
14,2,1.0,seq-blocked
15,2,1.0,seq-blocked
16,2,1.0,seq-blocked
17,2,0.0,seq-blocked
18,2,0.0,seq-blocked
19,2,0.0,seq-blocked
20,2,0.0,seq-blocked
21,2,1.0,seq-blocked
22,2,1.0,seq-blocked
23,2,1.0,seq-blocked
24,2,0.0,seq-blocked
25,2,1.0,seq-blocked
26,2,0.0,seq-blocked
27,2,0.0,seq-blocked
28,2,0.0,seq-blocked
29,2,1.0,seq-blocked
30,2,1.0,seq-blocked
31,2,1.0,seq-blocked
32,2,1.0,seq-blocked
33,2,0.0,seq-blocked
34,2,0.0,seq-blocked
35,2,0.0,seq-blocked
36,2,1.0,seq-blocked
37,2,1.0,seq-blocked
38,2,1.0,seq-blocked
39,2,1.0,seq-blocked
40,2,1.0,seq-blocked
41,2,1.0,seq-blocked
42,2,1.0,seq-blocked
43,2,1.0,seq-blocked
44,2,1.0,seq-blocked
45,2,1.0,seq-blocked
46,2,0.0,seq-blocked
47,2,1.0,seq-blocked
48,2,1.0,seq-blocked
49,2,1.0,seq-blocked
50,2,0.0,seq-blocked
51,2,1.0,seq-blocked
52,2,1.0,seq-blocked
53,2,0.0,seq-blocked
54,2,0.0,seq-blocked
55,2,1.0,seq-blocked
56,2,0.0,seq-blocked
57,2,1.0,seq-blocked
58,2,1.0,seq-blocked
59,2,1.0,seq-blocked
60,2,1.0,seq-blocked
61,2,1.0,seq-blocked
62,2,0.0,seq-blocked
63,2,1.0,seq-blocked
64,2,0.0,seq-blocked
65,2,0.0,seq-blocked
66,2,0.0,seq-blocked
67,2,1.0,seq-blocked
68,2,0.0,seq-blocked
69,2,1.0,seq-blocked
70,2,1.0,seq-blocked
71,2,1.0,seq-blocked
72,2,1.0,seq-blocked
73,2,0.0,seq-blocked
74,2,1.0,seq-blocked
75,2,1.0,seq-blocked
76,2,1.0,seq-blocked
77,2,1.0,seq-blocked
78,2,1.0,seq-blocked
79,2,1.0,seq-blocked
80,2,0.0,seq-blocked
81,2,1.0,seq-blocked
82,2,1.0,seq-blocked
83,2,0.0,seq-blocked
84,2,0.0,seq-blocked
85,2,1.0,seq-blocked
86,2,1.0,seq-blocked
87,2,1.0,seq-blocked
88,2,1.0,seq-blocked
89,2,0.0,seq-blocked
90,2,0.0,seq-blocked
91,2,1.0,seq-blocked
92,2,0.0,seq-blocked
93,2,1.0,seq-blocked
94,2,1.0,seq-blocked
95,2,1.0,seq-blocked
96,2,1.0,seq-blocked
97,2,0.0,seq-blocked
98,2,1.0,seq-blocked
99,2,1.0,seq-blocked
100,2,0.0,seq-blocked
101,2,0.0,seq-blocked
102,2,1.0,seq-blocked
103,2,1.0,seq-blocked
104,2,0.0,seq-blocked
105,2,0.0,seq-blocked
106,2,1.0,seq-blocked
107,2,0.0,seq-blocked
108,2,0.0,seq-blocked
109,2,0.0,seq-blocked
110,2,1.0,seq-blocked
111,2,1.0,seq-blocked
112,2,1.0,seq-blocked
113,2,1.0,seq-blocked
114,2,0.0,seq-blocked
115,2,1.0,seq-blocked
116,2,1.0,seq-blocked
117,2,1.0,seq-blocked
118,2,1.0,seq-blocked
119,2,1.0,seq-blocked
120,2,0.0,seq-blocked
121,2,1.0,seq-blocked
122,2,1.0,seq-blocked
123,2,1.0,seq-blocked
124,2,0.0,seq-blocked
125,2,1.0,seq-blocked
126,2,1.0,seq-blocked
127,2,0.0,seq-blocked
128,2,1.0,seq-blocked
129,2,1.0,seq-blocked
130,2,1.0,seq-blocked
131,2,1.0,seq-blocked
132,2,0.0,seq-blocked
133,2,0.0,seq-blocked
134,2,1.0,seq-blocked
135,2,0.0,seq-blocked
136,2,1.0,seq-blocked
137,2,1.0,seq-blocked
138,2,1.0,seq-blocked
139,2,1.0,seq-blocked
140,2,0.0,seq-blocked
141,2,0.0,seq-blocked
142,2,0.0,seq-blocked
143,2,1.0,seq-blocked
144,2,0.0,seq-blocked
145,2,0.0,seq-blocked
146,2,0.0,seq-blocked
147,2,1.0,seq-blocked
148,2,1.0,seq-blocked
149,2,1.0,seq-blocked
150,2,0.0,seq-blocked
151,2,1.0,seq-blocked
152,2,1.0,seq-blocked
153,2,1.0,seq-blocked
154,2,0.0,seq-blocked
155,2,1.0,seq-blocked
156,2,1.0,seq-blocked
157,2,1.0,seq-blocked
158,2,1.0,seq-blocked
159,2,1.0,seq-blocked
160,2,0.0,seq-blocked
161,2,0.0,seq-blocked
162,2,1.0,seq-blocked
163,2,1.0,seq-blocked
164,2,0.0,seq-blocked
165,2,0.0,seq-blocked
166,2,1.0,seq-blocked
167,2,1.0,seq-blocked
168,2,1.0,seq-blocked
169,2,1.0,seq-blocked
170,2,1.0,seq-blocked
171,2,0.0,seq-blocked
172,2,0.0,seq-blocked
173,2,1.0,seq-blocked
174,2,0.0,seq-blocked
175,2,0.0,seq-blocked
176,2,0.0,seq-blocked
177,2,1.0,seq-blocked
178,2,1.0,seq-blocked
179,2,1.0,seq-blocked
180,2,1.0,seq-blocked
181,2,0.0,seq-blocked
182,2,0.0,seq-blocked
183,2,0.0,seq-blocked
184,2,0.0,seq-blocked
185,2,1.0,seq-blocked
186,2,1.0,seq-blocked
187,2,1.0,seq-blocked
188,2,1.0,seq-blocked
189,2,1.0,seq-blocked
190,2,0.0,seq-blocked
191,2,1.0,seq-blocked
192,2,1.0,seq-blocked
193,2,1.0,seq-blocked
194,2,0.0,seq-blocked
195,2,0.0,seq-blocked
196,2,1.0,seq-blocked
197,2,1.0,seq-blocked
198,2,0.0,seq-blocked
199,2,0.0,seq-blocked
200,2,1.0,seq-blocked
201,2,0.0,seq-blocked
202,2,1.0,seq-blocked
203,2,1.0,seq-blocked
204,2,1.0,seq-blocked
205,2,0.0,seq-blocked
206,2,1.0,seq-blocked
207,2,0.0,seq-blocked
208,2,1.0,seq-blocked
209,2,1.0,seq-blocked
210,2,0.0,seq-blocked
211,2,1.0,seq-blocked
212,2,0.0,seq-blocked
213,2,1.0,seq-blocked
214,2,1.0,seq-blocked
215,2,0.0,seq-blocked
216,2,1.0,seq-blocked
217,2,1.0,seq-blocked
218,2,1.0,seq-blocked
219,2,1.0,seq-blocked
220,2,0.0,seq-blocked
221,2,1.0,seq-blocked
222,2,1.0,seq-blocked
223,2,1.0,seq-blocked
224,2,1.0,seq-blocked
225,2,1.0,seq-blocked
226,2,0.0,seq-blocked
227,2,1.0,seq-blocked
228,2,1.0,seq-blocked
229,2,1.0,seq-blocked
230,2,1.0,seq-blocked
231,2,1.0,seq-blocked
232,2,1.0,seq-blocked
233,2,0.0,seq-blocked
234,2,0.0,seq-blocked
235,2,0.0,seq-blocked
236,2,1.0,seq-blocked
237,2,1.0,seq-blocked
238,2,1.0,seq-blocked
239,2,1.0,seq-blocked
240,2,1.0,seq-blocked
241,2,1.0,seq-blocked
242,2,1.0,seq-blocked
243,2,0.0,seq-blocked
244,2,1.0,seq-blocked
245,2,0.0,seq-blocked
246,2,1.0,seq-blocked
247,2,1.0,seq-blocked
248,2,1.0,seq-blocked
249,2,1.0,seq-blocked
250,2,0.0,seq-blocked
251,2,1.0,seq-blocked
252,2,1.0,seq-blocked
253,2,0.0,seq-blocked
254,2,1.0,seq-blocked
255,2,1.0,seq-blocked
256,2,1.0,seq-blocked
257,2,0.0,seq-blocked
258,2,0.0,seq-blocked
259,2,1.0,seq-blocked
260,2,1.0,seq-blocked
261,2,0.0,seq-blocked
262,2,1.0,seq-blocked
263,2,0.0,seq-blocked
264,2,0.0,seq-blocked
265,2,0.0,seq-blocked
266,2,1.0,seq-blocked
267,2,1.0,seq-blocked
268,2,1.0,seq-blocked
269,2,1.0,seq-blocked
270,2,1.0,seq-blocked
271,2,1.0,seq-blocked
272,2,1.0,seq-blocked
273,2,1.0,seq-blocked
274,2,0.0,seq-blocked
275,2,0.0,seq-blocked
276,2,1.0,seq-blocked
277,2,1.0,seq-blocked
278,2,0.0,seq-blocked
279,2,1.0,seq-blocked
280,2,0.0,seq-blocked
281,2,1.0,seq-blocked
282,2,1.0,seq-blocked
283,2,0.0,seq-blocked
284,2,1.0,seq-blocked
285,2,0.0,seq-blocked
286,2,1.0,seq-blocked
287,2,0.0,seq-blocked
288,2,0.0,seq-blocked
289,2,0.0,seq-blocked
290,2,0.0,seq-blocked
291,2,1.0,seq-blocked
292,2,0.0,seq-blocked
293,2,0.0,seq-blocked
294,2,1.0,seq-blocked
295,2,0.0,seq-blocked
296,2,1.0,seq-blocked
297,2,0.0,seq-blocked
298,2,1.0,seq-blocked
299,2,0.0,seq-blocked
300,2,1.0,seq-blocked
301,2,1.0,seq-blocked
302,2,1.0,seq-blocked
303,2,1.0,seq-blocked
304,2,1.0,seq-blocked
305,2,0.0,seq-blocked
306,2,0.0,seq-blocked
307,2,1.0,seq-blocked
308,2,0.0,seq-blocked
309,2,1.0,seq-blocked
310,2,1.0,seq-blocked
311,2,0.0,seq-blocked
312,2,1.0,seq-blocked
313,2,0.0,seq-blocked
314,2,1.0,seq-blocked
315,2,0.0,seq-blocked
316,2,1.0,seq-blocked
317,2,1.0,seq-blocked
318,2,1.0,seq-blocked
319,2,1.0,seq-blocked
320,2,1.0,seq-blocked
321,2,1.0,seq-blocked
322,2,1.0,seq-blocked
323,2,1.0,seq-blocked
324,2,0.0,seq-blocked
325,2,1.0,seq-blocked
326,2,1.0,seq-blocked
327,2,1.0,seq-blocked
328,2,1.0,seq-blocked
329,2,0.0,seq-blocked
330,2,1.0,seq-blocked
331,2,1.0,seq-blocked
332,2,1.0,seq-blocked
333,2,1.0,seq-blocked
334,2,1.0,seq-blocked
335,2,0.0,seq-blocked
336,2,1.0,seq-blocked
337,2,1.0,seq-blocked
338,2,1.0,seq-blocked
339,2,1.0,seq-blocked
340,2,1.0,seq-blocked
341,2,1.0,seq-blocked
342,2,0.0,seq-blocked
343,2,0.0,seq-blocked
344,2,0.0,seq-blocked
345,2,1.0,seq-blocked
346,2,0.0,seq-blocked
347,2,1.0,seq-blocked
348,2,1.0,seq-blocked
349,2,0.0,seq-blocked
350,2,0.0,seq-blocked
351,2,1.0,seq-blocked
352,2,0.0,seq-blocked
353,2,0.0,seq-blocked
354,2,0.0,seq-blocked
355,2,0.0,seq-blocked
356,2,0.0,seq-blocked
357,2,1.0,seq-blocked
358,2,0.0,seq-blocked
359,2,1.0,seq-blocked
360,2,1.0,seq-blocked
361,2,1.0,seq-blocked
362,2,0.0,seq-blocked
363,2,0.0,seq-blocked
364,2,1.0,seq-blocked
365,2,1.0,seq-blocked
366,2,0.0,seq-blocked
367,2,1.0,seq-blocked
368,2,1.0,seq-blocked
369,2,1.0,seq-blocked
370,2,0.0,seq-blocked
371,2,1.0,seq-blocked
372,2,1.0,seq-blocked
373,2,0.0,seq-blocked
374,2,1.0,seq-blocked
375,2,0.0,seq-blocked
376,2,0.0,seq-blocked
377,2,1.0,seq-blocked
378,2,1.0,seq-blocked
379,2,1.0,seq-blocked
0,3,1.0,seq-blocked
1,3,1.0,seq-blocked
2,3,1.0,seq-blocked
3,3,1.0,seq-blocked
4,3,0.0,seq-blocked
5,3,1.0,seq-blocked
6,3,0.0,seq-blocked
7,3,0.0,seq-blocked
8,3,1.0,seq-blocked
9,3,1.0,seq-blocked
10,3,1.0,seq-blocked
11,3,1.0,seq-blocked
12,3,1.0,seq-blocked
13,3,0.0,seq-blocked
14,3,1.0,seq-blocked
15,3,1.0,seq-blocked
16,3,1.0,seq-blocked
17,3,0.0,seq-blocked
18,3,0.0,seq-blocked
19,3,0.0,seq-blocked
20,3,1.0,seq-blocked
21,3,1.0,seq-blocked
22,3,1.0,seq-blocked
23,3,1.0,seq-blocked
24,3,1.0,seq-blocked
25,3,0.0,seq-blocked
26,3,0.0,seq-blocked
27,3,0.0,seq-blocked
28,3,1.0,seq-blocked
29,3,1.0,seq-blocked
30,3,1.0,seq-blocked
31,3,1.0,seq-blocked
32,3,1.0,seq-blocked
33,3,1.0,seq-blocked
34,3,0.0,seq-blocked
35,3,1.0,seq-blocked
36,3,0.0,seq-blocked
37,3,1.0,seq-blocked
38,3,1.0,seq-blocked
39,3,1.0,seq-blocked
40,3,1.0,seq-blocked
41,3,1.0,seq-blocked
42,3,1.0,seq-blocked
43,3,1.0,seq-blocked
44,3,1.0,seq-blocked
45,3,1.0,seq-blocked
46,3,0.0,seq-blocked
47,3,0.0,seq-blocked
48,3,1.0,seq-blocked
49,3,0.0,seq-blocked
50,3,1.0,seq-blocked
51,3,1.0,seq-blocked
52,3,1.0,seq-blocked
53,3,1.0,seq-blocked
54,3,1.0,seq-blocked
55,3,1.0,seq-blocked
56,3,0.0,seq-blocked
57,3,0.0,seq-blocked
58,3,1.0,seq-blocked
59,3,1.0,seq-blocked
60,3,0.0,seq-blocked
61,3,0.0,seq-blocked
62,3,1.0,seq-blocked
63,3,0.0,seq-blocked
64,3,1.0,seq-blocked
65,3,1.0,seq-blocked
66,3,0.0,seq-blocked
67,3,0.0,seq-blocked
68,3,0.0,seq-blocked
69,3,1.0,seq-blocked
70,3,1.0,seq-blocked
71,3,1.0,seq-blocked
72,3,0.0,seq-blocked
73,3,0.0,seq-blocked
74,3,0.0,seq-blocked
75,3,0.0,seq-blocked
76,3,1.0,seq-blocked
77,3,1.0,seq-blocked
78,3,1.0,seq-blocked
79,3,1.0,seq-blocked
80,3,0.0,seq-blocked
81,3,0.0,seq-blocked
82,3,1.0,seq-blocked
83,3,0.0,seq-blocked
84,3,0.0,seq-blocked
85,3,1.0,seq-blocked
86,3,0.0,seq-blocked
87,3,1.0,seq-blocked
88,3,1.0,seq-blocked
89,3,0.0,seq-blocked
90,3,0.0,seq-blocked
91,3,0.0,seq-blocked
92,3,1.0,seq-blocked
93,3,0.0,seq-blocked
94,3,1.0,seq-blocked
95,3,1.0,seq-blocked
96,3,1.0,seq-blocked
97,3,1.0,seq-blocked
98,3,1.0,seq-blocked
99,3,0.0,seq-blocked
100,3,1.0,seq-blocked
101,3,1.0,seq-blocked
102,3,0.0,seq-blocked
103,3,1.0,seq-blocked
104,3,0.0,seq-blocked
105,3,0.0,seq-blocked
106,3,1.0,seq-blocked
107,3,0.0,seq-blocked
108,3,0.0,seq-blocked
109,3,1.0,seq-blocked
110,3,1.0,seq-blocked
111,3,0.0,seq-blocked
112,3,1.0,seq-blocked
113,3,0.0,seq-blocked
114,3,1.0,seq-blocked
115,3,0.0,seq-blocked
116,3,1.0,seq-blocked
117,3,1.0,seq-blocked
118,3,1.0,seq-blocked
119,3,1.0,seq-blocked
120,3,1.0,seq-blocked
121,3,1.0,seq-blocked
122,3,1.0,seq-blocked
123,3,1.0,seq-blocked
124,3,1.0,seq-blocked
125,3,1.0,seq-blocked
126,3,1.0,seq-blocked
127,3,1.0,seq-blocked
128,3,1.0,seq-blocked
129,3,1.0,seq-blocked
130,3,0.0,seq-blocked
131,3,1.0,seq-blocked
132,3,1.0,seq-blocked
133,3,1.0,seq-blocked
134,3,0.0,seq-blocked
135,3,1.0,seq-blocked
136,3,0.0,seq-blocked
137,3,1.0,seq-blocked
138,3,1.0,seq-blocked
139,3,1.0,seq-blocked
140,3,1.0,seq-blocked
141,3,1.0,seq-blocked
142,3,0.0,seq-blocked
143,3,0.0,seq-blocked
144,3,0.0,seq-blocked
145,3,0.0,seq-blocked
146,3,0.0,seq-blocked
147,3,1.0,seq-blocked
148,3,1.0,seq-blocked
149,3,1.0,seq-blocked
150,3,0.0,seq-blocked
151,3,0.0,seq-blocked
152,3,0.0,seq-blocked
153,3,0.0,seq-blocked
154,3,1.0,seq-blocked
155,3,0.0,seq-blocked
156,3,1.0,seq-blocked
157,3,1.0,seq-blocked
158,3,1.0,seq-blocked
159,3,1.0,seq-blocked
160,3,0.0,seq-blocked
161,3,0.0,seq-blocked
162,3,0.0,seq-blocked
163,3,1.0,seq-blocked
164,3,1.0,seq-blocked
165,3,0.0,seq-blocked
166,3,1.0,seq-blocked
167,3,1.0,seq-blocked
168,3,1.0,seq-blocked
169,3,1.0,seq-blocked
170,3,1.0,seq-blocked
171,3,0.0,seq-blocked
172,3,1.0,seq-blocked
173,3,0.0,seq-blocked
174,3,0.0,seq-blocked
175,3,1.0,seq-blocked
176,3,1.0,seq-blocked
177,3,0.0,seq-blocked
178,3,1.0,seq-blocked
179,3,0.0,seq-blocked
180,3,1.0,seq-blocked
181,3,0.0,seq-blocked
182,3,1.0,seq-blocked
183,3,0.0,seq-blocked
184,3,1.0,seq-blocked
185,3,1.0,seq-blocked
186,3,1.0,seq-blocked
187,3,1.0,seq-blocked
188,3,1.0,seq-blocked
189,3,1.0,seq-blocked
190,3,1.0,seq-blocked
191,3,1.0,seq-blocked
192,3,1.0,seq-blocked
193,3,1.0,seq-blocked
194,3,1.0,seq-blocked
195,3,0.0,seq-blocked
196,3,1.0,seq-blocked
197,3,1.0,seq-blocked
198,3,0.0,seq-blocked
199,3,0.0,seq-blocked
200,3,1.0,seq-blocked
201,3,1.0,seq-blocked
202,3,1.0,seq-blocked
203,3,1.0,seq-blocked
204,3,0.0,seq-blocked
205,3,1.0,seq-blocked
206,3,1.0,seq-blocked
207,3,0.0,seq-blocked
208,3,1.0,seq-blocked
209,3,1.0,seq-blocked
210,3,1.0,seq-blocked
211,3,0.0,seq-blocked
212,3,1.0,seq-blocked
213,3,1.0,seq-blocked
214,3,1.0,seq-blocked
215,3,0.0,seq-blocked
216,3,1.0,seq-blocked
217,3,1.0,seq-blocked
218,3,1.0,seq-blocked
219,3,0.0,seq-blocked
220,3,1.0,seq-blocked
221,3,1.0,seq-blocked
222,3,1.0,seq-blocked
223,3,0.0,seq-blocked
224,3,1.0,seq-blocked
225,3,0.0,seq-blocked
226,3,0.0,seq-blocked
227,3,1.0,seq-blocked
228,3,0.0,seq-blocked
229,3,1.0,seq-blocked
230,3,0.0,seq-blocked
231,3,1.0,seq-blocked
232,3,1.0,seq-blocked
233,3,1.0,seq-blocked
234,3,1.0,seq-blocked
235,3,0.0,seq-blocked
236,3,1.0,seq-blocked
237,3,1.0,seq-blocked
238,3,0.0,seq-blocked
239,3,0.0,seq-blocked
240,3,1.0,seq-blocked
241,3,0.0,seq-blocked
242,3,1.0,seq-blocked
243,3,1.0,seq-blocked
244,3,1.0,seq-blocked
245,3,1.0,seq-blocked
246,3,1.0,seq-blocked
247,3,1.0,seq-blocked
248,3,1.0,seq-blocked
249,3,0.0,seq-blocked
250,3,1.0,seq-blocked
251,3,1.0,seq-blocked
252,3,0.0,seq-blocked
253,3,0.0,seq-blocked
254,3,0.0,seq-blocked
255,3,0.0,seq-blocked
256,3,1.0,seq-blocked
257,3,0.0,seq-blocked
258,3,0.0,seq-blocked
259,3,1.0,seq-blocked
260,3,0.0,seq-blocked
261,3,1.0,seq-blocked
262,3,1.0,seq-blocked
263,3,0.0,seq-blocked
264,3,1.0,seq-blocked
265,3,1.0,seq-blocked
266,3,1.0,seq-blocked
267,3,1.0,seq-blocked
268,3,1.0,seq-blocked
269,3,1.0,seq-blocked
270,3,1.0,seq-blocked
271,3,0.0,seq-blocked
272,3,1.0,seq-blocked
273,3,1.0,seq-blocked
274,3,1.0,seq-blocked
275,3,0.0,seq-blocked
276,3,0.0,seq-blocked
277,3,0.0,seq-blocked
278,3,1.0,seq-blocked
279,3,0.0,seq-blocked
280,3,0.0,seq-blocked
281,3,1.0,seq-blocked
282,3,1.0,seq-blocked
283,3,0.0,seq-blocked
284,3,0.0,seq-blocked
285,3,1.0,seq-blocked
286,3,1.0,seq-blocked
287,3,1.0,seq-blocked
288,3,1.0,seq-blocked
289,3,0.0,seq-blocked
290,3,1.0,seq-blocked
291,3,0.0,seq-blocked
292,3,1.0,seq-blocked
293,3,1.0,seq-blocked
294,3,1.0,seq-blocked
295,3,1.0,seq-blocked
296,3,0.0,seq-blocked
297,3,0.0,seq-blocked
298,3,0.0,seq-blocked
299,3,1.0,seq-blocked
300,3,1.0,seq-blocked
301,3,0.0,seq-blocked
302,3,1.0,seq-blocked
303,3,1.0,seq-blocked
304,3,1.0,seq-blocked
305,3,0.0,seq-blocked
306,3,0.0,seq-blocked
307,3,0.0,seq-blocked
308,3,1.0,seq-blocked
309,3,1.0,seq-blocked
310,3,1.0,seq-blocked
311,3,1.0,seq-blocked
312,3,1.0,seq-blocked
313,3,1.0,seq-blocked
314,3,1.0,seq-blocked
315,3,1.0,seq-blocked
316,3,1.0,seq-blocked
317,3,0.0,seq-blocked
318,3,1.0,seq-blocked
319,3,1.0,seq-blocked
320,3,0.0,seq-blocked
321,3,1.0,seq-blocked
322,3,1.0,seq-blocked
323,3,1.0,seq-blocked
324,3,1.0,seq-blocked
325,3,1.0,seq-blocked
326,3,1.0,seq-blocked
327,3,1.0,seq-blocked
328,3,1.0,seq-blocked
329,3,0.0,seq-blocked
330,3,1.0,seq-blocked
331,3,1.0,seq-blocked
332,3,1.0,seq-blocked
333,3,0.0,seq-blocked
334,3,1.0,seq-blocked
335,3,1.0,seq-blocked
336,3,0.0,seq-blocked
337,3,1.0,seq-blocked
338,3,1.0,seq-blocked
339,3,1.0,seq-blocked
340,3,1.0,seq-blocked
341,3,0.0,seq-blocked
342,3,1.0,seq-blocked
343,3,1.0,seq-blocked
344,3,1.0,seq-blocked
345,3,1.0,seq-blocked
346,3,1.0,seq-blocked
347,3,0.0,seq-blocked
348,3,1.0,seq-blocked
349,3,1.0,seq-blocked
350,3,1.0,seq-blocked
351,3,1.0,seq-blocked
352,3,1.0,seq-blocked
353,3,1.0,seq-blocked
354,3,1.0,seq-blocked
355,3,0.0,seq-blocked
356,3,1.0,seq-blocked
357,3,0.0,seq-blocked
358,3,1.0,seq-blocked
359,3,1.0,seq-blocked
360,3,1.0,seq-blocked
361,3,1.0,seq-blocked
362,3,0.0,seq-blocked
363,3,0.0,seq-blocked
364,3,1.0,seq-blocked
365,3,0.0,seq-blocked
366,3,1.0,seq-blocked
367,3,0.0,seq-blocked
368,3,0.0,seq-blocked
369,3,1.0,seq-blocked
370,3,1.0,seq-blocked
371,3,0.0,seq-blocked
372,3,1.0,seq-blocked
373,3,0.0,seq-blocked
374,3,1.0,seq-blocked
375,3,1.0,seq-blocked
376,3,1.0,seq-blocked
377,3,1.0,seq-blocked
378,3,1.0,seq-blocked
379,3,1.0,seq-blocked
0,4,1.0,seq-blocked
1,4,1.0,seq-blocked
2,4,1.0,seq-blocked
3,4,1.0,seq-blocked
4,4,0.0,seq-blocked
5,4,0.0,seq-blocked
6,4,0.0,seq-blocked
7,4,0.0,seq-blocked
8,4,0.0,seq-blocked
9,4,1.0,seq-blocked
10,4,1.0,seq-blocked
11,4,1.0,seq-blocked
12,4,1.0,seq-blocked
13,4,1.0,seq-blocked
14,4,1.0,seq-blocked
15,4,0.0,seq-blocked
16,4,1.0,seq-blocked
17,4,0.0,seq-blocked
18,4,0.0,seq-blocked
19,4,1.0,seq-blocked
20,4,0.0,seq-blocked
21,4,1.0,seq-blocked
22,4,1.0,seq-blocked
23,4,0.0,seq-blocked
24,4,0.0,seq-blocked
25,4,1.0,seq-blocked
26,4,0.0,seq-blocked
27,4,1.0,seq-blocked
28,4,0.0,seq-blocked
29,4,1.0,seq-blocked
30,4,1.0,seq-blocked
31,4,0.0,seq-blocked
32,4,1.0,seq-blocked
33,4,0.0,seq-blocked
34,4,1.0,seq-blocked
35,4,1.0,seq-blocked
36,4,1.0,seq-blocked
37,4,0.0,seq-blocked
38,4,1.0,seq-blocked
39,4,1.0,seq-blocked
40,4,1.0,seq-blocked
41,4,1.0,seq-blocked
42,4,0.0,seq-blocked
43,4,1.0,seq-blocked
44,4,1.0,seq-blocked
45,4,1.0,seq-blocked
46,4,1.0,seq-blocked
47,4,1.0,seq-blocked
48,4,1.0,seq-blocked
49,4,0.0,seq-blocked
50,4,1.0,seq-blocked
51,4,1.0,seq-blocked
52,4,0.0,seq-blocked
53,4,0.0,seq-blocked
54,4,1.0,seq-blocked
55,4,1.0,seq-blocked
56,4,0.0,seq-blocked
57,4,0.0,seq-blocked
58,4,1.0,seq-blocked
59,4,1.0,seq-blocked
60,4,1.0,seq-blocked
61,4,1.0,seq-blocked
62,4,1.0,seq-blocked
63,4,1.0,seq-blocked
64,4,0.0,seq-blocked
65,4,0.0,seq-blocked
66,4,1.0,seq-blocked
67,4,1.0,seq-blocked
68,4,0.0,seq-blocked
69,4,1.0,seq-blocked
70,4,1.0,seq-blocked
71,4,1.0,seq-blocked
72,4,1.0,seq-blocked
73,4,1.0,seq-blocked
74,4,0.0,seq-blocked
75,4,0.0,seq-blocked
76,4,1.0,seq-blocked
77,4,1.0,seq-blocked
78,4,1.0,seq-blocked
79,4,1.0,seq-blocked
80,4,0.0,seq-blocked
81,4,1.0,seq-blocked
82,4,1.0,seq-blocked
83,4,0.0,seq-blocked
84,4,0.0,seq-blocked
85,4,1.0,seq-blocked
86,4,1.0,seq-blocked
87,4,0.0,seq-blocked
88,4,1.0,seq-blocked
89,4,0.0,seq-blocked
90,4,1.0,seq-blocked
91,4,1.0,seq-blocked
92,4,1.0,seq-blocked
93,4,1.0,seq-blocked
94,4,0.0,seq-blocked
95,4,0.0,seq-blocked
96,4,0.0,seq-blocked
97,4,0.0,seq-blocked
98,4,0.0,seq-blocked
99,4,0.0,seq-blocked
100,4,1.0,seq-blocked
101,4,0.0,seq-blocked
102,4,1.0,seq-blocked
103,4,1.0,seq-blocked
104,4,0.0,seq-blocked
105,4,1.0,seq-blocked
106,4,1.0,seq-blocked
107,4,1.0,seq-blocked
108,4,1.0,seq-blocked
109,4,0.0,seq-blocked
110,4,0.0,seq-blocked
111,4,1.0,seq-blocked
112,4,0.0,seq-blocked
113,4,1.0,seq-blocked
114,4,0.0,seq-blocked
115,4,1.0,seq-blocked
116,4,1.0,seq-blocked
117,4,1.0,seq-blocked
118,4,0.0,seq-blocked
119,4,1.0,seq-blocked
120,4,0.0,seq-blocked
121,4,1.0,seq-blocked
122,4,1.0,seq-blocked
123,4,0.0,seq-blocked
124,4,1.0,seq-blocked
125,4,0.0,seq-blocked
126,4,0.0,seq-blocked
127,4,0.0,seq-blocked
128,4,1.0,seq-blocked
129,4,1.0,seq-blocked
130,4,1.0,seq-blocked
131,4,1.0,seq-blocked
132,4,1.0,seq-blocked
133,4,0.0,seq-blocked
134,4,0.0,seq-blocked
135,4,0.0,seq-blocked
136,4,1.0,seq-blocked
137,4,1.0,seq-blocked
138,4,1.0,seq-blocked
139,4,0.0,seq-blocked
140,4,1.0,seq-blocked
141,4,1.0,seq-blocked
142,4,1.0,seq-blocked
143,4,1.0,seq-blocked
144,4,1.0,seq-blocked
145,4,0.0,seq-blocked
146,4,0.0,seq-blocked
147,4,0.0,seq-blocked
148,4,1.0,seq-blocked
149,4,0.0,seq-blocked
150,4,1.0,seq-blocked
151,4,1.0,seq-blocked
152,4,1.0,seq-blocked
153,4,0.0,seq-blocked
154,4,1.0,seq-blocked
155,4,1.0,seq-blocked
156,4,1.0,seq-blocked
157,4,1.0,seq-blocked
158,4,1.0,seq-blocked
159,4,1.0,seq-blocked
160,4,0.0,seq-blocked
161,4,0.0,seq-blocked
162,4,1.0,seq-blocked
163,4,0.0,seq-blocked
164,4,0.0,seq-blocked
165,4,1.0,seq-blocked
166,4,0.0,seq-blocked
167,4,1.0,seq-blocked
168,4,1.0,seq-blocked
169,4,0.0,seq-blocked
170,4,0.0,seq-blocked
171,4,0.0,seq-blocked
172,4,0.0,seq-blocked
173,4,1.0,seq-blocked
174,4,0.0,seq-blocked
175,4,1.0,seq-blocked
176,4,0.0,seq-blocked
177,4,0.0,seq-blocked
178,4,1.0,seq-blocked
179,4,1.0,seq-blocked
180,4,1.0,seq-blocked
181,4,1.0,seq-blocked
182,4,1.0,seq-blocked
183,4,0.0,seq-blocked
184,4,1.0,seq-blocked
185,4,1.0,seq-blocked
186,4,1.0,seq-blocked
187,4,1.0,seq-blocked
188,4,1.0,seq-blocked
189,4,1.0,seq-blocked
190,4,1.0,seq-blocked
191,4,0.0,seq-blocked
192,4,1.0,seq-blocked
193,4,1.0,seq-blocked
194,4,1.0,seq-blocked
195,4,1.0,seq-blocked
196,4,0.0,seq-blocked
197,4,0.0,seq-blocked
198,4,0.0,seq-blocked
199,4,0.0,seq-blocked
200,4,1.0,seq-blocked
201,4,1.0,seq-blocked
202,4,1.0,seq-blocked
203,4,1.0,seq-blocked
204,4,1.0,seq-blocked
205,4,1.0,seq-blocked
206,4,0.0,seq-blocked
207,4,0.0,seq-blocked
208,4,1.0,seq-blocked
209,4,1.0,seq-blocked
210,4,1.0,seq-blocked
211,4,1.0,seq-blocked
212,4,1.0,seq-blocked
213,4,0.0,seq-blocked
214,4,1.0,seq-blocked
215,4,1.0,seq-blocked
216,4,0.0,seq-blocked
217,4,1.0,seq-blocked
218,4,0.0,seq-blocked
219,4,1.0,seq-blocked
220,4,0.0,seq-blocked
221,4,0.0,seq-blocked
222,4,1.0,seq-blocked
223,4,1.0,seq-blocked
224,4,0.0,seq-blocked
225,4,0.0,seq-blocked
226,4,0.0,seq-blocked
227,4,0.0,seq-blocked
228,4,0.0,seq-blocked
229,4,1.0,seq-blocked
230,4,1.0,seq-blocked
231,4,1.0,seq-blocked
232,4,0.0,seq-blocked
233,4,0.0,seq-blocked
234,4,0.0,seq-blocked
235,4,1.0,seq-blocked
236,4,0.0,seq-blocked
237,4,1.0,seq-blocked
238,4,1.0,seq-blocked
239,4,0.0,seq-blocked
240,4,1.0,seq-blocked
241,4,0.0,seq-blocked
242,4,1.0,seq-blocked
243,4,1.0,seq-blocked
244,4,0.0,seq-blocked
245,4,1.0,seq-blocked
246,4,1.0,seq-blocked
247,4,1.0,seq-blocked
248,4,1.0,seq-blocked
249,4,0.0,seq-blocked
250,4,1.0,seq-blocked
251,4,0.0,seq-blocked
252,4,0.0,seq-blocked
253,4,1.0,seq-blocked
254,4,0.0,seq-blocked
255,4,0.0,seq-blocked
256,4,0.0,seq-blocked
257,4,1.0,seq-blocked
258,4,1.0,seq-blocked
259,4,0.0,seq-blocked
260,4,1.0,seq-blocked
261,4,1.0,seq-blocked
262,4,1.0,seq-blocked
263,4,1.0,seq-blocked
264,4,1.0,seq-blocked
265,4,1.0,seq-blocked
266,4,1.0,seq-blocked
267,4,0.0,seq-blocked
268,4,1.0,seq-blocked
269,4,1.0,seq-blocked
270,4,1.0,seq-blocked
271,4,1.0,seq-blocked
272,4,0.0,seq-blocked
273,4,0.0,seq-blocked
274,4,1.0,seq-blocked
275,4,1.0,seq-blocked
276,4,1.0,seq-blocked
277,4,1.0,seq-blocked
278,4,1.0,seq-blocked
279,4,1.0,seq-blocked
280,4,1.0,seq-blocked
281,4,1.0,seq-blocked
282,4,1.0,seq-blocked
283,4,1.0,seq-blocked
284,4,1.0,seq-blocked
285,4,0.0,seq-blocked
286,4,1.0,seq-blocked
287,4,0.0,seq-blocked
288,4,1.0,seq-blocked
289,4,1.0,seq-blocked
290,4,0.0,seq-blocked
291,4,1.0,seq-blocked
292,4,1.0,seq-blocked
293,4,1.0,seq-blocked
294,4,0.0,seq-blocked
295,4,0.0,seq-blocked
296,4,1.0,seq-blocked
297,4,1.0,seq-blocked
298,4,1.0,seq-blocked
299,4,1.0,seq-blocked
300,4,1.0,seq-blocked
301,4,0.0,seq-blocked
302,4,1.0,seq-blocked
303,4,1.0,seq-blocked
304,4,1.0,seq-blocked
305,4,1.0,seq-blocked
306,4,0.0,seq-blocked
307,4,0.0,seq-blocked
308,4,1.0,seq-blocked
309,4,0.0,seq-blocked
310,4,0.0,seq-blocked
311,4,0.0,seq-blocked
312,4,0.0,seq-blocked
313,4,1.0,seq-blocked
314,4,0.0,seq-blocked
315,4,1.0,seq-blocked
316,4,1.0,seq-blocked
317,4,1.0,seq-blocked
318,4,0.0,seq-blocked
319,4,1.0,seq-blocked
320,4,0.0,seq-blocked
321,4,0.0,seq-blocked
322,4,1.0,seq-blocked
323,4,0.0,seq-blocked
324,4,1.0,seq-blocked
325,4,0.0,seq-blocked
326,4,0.0,seq-blocked
327,4,1.0,seq-blocked
328,4,1.0,seq-blocked
329,4,1.0,seq-blocked
330,4,1.0,seq-blocked
331,4,0.0,seq-blocked
332,4,1.0,seq-blocked
333,4,1.0,seq-blocked
334,4,1.0,seq-blocked
335,4,1.0,seq-blocked
336,4,1.0,seq-blocked
337,4,0.0,seq-blocked
338,4,0.0,seq-blocked
339,4,0.0,seq-blocked
340,4,0.0,seq-blocked
341,4,0.0,seq-blocked
342,4,1.0,seq-blocked
343,4,1.0,seq-blocked
344,4,1.0,seq-blocked
345,4,0.0,seq-blocked
346,4,1.0,seq-blocked
347,4,1.0,seq-blocked
348,4,1.0,seq-blocked
349,4,1.0,seq-blocked
350,4,1.0,seq-blocked
351,4,1.0,seq-blocked
352,4,1.0,seq-blocked
353,4,1.0,seq-blocked
354,4,0.0,seq-blocked
355,4,0.0,seq-blocked
356,4,1.0,seq-blocked
357,4,1.0,seq-blocked
358,4,0.0,seq-blocked
359,4,1.0,seq-blocked
360,4,1.0,seq-blocked
361,4,1.0,seq-blocked
362,4,0.0,seq-blocked
363,4,1.0,seq-blocked
364,4,1.0,seq-blocked
365,4,0.0,seq-blocked
366,4,1.0,seq-blocked
367,4,1.0,seq-blocked
368,4,1.0,seq-blocked
369,4,1.0,seq-blocked
370,4,0.0,seq-blocked
371,4,0.0,seq-blocked
372,4,0.0,seq-blocked
373,4,1.0,seq-blocked
374,4,1.0,seq-blocked
375,4,0.0,seq-blocked
376,4,1.0,seq-blocked
377,4,1.0,seq-blocked
378,4,1.0,seq-blocked
379,4,1.0,seq-blocked
0,5,1.0,seq-blocked
1,5,1.0,seq-blocked
2,5,1.0,seq-blocked
3,5,1.0,seq-blocked
4,5,0.0,seq-blocked
5,5,0.0,seq-blocked
6,5,0.0,seq-blocked
7,5,0.0,seq-blocked
8,5,0.0,seq-blocked
9,5,1.0,seq-blocked
10,5,1.0,seq-blocked
11,5,1.0,seq-blocked
12,5,1.0,seq-blocked
13,5,1.0,seq-blocked
14,5,1.0,seq-blocked
15,5,1.0,seq-blocked
16,5,1.0,seq-blocked
17,5,0.0,seq-blocked
18,5,1.0,seq-blocked
19,5,1.0,seq-blocked
20,5,1.0,seq-blocked
21,5,1.0,seq-blocked
22,5,0.0,seq-blocked
23,5,0.0,seq-blocked
24,5,1.0,seq-blocked
25,5,0.0,seq-blocked
26,5,0.0,seq-blocked
27,5,1.0,seq-blocked
28,5,0.0,seq-blocked
29,5,1.0,seq-blocked
30,5,1.0,seq-blocked
31,5,1.0,seq-blocked
32,5,1.0,seq-blocked
33,5,0.0,seq-blocked
34,5,0.0,seq-blocked
35,5,0.0,seq-blocked
36,5,1.0,seq-blocked
37,5,1.0,seq-blocked
38,5,1.0,seq-blocked
39,5,1.0,seq-blocked
40,5,0.0,seq-blocked
41,5,1.0,seq-blocked
42,5,1.0,seq-blocked
43,5,0.0,seq-blocked
44,5,0.0,seq-blocked
45,5,0.0,seq-blocked
46,5,1.0,seq-blocked
47,5,0.0,seq-blocked
48,5,1.0,seq-blocked
49,5,1.0,seq-blocked
50,5,0.0,seq-blocked
51,5,1.0,seq-blocked
52,5,1.0,seq-blocked
53,5,1.0,seq-blocked
54,5,1.0,seq-blocked
55,5,0.0,seq-blocked
56,5,0.0,seq-blocked
57,5,1.0,seq-blocked
58,5,0.0,seq-blocked
59,5,0.0,seq-blocked
60,5,1.0,seq-blocked
61,5,1.0,seq-blocked
62,5,0.0,seq-blocked
63,5,0.0,seq-blocked
64,5,0.0,seq-blocked
65,5,0.0,seq-blocked
66,5,1.0,seq-blocked
67,5,1.0,seq-blocked
68,5,1.0,seq-blocked
69,5,1.0,seq-blocked
70,5,1.0,seq-blocked
71,5,1.0,seq-blocked
72,5,1.0,seq-blocked
73,5,1.0,seq-blocked
74,5,0.0,seq-blocked
75,5,0.0,seq-blocked
76,5,1.0,seq-blocked
77,5,1.0,seq-blocked
78,5,0.0,seq-blocked
79,5,1.0,seq-blocked
80,5,0.0,seq-blocked
81,5,0.0,seq-blocked
82,5,0.0,seq-blocked
83,5,1.0,seq-blocked
84,5,1.0,seq-blocked
85,5,1.0,seq-blocked
86,5,1.0,seq-blocked
87,5,0.0,seq-blocked
88,5,1.0,seq-blocked
89,5,0.0,seq-blocked
90,5,1.0,seq-blocked
91,5,1.0,seq-blocked
92,5,0.0,seq-blocked
93,5,0.0,seq-blocked
94,5,1.0,seq-blocked
95,5,0.0,seq-blocked
96,5,1.0,seq-blocked
97,5,0.0,seq-blocked
98,5,0.0,seq-blocked
99,5,1.0,seq-blocked
100,5,1.0,seq-blocked
101,5,1.0,seq-blocked
102,5,1.0,seq-blocked
103,5,1.0,seq-blocked
104,5,0.0,seq-blocked
105,5,0.0,seq-blocked
106,5,0.0,seq-blocked
107,5,1.0,seq-blocked
108,5,1.0,seq-blocked
109,5,1.0,seq-blocked
110,5,1.0,seq-blocked
111,5,0.0,seq-blocked
112,5,1.0,seq-blocked
113,5,0.0,seq-blocked
114,5,1.0,seq-blocked
115,5,0.0,seq-blocked
116,5,1.0,seq-blocked
117,5,1.0,seq-blocked
118,5,0.0,seq-blocked
119,5,1.0,seq-blocked
120,5,1.0,seq-blocked
121,5,1.0,seq-blocked
122,5,1.0,seq-blocked
123,5,0.0,seq-blocked
124,5,1.0,seq-blocked
125,5,1.0,seq-blocked
126,5,0.0,seq-blocked
127,5,0.0,seq-blocked
128,5,1.0,seq-blocked
129,5,0.0,seq-blocked
130,5,1.0,seq-blocked
131,5,1.0,seq-blocked
132,5,1.0,seq-blocked
133,5,1.0,seq-blocked
134,5,0.0,seq-blocked
135,5,1.0,seq-blocked
136,5,1.0,seq-blocked
137,5,0.0,seq-blocked
138,5,0.0,seq-blocked
139,5,1.0,seq-blocked
140,5,0.0,seq-blocked
141,5,1.0,seq-blocked
142,5,0.0,seq-blocked
143,5,1.0,seq-blocked
144,5,1.0,seq-blocked
145,5,0.0,seq-blocked
146,5,1.0,seq-blocked
147,5,0.0,seq-blocked
148,5,1.0,seq-blocked
149,5,0.0,seq-blocked
150,5,1.0,seq-blocked
151,5,1.0,seq-blocked
152,5,0.0,seq-blocked
153,5,0.0,seq-blocked
154,5,1.0,seq-blocked
155,5,1.0,seq-blocked
156,5,1.0,seq-blocked
157,5,0.0,seq-blocked
158,5,1.0,seq-blocked
159,5,0.0,seq-blocked
160,5,1.0,seq-blocked
161,5,1.0,seq-blocked
162,5,1.0,seq-blocked
163,5,1.0,seq-blocked
164,5,0.0,seq-blocked
165,5,1.0,seq-blocked
166,5,1.0,seq-blocked
167,5,0.0,seq-blocked
168,5,0.0,seq-blocked
169,5,1.0,seq-blocked
170,5,1.0,seq-blocked
171,5,0.0,seq-blocked
172,5,0.0,seq-blocked
173,5,0.0,seq-blocked
174,5,0.0,seq-blocked
175,5,1.0,seq-blocked
176,5,0.0,seq-blocked
177,5,0.0,seq-blocked
178,5,1.0,seq-blocked
179,5,1.0,seq-blocked
180,5,1.0,seq-blocked
181,5,1.0,seq-blocked
182,5,1.0,seq-blocked
183,5,0.0,seq-blocked
184,5,1.0,seq-blocked
185,5,1.0,seq-blocked
186,5,1.0,seq-blocked
187,5,1.0,seq-blocked
188,5,1.0,seq-blocked
189,5,1.0,seq-blocked
190,5,0.0,seq-blocked
191,5,1.0,seq-blocked
192,5,1.0,seq-blocked
193,5,1.0,seq-blocked
194,5,0.0,seq-blocked
195,5,1.0,seq-blocked
196,5,1.0,seq-blocked
197,5,1.0,seq-blocked
198,5,0.0,seq-blocked
199,5,1.0,seq-blocked
200,5,0.0,seq-blocked
201,5,1.0,seq-blocked
202,5,1.0,seq-blocked
203,5,1.0,seq-blocked
204,5,0.0,seq-blocked
205,5,1.0,seq-blocked
206,5,0.0,seq-blocked
207,5,1.0,seq-blocked
208,5,1.0,seq-blocked
209,5,1.0,seq-blocked
210,5,1.0,seq-blocked
211,5,0.0,seq-blocked
212,5,0.0,seq-blocked
213,5,1.0,seq-blocked
214,5,1.0,seq-blocked
215,5,1.0,seq-blocked
216,5,1.0,seq-blocked
217,5,1.0,seq-blocked
218,5,0.0,seq-blocked
219,5,1.0,seq-blocked
220,5,0.0,seq-blocked
221,5,1.0,seq-blocked
222,5,0.0,seq-blocked
223,5,1.0,seq-blocked
224,5,0.0,seq-blocked
225,5,0.0,seq-blocked
226,5,1.0,seq-blocked
227,5,0.0,seq-blocked
228,5,1.0,seq-blocked
229,5,1.0,seq-blocked
230,5,1.0,seq-blocked
231,5,1.0,seq-blocked
232,5,1.0,seq-blocked
233,5,1.0,seq-blocked
234,5,1.0,seq-blocked
235,5,0.0,seq-blocked
236,5,0.0,seq-blocked
237,5,1.0,seq-blocked
238,5,1.0,seq-blocked
239,5,1.0,seq-blocked
240,5,0.0,seq-blocked
241,5,1.0,seq-blocked
242,5,1.0,seq-blocked
243,5,0.0,seq-blocked
244,5,1.0,seq-blocked
245,5,1.0,seq-blocked
246,5,1.0,seq-blocked
247,5,1.0,seq-blocked
248,5,0.0,seq-blocked
249,5,0.0,seq-blocked
250,5,0.0,seq-blocked
251,5,1.0,seq-blocked
252,5,1.0,seq-blocked
253,5,0.0,seq-blocked
254,5,0.0,seq-blocked
255,5,1.0,seq-blocked
256,5,1.0,seq-blocked
257,5,1.0,seq-blocked
258,5,1.0,seq-blocked
259,5,1.0,seq-blocked
260,5,1.0,seq-blocked
261,5,1.0,seq-blocked
262,5,0.0,seq-blocked
263,5,1.0,seq-blocked
264,5,1.0,seq-blocked
265,5,1.0,seq-blocked
266,5,1.0,seq-blocked
267,5,0.0,seq-blocked
268,5,0.0,seq-blocked
269,5,1.0,seq-blocked
270,5,1.0,seq-blocked
271,5,1.0,seq-blocked
272,5,0.0,seq-blocked
273,5,0.0,seq-blocked
274,5,0.0,seq-blocked
275,5,1.0,seq-blocked
276,5,1.0,seq-blocked
277,5,1.0,seq-blocked
278,5,1.0,seq-blocked
279,5,1.0,seq-blocked
280,5,1.0,seq-blocked
281,5,1.0,seq-blocked
282,5,0.0,seq-blocked
283,5,0.0,seq-blocked
284,5,1.0,seq-blocked
285,5,1.0,seq-blocked
286,5,0.0,seq-blocked
287,5,0.0,seq-blocked
288,5,1.0,seq-blocked
289,5,1.0,seq-blocked
290,5,1.0,seq-blocked
291,5,1.0,seq-blocked
292,5,1.0,seq-blocked
293,5,1.0,seq-blocked
294,5,0.0,seq-blocked
295,5,1.0,seq-blocked
296,5,0.0,seq-blocked
297,5,0.0,seq-blocked
298,5,1.0,seq-blocked
299,5,1.0,seq-blocked
300,5,1.0,seq-blocked
301,5,1.0,seq-blocked
302,5,1.0,seq-blocked
303,5,1.0,seq-blocked
304,5,0.0,seq-blocked
305,5,0.0,seq-blocked
306,5,0.0,seq-blocked
307,5,0.0,seq-blocked
308,5,0.0,seq-blocked
309,5,1.0,seq-blocked
310,5,1.0,seq-blocked
311,5,1.0,seq-blocked
312,5,0.0,seq-blocked
313,5,0.0,seq-blocked
314,5,1.0,seq-blocked
315,5,0.0,seq-blocked
316,5,1.0,seq-blocked
317,5,1.0,seq-blocked
318,5,0.0,seq-blocked
319,5,0.0,seq-blocked
320,5,0.0,seq-blocked
321,5,1.0,seq-blocked
322,5,0.0,seq-blocked
323,5,1.0,seq-blocked
324,5,1.0,seq-blocked
325,5,0.0,seq-blocked
326,5,1.0,seq-blocked
327,5,1.0,seq-blocked
328,5,1.0,seq-blocked
329,5,0.0,seq-blocked
330,5,1.0,seq-blocked
331,5,1.0,seq-blocked
332,5,1.0,seq-blocked
333,5,1.0,seq-blocked
334,5,1.0,seq-blocked
335,5,0.0,seq-blocked
336,5,1.0,seq-blocked
337,5,1.0,seq-blocked
338,5,0.0,seq-blocked
339,5,1.0,seq-blocked
340,5,1.0,seq-blocked
341,5,1.0,seq-blocked
342,5,0.0,seq-blocked
343,5,0.0,seq-blocked
344,5,0.0,seq-blocked
345,5,1.0,seq-blocked
346,5,1.0,seq-blocked
347,5,1.0,seq-blocked
348,5,1.0,seq-blocked
349,5,1.0,seq-blocked
350,5,1.0,seq-blocked
351,5,1.0,seq-blocked
352,5,1.0,seq-blocked
353,5,1.0,seq-blocked
354,5,0.0,seq-blocked
355,5,1.0,seq-blocked
356,5,1.0,seq-blocked
357,5,1.0,seq-blocked
358,5,1.0,seq-blocked
359,5,1.0,seq-blocked
360,5,1.0,seq-blocked
361,5,0.0,seq-blocked
362,5,0.0,seq-blocked
363,5,1.0,seq-blocked
364,5,1.0,seq-blocked
365,5,0.0,seq-blocked
366,5,1.0,seq-blocked
367,5,1.0,seq-blocked
368,5,1.0,seq-blocked
369,5,0.0,seq-blocked
370,5,1.0,seq-blocked
371,5,1.0,seq-blocked
372,5,0.0,seq-blocked
373,5,1.0,seq-blocked
374,5,1.0,seq-blocked
375,5,1.0,seq-blocked
376,5,1.0,seq-blocked
377,5,1.0,seq-blocked
378,5,0.0,seq-blocked
379,5,1.0,seq-blocked
0,6,1.0,seq-blocked
1,6,0.0,seq-blocked
2,6,1.0,seq-blocked
3,6,0.0,seq-blocked
4,6,0.0,seq-blocked
5,6,0.0,seq-blocked
6,6,0.0,seq-blocked
7,6,1.0,seq-blocked
8,6,1.0,seq-blocked
9,6,1.0,seq-blocked
10,6,0.0,seq-blocked
11,6,1.0,seq-blocked
12,6,1.0,seq-blocked
13,6,1.0,seq-blocked
14,6,1.0,seq-blocked
15,6,0.0,seq-blocked
16,6,0.0,seq-blocked
17,6,1.0,seq-blocked
18,6,1.0,seq-blocked
19,6,0.0,seq-blocked
20,6,1.0,seq-blocked
21,6,1.0,seq-blocked
22,6,1.0,seq-blocked
23,6,1.0,seq-blocked
24,6,0.0,seq-blocked
25,6,1.0,seq-blocked
26,6,0.0,seq-blocked
27,6,1.0,seq-blocked
28,6,1.0,seq-blocked
29,6,1.0,seq-blocked
30,6,1.0,seq-blocked
31,6,1.0,seq-blocked
32,6,1.0,seq-blocked
33,6,0.0,seq-blocked
34,6,0.0,seq-blocked
35,6,1.0,seq-blocked
36,6,1.0,seq-blocked
37,6,0.0,seq-blocked
38,6,1.0,seq-blocked
39,6,1.0,seq-blocked
40,6,1.0,seq-blocked
41,6,1.0,seq-blocked
42,6,1.0,seq-blocked
43,6,1.0,seq-blocked
44,6,0.0,seq-blocked
45,6,1.0,seq-blocked
46,6,0.0,seq-blocked
47,6,1.0,seq-blocked
48,6,0.0,seq-blocked
49,6,1.0,seq-blocked
50,6,1.0,seq-blocked
51,6,0.0,seq-blocked
52,6,0.0,seq-blocked
53,6,1.0,seq-blocked
54,6,0.0,seq-blocked
55,6,1.0,seq-blocked
56,6,0.0,seq-blocked
57,6,1.0,seq-blocked
58,6,0.0,seq-blocked
59,6,1.0,seq-blocked
60,6,1.0,seq-blocked
61,6,1.0,seq-blocked
62,6,1.0,seq-blocked
63,6,1.0,seq-blocked
64,6,0.0,seq-blocked
65,6,0.0,seq-blocked
66,6,1.0,seq-blocked
67,6,1.0,seq-blocked
68,6,1.0,seq-blocked
69,6,1.0,seq-blocked
70,6,1.0,seq-blocked
71,6,0.0,seq-blocked
72,6,0.0,seq-blocked
73,6,0.0,seq-blocked
74,6,0.0,seq-blocked
75,6,0.0,seq-blocked
76,6,1.0,seq-blocked
77,6,0.0,seq-blocked
78,6,1.0,seq-blocked
79,6,0.0,seq-blocked
80,6,0.0,seq-blocked
81,6,1.0,seq-blocked
82,6,1.0,seq-blocked
83,6,1.0,seq-blocked
84,6,1.0,seq-blocked
85,6,1.0,seq-blocked
86,6,0.0,seq-blocked
87,6,1.0,seq-blocked
88,6,1.0,seq-blocked
89,6,1.0,seq-blocked
90,6,0.0,seq-blocked
91,6,0.0,seq-blocked
92,6,1.0,seq-blocked
93,6,0.0,seq-blocked
94,6,0.0,seq-blocked
95,6,0.0,seq-blocked
96,6,0.0,seq-blocked
97,6,0.0,seq-blocked
98,6,1.0,seq-blocked
99,6,1.0,seq-blocked
100,6,1.0,seq-blocked
101,6,1.0,seq-blocked
102,6,1.0,seq-blocked
103,6,1.0,seq-blocked
104,6,0.0,seq-blocked
105,6,1.0,seq-blocked
106,6,0.0,seq-blocked
107,6,0.0,seq-blocked
108,6,0.0,seq-blocked
109,6,1.0,seq-blocked
110,6,1.0,seq-blocked
111,6,1.0,seq-blocked
112,6,1.0,seq-blocked
113,6,1.0,seq-blocked
114,6,0.0,seq-blocked
115,6,1.0,seq-blocked
116,6,0.0,seq-blocked
117,6,1.0,seq-blocked
118,6,1.0,seq-blocked
119,6,1.0,seq-blocked
120,6,1.0,seq-blocked
121,6,1.0,seq-blocked
122,6,1.0,seq-blocked
123,6,0.0,seq-blocked
124,6,0.0,seq-blocked
125,6,1.0,seq-blocked
126,6,1.0,seq-blocked
127,6,1.0,seq-blocked
128,6,1.0,seq-blocked
129,6,1.0,seq-blocked
130,6,0.0,seq-blocked
131,6,1.0,seq-blocked
132,6,1.0,seq-blocked
133,6,1.0,seq-blocked
134,6,0.0,seq-blocked
135,6,0.0,seq-blocked
136,6,1.0,seq-blocked
137,6,0.0,seq-blocked
138,6,1.0,seq-blocked
139,6,0.0,seq-blocked
140,6,1.0,seq-blocked
141,6,1.0,seq-blocked
142,6,0.0,seq-blocked
143,6,1.0,seq-blocked
144,6,1.0,seq-blocked
145,6,1.0,seq-blocked
146,6,1.0,seq-blocked
147,6,1.0,seq-blocked
148,6,1.0,seq-blocked
149,6,1.0,seq-blocked
150,6,1.0,seq-blocked
151,6,0.0,seq-blocked
152,6,1.0,seq-blocked
153,6,1.0,seq-blocked
154,6,1.0,seq-blocked
155,6,1.0,seq-blocked
156,6,0.0,seq-blocked
157,6,0.0,seq-blocked
158,6,0.0,seq-blocked
159,6,1.0,seq-blocked
160,6,1.0,seq-blocked
161,6,1.0,seq-blocked
162,6,1.0,seq-blocked
163,6,0.0,seq-blocked
164,6,1.0,seq-blocked
165,6,1.0,seq-blocked
166,6,1.0,seq-blocked
167,6,1.0,seq-blocked
168,6,1.0,seq-blocked
169,6,1.0,seq-blocked
170,6,1.0,seq-blocked
171,6,0.0,seq-blocked
172,6,1.0,seq-blocked
173,6,1.0,seq-blocked
174,6,0.0,seq-blocked
175,6,1.0,seq-blocked
176,6,0.0,seq-blocked
177,6,1.0,seq-blocked
178,6,1.0,seq-blocked
179,6,1.0,seq-blocked
180,6,1.0,seq-blocked
181,6,1.0,seq-blocked
182,6,1.0,seq-blocked
183,6,0.0,seq-blocked
184,6,1.0,seq-blocked
185,6,1.0,seq-blocked
186,6,1.0,seq-blocked
187,6,1.0,seq-blocked
188,6,1.0,seq-blocked
189,6,1.0,seq-blocked
190,6,1.0,seq-blocked
191,6,1.0,seq-blocked
192,6,1.0,seq-blocked
193,6,1.0,seq-blocked
194,6,1.0,seq-blocked
195,6,0.0,seq-blocked
196,6,1.0,seq-blocked
197,6,0.0,seq-blocked
198,6,0.0,seq-blocked
199,6,0.0,seq-blocked
200,6,1.0,seq-blocked
201,6,0.0,seq-blocked
202,6,1.0,seq-blocked
203,6,1.0,seq-blocked
204,6,0.0,seq-blocked
205,6,1.0,seq-blocked
206,6,0.0,seq-blocked
207,6,1.0,seq-blocked
208,6,1.0,seq-blocked
209,6,1.0,seq-blocked
210,6,1.0,seq-blocked
211,6,1.0,seq-blocked
212,6,1.0,seq-blocked
213,6,1.0,seq-blocked
214,6,1.0,seq-blocked
215,6,0.0,seq-blocked
216,6,0.0,seq-blocked
217,6,1.0,seq-blocked
218,6,1.0,seq-blocked
219,6,1.0,seq-blocked
220,6,1.0,seq-blocked
221,6,1.0,seq-blocked
222,6,1.0,seq-blocked
223,6,0.0,seq-blocked
224,6,0.0,seq-blocked
225,6,1.0,seq-blocked
226,6,1.0,seq-blocked
227,6,1.0,seq-blocked
228,6,1.0,seq-blocked
229,6,1.0,seq-blocked
230,6,1.0,seq-blocked
231,6,1.0,seq-blocked
232,6,0.0,seq-blocked
233,6,0.0,seq-blocked
234,6,1.0,seq-blocked
235,6,0.0,seq-blocked
236,6,0.0,seq-blocked
237,6,0.0,seq-blocked
238,6,1.0,seq-blocked
239,6,1.0,seq-blocked
240,6,1.0,seq-blocked
241,6,1.0,seq-blocked
242,6,1.0,seq-blocked
243,6,1.0,seq-blocked
244,6,0.0,seq-blocked
245,6,0.0,seq-blocked
246,6,1.0,seq-blocked
247,6,1.0,seq-blocked
248,6,1.0,seq-blocked
249,6,1.0,seq-blocked
250,6,1.0,seq-blocked
251,6,1.0,seq-blocked
252,6,0.0,seq-blocked
253,6,0.0,seq-blocked
254,6,0.0,seq-blocked
255,6,0.0,seq-blocked
256,6,0.0,seq-blocked
257,6,1.0,seq-blocked
258,6,1.0,seq-blocked
259,6,1.0,seq-blocked
260,6,1.0,seq-blocked
261,6,1.0,seq-blocked
262,6,1.0,seq-blocked
263,6,0.0,seq-blocked
264,6,1.0,seq-blocked
265,6,1.0,seq-blocked
266,6,0.0,seq-blocked
267,6,1.0,seq-blocked
268,6,1.0,seq-blocked
269,6,1.0,seq-blocked
270,6,0.0,seq-blocked
271,6,1.0,seq-blocked
272,6,0.0,seq-blocked
273,6,0.0,seq-blocked
274,6,1.0,seq-blocked
275,6,0.0,seq-blocked
276,6,0.0,seq-blocked
277,6,1.0,seq-blocked
278,6,1.0,seq-blocked
279,6,1.0,seq-blocked
280,6,0.0,seq-blocked
281,6,0.0,seq-blocked
282,6,0.0,seq-blocked
283,6,0.0,seq-blocked
284,6,0.0,seq-blocked
285,6,0.0,seq-blocked
286,6,1.0,seq-blocked
287,6,0.0,seq-blocked
288,6,0.0,seq-blocked
289,6,1.0,seq-blocked
290,6,1.0,seq-blocked
291,6,1.0,seq-blocked
292,6,1.0,seq-blocked
293,6,1.0,seq-blocked
294,6,0.0,seq-blocked
295,6,1.0,seq-blocked
296,6,0.0,seq-blocked
297,6,0.0,seq-blocked
298,6,0.0,seq-blocked
299,6,0.0,seq-blocked
300,6,1.0,seq-blocked
301,6,0.0,seq-blocked
302,6,1.0,seq-blocked
303,6,1.0,seq-blocked
304,6,1.0,seq-blocked
305,6,1.0,seq-blocked
306,6,1.0,seq-blocked
307,6,1.0,seq-blocked
308,6,1.0,seq-blocked
309,6,1.0,seq-blocked
310,6,1.0,seq-blocked
311,6,1.0,seq-blocked
312,6,1.0,seq-blocked
313,6,1.0,seq-blocked
314,6,1.0,seq-blocked
315,6,1.0,seq-blocked
316,6,1.0,seq-blocked
317,6,0.0,seq-blocked
318,6,0.0,seq-blocked
319,6,1.0,seq-blocked
320,6,0.0,seq-blocked
321,6,1.0,seq-blocked
322,6,0.0,seq-blocked
323,6,1.0,seq-blocked
324,6,0.0,seq-blocked
325,6,0.0,seq-blocked
326,6,1.0,seq-blocked
327,6,1.0,seq-blocked
328,6,0.0,seq-blocked
329,6,0.0,seq-blocked
330,6,1.0,seq-blocked
331,6,0.0,seq-blocked
332,6,1.0,seq-blocked
333,6,1.0,seq-blocked
334,6,0.0,seq-blocked
335,6,1.0,seq-blocked
336,6,1.0,seq-blocked
337,6,1.0,seq-blocked
338,6,1.0,seq-blocked
339,6,0.0,seq-blocked
340,6,0.0,seq-blocked
341,6,0.0,seq-blocked
342,6,1.0,seq-blocked
343,6,0.0,seq-blocked
344,6,1.0,seq-blocked
345,6,1.0,seq-blocked
346,6,0.0,seq-blocked
347,6,1.0,seq-blocked
348,6,1.0,seq-blocked
349,6,1.0,seq-blocked
350,6,1.0,seq-blocked
351,6,1.0,seq-blocked
352,6,0.0,seq-blocked
353,6,1.0,seq-blocked
354,6,1.0,seq-blocked
355,6,1.0,seq-blocked
356,6,1.0,seq-blocked
357,6,1.0,seq-blocked
358,6,1.0,seq-blocked
359,6,1.0,seq-blocked
360,6,0.0,seq-blocked
361,6,1.0,seq-blocked
362,6,1.0,seq-blocked
363,6,1.0,seq-blocked
364,6,1.0,seq-blocked
365,6,1.0,seq-blocked
366,6,1.0,seq-blocked
367,6,1.0,seq-blocked
368,6,1.0,seq-blocked
369,6,1.0,seq-blocked
370,6,1.0,seq-blocked
371,6,0.0,seq-blocked
372,6,0.0,seq-blocked
373,6,0.0,seq-blocked
374,6,0.0,seq-blocked
375,6,0.0,seq-blocked
376,6,1.0,seq-blocked
377,6,0.0,seq-blocked
378,6,1.0,seq-blocked
379,6,1.0,seq-blocked
0,7,1.0,seq-blocked
1,7,1.0,seq-blocked
2,7,0.0,seq-blocked
3,7,0.0,seq-blocked
4,7,0.0,seq-blocked
5,7,0.0,seq-blocked
6,7,0.0,seq-blocked
7,7,0.0,seq-blocked
8,7,0.0,seq-blocked
9,7,1.0,seq-blocked
10,7,0.0,seq-blocked
11,7,1.0,seq-blocked
12,7,0.0,seq-blocked
13,7,1.0,seq-blocked
14,7,1.0,seq-blocked
15,7,0.0,seq-blocked
16,7,1.0,seq-blocked
17,7,0.0,seq-blocked
18,7,0.0,seq-blocked
19,7,0.0,seq-blocked
20,7,0.0,seq-blocked
21,7,0.0,seq-blocked
22,7,0.0,seq-blocked
23,7,0.0,seq-blocked
24,7,1.0,seq-blocked
25,7,1.0,seq-blocked
26,7,0.0,seq-blocked
27,7,1.0,seq-blocked
28,7,1.0,seq-blocked
29,7,1.0,seq-blocked
30,7,1.0,seq-blocked
31,7,1.0,seq-blocked
32,7,0.0,seq-blocked
33,7,1.0,seq-blocked
34,7,0.0,seq-blocked
35,7,0.0,seq-blocked
36,7,0.0,seq-blocked
37,7,0.0,seq-blocked
38,7,1.0,seq-blocked
39,7,1.0,seq-blocked
40,7,1.0,seq-blocked
41,7,1.0,seq-blocked
42,7,1.0,seq-blocked
43,7,1.0,seq-blocked
44,7,0.0,seq-blocked
45,7,1.0,seq-blocked
46,7,1.0,seq-blocked
47,7,1.0,seq-blocked
48,7,1.0,seq-blocked
49,7,1.0,seq-blocked
50,7,1.0,seq-blocked
51,7,1.0,seq-blocked
52,7,0.0,seq-blocked
53,7,1.0,seq-blocked
54,7,0.0,seq-blocked
55,7,0.0,seq-blocked
56,7,0.0,seq-blocked
57,7,0.0,seq-blocked
58,7,0.0,seq-blocked
59,7,1.0,seq-blocked
60,7,1.0,seq-blocked
61,7,1.0,seq-blocked
62,7,0.0,seq-blocked
63,7,1.0,seq-blocked
64,7,1.0,seq-blocked
65,7,0.0,seq-blocked
66,7,0.0,seq-blocked
67,7,1.0,seq-blocked
68,7,1.0,seq-blocked
69,7,1.0,seq-blocked
70,7,1.0,seq-blocked
71,7,1.0,seq-blocked
72,7,0.0,seq-blocked
73,7,1.0,seq-blocked
74,7,0.0,seq-blocked
75,7,0.0,seq-blocked
76,7,1.0,seq-blocked
77,7,1.0,seq-blocked
78,7,1.0,seq-blocked
79,7,1.0,seq-blocked
80,7,0.0,seq-blocked
81,7,1.0,seq-blocked
82,7,1.0,seq-blocked
83,7,0.0,seq-blocked
84,7,1.0,seq-blocked
85,7,1.0,seq-blocked
86,7,1.0,seq-blocked
87,7,1.0,seq-blocked
88,7,0.0,seq-blocked
89,7,1.0,seq-blocked
90,7,0.0,seq-blocked
91,7,1.0,seq-blocked
92,7,1.0,seq-blocked
93,7,1.0,seq-blocked
94,7,1.0,seq-blocked
95,7,1.0,seq-blocked
96,7,0.0,seq-blocked
97,7,1.0,seq-blocked
98,7,1.0,seq-blocked
99,7,1.0,seq-blocked
100,7,1.0,seq-blocked
101,7,1.0,seq-blocked
102,7,0.0,seq-blocked
103,7,1.0,seq-blocked
104,7,1.0,seq-blocked
105,7,1.0,seq-blocked
106,7,0.0,seq-blocked
107,7,0.0,seq-blocked
108,7,0.0,seq-blocked
109,7,1.0,seq-blocked
110,7,1.0,seq-blocked
111,7,1.0,seq-blocked
112,7,1.0,seq-blocked
113,7,1.0,seq-blocked
114,7,1.0,seq-blocked
115,7,1.0,seq-blocked
116,7,0.0,seq-blocked
117,7,0.0,seq-blocked
118,7,1.0,seq-blocked
119,7,1.0,seq-blocked
120,7,1.0,seq-blocked
121,7,1.0,seq-blocked
122,7,1.0,seq-blocked
123,7,0.0,seq-blocked
124,7,1.0,seq-blocked
125,7,0.0,seq-blocked
126,7,1.0,seq-blocked
127,7,1.0,seq-blocked
128,7,1.0,seq-blocked
129,7,1.0,seq-blocked
130,7,1.0,seq-blocked
131,7,0.0,seq-blocked
132,7,0.0,seq-blocked
133,7,0.0,seq-blocked
134,7,1.0,seq-blocked
135,7,1.0,seq-blocked
136,7,1.0,seq-blocked
137,7,0.0,seq-blocked
138,7,0.0,seq-blocked
139,7,1.0,seq-blocked
140,7,1.0,seq-blocked
141,7,1.0,seq-blocked
142,7,0.0,seq-blocked
143,7,1.0,seq-blocked
144,7,0.0,seq-blocked
145,7,0.0,seq-blocked
146,7,1.0,seq-blocked
147,7,0.0,seq-blocked
148,7,1.0,seq-blocked
149,7,0.0,seq-blocked
150,7,1.0,seq-blocked
151,7,1.0,seq-blocked
152,7,0.0,seq-blocked
153,7,1.0,seq-blocked
154,7,1.0,seq-blocked
155,7,1.0,seq-blocked
156,7,1.0,seq-blocked
157,7,0.0,seq-blocked
158,7,1.0,seq-blocked
159,7,1.0,seq-blocked
160,7,0.0,seq-blocked
161,7,1.0,seq-blocked
162,7,1.0,seq-blocked
163,7,1.0,seq-blocked
164,7,1.0,seq-blocked
165,7,0.0,seq-blocked
166,7,1.0,seq-blocked
167,7,1.0,seq-blocked
168,7,1.0,seq-blocked
169,7,1.0,seq-blocked
170,7,1.0,seq-blocked
171,7,0.0,seq-blocked
172,7,1.0,seq-blocked
173,7,0.0,seq-blocked
174,7,0.0,seq-blocked
175,7,0.0,seq-blocked
176,7,1.0,seq-blocked
177,7,0.0,seq-blocked
178,7,0.0,seq-blocked
179,7,0.0,seq-blocked
180,7,0.0,seq-blocked
181,7,1.0,seq-blocked
182,7,1.0,seq-blocked
183,7,0.0,seq-blocked
184,7,0.0,seq-blocked
185,7,0.0,seq-blocked
186,7,0.0,seq-blocked
187,7,1.0,seq-blocked
188,7,1.0,seq-blocked
189,7,1.0,seq-blocked
190,7,1.0,seq-blocked
191,7,1.0,seq-blocked
192,7,0.0,seq-blocked
193,7,1.0,seq-blocked
194,7,0.0,seq-blocked
195,7,0.0,seq-blocked
196,7,1.0,seq-blocked
197,7,0.0,seq-blocked
198,7,1.0,seq-blocked
199,7,1.0,seq-blocked
200,7,1.0,seq-blocked
201,7,0.0,seq-blocked
202,7,1.0,seq-blocked
203,7,0.0,seq-blocked
204,7,0.0,seq-blocked
205,7,1.0,seq-blocked
206,7,1.0,seq-blocked
207,7,0.0,seq-blocked
208,7,0.0,seq-blocked
209,7,1.0,seq-blocked
210,7,1.0,seq-blocked
211,7,1.0,seq-blocked
212,7,0.0,seq-blocked
213,7,1.0,seq-blocked
214,7,1.0,seq-blocked
215,7,0.0,seq-blocked
216,7,1.0,seq-blocked
217,7,1.0,seq-blocked
218,7,1.0,seq-blocked
219,7,1.0,seq-blocked
220,7,0.0,seq-blocked
221,7,0.0,seq-blocked
222,7,1.0,seq-blocked
223,7,0.0,seq-blocked
224,7,1.0,seq-blocked
225,7,0.0,seq-blocked
226,7,1.0,seq-blocked
227,7,1.0,seq-blocked
228,7,1.0,seq-blocked
229,7,0.0,seq-blocked
230,7,1.0,seq-blocked
231,7,1.0,seq-blocked
232,7,1.0,seq-blocked
233,7,1.0,seq-blocked
234,7,0.0,seq-blocked
235,7,0.0,seq-blocked
236,7,0.0,seq-blocked
237,7,1.0,seq-blocked
238,7,1.0,seq-blocked
239,7,0.0,seq-blocked
240,7,1.0,seq-blocked
241,7,0.0,seq-blocked
242,7,1.0,seq-blocked
243,7,1.0,seq-blocked
244,7,1.0,seq-blocked
245,7,0.0,seq-blocked
246,7,1.0,seq-blocked
247,7,1.0,seq-blocked
248,7,1.0,seq-blocked
249,7,1.0,seq-blocked
250,7,0.0,seq-blocked
251,7,1.0,seq-blocked
252,7,1.0,seq-blocked
253,7,1.0,seq-blocked
254,7,1.0,seq-blocked
255,7,1.0,seq-blocked
256,7,1.0,seq-blocked
257,7,1.0,seq-blocked
258,7,1.0,seq-blocked
259,7,1.0,seq-blocked
260,7,1.0,seq-blocked
261,7,1.0,seq-blocked
262,7,1.0,seq-blocked
263,7,0.0,seq-blocked
264,7,0.0,seq-blocked
265,7,0.0,seq-blocked
266,7,1.0,seq-blocked
267,7,1.0,seq-blocked
268,7,1.0,seq-blocked
269,7,1.0,seq-blocked
270,7,1.0,seq-blocked
271,7,1.0,seq-blocked
272,7,1.0,seq-blocked
273,7,0.0,seq-blocked
274,7,1.0,seq-blocked
275,7,0.0,seq-blocked
276,7,0.0,seq-blocked
277,7,1.0,seq-blocked
278,7,1.0,seq-blocked
279,7,1.0,seq-blocked
280,7,0.0,seq-blocked
281,7,0.0,seq-blocked
282,7,0.0,seq-blocked
283,7,0.0,seq-blocked
284,7,1.0,seq-blocked
285,7,0.0,seq-blocked
286,7,1.0,seq-blocked
287,7,0.0,seq-blocked
288,7,0.0,seq-blocked
289,7,0.0,seq-blocked
290,7,1.0,seq-blocked
291,7,1.0,seq-blocked
292,7,1.0,seq-blocked
293,7,1.0,seq-blocked
294,7,1.0,seq-blocked
295,7,1.0,seq-blocked
296,7,1.0,seq-blocked
297,7,1.0,seq-blocked
298,7,0.0,seq-blocked
299,7,1.0,seq-blocked
300,7,1.0,seq-blocked
301,7,0.0,seq-blocked
302,7,1.0,seq-blocked
303,7,0.0,seq-blocked
304,7,1.0,seq-blocked
305,7,1.0,seq-blocked
306,7,0.0,seq-blocked
307,7,1.0,seq-blocked
308,7,0.0,seq-blocked
309,7,1.0,seq-blocked
310,7,1.0,seq-blocked
311,7,0.0,seq-blocked
312,7,0.0,seq-blocked
313,7,1.0,seq-blocked
314,7,1.0,seq-blocked
315,7,0.0,seq-blocked
316,7,0.0,seq-blocked
317,7,0.0,seq-blocked
318,7,1.0,seq-blocked
319,7,0.0,seq-blocked
320,7,0.0,seq-blocked
321,7,1.0,seq-blocked
322,7,1.0,seq-blocked
323,7,1.0,seq-blocked
324,7,0.0,seq-blocked
325,7,0.0,seq-blocked
326,7,1.0,seq-blocked
327,7,1.0,seq-blocked
328,7,1.0,seq-blocked
329,7,0.0,seq-blocked
330,7,1.0,seq-blocked
331,7,1.0,seq-blocked
332,7,1.0,seq-blocked
333,7,1.0,seq-blocked
334,7,1.0,seq-blocked
335,7,1.0,seq-blocked
336,7,1.0,seq-blocked
337,7,0.0,seq-blocked
338,7,1.0,seq-blocked
339,7,0.0,seq-blocked
340,7,1.0,seq-blocked
341,7,1.0,seq-blocked
342,7,1.0,seq-blocked
343,7,0.0,seq-blocked
344,7,0.0,seq-blocked
345,7,1.0,seq-blocked
346,7,0.0,seq-blocked
347,7,1.0,seq-blocked
348,7,1.0,seq-blocked
349,7,0.0,seq-blocked
350,7,1.0,seq-blocked
351,7,0.0,seq-blocked
352,7,0.0,seq-blocked
353,7,0.0,seq-blocked
354,7,1.0,seq-blocked
355,7,0.0,seq-blocked
356,7,0.0,seq-blocked
357,7,1.0,seq-blocked
358,7,1.0,seq-blocked
359,7,0.0,seq-blocked
360,7,1.0,seq-blocked
361,7,1.0,seq-blocked
362,7,0.0,seq-blocked
363,7,0.0,seq-blocked
364,7,1.0,seq-blocked
365,7,1.0,seq-blocked
366,7,0.0,seq-blocked
367,7,1.0,seq-blocked
368,7,0.0,seq-blocked
369,7,0.0,seq-blocked
370,7,0.0,seq-blocked
371,7,0.0,seq-blocked
372,7,0.0,seq-blocked
373,7,0.0,seq-blocked
374,7,1.0,seq-blocked
375,7,1.0,seq-blocked
376,7,1.0,seq-blocked
377,7,1.0,seq-blocked
378,7,1.0,seq-blocked
379,7,1.0,seq-blocked
0,8,1.0,seq-blocked
1,8,0.0,seq-blocked
2,8,0.0,seq-blocked
3,8,1.0,seq-blocked
4,8,0.0,seq-blocked
5,8,0.0,seq-blocked
6,8,1.0,seq-blocked
7,8,0.0,seq-blocked
8,8,0.0,seq-blocked
9,8,1.0,seq-blocked
10,8,1.0,seq-blocked
11,8,1.0,seq-blocked
12,8,0.0,seq-blocked
13,8,1.0,seq-blocked
14,8,1.0,seq-blocked
15,8,0.0,seq-blocked
16,8,1.0,seq-blocked
17,8,0.0,seq-blocked
18,8,1.0,seq-blocked
19,8,0.0,seq-blocked
20,8,0.0,seq-blocked
21,8,1.0,seq-blocked
22,8,1.0,seq-blocked
23,8,1.0,seq-blocked
24,8,0.0,seq-blocked
25,8,1.0,seq-blocked
26,8,0.0,seq-blocked
27,8,1.0,seq-blocked
28,8,1.0,seq-blocked
29,8,1.0,seq-blocked
30,8,0.0,seq-blocked
31,8,0.0,seq-blocked
32,8,1.0,seq-blocked
33,8,0.0,seq-blocked
34,8,1.0,seq-blocked
35,8,0.0,seq-blocked
36,8,1.0,seq-blocked
37,8,1.0,seq-blocked
38,8,1.0,seq-blocked
39,8,1.0,seq-blocked
40,8,1.0,seq-blocked
41,8,1.0,seq-blocked
42,8,0.0,seq-blocked
43,8,1.0,seq-blocked
44,8,1.0,seq-blocked
45,8,0.0,seq-blocked
46,8,0.0,seq-blocked
47,8,1.0,seq-blocked
48,8,1.0,seq-blocked
49,8,0.0,seq-blocked
50,8,1.0,seq-blocked
51,8,1.0,seq-blocked
52,8,0.0,seq-blocked
53,8,0.0,seq-blocked
54,8,0.0,seq-blocked
55,8,1.0,seq-blocked
56,8,0.0,seq-blocked
57,8,1.0,seq-blocked
58,8,1.0,seq-blocked
59,8,1.0,seq-blocked
60,8,1.0,seq-blocked
61,8,0.0,seq-blocked
62,8,1.0,seq-blocked
63,8,1.0,seq-blocked
64,8,1.0,seq-blocked
65,8,0.0,seq-blocked
66,8,1.0,seq-blocked
67,8,1.0,seq-blocked
68,8,1.0,seq-blocked
69,8,1.0,seq-blocked
70,8,0.0,seq-blocked
71,8,1.0,seq-blocked
72,8,1.0,seq-blocked
73,8,1.0,seq-blocked
74,8,1.0,seq-blocked
75,8,1.0,seq-blocked
76,8,0.0,seq-blocked
77,8,1.0,seq-blocked
78,8,0.0,seq-blocked
79,8,0.0,seq-blocked
80,8,1.0,seq-blocked
81,8,0.0,seq-blocked
82,8,0.0,seq-blocked
83,8,0.0,seq-blocked
84,8,1.0,seq-blocked
85,8,1.0,seq-blocked
86,8,0.0,seq-blocked
87,8,1.0,seq-blocked
88,8,1.0,seq-blocked
89,8,1.0,seq-blocked
90,8,0.0,seq-blocked
91,8,0.0,seq-blocked
92,8,0.0,seq-blocked
93,8,0.0,seq-blocked
94,8,1.0,seq-blocked
95,8,0.0,seq-blocked
96,8,1.0,seq-blocked
97,8,0.0,seq-blocked
98,8,1.0,seq-blocked
99,8,1.0,seq-blocked
100,8,0.0,seq-blocked
101,8,1.0,seq-blocked
102,8,1.0,seq-blocked
103,8,1.0,seq-blocked
104,8,0.0,seq-blocked
105,8,1.0,seq-blocked
106,8,0.0,seq-blocked
107,8,0.0,seq-blocked
108,8,1.0,seq-blocked
109,8,1.0,seq-blocked
110,8,1.0,seq-blocked
111,8,1.0,seq-blocked
112,8,0.0,seq-blocked
113,8,1.0,seq-blocked
114,8,1.0,seq-blocked
115,8,1.0,seq-blocked
116,8,1.0,seq-blocked
117,8,1.0,seq-blocked
118,8,0.0,seq-blocked
119,8,1.0,seq-blocked
120,8,0.0,seq-blocked
121,8,1.0,seq-blocked
122,8,0.0,seq-blocked
123,8,1.0,seq-blocked
124,8,1.0,seq-blocked
125,8,1.0,seq-blocked
126,8,0.0,seq-blocked
127,8,0.0,seq-blocked
128,8,1.0,seq-blocked
129,8,1.0,seq-blocked
130,8,1.0,seq-blocked
131,8,1.0,seq-blocked
132,8,1.0,seq-blocked
133,8,0.0,seq-blocked
134,8,1.0,seq-blocked
135,8,1.0,seq-blocked
136,8,0.0,seq-blocked
137,8,0.0,seq-blocked
138,8,1.0,seq-blocked
139,8,1.0,seq-blocked
140,8,0.0,seq-blocked
141,8,1.0,seq-blocked
142,8,1.0,seq-blocked
143,8,0.0,seq-blocked
144,8,1.0,seq-blocked
145,8,1.0,seq-blocked
146,8,0.0,seq-blocked
147,8,0.0,seq-blocked
148,8,0.0,seq-blocked
149,8,1.0,seq-blocked
150,8,1.0,seq-blocked
151,8,1.0,seq-blocked
152,8,0.0,seq-blocked
153,8,0.0,seq-blocked
154,8,1.0,seq-blocked
155,8,0.0,seq-blocked
156,8,1.0,seq-blocked
157,8,1.0,seq-blocked
158,8,0.0,seq-blocked
159,8,1.0,seq-blocked
160,8,0.0,seq-blocked
161,8,1.0,seq-blocked
162,8,0.0,seq-blocked
163,8,1.0,seq-blocked
164,8,0.0,seq-blocked
165,8,0.0,seq-blocked
166,8,1.0,seq-blocked
167,8,1.0,seq-blocked
168,8,1.0,seq-blocked
169,8,1.0,seq-blocked
170,8,0.0,seq-blocked
171,8,1.0,seq-blocked
172,8,1.0,seq-blocked
173,8,1.0,seq-blocked
174,8,1.0,seq-blocked
175,8,0.0,seq-blocked
176,8,0.0,seq-blocked
177,8,1.0,seq-blocked
178,8,1.0,seq-blocked
179,8,1.0,seq-blocked
180,8,1.0,seq-blocked
181,8,0.0,seq-blocked
182,8,0.0,seq-blocked
183,8,1.0,seq-blocked
184,8,0.0,seq-blocked
185,8,1.0,seq-blocked
186,8,0.0,seq-blocked
187,8,1.0,seq-blocked
188,8,1.0,seq-blocked
189,8,1.0,seq-blocked
190,8,1.0,seq-blocked
191,8,1.0,seq-blocked
192,8,1.0,seq-blocked
193,8,1.0,seq-blocked
194,8,0.0,seq-blocked
195,8,1.0,seq-blocked
196,8,1.0,seq-blocked
197,8,1.0,seq-blocked
198,8,0.0,seq-blocked
199,8,1.0,seq-blocked
200,8,0.0,seq-blocked
201,8,0.0,seq-blocked
202,8,1.0,seq-blocked
203,8,1.0,seq-blocked
204,8,0.0,seq-blocked
205,8,1.0,seq-blocked
206,8,0.0,seq-blocked
207,8,0.0,seq-blocked
208,8,0.0,seq-blocked
209,8,1.0,seq-blocked
210,8,1.0,seq-blocked
211,8,1.0,seq-blocked
212,8,0.0,seq-blocked
213,8,1.0,seq-blocked
214,8,0.0,seq-blocked
215,8,1.0,seq-blocked
216,8,0.0,seq-blocked
217,8,0.0,seq-blocked
218,8,1.0,seq-blocked
219,8,0.0,seq-blocked
220,8,1.0,seq-blocked
221,8,0.0,seq-blocked
222,8,1.0,seq-blocked
223,8,1.0,seq-blocked
224,8,0.0,seq-blocked
225,8,1.0,seq-blocked
226,8,1.0,seq-blocked
227,8,0.0,seq-blocked
228,8,1.0,seq-blocked
229,8,1.0,seq-blocked
230,8,1.0,seq-blocked
231,8,0.0,seq-blocked
232,8,1.0,seq-blocked
233,8,1.0,seq-blocked
234,8,0.0,seq-blocked
235,8,0.0,seq-blocked
236,8,1.0,seq-blocked
237,8,0.0,seq-blocked
238,8,1.0,seq-blocked
239,8,1.0,seq-blocked
240,8,1.0,seq-blocked
241,8,1.0,seq-blocked
242,8,1.0,seq-blocked
243,8,1.0,seq-blocked
244,8,1.0,seq-blocked
245,8,1.0,seq-blocked
246,8,1.0,seq-blocked
247,8,1.0,seq-blocked
248,8,1.0,seq-blocked
249,8,1.0,seq-blocked
250,8,0.0,seq-blocked
251,8,1.0,seq-blocked
252,8,1.0,seq-blocked
253,8,0.0,seq-blocked
254,8,1.0,seq-blocked
255,8,0.0,seq-blocked
256,8,1.0,seq-blocked
257,8,1.0,seq-blocked
258,8,1.0,seq-blocked
259,8,1.0,seq-blocked
260,8,1.0,seq-blocked
261,8,0.0,seq-blocked
262,8,1.0,seq-blocked
263,8,0.0,seq-blocked
264,8,1.0,seq-blocked
265,8,1.0,seq-blocked
266,8,1.0,seq-blocked
267,8,1.0,seq-blocked
268,8,1.0,seq-blocked
269,8,1.0,seq-blocked
270,8,0.0,seq-blocked
271,8,0.0,seq-blocked
272,8,1.0,seq-blocked
273,8,0.0,seq-blocked
274,8,1.0,seq-blocked
275,8,0.0,seq-blocked
276,8,0.0,seq-blocked
277,8,1.0,seq-blocked
278,8,0.0,seq-blocked
279,8,1.0,seq-blocked
280,8,0.0,seq-blocked
281,8,0.0,seq-blocked
282,8,0.0,seq-blocked
283,8,1.0,seq-blocked
284,8,1.0,seq-blocked
285,8,0.0,seq-blocked
286,8,1.0,seq-blocked
287,8,1.0,seq-blocked
288,8,1.0,seq-blocked
289,8,1.0,seq-blocked
290,8,1.0,seq-blocked
291,8,0.0,seq-blocked
292,8,1.0,seq-blocked
293,8,1.0,seq-blocked
294,8,1.0,seq-blocked
295,8,1.0,seq-blocked
296,8,0.0,seq-blocked
297,8,1.0,seq-blocked
298,8,0.0,seq-blocked
299,8,0.0,seq-blocked
300,8,0.0,seq-blocked
301,8,0.0,seq-blocked
302,8,1.0,seq-blocked
303,8,1.0,seq-blocked
304,8,0.0,seq-blocked
305,8,1.0,seq-blocked
306,8,1.0,seq-blocked
307,8,1.0,seq-blocked
308,8,1.0,seq-blocked
309,8,1.0,seq-blocked
310,8,1.0,seq-blocked
311,8,1.0,seq-blocked
312,8,1.0,seq-blocked
313,8,1.0,seq-blocked
314,8,0.0,seq-blocked
315,8,1.0,seq-blocked
316,8,0.0,seq-blocked
317,8,1.0,seq-blocked
318,8,0.0,seq-blocked
319,8,1.0,seq-blocked
320,8,1.0,seq-blocked
321,8,1.0,seq-blocked
322,8,1.0,seq-blocked
323,8,0.0,seq-blocked
324,8,1.0,seq-blocked
325,8,1.0,seq-blocked
326,8,1.0,seq-blocked
327,8,1.0,seq-blocked
328,8,1.0,seq-blocked
329,8,0.0,seq-blocked
330,8,1.0,seq-blocked
331,8,1.0,seq-blocked
332,8,0.0,seq-blocked
333,8,1.0,seq-blocked
334,8,0.0,seq-blocked
335,8,0.0,seq-blocked
336,8,0.0,seq-blocked
337,8,1.0,seq-blocked
338,8,0.0,seq-blocked
339,8,1.0,seq-blocked
340,8,1.0,seq-blocked
341,8,0.0,seq-blocked
342,8,1.0,seq-blocked
343,8,0.0,seq-blocked
344,8,1.0,seq-blocked
345,8,0.0,seq-blocked
346,8,1.0,seq-blocked
347,8,1.0,seq-blocked
348,8,1.0,seq-blocked
349,8,0.0,seq-blocked
350,8,0.0,seq-blocked
351,8,0.0,seq-blocked
352,8,1.0,seq-blocked
353,8,0.0,seq-blocked
354,8,0.0,seq-blocked
355,8,0.0,seq-blocked
356,8,0.0,seq-blocked
357,8,0.0,seq-blocked
358,8,1.0,seq-blocked
359,8,1.0,seq-blocked
360,8,0.0,seq-blocked
361,8,1.0,seq-blocked
362,8,1.0,seq-blocked
363,8,1.0,seq-blocked
364,8,1.0,seq-blocked
365,8,0.0,seq-blocked
366,8,1.0,seq-blocked
367,8,1.0,seq-blocked
368,8,1.0,seq-blocked
369,8,0.0,seq-blocked
370,8,1.0,seq-blocked
371,8,0.0,seq-blocked
372,8,1.0,seq-blocked
373,8,1.0,seq-blocked
374,8,1.0,seq-blocked
375,8,0.0,seq-blocked
376,8,1.0,seq-blocked
377,8,0.0,seq-blocked
378,8,1.0,seq-blocked
379,8,1.0,seq-blocked
0,9,0.0,seq-blocked
1,9,1.0,seq-blocked
2,9,1.0,seq-blocked
3,9,1.0,seq-blocked
4,9,0.0,seq-blocked
5,9,1.0,seq-blocked
6,9,0.0,seq-blocked
7,9,0.0,seq-blocked
8,9,0.0,seq-blocked
9,9,0.0,seq-blocked
10,9,1.0,seq-blocked
11,9,0.0,seq-blocked
12,9,1.0,seq-blocked
13,9,1.0,seq-blocked
14,9,0.0,seq-blocked
15,9,1.0,seq-blocked
16,9,0.0,seq-blocked
17,9,0.0,seq-blocked
18,9,1.0,seq-blocked
19,9,1.0,seq-blocked
20,9,1.0,seq-blocked
21,9,1.0,seq-blocked
22,9,1.0,seq-blocked
23,9,1.0,seq-blocked
24,9,1.0,seq-blocked
25,9,1.0,seq-blocked
26,9,0.0,seq-blocked
27,9,0.0,seq-blocked
28,9,1.0,seq-blocked
29,9,0.0,seq-blocked
30,9,1.0,seq-blocked
31,9,0.0,seq-blocked
32,9,1.0,seq-blocked
33,9,0.0,seq-blocked
34,9,0.0,seq-blocked
35,9,1.0,seq-blocked
36,9,1.0,seq-blocked
37,9,0.0,seq-blocked
38,9,1.0,seq-blocked
39,9,1.0,seq-blocked
40,9,1.0,seq-blocked
41,9,1.0,seq-blocked
42,9,0.0,seq-blocked
43,9,0.0,seq-blocked
44,9,0.0,seq-blocked
45,9,0.0,seq-blocked
46,9,1.0,seq-blocked
47,9,1.0,seq-blocked
48,9,1.0,seq-blocked
49,9,0.0,seq-blocked
50,9,1.0,seq-blocked
51,9,1.0,seq-blocked
52,9,0.0,seq-blocked
53,9,1.0,seq-blocked
54,9,1.0,seq-blocked
55,9,1.0,seq-blocked
56,9,1.0,seq-blocked
57,9,0.0,seq-blocked
58,9,1.0,seq-blocked
59,9,0.0,seq-blocked
60,9,1.0,seq-blocked
61,9,0.0,seq-blocked
62,9,0.0,seq-blocked
63,9,1.0,seq-blocked
64,9,1.0,seq-blocked
65,9,1.0,seq-blocked
66,9,0.0,seq-blocked
67,9,1.0,seq-blocked
68,9,1.0,seq-blocked
69,9,0.0,seq-blocked
70,9,1.0,seq-blocked
71,9,1.0,seq-blocked
72,9,0.0,seq-blocked
73,9,1.0,seq-blocked
74,9,0.0,seq-blocked
75,9,0.0,seq-blocked
76,9,0.0,seq-blocked
77,9,1.0,seq-blocked
78,9,1.0,seq-blocked
79,9,1.0,seq-blocked
80,9,1.0,seq-blocked
81,9,0.0,seq-blocked
82,9,1.0,seq-blocked
83,9,0.0,seq-blocked
84,9,0.0,seq-blocked
85,9,0.0,seq-blocked
86,9,1.0,seq-blocked
87,9,1.0,seq-blocked
88,9,1.0,seq-blocked
89,9,1.0,seq-blocked
90,9,0.0,seq-blocked
91,9,1.0,seq-blocked
92,9,0.0,seq-blocked
93,9,0.0,seq-blocked
94,9,1.0,seq-blocked
95,9,1.0,seq-blocked
96,9,0.0,seq-blocked
97,9,1.0,seq-blocked
98,9,0.0,seq-blocked
99,9,1.0,seq-blocked
100,9,1.0,seq-blocked
101,9,1.0,seq-blocked
102,9,0.0,seq-blocked
103,9,1.0,seq-blocked
104,9,0.0,seq-blocked
105,9,1.0,seq-blocked
106,9,1.0,seq-blocked
107,9,0.0,seq-blocked
108,9,1.0,seq-blocked
109,9,1.0,seq-blocked
110,9,1.0,seq-blocked
111,9,1.0,seq-blocked
112,9,0.0,seq-blocked
113,9,1.0,seq-blocked
114,9,1.0,seq-blocked
115,9,0.0,seq-blocked
116,9,0.0,seq-blocked
117,9,1.0,seq-blocked
118,9,1.0,seq-blocked
119,9,1.0,seq-blocked
120,9,1.0,seq-blocked
121,9,1.0,seq-blocked
122,9,0.0,seq-blocked
123,9,0.0,seq-blocked
124,9,1.0,seq-blocked
125,9,1.0,seq-blocked
126,9,1.0,seq-blocked
127,9,1.0,seq-blocked
128,9,1.0,seq-blocked
129,9,1.0,seq-blocked
130,9,1.0,seq-blocked
131,9,1.0,seq-blocked
132,9,1.0,seq-blocked
133,9,0.0,seq-blocked
134,9,1.0,seq-blocked
135,9,1.0,seq-blocked
136,9,0.0,seq-blocked
137,9,0.0,seq-blocked
138,9,1.0,seq-blocked
139,9,1.0,seq-blocked
140,9,0.0,seq-blocked
141,9,1.0,seq-blocked
142,9,0.0,seq-blocked
143,9,1.0,seq-blocked
144,9,1.0,seq-blocked
145,9,1.0,seq-blocked
146,9,0.0,seq-blocked
147,9,0.0,seq-blocked
148,9,1.0,seq-blocked
149,9,1.0,seq-blocked
150,9,1.0,seq-blocked
151,9,1.0,seq-blocked
152,9,1.0,seq-blocked
153,9,1.0,seq-blocked
154,9,1.0,seq-blocked
155,9,0.0,seq-blocked
156,9,0.0,seq-blocked
157,9,1.0,seq-blocked
158,9,0.0,seq-blocked
159,9,1.0,seq-blocked
160,9,1.0,seq-blocked
161,9,0.0,seq-blocked
162,9,0.0,seq-blocked
163,9,0.0,seq-blocked
164,9,1.0,seq-blocked
165,9,0.0,seq-blocked
166,9,1.0,seq-blocked
167,9,0.0,seq-blocked
168,9,1.0,seq-blocked
169,9,0.0,seq-blocked
170,9,0.0,seq-blocked
171,9,0.0,seq-blocked
172,9,0.0,seq-blocked
173,9,0.0,seq-blocked
174,9,0.0,seq-blocked
175,9,1.0,seq-blocked
176,9,1.0,seq-blocked
177,9,1.0,seq-blocked
178,9,1.0,seq-blocked
179,9,1.0,seq-blocked
180,9,1.0,seq-blocked
181,9,1.0,seq-blocked
182,9,0.0,seq-blocked
183,9,1.0,seq-blocked
184,9,1.0,seq-blocked
185,9,1.0,seq-blocked
186,9,1.0,seq-blocked
187,9,1.0,seq-blocked
188,9,1.0,seq-blocked
189,9,0.0,seq-blocked
190,9,1.0,seq-blocked
191,9,1.0,seq-blocked
192,9,1.0,seq-blocked
193,9,0.0,seq-blocked
194,9,1.0,seq-blocked
195,9,1.0,seq-blocked
196,9,0.0,seq-blocked
197,9,1.0,seq-blocked
198,9,1.0,seq-blocked
199,9,0.0,seq-blocked
200,9,1.0,seq-blocked
201,9,1.0,seq-blocked
202,9,1.0,seq-blocked
203,9,1.0,seq-blocked
204,9,1.0,seq-blocked
205,9,0.0,seq-blocked
206,9,0.0,seq-blocked
207,9,0.0,seq-blocked
208,9,1.0,seq-blocked
209,9,1.0,seq-blocked
210,9,1.0,seq-blocked
211,9,1.0,seq-blocked
212,9,1.0,seq-blocked
213,9,1.0,seq-blocked
214,9,0.0,seq-blocked
215,9,0.0,seq-blocked
216,9,0.0,seq-blocked
217,9,0.0,seq-blocked
218,9,1.0,seq-blocked
219,9,0.0,seq-blocked
220,9,1.0,seq-blocked
221,9,1.0,seq-blocked
222,9,0.0,seq-blocked
223,9,1.0,seq-blocked
224,9,1.0,seq-blocked
225,9,0.0,seq-blocked
226,9,0.0,seq-blocked
227,9,0.0,seq-blocked
228,9,0.0,seq-blocked
229,9,1.0,seq-blocked
230,9,0.0,seq-blocked
231,9,1.0,seq-blocked
232,9,0.0,seq-blocked
233,9,1.0,seq-blocked
234,9,1.0,seq-blocked
235,9,1.0,seq-blocked
236,9,1.0,seq-blocked
237,9,1.0,seq-blocked
238,9,1.0,seq-blocked
239,9,1.0,seq-blocked
240,9,0.0,seq-blocked
241,9,1.0,seq-blocked
242,9,0.0,seq-blocked
243,9,1.0,seq-blocked
244,9,1.0,seq-blocked
245,9,0.0,seq-blocked
246,9,0.0,seq-blocked
247,9,1.0,seq-blocked
248,9,1.0,seq-blocked
249,9,1.0,seq-blocked
250,9,0.0,seq-blocked
251,9,1.0,seq-blocked
252,9,0.0,seq-blocked
253,9,0.0,seq-blocked
254,9,1.0,seq-blocked
255,9,1.0,seq-blocked
256,9,1.0,seq-blocked
257,9,1.0,seq-blocked
258,9,1.0,seq-blocked
259,9,1.0,seq-blocked
260,9,0.0,seq-blocked
261,9,0.0,seq-blocked
262,9,0.0,seq-blocked
263,9,0.0,seq-blocked
264,9,1.0,seq-blocked
265,9,1.0,seq-blocked
266,9,1.0,seq-blocked
267,9,1.0,seq-blocked
268,9,0.0,seq-blocked
269,9,1.0,seq-blocked
270,9,0.0,seq-blocked
271,9,0.0,seq-blocked
272,9,0.0,seq-blocked
273,9,0.0,seq-blocked
274,9,1.0,seq-blocked
275,9,0.0,seq-blocked
276,9,1.0,seq-blocked
277,9,1.0,seq-blocked
278,9,1.0,seq-blocked
279,9,1.0,seq-blocked
280,9,0.0,seq-blocked
281,9,1.0,seq-blocked
282,9,0.0,seq-blocked
283,9,0.0,seq-blocked
284,9,1.0,seq-blocked
285,9,0.0,seq-blocked
286,9,1.0,seq-blocked
287,9,0.0,seq-blocked
288,9,0.0,seq-blocked
289,9,0.0,seq-blocked
290,9,1.0,seq-blocked
291,9,1.0,seq-blocked
292,9,1.0,seq-blocked
293,9,1.0,seq-blocked
294,9,1.0,seq-blocked
295,9,0.0,seq-blocked
296,9,1.0,seq-blocked
297,9,1.0,seq-blocked
298,9,0.0,seq-blocked
299,9,1.0,seq-blocked
300,9,1.0,seq-blocked
301,9,0.0,seq-blocked
302,9,1.0,seq-blocked
303,9,0.0,seq-blocked
304,9,0.0,seq-blocked
305,9,1.0,seq-blocked
306,9,0.0,seq-blocked
307,9,0.0,seq-blocked
308,9,1.0,seq-blocked
309,9,1.0,seq-blocked
310,9,0.0,seq-blocked
311,9,1.0,seq-blocked
312,9,1.0,seq-blocked
313,9,1.0,seq-blocked
314,9,1.0,seq-blocked
315,9,1.0,seq-blocked
316,9,1.0,seq-blocked
317,9,0.0,seq-blocked
318,9,1.0,seq-blocked
319,9,1.0,seq-blocked
320,9,0.0,seq-blocked
321,9,0.0,seq-blocked
322,9,1.0,seq-blocked
323,9,1.0,seq-blocked
324,9,1.0,seq-blocked
325,9,0.0,seq-blocked
326,9,1.0,seq-blocked
327,9,1.0,seq-blocked
328,9,1.0,seq-blocked
329,9,1.0,seq-blocked
330,9,1.0,seq-blocked
331,9,1.0,seq-blocked
332,9,1.0,seq-blocked
333,9,1.0,seq-blocked
334,9,1.0,seq-blocked
335,9,0.0,seq-blocked
336,9,0.0,seq-blocked
337,9,1.0,seq-blocked
338,9,1.0,seq-blocked
339,9,1.0,seq-blocked
340,9,1.0,seq-blocked
341,9,1.0,seq-blocked
342,9,1.0,seq-blocked
343,9,0.0,seq-blocked
344,9,1.0,seq-blocked
345,9,1.0,seq-blocked
346,9,0.0,seq-blocked
347,9,1.0,seq-blocked
348,9,0.0,seq-blocked
349,9,1.0,seq-blocked
350,9,0.0,seq-blocked
351,9,1.0,seq-blocked
352,9,1.0,seq-blocked
353,9,1.0,seq-blocked
354,9,1.0,seq-blocked
355,9,0.0,seq-blocked
356,9,1.0,seq-blocked
357,9,0.0,seq-blocked
358,9,0.0,seq-blocked
359,9,1.0,seq-blocked
360,9,0.0,seq-blocked
361,9,1.0,seq-blocked
362,9,0.0,seq-blocked
363,9,1.0,seq-blocked
364,9,1.0,seq-blocked
365,9,1.0,seq-blocked
366,9,1.0,seq-blocked
367,9,0.0,seq-blocked
368,9,1.0,seq-blocked
369,9,1.0,seq-blocked
370,9,0.0,seq-blocked
371,9,0.0,seq-blocked
372,9,1.0,seq-blocked
373,9,0.0,seq-blocked
374,9,0.0,seq-blocked
375,9,0.0,seq-blocked
376,9,1.0,seq-blocked
377,9,0.0,seq-blocked
378,9,1.0,seq-blocked
379,9,1.0,seq-blocked
