model,rt,error,size_condition,cat_condition,rand_condition,block_type
0,5.8200703e-06,0.0,s_ma,c_ma,c_ms,blocked
0,4.257977e-06,0.0,s_ma,c_ma,c_ma,blocked
0,4.706133e-05,0.0,s_ma,c_ma,c_ms,blocked
0,2.2055824e-06,0.0,s_ma,c_ma,c_ms,blocked
0,0.37566656,0.0,s_ms,c_ma,c_ms,blocked
0,0.5191704,1.0,s_ms,c_ma,c_ma,blocked
0,0.2696276,0.0,s_ms,c_ma,c_ma,blocked
0,0.4136188,0.0,s_ms,c_ma,c_ms,blocked
0,0.4250519,0.0,s_ms,c_ma,c_ma,blocked
0,3.957846e-06,0.0,s_ma,c_ms,c_ma,blocked
0,0.000165189,0.0,s_ma,c_ms,c_ms,blocked
0,2.1661622e-06,0.0,s_ma,c_ms,c_ms,blocked
0,1.0194992e-06,0.0,s_ma,c_ms,c_ma,blocked
0,9.036413e-07,0.0,s_ma,c_ms,c_ma,blocked
0,0.4762148,0.0,s_ms,c_ms,c_ms,blocked
0,0.23587075,0.0,s_ms,c_ms,c_ma,blocked
0,0.2776459,0.0,s_ms,c_ms,c_ms,blocked
0,0.42394656,0.0,s_ms,c_ms,c_ma,blocked
0,0.17888893,0.0,s_ms,c_ms,c_ms,blocked
0,6.380896e-06,0.0,s_ma,c_ma,c_ms,blocked
0,3.070006e-05,0.0,s_ma,c_ma,c_ms,blocked
0,1.9722478e-05,0.0,s_ma,c_ma,c_ma,blocked
0,7.0004903e-06,0.0,s_ma,c_ma,c_ma,blocked
0,0.4556494,0.0,s_ms,c_ma,c_ma,blocked
0,0.59256244,1.0,s_ms,c_ma,c_ms,blocked
0,0.40778914,0.0,s_ms,c_ma,c_ms,blocked
0,0.5714737,1.0,s_ms,c_ma,c_ma,blocked
0,0.53778094,1.0,s_ms,c_ma,c_ms,blocked
0,2.43852e-05,0.0,s_ma,c_ms,c_ms,blocked
0,4.2260614e-05,0.0,s_ma,c_ms,c_ma,blocked
0,2.9058263e-05,0.0,s_ma,c_ms,c_ma,blocked
0,1.6986334e-05,0.0,s_ma,c_ms,c_ms,blocked
0,7.3583865e-06,0.0,s_ma,c_ms,c_ms,blocked
0,0.55800384,1.0,s_ms,c_ms,c_ma,blocked
0,0.15934053,0.0,s_ms,c_ms,c_ms,blocked
0,0.451006,0.0,s_ms,c_ms,c_ma,blocked
0,0.53372204,1.0,s_ms,c_ms,c_ms,blocked
0,0.349561,0.0,s_ms,c_ms,c_ma,blocked
0,4.650169e-06,0.0,s_ma,c_ma,c_ma,blocked
0,3.3459506e-05,0.0,s_ma,c_ma,c_ms,blocked
0,6.0294096e-06,0.0,s_ma,c_ma,c_ms,blocked
0,1.6333774e-05,0.0,s_ma,c_ma,c_ms,blocked
0,0.36101115,0.0,s_ms,c_ma,c_ms,blocked
0,0.5335238,1.0,s_ms,c_ma,c_ma,blocked
0,0.35995036,0.0,s_ms,c_ma,c_ma,blocked
0,0.54179513,1.0,s_ms,c_ma,c_ms,blocked
0,0.4330815,0.0,s_ms,c_ma,c_ma,blocked
0,4.7759408e-05,0.0,s_ma,c_ms,c_ma,blocked
0,3.6455593e-05,0.0,s_ma,c_ms,c_ms,blocked
0,2.2083332e-05,0.0,s_ma,c_ms,c_ms,blocked
0,7.8713e-05,0.0,s_ma,c_ms,c_ma,blocked
0,1.1143593e-05,0.0,s_ma,c_ms,c_ma,blocked
0,0.4700963,0.0,s_ms,c_ms,c_ms,blocked
0,0.17588498,0.0,s_ms,c_ms,c_ma,blocked
0,0.31909204,0.0,s_ms,c_ms,c_ms,blocked
0,0.42484993,0.0,s_ms,c_ms,c_ma,blocked
0,0.3159117,0.0,s_ms,c_ms,c_ms,blocked
0,5.506609e-05,0.0,s_ma,c_ma,c_ms,blocked
0,1.8813842e-05,0.0,s_ma,c_ma,c_ma,blocked
0,6.043247e-06,0.0,s_ma,c_ma,c_ms,blocked
0,7.47454e-06,0.0,s_ma,c_ma,c_ma,blocked
0,0.3384757,0.0,s_ms,c_ma,c_ma,blocked
0,0.37910652,0.0,s_ms,c_ma,c_ms,blocked
0,0.32678628,0.0,s_ms,c_ma,c_ms,blocked
0,0.4754991,0.0,s_ms,c_ma,c_ma,blocked
0,0.55005574,1.0,s_ms,c_ma,c_ms,blocked
0,6.181898e-05,0.0,s_ma,c_ms,c_ms,blocked
0,2.519933e-05,0.0,s_ma,c_ms,c_ma,blocked
0,5.313116e-05,0.0,s_ma,c_ms,c_ma,blocked
0,9.511588e-06,0.0,s_ma,c_ms,c_ms,blocked
0,1.8994615e-05,0.0,s_ma,c_ms,c_ms,blocked
0,0.541675,1.0,s_ms,c_ms,c_ma,blocked
0,0.29798943,0.0,s_ms,c_ms,c_ms,blocked
0,0.50866777,1.0,s_ms,c_ms,c_ma,blocked
0,0.43706033,0.0,s_ms,c_ms,c_ms,blocked
0,0.39738032,0.0,s_ms,c_ms,c_ma,blocked
0,2.2951083e-06,0.0,s_ma,c_ma,c_ms,blocked
0,6.7526403e-06,0.0,s_ma,c_ma,c_ma,blocked
0,1.5772068e-05,0.0,s_ma,c_ma,c_ms,blocked
0,6.79154e-06,0.0,s_ma,c_ma,c_ma,blocked
0,0.30429706,0.0,s_ms,c_ma,c_ma,blocked
0,0.44767097,0.0,s_ms,c_ma,c_ms,blocked
0,0.30976892,0.0,s_ms,c_ma,c_ms,blocked
0,0.46817714,0.0,s_ms,c_ma,c_ma,blocked
0,0.5086286,1.0,s_ms,c_ma,c_ms,blocked
0,7.218328e-05,0.0,s_ma,c_ms,c_ms,blocked
0,1.2226302e-05,0.0,s_ma,c_ms,c_ma,blocked
0,2.2059003e-05,0.0,s_ma,c_ms,c_ma,blocked
0,4.7617705e-05,0.0,s_ma,c_ms,c_ms,blocked
0,3.3458987e-06,0.0,s_ma,c_ms,c_ms,blocked
0,0.3991072,0.0,s_ms,c_ms,c_ma,blocked
0,0.14241767,0.0,s_ms,c_ms,c_ms,blocked
0,0.35198733,0.0,s_ms,c_ms,c_ma,blocked
0,0.44716406,0.0,s_ms,c_ms,c_ms,blocked
0,0.27729014,0.0,s_ms,c_ms,c_ma,blocked
0,0.39614058,0.0,s_ms,c_ma,c_ms,blocked
0,0.3488617,0.0,s_ms,c_ma,c_ma,blocked
0,0.49123985,0.0,s_ms,c_ma,c_ms,blocked
0,0.46170887,0.0,s_ms,c_ma,c_ma,blocked
0,0.47505367,0.0,s_ms,c_ma,c_ma,blocked
0,1.7043756e-05,0.0,s_ma,c_ma,c_ms,blocked
0,1.4499889e-06,0.0,s_ma,c_ma,c_ms,blocked
0,1.3990905e-05,0.0,s_ma,c_ma,c_ma,blocked
0,3.1370528e-06,0.0,s_ma,c_ma,c_ms,blocked
0,0.37838662,0.0,s_ms,c_ms,c_ms,blocked
0,0.3932439,0.0,s_ms,c_ms,c_ma,blocked
0,0.5042978,1.0,s_ms,c_ms,c_ma,blocked
0,0.4971785,0.0,s_ms,c_ms,c_ms,blocked
0,0.49821025,0.0,s_ms,c_ms,c_ms,blocked
0,5.847472e-05,0.0,s_ma,c_ms,c_ma,blocked
0,1.70251e-05,0.0,s_ma,c_ms,c_ms,blocked
0,1.8270024e-05,0.0,s_ma,c_ms,c_ma,blocked
0,4.8948236e-06,0.0,s_ma,c_ms,c_ms,blocked
0,9.823464e-06,0.0,s_ma,c_ms,c_ma,blocked
0,0.28335583,0.0,s_ms,c_ma,c_ma,blocked
0,0.25094524,0.0,s_ms,c_ma,c_ms,blocked
0,0.3172593,0.0,s_ms,c_ma,c_ma,blocked
0,0.46728048,0.0,s_ms,c_ma,c_ms,blocked
0,0.36260355,0.0,s_ms,c_ma,c_ms,blocked
0,1.7945302e-05,0.0,s_ma,c_ma,c_ms,blocked
0,7.8553416e-07,0.0,s_ma,c_ma,c_ma,blocked
0,2.2968798e-06,0.0,s_ma,c_ma,c_ms,blocked
0,1.7487238e-05,0.0,s_ma,c_ma,c_ma,blocked
0,0.292476,0.0,s_ms,c_ms,c_ma,blocked
0,0.23842947,0.0,s_ms,c_ms,c_ms,blocked
0,0.31564754,0.0,s_ms,c_ms,c_ms,blocked
0,0.3969447,0.0,s_ms,c_ms,c_ma,blocked
0,0.23283361,0.0,s_ms,c_ms,c_ma,blocked
0,1.4487852e-05,0.0,s_ma,c_ms,c_ms,blocked
0,1.8398561e-05,0.0,s_ma,c_ms,c_ma,blocked
0,1.2312259e-05,0.0,s_ma,c_ms,c_ms,blocked
0,1.8709823e-05,0.0,s_ma,c_ms,c_ma,blocked
0,3.0016174e-05,0.0,s_ma,c_ms,c_ms,blocked
0,0.56597614,1.0,s_ms,c_ma,c_ma,blocked
0,0.44990212,0.0,s_ms,c_ma,c_ms,blocked
0,0.49627694,0.0,s_ms,c_ma,c_ma,blocked
0,0.5109925,1.0,s_ms,c_ma,c_ms,blocked
0,0.5288621,1.0,s_ms,c_ma,c_ms,blocked
0,1.3877823e-06,0.0,s_ma,c_ma,c_ms,blocked
0,7.856818e-07,0.0,s_ma,c_ma,c_ma,blocked
0,1.0495107e-05,0.0,s_ma,c_ma,c_ms,blocked
0,1.217531e-07,0.0,s_ma,c_ma,c_ma,blocked
0,0.44210202,0.0,s_ms,c_ms,c_ma,blocked
0,0.41569677,0.0,s_ms,c_ms,c_ms,blocked
0,0.5450089,1.0,s_ms,c_ms,c_ms,blocked
0,0.4907787,0.0,s_ms,c_ms,c_ma,blocked
0,0.48977116,0.0,s_ms,c_ms,c_ma,blocked
0,5.012685e-07,0.0,s_ma,c_ms,c_ms,blocked
0,6.0139564e-07,0.0,s_ma,c_ms,c_ma,blocked
0,1.9694744e-06,0.0,s_ma,c_ms,c_ms,blocked
0,3.0182985e-06,0.0,s_ma,c_ms,c_ma,blocked
0,7.422825e-06,0.0,s_ma,c_ms,c_ms,blocked
0,0.45207024,0.0,s_ms,c_ma,c_ms,blocked
0,0.27436858,0.0,s_ms,c_ma,c_ma,blocked
0,0.3181368,0.0,s_ms,c_ma,c_ms,blocked
0,0.36746442,0.0,s_ms,c_ma,c_ma,blocked
0,0.34233516,0.0,s_ms,c_ma,c_ma,blocked
0,1.212561e-05,0.0,s_ma,c_ma,c_ma,blocked
0,2.2356435e-06,0.0,s_ma,c_ma,c_ms,blocked
0,9.779542e-06,0.0,s_ma,c_ma,c_ms,blocked
0,5.0101503e-06,0.0,s_ma,c_ma,c_ms,blocked
0,0.31344754,0.0,s_ms,c_ms,c_ms,blocked
0,0.38239604,0.0,s_ms,c_ms,c_ma,blocked
0,0.32762456,0.0,s_ms,c_ms,c_ma,blocked
0,0.41378355,0.0,s_ms,c_ms,c_ms,blocked
0,0.38116467,0.0,s_ms,c_ms,c_ms,blocked
0,6.2344093e-06,0.0,s_ma,c_ms,c_ma,blocked
0,2.9818198e-06,0.0,s_ma,c_ms,c_ms,blocked
0,4.910197e-06,0.0,s_ma,c_ms,c_ma,blocked
0,9.029926e-06,0.0,s_ma,c_ms,c_ms,blocked
0,1.0299756e-05,0.0,s_ma,c_ms,c_ma,blocked
0,0.36818928,0.0,s_ms,c_ma,c_ma,blocked
0,0.27585387,0.0,s_ms,c_ma,c_ms,blocked
0,0.40140718,0.0,s_ms,c_ma,c_ma,blocked
0,0.31542972,0.0,s_ms,c_ma,c_ms,blocked
0,0.32252544,0.0,s_ms,c_ma,c_ms,blocked
0,2.5406387e-06,0.0,s_ma,c_ma,c_ms,blocked
0,1.4647482e-05,0.0,s_ma,c_ma,c_ma,blocked
0,1.2183281e-07,0.0,s_ma,c_ma,c_ma,blocked
0,4.7127237e-06,0.0,s_ma,c_ma,c_ms,blocked
0,0.4015659,0.0,s_ms,c_ms,c_ma,blocked
0,0.48680276,0.0,s_ms,c_ms,c_ms,blocked
0,0.4257617,0.0,s_ms,c_ms,c_ms,blocked
0,0.51385474,1.0,s_ms,c_ms,c_ma,blocked
0,0.2600003,0.0,s_ms,c_ms,c_ma,blocked
0,7.233423e-06,0.0,s_ma,c_ms,c_ms,blocked
0,2.2431827e-06,0.0,s_ma,c_ms,c_ma,blocked
0,1.3080485e-07,0.0,s_ma,c_ms,c_ms,blocked
0,4.2663035e-07,0.0,s_ma,c_ms,c_ma,blocked
0,7.219218e-06,0.0,s_ma,c_ms,c_ms,blocked
0,2.9523637e-06,0.0,s_ma,c_ms,c_ma,blocked
0,2.5713924e-05,0.0,s_ma,c_ms,c_ms,blocked
0,5.2970947e-05,0.0,s_ma,c_ms,c_ma,blocked
0,5.1823514e-05,0.0,s_ma,c_ms,c_ms,blocked
0,7.582399e-05,0.0,s_ma,c_ms,c_ms,blocked
0,0.36446676,0.0,s_ms,c_ms,c_ms,blocked
0,0.4794398,0.0,s_ms,c_ms,c_ma,blocked
0,0.36992753,0.0,s_ms,c_ms,c_ma,blocked
0,0.5032991,1.0,s_ms,c_ms,c_ms,blocked
0,0.42018205,0.0,s_ms,c_ms,c_ma,blocked
0,1.4299089e-05,0.0,s_ma,c_ma,c_ms,blocked
0,5.3416778e-05,0.0,s_ma,c_ma,c_ms,blocked
0,0.00010572137,0.0,s_ma,c_ma,c_ma,blocked
0,6.719289e-06,0.0,s_ma,c_ma,c_ma,blocked
0,0.59437835,1.0,s_ms,c_ma,c_ms,blocked
0,0.42204422,0.0,s_ms,c_ma,c_ma,blocked
0,0.5343686,1.0,s_ms,c_ma,c_ms,blocked
0,0.5571921,1.0,s_ms,c_ma,c_ma,blocked
0,0.46928042,0.0,s_ms,c_ma,c_ms,blocked
0,0.00019938215,0.0,s_ma,c_ms,c_ms,blocked
0,4.719237e-05,0.0,s_ma,c_ms,c_ma,blocked
0,3.845786e-05,0.0,s_ma,c_ms,c_ms,blocked
0,4.214948e-05,0.0,s_ma,c_ms,c_ma,blocked
0,1.4742287e-05,0.0,s_ma,c_ms,c_ma,blocked
0,0.29577345,0.0,s_ms,c_ms,c_ma,blocked
0,0.4188836,0.0,s_ms,c_ms,c_ms,blocked
0,0.315889,0.0,s_ms,c_ms,c_ms,blocked
0,0.32743526,0.0,s_ms,c_ms,c_ma,blocked
0,0.26033956,0.0,s_ms,c_ms,c_ms,blocked
0,1.7866165e-05,0.0,s_ma,c_ma,c_ms,blocked
0,0.000120529825,0.0,s_ma,c_ma,c_ma,blocked
0,2.0650867e-05,0.0,s_ma,c_ma,c_ms,blocked
0,2.3347762e-05,0.0,s_ma,c_ma,c_ms,blocked
0,0.3710361,0.0,s_ms,c_ma,c_ma,blocked
0,0.3851415,0.0,s_ms,c_ma,c_ms,blocked
0,0.47889107,0.0,s_ms,c_ma,c_ma,blocked
0,0.45177007,0.0,s_ms,c_ma,c_ms,blocked
0,0.40908945,0.0,s_ms,c_ma,c_ma,blocked
0,2.4292858e-06,0.0,s_ma,c_ms,c_ms,blocked
0,2.6832244e-05,0.0,s_ma,c_ms,c_ma,blocked
0,1.3301786e-05,0.0,s_ma,c_ms,c_ms,blocked
0,2.2686001e-05,0.0,s_ma,c_ms,c_ma,blocked
0,1.8388686e-05,0.0,s_ma,c_ms,c_ma,blocked
0,0.28864878,0.0,s_ms,c_ms,c_ma,blocked
0,0.42609167,0.0,s_ms,c_ms,c_ms,blocked
0,0.21578528,0.0,s_ms,c_ms,c_ms,blocked
0,0.4937176,0.0,s_ms,c_ms,c_ma,blocked
0,0.36292636,0.0,s_ms,c_ms,c_ms,blocked
0,4.9767354e-05,0.0,s_ma,c_ma,c_ms,blocked
0,9.2625e-05,0.0,s_ma,c_ma,c_ma,blocked
0,8.511645e-06,0.0,s_ma,c_ma,c_ms,blocked
0,3.1834486e-05,0.0,s_ma,c_ma,c_ms,blocked
0,0.37970704,0.0,s_ms,c_ma,c_ma,blocked
0,0.35886368,0.0,s_ms,c_ma,c_ms,blocked
0,0.3219124,0.0,s_ms,c_ma,c_ma,blocked
0,0.53780043,1.0,s_ms,c_ma,c_ms,blocked
0,0.3886249,0.0,s_ms,c_ma,c_ma,blocked
0,1.0765997e-06,0.0,s_ma,c_ms,c_ma,blocked
0,6.1157475e-06,0.0,s_ma,c_ms,c_ms,blocked
0,7.21719e-05,0.0,s_ma,c_ms,c_ma,blocked
0,5.1697707e-06,0.0,s_ma,c_ms,c_ms,blocked
0,3.548192e-05,0.0,s_ma,c_ms,c_ms,blocked
0,0.31293762,0.0,s_ms,c_ms,c_ms,blocked
0,0.35614803,0.0,s_ms,c_ms,c_ma,blocked
0,0.24019751,0.0,s_ms,c_ms,c_ma,blocked
0,0.4343207,0.0,s_ms,c_ms,c_ms,blocked
0,0.275572,0.0,s_ms,c_ms,c_ma,blocked
0,0.00010017597,0.0,s_ma,c_ma,c_ma,blocked
0,1.7265702e-05,0.0,s_ma,c_ma,c_ms,blocked
0,8.601366e-06,0.0,s_ma,c_ma,c_ms,blocked
0,4.114304e-06,0.0,s_ma,c_ma,c_ma,blocked
0,0.34564024,0.0,s_ms,c_ma,c_ms,blocked
0,0.33234626,0.0,s_ms,c_ma,c_ma,blocked
0,0.45297486,0.0,s_ms,c_ma,c_ms,blocked
0,0.5704299,1.0,s_ms,c_ma,c_ma,blocked
0,0.36361036,0.0,s_ms,c_ma,c_ms,blocked
0,5.1365134e-07,0.0,s_ma,c_ms,c_ma,blocked
0,6.191725e-06,0.0,s_ma,c_ms,c_ms,blocked
0,7.030121e-06,0.0,s_ma,c_ms,c_ma,blocked
0,1.4318381e-05,0.0,s_ma,c_ms,c_ms,blocked
0,2.7423773e-06,0.0,s_ma,c_ms,c_ms,blocked
0,0.35441044,0.0,s_ms,c_ms,c_ms,blocked
0,0.5784712,1.0,s_ms,c_ms,c_ma,blocked
0,0.28483513,0.0,s_ms,c_ms,c_ma,blocked
0,0.4467206,0.0,s_ms,c_ms,c_ms,blocked
0,0.5701058,1.0,s_ms,c_ms,c_ma,blocked
0,6.554976e-06,0.0,s_ma,c_ma,c_ma,blocked
0,1.888229e-05,0.0,s_ma,c_ma,c_ms,blocked
0,3.2356304e-05,0.0,s_ma,c_ma,c_ms,blocked
0,4.251266e-06,0.0,s_ma,c_ma,c_ma,blocked
0,0.5631193,1.0,s_ms,c_ma,c_ms,blocked
0,0.37197503,0.0,s_ms,c_ma,c_ma,blocked
0,0.5842066,1.0,s_ms,c_ma,c_ms,blocked
0,0.65403247,1.0,s_ms,c_ma,c_ma,blocked
0,0.51007986,1.0,s_ms,c_ma,c_ms,blocked
0,0.23271078,0.0,s_ms,c_ms,c_ms,blocked
0,0.21082187,0.0,s_ms,c_ms,c_ma,blocked
0,0.22720523,0.0,s_ms,c_ms,c_ms,blocked
0,0.17810926,0.0,s_ms,c_ms,c_ma,blocked
0,0.28413385,0.0,s_ms,c_ms,c_ma,blocked
0,4.582209e-05,0.0,s_ma,c_ms,c_ma,blocked
0,1.1703435e-05,0.0,s_ma,c_ms,c_ms,blocked
0,3.7524413e-07,0.0,s_ma,c_ms,c_ms,blocked
0,1.2069483e-05,0.0,s_ma,c_ms,c_ma,blocked
0,1.4625068e-05,0.0,s_ma,c_ms,c_ms,blocked
0,0.26406002,0.0,s_ms,c_ma,c_ms,blocked
0,0.3935489,0.0,s_ms,c_ma,c_ma,blocked
0,0.46337277,0.0,s_ms,c_ma,c_ma,blocked
0,0.38419384,0.0,s_ms,c_ma,c_ms,blocked
0,0.26926002,0.0,s_ms,c_ma,c_ms,blocked
0,2.2918503e-05,0.0,s_ma,c_ma,c_ms,blocked
0,8.664799e-06,0.0,s_ma,c_ma,c_ma,blocked
0,7.945299e-07,0.0,s_ma,c_ma,c_ms,blocked
0,4.1738704e-06,0.0,s_ma,c_ma,c_ma,blocked
0,0.32498616,0.0,s_ms,c_ms,c_ma,blocked
0,0.45846015,0.0,s_ms,c_ms,c_ms,blocked
0,0.3636152,0.0,s_ms,c_ms,c_ma,blocked
0,0.36338514,0.0,s_ms,c_ms,c_ms,blocked
0,0.44250184,0.0,s_ms,c_ms,c_ms,blocked
0,6.433669e-06,0.0,s_ma,c_ms,c_ms,blocked
0,6.5346057e-06,0.0,s_ma,c_ms,c_ma,blocked
0,7.780774e-07,0.0,s_ma,c_ms,c_ma,blocked
0,4.242831e-06,0.0,s_ma,c_ms,c_ms,blocked
0,1.823181e-06,0.0,s_ma,c_ms,c_ma,blocked
0,0.38170922,0.0,s_ms,c_ma,c_ma,blocked
0,0.44506586,0.0,s_ms,c_ma,c_ms,blocked
0,0.44321686,0.0,s_ms,c_ma,c_ms,blocked
0,0.49527505,0.0,s_ms,c_ma,c_ma,blocked
0,0.40165487,0.0,s_ms,c_ma,c_ma,blocked
0,2.249307e-05,0.0,s_ma,c_ma,c_ms,blocked
0,4.983382e-06,0.0,s_ma,c_ma,c_ms,blocked
0,8.567536e-06,0.0,s_ma,c_ma,c_ma,blocked
0,1.3761966e-05,0.0,s_ma,c_ma,c_ms,blocked
0,0.27144063,0.0,s_ms,c_ms,c_ms,blocked
0,0.14132392,0.0,s_ms,c_ms,c_ma,blocked
0,0.29061663,0.0,s_ms,c_ms,c_ms,blocked
0,0.20322517,0.0,s_ms,c_ms,c_ma,blocked
0,0.18579698,0.0,s_ms,c_ms,c_ma,blocked
0,1.443372e-05,0.0,s_ma,c_ms,c_ma,blocked
0,1.1150362e-05,0.0,s_ma,c_ms,c_ms,blocked
0,2.3855705e-06,0.0,s_ma,c_ms,c_ms,blocked
0,1.0151526e-05,0.0,s_ma,c_ms,c_ma,blocked
0,3.056993e-07,0.0,s_ma,c_ms,c_ms,blocked
0,0.2409111,0.0,s_ms,c_ma,c_ms,blocked
0,0.33326325,0.0,s_ms,c_ma,c_ma,blocked
0,0.45455083,0.0,s_ms,c_ma,c_ma,blocked
0,0.28856546,0.0,s_ms,c_ma,c_ms,blocked
0,0.19055668,0.0,s_ms,c_ma,c_ms,blocked
0,7.3226342e-06,0.0,s_ma,c_ma,c_ma,blocked
0,4.73108e-06,0.0,s_ma,c_ma,c_ms,blocked
0,1.4780659e-07,0.0,s_ma,c_ma,c_ms,blocked
0,6.560666e-07,0.0,s_ma,c_ma,c_ma,blocked
0,0.24905697,0.0,s_ms,c_ms,c_ma,blocked
0,0.1284771,0.0,s_ms,c_ms,c_ms,blocked
0,0.32871777,0.0,s_ms,c_ms,c_ma,blocked
0,0.3390366,0.0,s_ms,c_ms,c_ms,blocked
0,0.15499331,0.0,s_ms,c_ms,c_ms,blocked
0,3.2791581e-06,0.0,s_ma,c_ms,c_ms,blocked
0,1.4167694e-05,0.0,s_ma,c_ms,c_ma,blocked
0,2.3374794e-06,0.0,s_ma,c_ms,c_ma,blocked
0,1.1622088e-05,0.0,s_ma,c_ms,c_ms,blocked
0,6.611286e-07,0.0,s_ma,c_ms,c_ma,blocked
0,0.3004781,0.0,s_ms,c_ma,c_ma,blocked
0,0.34919235,0.0,s_ms,c_ma,c_ms,blocked
0,0.25346974,0.0,s_ms,c_ma,c_ms,blocked
0,0.24985392,0.0,s_ms,c_ma,c_ma,blocked
0,0.1798231,0.0,s_ms,c_ma,c_ma,blocked
0,6.589611e-07,0.0,s_ma,c_ma,c_ms,blocked
0,9.51718e-06,0.0,s_ma,c_ma,c_ma,blocked
0,1.4605443e-07,0.0,s_ma,c_ma,c_ms,blocked
0,3.4557547e-07,0.0,s_ma,c_ma,c_ms,blocked
0,0.42733753,0.0,s_ms,c_ms,c_ms,blocked
0,0.24819294,0.0,s_ms,c_ms,c_ma,blocked
0,0.23012379,0.0,s_ms,c_ms,c_ms,blocked
0,0.32884324,0.0,s_ms,c_ms,c_ma,blocked
0,0.2597254,0.0,s_ms,c_ms,c_ma,blocked
0,4.733104e-06,0.0,s_ma,c_ms,c_ma,blocked
0,1.9036172e-05,0.0,s_ma,c_ms,c_ms,blocked
0,1.0344177e-05,0.0,s_ma,c_ms,c_ms,blocked
0,1.0676526e-05,0.0,s_ma,c_ms,c_ma,blocked
0,6.5741046e-06,0.0,s_ma,c_ms,c_ms,blocked
0,0.33684212,0.0,s_ms,c_ma,c_ms,blocked
0,0.41814032,0.0,s_ms,c_ma,c_ma,blocked
0,0.46205324,0.0,s_ms,c_ma,c_ma,blocked
0,0.40531367,0.0,s_ms,c_ma,c_ms,blocked
0,0.33585495,0.0,s_ms,c_ma,c_ms,blocked
0,4.262586e-06,0.0,s_ma,c_ma,c_ma,blocked
0,1.2518902e-05,0.0,s_ma,c_ma,c_ms,blocked
0,6.671061e-07,0.0,s_ma,c_ma,c_ma,blocked
0,3.54904e-07,0.0,s_ma,c_ma,c_ms,blocked
0,6.1543574e-06,0.0,s_ma,c_ma,c_ms,interleaved
0,4.4780486e-06,0.0,s_ma,c_ma,c_ma,interleaved
0,4.714338e-05,0.0,s_ma,c_ma,c_ms,interleaved
0,2.1058963e-06,0.0,s_ma,c_ma,c_ms,interleaved
0,0.38205123,0.0,s_ms,c_ma,c_ms,interleaved
0,0.5185309,1.0,s_ms,c_ma,c_ma,interleaved
0,0.26444894,0.0,s_ms,c_ma,c_ma,interleaved
0,0.41523588,0.0,s_ms,c_ma,c_ms,interleaved
0,0.5049351,1.0,s_ms,c_ma,c_ma,interleaved
0,3.1879645e-06,0.0,s_ma,c_ms,c_ma,interleaved
0,0.00017284373,0.0,s_ma,c_ms,c_ms,interleaved
0,2.1932078e-06,0.0,s_ma,c_ms,c_ms,interleaved
0,1.0726447e-06,0.0,s_ma,c_ms,c_ma,interleaved
0,5.4975646e-07,0.0,s_ma,c_ms,c_ma,interleaved
0,0.52345806,1.0,s_ms,c_ms,c_ms,interleaved
0,0.28821898,0.0,s_ms,c_ms,c_ma,interleaved
0,0.34381032,0.0,s_ms,c_ms,c_ms,interleaved
0,0.47802144,0.0,s_ms,c_ms,c_ma,interleaved
0,0.23342708,0.0,s_ms,c_ms,c_ms,interleaved
0,6.694121e-06,0.0,s_ma,c_ma,c_ms,interleaved
0,2.3700732e-05,0.0,s_ma,c_ma,c_ms,interleaved
0,1.8060926e-05,0.0,s_ma,c_ma,c_ma,interleaved
0,7.064753e-06,0.0,s_ma,c_ma,c_ma,interleaved
0,0.47047648,0.0,s_ms,c_ma,c_ma,interleaved
0,0.5975288,1.0,s_ms,c_ma,c_ms,interleaved
0,0.40897238,0.0,s_ms,c_ma,c_ms,interleaved
0,0.57668483,1.0,s_ms,c_ma,c_ma,interleaved
0,0.5979724,1.0,s_ms,c_ma,c_ms,interleaved
0,2.308627e-05,0.0,s_ma,c_ms,c_ms,interleaved
0,3.8479106e-05,0.0,s_ma,c_ms,c_ma,interleaved
0,2.7181066e-05,0.0,s_ma,c_ms,c_ma,interleaved
0,9.946589e-06,0.0,s_ma,c_ms,c_ms,interleaved
0,5.827016e-06,0.0,s_ma,c_ms,c_ms,interleaved
0,0.57309747,1.0,s_ms,c_ms,c_ma,interleaved
0,0.19761673,0.0,s_ms,c_ms,c_ms,interleaved
0,0.5128101,1.0,s_ms,c_ms,c_ma,interleaved
0,0.6415607,1.0,s_ms,c_ms,c_ms,interleaved
0,0.4211563,0.0,s_ms,c_ms,c_ma,interleaved
0,4.926489e-06,0.0,s_ma,c_ma,c_ma,interleaved
0,2.6015206e-05,0.0,s_ma,c_ma,c_ms,interleaved
0,5.378931e-06,0.0,s_ma,c_ma,c_ms,interleaved
0,1.5187505e-05,0.0,s_ma,c_ma,c_ms,interleaved
0,0.34786573,0.0,s_ms,c_ma,c_ms,interleaved
0,0.53096175,1.0,s_ms,c_ma,c_ma,interleaved
0,0.35320377,0.0,s_ms,c_ma,c_ma,interleaved
0,0.53569794,1.0,s_ms,c_ma,c_ms,interleaved
0,0.43344486,0.0,s_ms,c_ma,c_ma,interleaved
0,4.8846076e-05,0.0,s_ma,c_ms,c_ma,interleaved
0,3.465357e-05,0.0,s_ma,c_ms,c_ms,interleaved
0,1.5571964e-05,0.0,s_ma,c_ms,c_ms,interleaved
0,6.812355e-05,0.0,s_ma,c_ms,c_ma,interleaved
0,9.079418e-06,0.0,s_ma,c_ms,c_ma,interleaved
0,0.51536816,1.0,s_ms,c_ms,c_ms,interleaved
0,0.27874035,0.0,s_ms,c_ms,c_ma,interleaved
0,0.3582692,0.0,s_ms,c_ms,c_ms,interleaved
0,0.47557628,0.0,s_ms,c_ms,c_ma,interleaved
0,0.39385912,0.0,s_ms,c_ms,c_ms,interleaved
0,5.5226155e-05,0.0,s_ma,c_ma,c_ms,interleaved
0,1.7092747e-05,0.0,s_ma,c_ma,c_ma,interleaved
0,5.372125e-06,0.0,s_ma,c_ma,c_ms,interleaved
0,7.1920635e-06,0.0,s_ma,c_ma,c_ma,interleaved
0,0.33700427,0.0,s_ms,c_ma,c_ma,interleaved
0,0.38143373,0.0,s_ms,c_ma,c_ms,interleaved
0,0.3233384,0.0,s_ms,c_ma,c_ms,interleaved
0,0.49487108,0.0,s_ms,c_ma,c_ma,interleaved
0,0.55170465,1.0,s_ms,c_ma,c_ms,interleaved
0,5.860893e-05,0.0,s_ma,c_ms,c_ms,interleaved
0,3.6684785e-05,0.0,s_ma,c_ms,c_ma,interleaved
0,3.575813e-05,0.0,s_ma,c_ms,c_ma,interleaved
0,6.5097897e-06,0.0,s_ma,c_ms,c_ms,interleaved
0,1.6584663e-05,0.0,s_ma,c_ms,c_ms,interleaved
0,0.5862466,1.0,s_ms,c_ms,c_ma,interleaved
0,0.33077136,0.0,s_ms,c_ms,c_ms,interleaved
0,0.5530565,1.0,s_ms,c_ms,c_ma,interleaved
0,0.45439243,0.0,s_ms,c_ms,c_ms,interleaved
0,0.45006198,0.0,s_ms,c_ms,c_ma,interleaved
0,2.2669756e-06,0.0,s_ma,c_ma,c_ms,interleaved
0,6.7717083e-06,0.0,s_ma,c_ma,c_ma,interleaved
0,1.4943014e-05,0.0,s_ma,c_ma,c_ms,interleaved
0,6.5505833e-06,0.0,s_ma,c_ma,c_ma,interleaved
0,0.32141706,0.0,s_ms,c_ma,c_ma,interleaved
0,0.45479348,0.0,s_ms,c_ma,c_ms,interleaved
0,0.30929416,0.0,s_ms,c_ma,c_ms,interleaved
0,0.48002225,0.0,s_ms,c_ma,c_ma,interleaved
0,0.5131556,1.0,s_ms,c_ma,c_ms,interleaved
0,7.1535294e-05,0.0,s_ma,c_ms,c_ms,interleaved
0,1.1565213e-05,0.0,s_ma,c_ms,c_ma,interleaved
0,2.0005751e-05,0.0,s_ma,c_ms,c_ma,interleaved
0,4.101592e-05,0.0,s_ma,c_ms,c_ms,interleaved
0,3.0700842e-06,0.0,s_ma,c_ms,c_ms,interleaved
0,0.43868122,0.0,s_ms,c_ms,c_ma,interleaved
0,0.19049746,0.0,s_ms,c_ms,c_ms,interleaved
0,0.43679738,0.0,s_ms,c_ms,c_ma,interleaved
0,0.5267565,1.0,s_ms,c_ms,c_ms,interleaved
0,0.34792042,0.0,s_ms,c_ms,c_ma,interleaved
0,0.3858849,0.0,s_ms,c_ma,c_ms,interleaved
0,0.32863468,0.0,s_ms,c_ma,c_ma,interleaved
0,0.5034761,1.0,s_ms,c_ma,c_ms,interleaved
0,0.4568699,0.0,s_ms,c_ma,c_ma,interleaved
0,0.44955623,0.0,s_ms,c_ma,c_ma,interleaved
0,1.6965723e-05,0.0,s_ma,c_ma,c_ms,interleaved
0,1.805059e-06,0.0,s_ma,c_ma,c_ms,interleaved
0,1.5985304e-05,0.0,s_ma,c_ma,c_ma,interleaved
0,2.6291877e-06,0.0,s_ma,c_ma,c_ms,interleaved
0,0.3920432,0.0,s_ms,c_ms,c_ms,interleaved
0,0.44176057,0.0,s_ms,c_ms,c_ma,interleaved
0,0.5563007,1.0,s_ms,c_ms,c_ma,interleaved
0,0.5022617,1.0,s_ms,c_ms,c_ms,interleaved
0,0.49016613,0.0,s_ms,c_ms,c_ms,interleaved
0,5.333012e-05,0.0,s_ma,c_ms,c_ma,interleaved
0,1.0824469e-05,0.0,s_ma,c_ms,c_ms,interleaved
0,1.7294979e-05,0.0,s_ma,c_ms,c_ma,interleaved
0,4.374231e-06,0.0,s_ma,c_ms,c_ms,interleaved
0,5.8424675e-06,0.0,s_ma,c_ms,c_ma,interleaved
0,0.27740204,0.0,s_ms,c_ma,c_ma,interleaved
0,0.2465136,0.0,s_ms,c_ma,c_ms,interleaved
0,0.3178181,0.0,s_ms,c_ma,c_ma,interleaved
0,0.46385685,0.0,s_ms,c_ma,c_ms,interleaved
0,0.3533568,0.0,s_ms,c_ma,c_ms,interleaved
0,1.785214e-05,0.0,s_ma,c_ma,c_ms,interleaved
0,7.2655916e-07,0.0,s_ma,c_ma,c_ma,interleaved
0,2.2960464e-06,0.0,s_ma,c_ma,c_ms,interleaved
0,1.1867214e-05,0.0,s_ma,c_ma,c_ma,interleaved
0,0.29676786,0.0,s_ms,c_ms,c_ma,interleaved
0,0.25331324,0.0,s_ms,c_ms,c_ms,interleaved
0,0.34364587,0.0,s_ms,c_ms,c_ms,interleaved
0,0.41084063,0.0,s_ms,c_ms,c_ma,interleaved
0,0.23716113,0.0,s_ms,c_ms,c_ma,interleaved
0,1.4117517e-05,0.0,s_ma,c_ms,c_ms,interleaved
0,1.3036426e-05,0.0,s_ma,c_ms,c_ma,interleaved
0,1.2770279e-05,0.0,s_ma,c_ms,c_ms,interleaved
0,1.773283e-05,0.0,s_ma,c_ms,c_ma,interleaved
0,2.2336826e-05,0.0,s_ma,c_ms,c_ms,interleaved
0,0.56985986,1.0,s_ms,c_ma,c_ma,interleaved
0,0.4486703,0.0,s_ms,c_ma,c_ms,interleaved
0,0.4994324,0.0,s_ms,c_ma,c_ma,interleaved
0,0.5131154,1.0,s_ms,c_ma,c_ms,interleaved
0,0.53145826,1.0,s_ms,c_ma,c_ms,interleaved
0,1.624128e-06,0.0,s_ma,c_ma,c_ms,interleaved
0,7.8635077e-07,0.0,s_ma,c_ma,c_ma,interleaved
0,9.481304e-06,0.0,s_ma,c_ma,c_ms,interleaved
0,1.2123873e-07,0.0,s_ma,c_ma,c_ma,interleaved
0,0.4514469,0.0,s_ms,c_ms,c_ma,interleaved
0,0.45603412,0.0,s_ms,c_ms,c_ms,interleaved
0,0.61541456,1.0,s_ms,c_ms,c_ms,interleaved
0,0.5213021,1.0,s_ms,c_ms,c_ma,interleaved
0,0.5270092,1.0,s_ms,c_ms,c_ma,interleaved
0,3.4420952e-07,0.0,s_ma,c_ms,c_ms,interleaved
0,6.590199e-07,0.0,s_ma,c_ms,c_ma,interleaved
0,1.968538e-06,0.0,s_ma,c_ms,c_ms,interleaved
0,2.770766e-06,0.0,s_ma,c_ms,c_ma,interleaved
0,6.6052794e-06,0.0,s_ma,c_ms,c_ms,interleaved
0,0.449907,0.0,s_ms,c_ma,c_ms,interleaved
0,0.26902544,0.0,s_ms,c_ma,c_ma,interleaved
0,0.32260114,0.0,s_ms,c_ma,c_ms,interleaved
0,0.35268423,0.0,s_ms,c_ma,c_ma,interleaved
0,0.32499442,0.0,s_ms,c_ma,c_ma,interleaved
0,1.3153029e-05,0.0,s_ma,c_ma,c_ma,interleaved
0,2.2342667e-06,0.0,s_ma,c_ma,c_ms,interleaved
0,8.706119e-06,0.0,s_ma,c_ma,c_ms,interleaved
0,4.8312004e-06,0.0,s_ma,c_ma,c_ms,interleaved
0,0.32081905,0.0,s_ms,c_ms,c_ms,interleaved
0,0.42490152,0.0,s_ms,c_ms,c_ma,interleaved
0,0.32274014,0.0,s_ms,c_ms,c_ma,interleaved
0,0.38189763,0.0,s_ms,c_ms,c_ms,interleaved
0,0.38238966,0.0,s_ms,c_ms,c_ms,interleaved
0,7.302427e-06,0.0,s_ma,c_ms,c_ma,interleaved
0,2.636845e-06,0.0,s_ma,c_ms,c_ms,interleaved
0,6.1588757e-06,0.0,s_ma,c_ms,c_ma,interleaved
0,1.00853795e-05,0.0,s_ma,c_ms,c_ms,interleaved
0,9.655903e-06,0.0,s_ma,c_ms,c_ma,interleaved
0,0.26146203,0.0,s_ms,c_ma,c_ma,interleaved
0,0.19459528,0.0,s_ms,c_ma,c_ms,interleaved
0,0.38898277,0.0,s_ms,c_ma,c_ma,interleaved
0,0.3136501,0.0,s_ms,c_ma,c_ms,interleaved
0,0.30691195,0.0,s_ms,c_ma,c_ms,interleaved
0,2.2948436e-06,0.0,s_ma,c_ma,c_ms,interleaved
0,1.0146921e-05,0.0,s_ma,c_ma,c_ma,interleaved
0,1.2131292e-07,0.0,s_ma,c_ma,c_ma,interleaved
0,4.5933443e-06,0.0,s_ma,c_ma,c_ms,interleaved
0,0.40238127,0.0,s_ms,c_ms,c_ma,interleaved
0,0.5504732,1.0,s_ms,c_ms,c_ms,interleaved
0,0.46518633,0.0,s_ms,c_ms,c_ms,interleaved
0,0.51151264,1.0,s_ms,c_ms,c_ma,interleaved
0,0.26897603,0.0,s_ms,c_ms,c_ma,interleaved
0,9.639458e-06,0.0,s_ma,c_ms,c_ms,interleaved
0,1.9385777e-06,0.0,s_ma,c_ms,c_ma,interleaved
0,1.8873529e-07,0.0,s_ma,c_ms,c_ms,interleaved
0,5.4308504e-07,0.0,s_ma,c_ms,c_ma,interleaved
0,6.787617e-06,0.0,s_ma,c_ms,c_ms,interleaved
0,3.2560527e-06,0.0,s_ma,c_ms,c_ma,interleaved
0,2.3344941e-05,0.0,s_ma,c_ms,c_ms,interleaved
0,4.778054e-05,0.0,s_ma,c_ms,c_ma,interleaved
0,5.7393965e-05,0.0,s_ma,c_ms,c_ms,interleaved
0,7.5367614e-05,0.0,s_ma,c_ms,c_ms,interleaved
0,0.40142944,0.0,s_ms,c_ms,c_ms,interleaved
0,0.511791,1.0,s_ms,c_ms,c_ma,interleaved
0,0.3894962,0.0,s_ms,c_ms,c_ma,interleaved
0,0.51436716,1.0,s_ms,c_ms,c_ms,interleaved
0,0.41873336,0.0,s_ms,c_ms,c_ma,interleaved
0,1.786751e-05,0.0,s_ma,c_ma,c_ms,interleaved
0,4.950188e-05,0.0,s_ma,c_ma,c_ms,interleaved
0,9.904707e-05,0.0,s_ma,c_ma,c_ma,interleaved
0,5.4394513e-06,0.0,s_ma,c_ma,c_ma,interleaved
0,0.5675284,1.0,s_ms,c_ma,c_ms,interleaved
0,0.3491997,0.0,s_ms,c_ma,c_ma,interleaved
0,0.5305033,1.0,s_ms,c_ma,c_ms,interleaved
0,0.5445184,1.0,s_ms,c_ma,c_ma,interleaved
0,0.46244198,0.0,s_ms,c_ma,c_ms,interleaved
0,0.00020123321,0.0,s_ma,c_ms,c_ms,interleaved
0,4.804085e-05,0.0,s_ma,c_ms,c_ma,interleaved
0,3.951524e-05,0.0,s_ma,c_ms,c_ms,interleaved
0,3.5414236e-05,0.0,s_ma,c_ms,c_ma,interleaved
0,1.47094315e-05,0.0,s_ma,c_ms,c_ma,interleaved
0,0.33843002,0.0,s_ms,c_ms,c_ma,interleaved
0,0.5355853,1.0,s_ms,c_ms,c_ms,interleaved
0,0.37505978,0.0,s_ms,c_ms,c_ms,interleaved
0,0.4176731,0.0,s_ms,c_ms,c_ma,interleaved
0,0.27225053,0.0,s_ms,c_ms,c_ms,interleaved
0,2.2447497e-05,0.0,s_ma,c_ma,c_ms,interleaved
0,8.5568e-05,0.0,s_ma,c_ma,c_ma,interleaved
0,1.3968169e-05,0.0,s_ma,c_ma,c_ms,interleaved
0,1.7902503e-05,0.0,s_ma,c_ma,c_ms,interleaved
0,0.39414304,0.0,s_ms,c_ma,c_ma,interleaved
0,0.3849406,0.0,s_ms,c_ma,c_ms,interleaved
0,0.5135051,1.0,s_ms,c_ma,c_ma,interleaved
0,0.47343594,0.0,s_ms,c_ma,c_ms,interleaved
0,0.39186704,0.0,s_ms,c_ma,c_ma,interleaved
0,2.281608e-06,0.0,s_ma,c_ms,c_ms,interleaved
0,2.7193899e-05,0.0,s_ma,c_ms,c_ma,interleaved
0,1.4468911e-05,0.0,s_ma,c_ms,c_ms,interleaved
0,2.9714385e-05,0.0,s_ma,c_ms,c_ma,interleaved
0,1.8114277e-05,0.0,s_ma,c_ms,c_ma,interleaved
0,0.30044657,0.0,s_ms,c_ms,c_ma,interleaved
0,0.47299916,0.0,s_ms,c_ms,c_ms,interleaved
0,0.2337789,0.0,s_ms,c_ms,c_ms,interleaved
0,0.51328963,1.0,s_ms,c_ms,c_ma,interleaved
0,0.37210548,0.0,s_ms,c_ms,c_ms,interleaved
0,4.6102017e-05,0.0,s_ma,c_ma,c_ms,interleaved
0,6.68809e-05,0.0,s_ma,c_ma,c_ma,interleaved
0,5.6897925e-06,0.0,s_ma,c_ma,c_ms,interleaved
0,2.1432323e-05,0.0,s_ma,c_ma,c_ms,interleaved
0,0.4127887,0.0,s_ms,c_ma,c_ma,interleaved
0,0.33546293,0.0,s_ms,c_ma,c_ms,interleaved
0,0.3637333,0.0,s_ms,c_ma,c_ma,interleaved
0,0.5332366,1.0,s_ms,c_ma,c_ms,interleaved
0,0.39443594,0.0,s_ms,c_ma,c_ma,interleaved
0,1.0748089e-06,0.0,s_ma,c_ms,c_ma,interleaved
0,8.436402e-06,0.0,s_ma,c_ms,c_ms,interleaved
0,6.759858e-05,0.0,s_ma,c_ms,c_ma,interleaved
0,6.2133786e-06,0.0,s_ma,c_ms,c_ms,interleaved
0,3.9276583e-05,0.0,s_ma,c_ms,c_ms,interleaved
0,0.32991076,0.0,s_ms,c_ms,c_ms,interleaved
0,0.38933808,0.0,s_ms,c_ms,c_ma,interleaved
0,0.29616496,0.0,s_ms,c_ms,c_ma,interleaved
0,0.4237999,0.0,s_ms,c_ms,c_ms,interleaved
0,0.2972985,0.0,s_ms,c_ms,c_ma,interleaved
0,9.38148e-05,0.0,s_ma,c_ma,c_ma,interleaved
0,1.1646485e-05,0.0,s_ma,c_ma,c_ms,interleaved
0,5.828217e-06,0.0,s_ma,c_ma,c_ms,interleaved
0,2.4365452e-06,0.0,s_ma,c_ma,c_ma,interleaved
0,0.31801867,0.0,s_ms,c_ma,c_ms,interleaved
0,0.28461355,0.0,s_ms,c_ma,c_ma,interleaved
0,0.4402536,0.0,s_ms,c_ma,c_ms,interleaved
0,0.53948003,1.0,s_ms,c_ma,c_ma,interleaved
0,0.36438638,0.0,s_ms,c_ma,c_ms,interleaved
0,6.2399505e-07,0.0,s_ma,c_ms,c_ma,interleaved
0,6.1228175e-06,0.0,s_ma,c_ms,c_ms,interleaved
0,9.162731e-06,0.0,s_ma,c_ms,c_ma,interleaved
0,1.7560184e-05,0.0,s_ma,c_ms,c_ms,interleaved
0,3.3694052e-06,0.0,s_ma,c_ms,c_ms,interleaved
0,0.3477038,0.0,s_ms,c_ms,c_ms,interleaved
0,0.5758133,1.0,s_ms,c_ms,c_ma,interleaved
0,0.3349372,0.0,s_ms,c_ms,c_ma,interleaved
0,0.46806258,0.0,s_ms,c_ms,c_ms,interleaved
0,0.5878607,1.0,s_ms,c_ms,c_ma,interleaved
0,5.2651994e-06,0.0,s_ma,c_ma,c_ma,interleaved
0,1.3952922e-05,0.0,s_ma,c_ma,c_ms,interleaved
0,2.108364e-05,0.0,s_ma,c_ma,c_ms,interleaved
0,2.455552e-06,0.0,s_ma,c_ma,c_ma,interleaved
0,0.5281702,1.0,s_ms,c_ma,c_ms,interleaved
0,0.2896934,0.0,s_ms,c_ma,c_ma,interleaved
0,0.5299204,1.0,s_ms,c_ma,c_ms,interleaved
0,0.60693586,1.0,s_ms,c_ma,c_ma,interleaved
0,0.4766033,0.0,s_ms,c_ma,c_ms,interleaved
0,0.28854287,0.0,s_ms,c_ms,c_ms,interleaved
0,0.2439356,0.0,s_ms,c_ms,c_ma,interleaved
0,0.28716284,0.0,s_ms,c_ms,c_ms,interleaved
0,0.2148189,0.0,s_ms,c_ms,c_ma,interleaved
0,0.33941835,0.0,s_ms,c_ms,c_ma,interleaved
0,5.4477812e-05,0.0,s_ma,c_ms,c_ma,interleaved
0,1.4073201e-05,0.0,s_ma,c_ms,c_ms,interleaved
0,4.0277197e-07,0.0,s_ma,c_ms,c_ms,interleaved
0,8.201812e-06,0.0,s_ma,c_ms,c_ma,interleaved
0,1.1608221e-05,0.0,s_ma,c_ms,c_ms,interleaved
0,0.28503576,0.0,s_ms,c_ma,c_ms,interleaved
0,0.38300002,0.0,s_ms,c_ma,c_ma,interleaved
0,0.42342037,0.0,s_ms,c_ma,c_ma,interleaved
0,0.42588127,0.0,s_ms,c_ma,c_ms,interleaved
0,0.29593882,0.0,s_ms,c_ma,c_ms,interleaved
0,2.8301722e-05,0.0,s_ma,c_ma,c_ms,interleaved
0,9.8051105e-06,0.0,s_ma,c_ma,c_ma,interleaved
0,8.9410105e-07,0.0,s_ma,c_ma,c_ms,interleaved
0,4.276424e-06,0.0,s_ma,c_ma,c_ma,interleaved
0,0.50253576,1.0,s_ms,c_ms,c_ma,interleaved
0,0.6184869,1.0,s_ms,c_ms,c_ms,interleaved
0,0.51882684,1.0,s_ms,c_ms,c_ma,interleaved
0,0.44289392,0.0,s_ms,c_ms,c_ms,interleaved
0,0.6119058,1.0,s_ms,c_ms,c_ms,interleaved
0,8.815107e-06,0.0,s_ma,c_ms,c_ms,interleaved
0,1.0372836e-05,0.0,s_ma,c_ms,c_ma,interleaved
0,6.5997887e-07,0.0,s_ma,c_ms,c_ma,interleaved
0,2.899531e-06,0.0,s_ma,c_ms,c_ms,interleaved
0,1.7022176e-06,0.0,s_ma,c_ms,c_ma,interleaved
0,0.4634964,0.0,s_ms,c_ma,c_ma,interleaved
0,0.42734915,0.0,s_ms,c_ma,c_ms,interleaved
0,0.47051674,0.0,s_ms,c_ma,c_ms,interleaved
0,0.56500024,1.0,s_ms,c_ma,c_ma,interleaved
0,0.4959698,0.0,s_ms,c_ma,c_ma,interleaved
0,2.7539005e-05,0.0,s_ma,c_ma,c_ms,interleaved
0,4.561901e-06,0.0,s_ma,c_ma,c_ms,interleaved
0,8.219022e-06,0.0,s_ma,c_ma,c_ma,interleaved
0,1.4051074e-05,0.0,s_ma,c_ma,c_ms,interleaved
0,0.3684372,0.0,s_ms,c_ms,c_ms,interleaved
0,0.2111684,0.0,s_ms,c_ms,c_ma,interleaved
0,0.4011773,0.0,s_ms,c_ms,c_ms,interleaved
0,0.22615004,0.0,s_ms,c_ms,c_ma,interleaved
0,0.25998,0.0,s_ms,c_ms,c_ma,interleaved
0,1.5827829e-05,0.0,s_ma,c_ms,c_ma,interleaved
0,1.16311485e-05,0.0,s_ma,c_ms,c_ms,interleaved
0,2.0877515e-06,0.0,s_ma,c_ms,c_ms,interleaved
0,6.75576e-06,0.0,s_ma,c_ms,c_ma,interleaved
0,2.472549e-07,0.0,s_ma,c_ms,c_ms,interleaved
0,0.2551993,0.0,s_ms,c_ma,c_ms,interleaved
0,0.29342014,0.0,s_ms,c_ma,c_ma,interleaved
0,0.40380543,0.0,s_ms,c_ma,c_ma,interleaved
0,0.30028933,0.0,s_ms,c_ma,c_ms,interleaved
0,0.22796062,0.0,s_ms,c_ma,c_ms,interleaved
0,8.281611e-06,0.0,s_ma,c_ma,c_ma,interleaved
0,4.3699138e-06,0.0,s_ma,c_ma,c_ms,interleaved
0,1.5188729e-07,0.0,s_ma,c_ma,c_ms,interleaved
0,5.883936e-07,0.0,s_ma,c_ma,c_ma,interleaved
0,0.3326949,0.0,s_ms,c_ms,c_ma,interleaved
0,0.16992436,0.0,s_ms,c_ms,c_ms,interleaved
0,0.38165516,0.0,s_ms,c_ms,c_ma,interleaved
0,0.38175267,0.0,s_ms,c_ms,c_ms,interleaved
0,0.25287658,0.0,s_ms,c_ms,c_ms,interleaved
0,3.99152e-06,0.0,s_ma,c_ms,c_ms,interleaved
0,1.6056369e-05,0.0,s_ma,c_ms,c_ma,interleaved
0,2.588497e-06,0.0,s_ma,c_ms,c_ma,interleaved
0,9.892372e-06,0.0,s_ma,c_ms,c_ms,interleaved
0,5.4352336e-07,0.0,s_ma,c_ms,c_ma,interleaved
0,0.31806344,0.0,s_ms,c_ma,c_ma,interleaved
0,0.31462586,0.0,s_ms,c_ma,c_ms,interleaved
0,0.23684473,0.0,s_ms,c_ma,c_ms,interleaved
0,0.28340086,0.0,s_ms,c_ma,c_ma,interleaved
0,0.21541552,0.0,s_ms,c_ma,c_ma,interleaved
0,7.5068465e-07,0.0,s_ma,c_ma,c_ms,interleaved
0,9.154905e-06,0.0,s_ma,c_ma,c_ma,interleaved
0,1.5001439e-07,0.0,s_ma,c_ma,c_ms,interleaved
0,3.5106524e-07,0.0,s_ma,c_ma,c_ms,interleaved
0,0.53662026,1.0,s_ms,c_ms,c_ms,interleaved
0,0.34168416,0.0,s_ms,c_ms,c_ma,interleaved
0,0.37217098,0.0,s_ms,c_ms,c_ms,interleaved
0,0.37001187,0.0,s_ms,c_ms,c_ma,interleaved
0,0.35331517,0.0,s_ms,c_ms,c_ma,interleaved
0,4.911674e-06,0.0,s_ma,c_ms,c_ma,interleaved
0,1.8969977e-05,0.0,s_ma,c_ms,c_ms,interleaved
0,6.803059e-06,0.0,s_ma,c_ms,c_ms,interleaved
0,9.152701e-06,0.0,s_ma,c_ms,c_ma,interleaved
0,7.176741e-06,0.0,s_ma,c_ms,c_ms,interleaved
0,0.3442325,0.0,s_ms,c_ma,c_ms,interleaved
0,0.4380309,0.0,s_ms,c_ma,c_ma,interleaved
0,0.4453876,0.0,s_ms,c_ma,c_ma,interleaved
0,0.41263616,0.0,s_ms,c_ma,c_ms,interleaved
0,0.35870945,0.0,s_ms,c_ma,c_ms,interleaved
0,4.414251e-06,0.0,s_ma,c_ma,c_ma,interleaved
0,1.2581835e-05,0.0,s_ma,c_ma,c_ms,interleaved
0,5.9723806e-07,0.0,s_ma,c_ma,c_ma,interleaved
0,2.973723e-07,0.0,s_ma,c_ma,c_ms,interleaved
0,6.167992e-06,0.0,s_ma,c_ma,c_ms,random
0,4.467374e-06,0.0,s_ma,c_ma,c_ma,random
0,4.661773e-05,0.0,s_ma,c_ma,c_ms,random
0,2.1630174e-06,0.0,s_ma,c_ma,c_ms,random
0,0.38255286,0.0,s_ms,c_ma,c_ms,random
0,0.5191662,1.0,s_ms,c_ma,c_ma,random
0,0.26422393,0.0,s_ms,c_ma,c_ma,random
0,0.4150976,0.0,s_ms,c_ma,c_ms,random
0,0.50712615,1.0,s_ms,c_ma,c_ma,random
0,3.1778004e-06,0.0,s_ma,c_ms,c_ma,random
0,0.00017337326,0.0,s_ma,c_ms,c_ms,random
0,2.2442277e-06,0.0,s_ma,c_ms,c_ms,random
0,1.0723277e-06,0.0,s_ma,c_ms,c_ma,random
0,5.479713e-07,0.0,s_ma,c_ms,c_ma,random
0,0.5220821,1.0,s_ms,c_ms,c_ms,random
0,0.289799,0.0,s_ms,c_ms,c_ma,random
0,0.3457448,0.0,s_ms,c_ms,c_ms,random
0,0.47861552,0.0,s_ms,c_ms,c_ma,random
0,0.234703,0.0,s_ms,c_ms,c_ms,random
0,6.6951366e-06,0.0,s_ma,c_ma,c_ms,random
0,2.318573e-05,0.0,s_ma,c_ma,c_ms,random
0,1.8166236e-05,0.0,s_ma,c_ma,c_ma,random
0,7.03439e-06,0.0,s_ma,c_ma,c_ma,random
0,0.47104603,0.0,s_ms,c_ma,c_ma,random
0,0.5968828,1.0,s_ms,c_ma,c_ms,random
0,0.4088292,0.0,s_ms,c_ma,c_ms,random
0,0.57683444,1.0,s_ms,c_ma,c_ma,random
0,0.5992216,1.0,s_ms,c_ma,c_ms,random
0,2.2196733e-05,0.0,s_ma,c_ms,c_ms,random
0,3.7838992e-05,0.0,s_ma,c_ms,c_ma,random
0,2.7100417e-05,0.0,s_ma,c_ms,c_ma,random
0,9.955371e-06,0.0,s_ma,c_ms,c_ms,random
0,5.663015e-06,0.0,s_ma,c_ms,c_ms,random
0,0.5740427,1.0,s_ms,c_ms,c_ma,random
0,0.20211712,0.0,s_ms,c_ms,c_ms,random
0,0.5139942,1.0,s_ms,c_ms,c_ma,random
0,0.6427403,1.0,s_ms,c_ms,c_ms,random
0,0.42715737,0.0,s_ms,c_ms,c_ma,random
0,4.9176783e-06,0.0,s_ma,c_ma,c_ma,random
0,2.5513504e-05,0.0,s_ma,c_ma,c_ms,random
0,5.2763717e-06,0.0,s_ma,c_ma,c_ms,random
0,1.5202394e-05,0.0,s_ma,c_ma,c_ms,random
0,0.34809858,0.0,s_ms,c_ma,c_ms,random
0,0.53101504,1.0,s_ms,c_ma,c_ma,random
0,0.35278136,0.0,s_ms,c_ma,c_ma,random
0,0.53450096,1.0,s_ms,c_ma,c_ms,random
0,0.43359792,0.0,s_ms,c_ma,c_ma,random
0,4.8036974e-05,0.0,s_ma,c_ms,c_ma,random
0,3.451127e-05,0.0,s_ma,c_ms,c_ms,random
0,1.5588927e-05,0.0,s_ma,c_ms,c_ms,random
0,6.800715e-05,0.0,s_ma,c_ms,c_ma,random
0,9.0420945e-06,0.0,s_ma,c_ms,c_ma,random
0,0.5189899,1.0,s_ms,c_ms,c_ms,random
0,0.2866366,0.0,s_ms,c_ms,c_ma,random
0,0.3603424,0.0,s_ms,c_ms,c_ms,random
0,0.4759391,0.0,s_ms,c_ms,c_ma,random
0,0.40136528,0.0,s_ms,c_ms,c_ms,random
0,5.471518e-05,0.0,s_ma,c_ma,c_ms,random
0,1.7223712e-05,0.0,s_ma,c_ma,c_ma,random
0,5.325368e-06,0.0,s_ma,c_ma,c_ms,random
0,7.1848262e-06,0.0,s_ma,c_ma,c_ma,random
0,0.3383221,0.0,s_ms,c_ma,c_ma,random
0,0.3813867,0.0,s_ms,c_ma,c_ms,random
0,0.32390997,0.0,s_ms,c_ma,c_ms,random
0,0.49462405,0.0,s_ms,c_ma,c_ma,random
0,0.5506161,1.0,s_ms,c_ma,c_ms,random
0,5.824177e-05,0.0,s_ma,c_ms,c_ms,random
0,3.621469e-05,0.0,s_ma,c_ms,c_ma,random
0,3.5652185e-05,0.0,s_ma,c_ms,c_ma,random
0,6.4999413e-06,0.0,s_ma,c_ms,c_ms,random
0,1.6523176e-05,0.0,s_ma,c_ms,c_ms,random
0,0.5868889,1.0,s_ms,c_ms,c_ma,random
0,0.33138475,0.0,s_ms,c_ms,c_ms,random
0,0.5548874,1.0,s_ms,c_ms,c_ma,random
0,0.45445824,0.0,s_ms,c_ms,c_ms,random
0,0.45048988,0.0,s_ms,c_ms,c_ma,random
0,2.2652926e-06,0.0,s_ma,c_ma,c_ms,random
0,6.7445717e-06,0.0,s_ma,c_ma,c_ma,random
0,1.4954071e-05,0.0,s_ma,c_ma,c_ms,random
0,6.544038e-06,0.0,s_ma,c_ma,c_ma,random
0,0.32213214,0.0,s_ms,c_ma,c_ma,random
0,0.45483655,0.0,s_ms,c_ma,c_ms,random
0,0.30890536,0.0,s_ms,c_ma,c_ms,random
0,0.48011658,0.0,s_ms,c_ma,c_ma,random
0,0.5132406,1.0,s_ms,c_ma,c_ms,random
0,7.137071e-05,0.0,s_ma,c_ms,c_ms,random
0,1.1552413e-05,0.0,s_ma,c_ms,c_ma,random
0,2.000331e-05,0.0,s_ma,c_ms,c_ma,random
0,4.1063027e-05,0.0,s_ma,c_ms,c_ms,random
0,3.057188e-06,0.0,s_ma,c_ms,c_ms,random
0,0.43691266,0.0,s_ms,c_ms,c_ma,random
0,0.19038974,0.0,s_ms,c_ms,c_ms,random
0,0.4389485,0.0,s_ms,c_ms,c_ma,random
0,0.52760196,1.0,s_ms,c_ms,c_ms,random
0,0.34796754,0.0,s_ms,c_ms,c_ma,random
0,0.3853429,0.0,s_ms,c_ma,c_ms,random
0,0.32780972,0.0,s_ms,c_ma,c_ma,random
0,0.50315315,1.0,s_ms,c_ma,c_ms,random
0,0.45489073,0.0,s_ms,c_ma,c_ma,random
0,0.4485224,0.0,s_ms,c_ma,c_ma,random
0,1.6951592e-05,0.0,s_ma,c_ma,c_ms,random
0,1.8049984e-06,0.0,s_ma,c_ma,c_ms,random
0,1.5924395e-05,0.0,s_ma,c_ma,c_ma,random
0,2.6272821e-06,0.0,s_ma,c_ma,c_ms,random
0,0.393512,0.0,s_ms,c_ms,c_ms,random
0,0.4420849,0.0,s_ms,c_ms,c_ma,random
0,0.55570525,1.0,s_ms,c_ms,c_ma,random
0,0.50162035,1.0,s_ms,c_ms,c_ms,random
0,0.49056584,0.0,s_ms,c_ms,c_ms,random
0,5.2593845e-05,0.0,s_ma,c_ms,c_ma,random
0,1.0163684e-05,0.0,s_ma,c_ms,c_ms,random
0,1.7171085e-05,0.0,s_ma,c_ms,c_ma,random
0,4.3725545e-06,0.0,s_ma,c_ms,c_ms,random
0,5.5272076e-06,0.0,s_ma,c_ms,c_ma,random
0,0.27692828,0.0,s_ms,c_ma,c_ma,random
0,0.24717641,0.0,s_ms,c_ma,c_ms,random
0,0.31779313,0.0,s_ms,c_ma,c_ma,random
0,0.46383137,0.0,s_ms,c_ma,c_ms,random
0,0.35356617,0.0,s_ms,c_ma,c_ms,random
0,1.7764669e-05,0.0,s_ma,c_ma,c_ms,random
0,7.2661686e-07,0.0,s_ma,c_ma,c_ma,random
0,2.2957704e-06,0.0,s_ma,c_ma,c_ms,random
0,1.1751522e-05,0.0,s_ma,c_ma,c_ma,random
0,0.29721355,0.0,s_ms,c_ms,c_ma,random
0,0.2535243,0.0,s_ms,c_ms,c_ms,random
0,0.3426259,0.0,s_ms,c_ms,c_ms,random
0,0.41006598,0.0,s_ms,c_ms,c_ma,random
0,0.23891169,0.0,s_ms,c_ms,c_ma,random
0,1.3947074e-05,0.0,s_ma,c_ms,c_ms,random
0,1.2329996e-05,0.0,s_ma,c_ms,c_ma,random
0,1.2650694e-05,0.0,s_ma,c_ms,c_ms,random
0,1.749344e-05,0.0,s_ma,c_ms,c_ma,random
0,2.090188e-05,0.0,s_ma,c_ms,c_ms,random
0,0.57010794,1.0,s_ms,c_ma,c_ma,random
0,0.44880176,0.0,s_ms,c_ma,c_ms,random
0,0.5000309,1.0,s_ms,c_ma,c_ma,random
0,0.5127871,1.0,s_ms,c_ma,c_ms,random
0,0.53204525,1.0,s_ms,c_ma,c_ms,random
0,1.6240988e-06,0.0,s_ma,c_ma,c_ms,random
0,7.2679484e-07,0.0,s_ma,c_ma,c_ma,random
0,9.123648e-06,0.0,s_ma,c_ma,c_ms,random
0,1.2121944e-07,0.0,s_ma,c_ma,c_ma,random
0,0.45175365,0.0,s_ms,c_ms,c_ma,random
0,0.45802826,0.0,s_ms,c_ms,c_ms,random
0,0.6153515,1.0,s_ms,c_ms,c_ms,random
0,0.5213485,1.0,s_ms,c_ms,c_ma,random
0,0.527304,1.0,s_ms,c_ms,c_ma,random
0,3.4414023e-07,0.0,s_ma,c_ms,c_ms,random
0,5.993446e-07,0.0,s_ma,c_ms,c_ma,random
0,1.8493001e-06,0.0,s_ma,c_ms,c_ms,random
0,2.5907286e-06,0.0,s_ma,c_ms,c_ma,random
0,6.187796e-06,0.0,s_ma,c_ms,c_ms,random
0,0.44992682,0.0,s_ms,c_ma,c_ms,random
0,0.2687698,0.0,s_ms,c_ma,c_ma,random
0,0.32388353,0.0,s_ms,c_ma,c_ms,random
0,0.35295707,0.0,s_ms,c_ma,c_ma,random
0,0.3243947,0.0,s_ms,c_ma,c_ma,random
0,1.3092011e-05,0.0,s_ma,c_ma,c_ma,random
0,2.2339113e-06,0.0,s_ma,c_ma,c_ms,random
0,8.408065e-06,0.0,s_ma,c_ma,c_ms,random
0,4.771608e-06,0.0,s_ma,c_ma,c_ms,random
0,0.31909662,0.0,s_ms,c_ms,c_ms,random
0,0.4247625,0.0,s_ms,c_ms,c_ma,random
0,0.3214599,0.0,s_ms,c_ms,c_ma,random
0,0.3796289,0.0,s_ms,c_ms,c_ms,random
0,0.38175678,0.0,s_ms,c_ms,c_ms,random
0,6.7662886e-06,0.0,s_ma,c_ms,c_ma,random
0,2.4551389e-06,0.0,s_ma,c_ms,c_ms,random
0,5.9201952e-06,0.0,s_ma,c_ms,c_ma,random
0,9.728042e-06,0.0,s_ma,c_ms,c_ms,random
0,8.762993e-06,0.0,s_ma,c_ms,c_ma,random
0,0.26004145,0.0,s_ms,c_ma,c_ma,random
0,0.19322622,0.0,s_ms,c_ma,c_ms,random
0,0.38828206,0.0,s_ms,c_ma,c_ma,random
0,0.31466877,0.0,s_ms,c_ma,c_ms,random
0,0.30627418,0.0,s_ms,c_ma,c_ms,random
0,2.2342385e-06,0.0,s_ma,c_ma,c_ms,random
0,1.0058381e-05,0.0,s_ma,c_ma,c_ma,random
0,1.2129657e-07,0.0,s_ma,c_ma,c_ma,random
0,4.474163e-06,0.0,s_ma,c_ma,c_ms,random
0,0.40164554,0.0,s_ms,c_ms,c_ma,random
0,0.55011415,1.0,s_ms,c_ms,c_ms,random
0,0.4648566,0.0,s_ms,c_ms,c_ms,random
0,0.51139164,1.0,s_ms,c_ms,c_ma,random
0,0.2687657,0.0,s_ms,c_ms,c_ma,random
0,9.402087e-06,0.0,s_ma,c_ms,c_ms,random
0,1.820425e-06,0.0,s_ma,c_ms,c_ma,random
0,1.888135e-07,0.0,s_ma,c_ms,c_ms,random
0,4.8343054e-07,0.0,s_ma,c_ms,c_ma,random
0,6.4919695e-06,0.0,s_ma,c_ms,c_ms,random
0,3.244419e-06,0.0,s_ma,c_ms,c_ma,random
0,2.2418335e-05,0.0,s_ma,c_ms,c_ms,random
0,4.6999612e-05,0.0,s_ma,c_ms,c_ma,random
0,5.695563e-05,0.0,s_ma,c_ms,c_ms,random
0,7.51645e-05,0.0,s_ma,c_ms,c_ms,random
0,0.39944947,0.0,s_ms,c_ms,c_ms,random
0,0.5110346,1.0,s_ms,c_ms,c_ma,random
0,0.38901818,0.0,s_ms,c_ms,c_ma,random
0,0.51554215,1.0,s_ms,c_ms,c_ms,random
0,0.41920316,0.0,s_ms,c_ms,c_ma,random
0,1.7433496e-05,0.0,s_ma,c_ma,c_ms,random
0,4.85293e-05,0.0,s_ma,c_ma,c_ms,random
0,9.687544e-05,0.0,s_ma,c_ma,c_ma,random
0,5.243823e-06,0.0,s_ma,c_ma,c_ma,random
0,0.56777644,1.0,s_ms,c_ma,c_ms,random
0,0.359047,0.0,s_ms,c_ma,c_ma,random
0,0.52965,1.0,s_ms,c_ma,c_ms,random
0,0.54399043,1.0,s_ms,c_ma,c_ma,random
0,0.46864334,0.0,s_ms,c_ma,c_ms,random
0,0.00020168089,0.0,s_ma,c_ms,c_ms,random
0,4.7190995e-05,0.0,s_ma,c_ms,c_ma,random
0,3.9259336e-05,0.0,s_ma,c_ms,c_ms,random
0,3.4962555e-05,0.0,s_ma,c_ms,c_ma,random
0,1.467611e-05,0.0,s_ma,c_ms,c_ma,random
0,0.3383991,0.0,s_ms,c_ms,c_ma,random
0,0.5347606,1.0,s_ms,c_ms,c_ms,random
0,0.37213844,0.0,s_ms,c_ms,c_ms,random
0,0.4175108,0.0,s_ms,c_ms,c_ma,random
0,0.27250412,0.0,s_ms,c_ms,c_ms,random
0,2.1995278e-05,0.0,s_ma,c_ma,c_ms,random
0,8.608545e-05,0.0,s_ma,c_ma,c_ma,random
0,1.382009e-05,0.0,s_ma,c_ma,c_ms,random
0,1.7923145e-05,0.0,s_ma,c_ma,c_ms,random
0,0.3897776,0.0,s_ms,c_ma,c_ma,random
0,0.385976,0.0,s_ms,c_ma,c_ms,random
0,0.5114634,1.0,s_ms,c_ma,c_ma,random
0,0.47330412,0.0,s_ms,c_ma,c_ms,random
0,0.39131317,0.0,s_ms,c_ma,c_ma,random
0,2.2775582e-06,0.0,s_ma,c_ms,c_ms,random
0,2.7122313e-05,0.0,s_ma,c_ms,c_ma,random
0,1.4496143e-05,0.0,s_ma,c_ms,c_ms,random
0,2.9672548e-05,0.0,s_ma,c_ms,c_ma,random
0,1.805248e-05,0.0,s_ma,c_ms,c_ma,random
0,0.30092102,0.0,s_ms,c_ms,c_ma,random
0,0.47421914,0.0,s_ms,c_ms,c_ms,random
0,0.2339323,0.0,s_ms,c_ms,c_ms,random
0,0.51465166,1.0,s_ms,c_ms,c_ma,random
0,0.3723932,0.0,s_ms,c_ms,c_ms,random
0,4.5089415e-05,0.0,s_ma,c_ma,c_ms,random
0,6.715751e-05,0.0,s_ma,c_ma,c_ma,random
0,5.6009962e-06,0.0,s_ma,c_ma,c_ms,random
0,2.1377025e-05,0.0,s_ma,c_ma,c_ms,random
0,0.4150522,0.0,s_ms,c_ma,c_ma,random
0,0.3440875,0.0,s_ms,c_ma,c_ms,random
0,0.3642754,0.0,s_ms,c_ma,c_ma,random
0,0.53332126,1.0,s_ms,c_ma,c_ms,random
0,0.40091544,0.0,s_ms,c_ma,c_ma,random
0,1.0744404e-06,0.0,s_ma,c_ms,c_ma,random
0,8.432144e-06,0.0,s_ma,c_ms,c_ms,random
0,6.749367e-05,0.0,s_ma,c_ms,c_ma,random
0,6.19757e-06,0.0,s_ma,c_ms,c_ms,random
0,3.9317114e-05,0.0,s_ma,c_ms,c_ms,random
0,0.33050555,0.0,s_ms,c_ms,c_ms,random
0,0.39007407,0.0,s_ms,c_ms,c_ma,random
0,0.29619476,0.0,s_ms,c_ms,c_ma,random
0,0.42528218,0.0,s_ms,c_ms,c_ms,random
0,0.29732424,0.0,s_ms,c_ms,c_ma,random
0,9.189702e-05,0.0,s_ma,c_ma,c_ma,random
0,1.1565211e-05,0.0,s_ma,c_ma,c_ms,random
0,5.776637e-06,0.0,s_ma,c_ma,c_ms,random
0,2.4212848e-06,0.0,s_ma,c_ma,c_ma,random
0,0.31615734,0.0,s_ms,c_ma,c_ms,random
0,0.2881175,0.0,s_ms,c_ma,c_ma,random
0,0.44162726,0.0,s_ms,c_ma,c_ms,random
0,0.54048383,1.0,s_ms,c_ma,c_ma,random
0,0.36763585,0.0,s_ms,c_ma,c_ms,random
0,6.2215946e-07,0.0,s_ma,c_ms,c_ma,random
0,5.936902e-06,0.0,s_ma,c_ms,c_ms,random
0,9.136133e-06,0.0,s_ma,c_ms,c_ma,random
0,1.7485923e-05,0.0,s_ma,c_ms,c_ms,random
0,3.349734e-06,0.0,s_ma,c_ms,c_ms,random
0,0.3470047,0.0,s_ms,c_ms,c_ms,random
0,0.57346755,1.0,s_ms,c_ms,c_ma,random
0,0.33469665,0.0,s_ms,c_ms,c_ma,random
0,0.4687222,0.0,s_ms,c_ms,c_ms,random
0,0.5879936,1.0,s_ms,c_ms,c_ma,random
0,5.0704703e-06,0.0,s_ma,c_ma,c_ma,random
0,1.4099054e-05,0.0,s_ma,c_ma,c_ms,random
0,2.1123336e-05,0.0,s_ma,c_ma,c_ms,random
0,2.4410347e-06,0.0,s_ma,c_ma,c_ma,random
0,0.5307519,1.0,s_ms,c_ma,c_ms,random
0,0.29710585,0.0,s_ms,c_ma,c_ma,random
0,0.534032,1.0,s_ms,c_ma,c_ms,random
0,0.6121402,1.0,s_ms,c_ma,c_ma,random
0,0.4844832,0.0,s_ms,c_ma,c_ms,random
0,0.2897903,0.0,s_ms,c_ms,c_ms,random
0,0.24255739,0.0,s_ms,c_ms,c_ma,random
0,0.28396302,0.0,s_ms,c_ms,c_ms,random
0,0.21377692,0.0,s_ms,c_ms,c_ma,random
0,0.34086567,0.0,s_ms,c_ms,c_ma,random
0,5.3525368e-05,0.0,s_ma,c_ms,c_ma,random
0,1.3833597e-05,0.0,s_ma,c_ms,c_ms,random
0,3.431786e-07,0.0,s_ma,c_ms,c_ms,random
0,7.5464955e-06,0.0,s_ma,c_ms,c_ma,random
0,1.1370578e-05,0.0,s_ma,c_ms,c_ms,random
0,0.28422695,0.0,s_ms,c_ma,c_ms,random
0,0.38688952,0.0,s_ms,c_ma,c_ma,random
0,0.42061514,0.0,s_ms,c_ma,c_ma,random
0,0.42725033,0.0,s_ms,c_ma,c_ms,random
0,0.29361433,0.0,s_ms,c_ma,c_ms,random
0,2.779322e-05,0.0,s_ma,c_ma,c_ms,random
0,9.2103965e-06,0.0,s_ma,c_ma,c_ma,random
0,8.2422923e-07,0.0,s_ma,c_ma,c_ms,random
0,4.234603e-06,0.0,s_ma,c_ma,c_ma,random
0,0.49909726,0.0,s_ms,c_ms,c_ma,random
0,0.6081251,1.0,s_ms,c_ms,c_ms,random
0,0.5080614,1.0,s_ms,c_ms,c_ma,random
0,0.44125944,0.0,s_ms,c_ms,c_ms,random
0,0.61065817,1.0,s_ms,c_ms,c_ms,random
0,8.271415e-06,0.0,s_ma,c_ms,c_ms,random
0,9.834218e-06,0.0,s_ma,c_ms,c_ma,random
0,6.598795e-07,0.0,s_ma,c_ms,c_ma,random
0,2.6565406e-06,0.0,s_ma,c_ms,c_ms,random
0,1.6439875e-06,0.0,s_ma,c_ms,c_ma,random
0,0.4522701,0.0,s_ms,c_ma,c_ma,random
0,0.4244926,0.0,s_ms,c_ma,c_ms,random
0,0.4603802,0.0,s_ms,c_ma,c_ms,random
0,0.5598086,1.0,s_ms,c_ma,c_ma,random
0,0.48763248,0.0,s_ms,c_ma,c_ma,random
0,2.7012211e-05,0.0,s_ma,c_ma,c_ms,random
0,4.3774867e-06,0.0,s_ma,c_ma,c_ms,random
0,7.50092e-06,0.0,s_ma,c_ma,c_ma,random
0,1.32871555e-05,0.0,s_ma,c_ma,c_ms,random
0,0.36607197,0.0,s_ms,c_ms,c_ms,random
0,0.20962943,0.0,s_ms,c_ms,c_ma,random
0,0.39889643,0.0,s_ms,c_ms,c_ms,random
0,0.22501707,0.0,s_ms,c_ms,c_ma,random
0,0.2577356,0.0,s_ms,c_ms,c_ma,random
0,1.5703909e-05,0.0,s_ma,c_ms,c_ma,random
0,1.1571374e-05,0.0,s_ma,c_ms,c_ms,random
0,1.9685172e-06,0.0,s_ma,c_ms,c_ms,random
0,6.5170516e-06,0.0,s_ma,c_ms,c_ma,random
0,2.4732452e-07,0.0,s_ma,c_ms,c_ms,random
0,0.25503373,0.0,s_ms,c_ma,c_ms,random
0,0.2943073,0.0,s_ms,c_ma,c_ma,random
0,0.40287063,0.0,s_ms,c_ma,c_ma,random
0,0.2987095,0.0,s_ms,c_ma,c_ms,random
0,0.22431824,0.0,s_ms,c_ma,c_ms,random
0,7.74676e-06,0.0,s_ma,c_ma,c_ma,random
0,4.126538e-06,0.0,s_ma,c_ma,c_ms,random
0,1.4901786e-07,0.0,s_ma,c_ma,c_ms,random
0,5.8639586e-07,0.0,s_ma,c_ma,c_ma,random
0,0.3315913,0.0,s_ms,c_ms,c_ma,random
0,0.16923392,0.0,s_ms,c_ms,c_ms,random
0,0.38116416,0.0,s_ms,c_ms,c_ma,random
0,0.38179797,0.0,s_ms,c_ms,c_ms,random
0,0.25194266,0.0,s_ms,c_ms,c_ms,random
0,3.8699154e-06,0.0,s_ma,c_ms,c_ms,random
0,1.5756938e-05,0.0,s_ma,c_ms,c_ma,random
0,2.4084954e-06,0.0,s_ma,c_ms,c_ma,random
0,9.534547e-06,0.0,s_ma,c_ms,c_ms,random
0,5.434518e-07,0.0,s_ma,c_ms,c_ma,random
0,0.31794867,0.0,s_ms,c_ma,c_ma,random
0,0.31290442,0.0,s_ms,c_ma,c_ms,random
0,0.23665649,0.0,s_ms,c_ma,c_ms,random
0,0.282346,0.0,s_ms,c_ma,c_ma,random
0,0.21059391,0.0,s_ms,c_ma,c_ma,random
0,6.7954613e-07,0.0,s_ma,c_ma,c_ms,random
0,8.295663e-06,0.0,s_ma,c_ma,c_ma,random
0,1.4706714e-07,0.0,s_ma,c_ma,c_ms,random
0,2.8683567e-07,0.0,s_ma,c_ma,c_ms,random
0,0.5347599,1.0,s_ms,c_ms,c_ms,random
0,0.33462667,0.0,s_ms,c_ms,c_ma,random
0,0.36481565,0.0,s_ms,c_ms,c_ms,random
0,0.3690861,0.0,s_ms,c_ms,c_ma,random
0,0.35333574,0.0,s_ms,c_ms,c_ma,random
0,4.7168805e-06,0.0,s_ma,c_ms,c_ma,random
0,1.7753255e-05,0.0,s_ma,c_ms,c_ms,random
0,6.3855186e-06,0.0,s_ma,c_ms,c_ms,random
0,8.317949e-06,0.0,s_ma,c_ms,c_ma,random
0,6.8811737e-06,0.0,s_ma,c_ms,c_ms,random
0,0.33804798,0.0,s_ms,c_ma,c_ms,random
0,0.43699646,0.0,s_ms,c_ma,c_ma,random
0,0.43755803,0.0,s_ms,c_ma,c_ma,random
0,0.40765473,0.0,s_ms,c_ma,c_ms,random
0,0.3521694,0.0,s_ms,c_ma,c_ms,random
0,4.372344e-06,0.0,s_ma,c_ma,c_ma,random
0,1.1884543e-05,0.0,s_ma,c_ma,c_ms,random
0,5.947808e-07,0.0,s_ma,c_ma,c_ma,random
0,2.9228553e-07,0.0,s_ma,c_ma,c_ms,random
1,4.73341e-05,0.0,s_ma,c_ma,c_ms,blocked
1,3.0704094e-05,0.0,s_ma,c_ma,c_ma,blocked
1,1.6271271e-05,0.0,s_ma,c_ma,c_ms,blocked
1,0.00014933749,0.0,s_ma,c_ma,c_ms,blocked
1,0.28957558,0.0,s_ms,c_ma,c_ms,blocked
1,0.26134723,0.0,s_ms,c_ma,c_ma,blocked
1,0.23360902,0.0,s_ms,c_ma,c_ma,blocked
1,0.3099583,0.0,s_ms,c_ma,c_ms,blocked
1,0.20767802,0.0,s_ms,c_ma,c_ma,blocked
1,5.9579823e-05,0.0,s_ma,c_ms,c_ma,blocked
1,3.7445054e-05,0.0,s_ma,c_ms,c_ms,blocked
1,0.00018937505,0.0,s_ma,c_ms,c_ms,blocked
1,4.4001466e-05,0.0,s_ma,c_ms,c_ma,blocked
1,0.00035609087,0.0,s_ma,c_ms,c_ma,blocked
1,0.18316089,0.0,s_ms,c_ms,c_ms,blocked
1,0.26976442,0.0,s_ms,c_ms,c_ma,blocked
1,0.21630868,0.0,s_ms,c_ms,c_ms,blocked
1,0.23618017,0.0,s_ms,c_ms,c_ma,blocked
1,0.18231139,0.0,s_ms,c_ms,c_ms,blocked
1,4.561176e-05,0.0,s_ma,c_ma,c_ms,blocked
1,4.889556e-05,0.0,s_ma,c_ma,c_ms,blocked
1,4.6391215e-06,0.0,s_ma,c_ma,c_ma,blocked
1,7.963593e-05,0.0,s_ma,c_ma,c_ma,blocked
1,0.2591588,0.0,s_ms,c_ma,c_ma,blocked
1,0.18862614,0.0,s_ms,c_ma,c_ms,blocked
1,0.28387403,0.0,s_ms,c_ma,c_ms,blocked
1,0.23904812,0.0,s_ms,c_ma,c_ma,blocked
1,0.24015903,0.0,s_ms,c_ma,c_ms,blocked
1,5.6634173e-05,0.0,s_ma,c_ms,c_ms,blocked
1,2.3924945e-06,0.0,s_ma,c_ms,c_ma,blocked
1,0.00011346437,0.0,s_ma,c_ms,c_ma,blocked
1,4.4435685e-05,0.0,s_ma,c_ms,c_ms,blocked
1,2.7681046e-05,0.0,s_ma,c_ms,c_ms,blocked
1,0.1617359,0.0,s_ms,c_ms,c_ma,blocked
1,0.16212976,0.0,s_ms,c_ms,c_ms,blocked
1,0.16674879,0.0,s_ms,c_ms,c_ma,blocked
1,0.1519341,0.0,s_ms,c_ms,c_ms,blocked
1,0.16255912,0.0,s_ms,c_ms,c_ma,blocked
1,2.9253468e-05,0.0,s_ma,c_ma,c_ma,blocked
1,4.6241134e-05,0.0,s_ma,c_ma,c_ms,blocked
1,1.5329791e-05,0.0,s_ma,c_ma,c_ms,blocked
1,0.0001337571,0.0,s_ma,c_ma,c_ms,blocked
1,0.4514171,0.0,s_ms,c_ma,c_ms,blocked
1,0.36683214,0.0,s_ms,c_ma,c_ma,blocked
1,0.34257448,0.0,s_ms,c_ma,c_ma,blocked
1,0.34283096,0.0,s_ms,c_ma,c_ms,blocked
1,0.2607908,0.0,s_ms,c_ma,c_ma,blocked
1,0.00011198825,0.0,s_ma,c_ms,c_ma,blocked
1,3.3093987e-05,0.0,s_ma,c_ms,c_ms,blocked
1,0.000105005965,0.0,s_ma,c_ms,c_ms,blocked
1,1.1514785e-05,0.0,s_ma,c_ms,c_ma,blocked
1,1.7937646e-05,0.0,s_ma,c_ms,c_ma,blocked
1,0.36534363,0.0,s_ms,c_ms,c_ms,blocked
1,0.26143438,0.0,s_ms,c_ms,c_ma,blocked
1,0.33491385,0.0,s_ms,c_ms,c_ms,blocked
1,0.33785653,0.0,s_ms,c_ms,c_ma,blocked
1,0.31675336,0.0,s_ms,c_ms,c_ms,blocked
1,1.492884e-05,0.0,s_ma,c_ma,c_ms,blocked
1,4.6445793e-06,0.0,s_ma,c_ma,c_ma,blocked
1,1.4561243e-05,0.0,s_ma,c_ma,c_ms,blocked
1,3.635882e-05,0.0,s_ma,c_ma,c_ma,blocked
1,0.32372075,0.0,s_ms,c_ma,c_ma,blocked
1,0.2658014,0.0,s_ms,c_ma,c_ms,blocked
1,0.26478553,0.0,s_ms,c_ma,c_ms,blocked
1,0.25059867,0.0,s_ms,c_ma,c_ma,blocked
1,0.25414693,0.0,s_ms,c_ma,c_ms,blocked
1,2.014446e-05,0.0,s_ma,c_ms,c_ms,blocked
1,1.10308965e-05,0.0,s_ma,c_ms,c_ma,blocked
1,3.9045568e-05,0.0,s_ma,c_ms,c_ma,blocked
1,3.1487134e-06,0.0,s_ma,c_ms,c_ms,blocked
1,9.8784985e-06,0.0,s_ma,c_ms,c_ms,blocked
1,0.19146383,0.0,s_ms,c_ms,c_ma,blocked
1,0.17330283,0.0,s_ms,c_ms,c_ms,blocked
1,0.1962824,0.0,s_ms,c_ms,c_ma,blocked
1,0.16955322,0.0,s_ms,c_ms,c_ms,blocked
1,0.16804084,0.0,s_ms,c_ms,c_ma,blocked
1,0.0001479566,0.0,s_ma,c_ma,c_ms,blocked
1,7.4965166e-05,0.0,s_ma,c_ma,c_ma,blocked
1,0.00014577858,0.0,s_ma,c_ma,c_ms,blocked
1,3.822449e-05,0.0,s_ma,c_ma,c_ma,blocked
1,0.28743082,0.0,s_ms,c_ma,c_ma,blocked
1,0.36497372,0.0,s_ms,c_ma,c_ms,blocked
1,0.32490546,0.0,s_ms,c_ma,c_ms,blocked
1,0.25038755,0.0,s_ms,c_ma,c_ma,blocked
1,0.3020286,0.0,s_ms,c_ma,c_ms,blocked
1,4.854895e-05,0.0,s_ma,c_ms,c_ms,blocked
1,2.4604575e-05,0.0,s_ma,c_ms,c_ma,blocked
1,0.00019292487,0.0,s_ma,c_ms,c_ma,blocked
1,3.1789466e-05,0.0,s_ma,c_ms,c_ms,blocked
1,7.043677e-05,0.0,s_ma,c_ms,c_ms,blocked
1,0.24365404,0.0,s_ms,c_ms,c_ma,blocked
1,0.19156161,0.0,s_ms,c_ms,c_ms,blocked
1,0.29824632,0.0,s_ms,c_ms,c_ma,blocked
1,0.25289097,0.0,s_ms,c_ms,c_ms,blocked
1,0.23542958,0.0,s_ms,c_ms,c_ma,blocked
1,0.57530814,1.0,s_ms,c_ma,c_ms,blocked
1,0.60592496,1.0,s_ms,c_ma,c_ma,blocked
1,0.41284692,0.0,s_ms,c_ma,c_ms,blocked
1,0.5128404,1.0,s_ms,c_ma,c_ma,blocked
1,0.59460795,1.0,s_ms,c_ma,c_ma,blocked
1,0.00013751804,0.0,s_ma,c_ma,c_ms,blocked
1,1.0492813e-05,0.0,s_ma,c_ma,c_ms,blocked
1,0.000101433616,0.0,s_ma,c_ma,c_ma,blocked
1,1.0988013e-05,0.0,s_ma,c_ma,c_ms,blocked
1,0.37105197,0.0,s_ms,c_ms,c_ms,blocked
1,0.5220944,1.0,s_ms,c_ms,c_ma,blocked
1,0.45566016,0.0,s_ms,c_ms,c_ma,blocked
1,0.32512113,0.0,s_ms,c_ms,c_ms,blocked
1,0.49799484,0.0,s_ms,c_ms,c_ms,blocked
1,6.5610234e-06,0.0,s_ma,c_ms,c_ma,blocked
1,1.2319262e-05,0.0,s_ma,c_ms,c_ms,blocked
1,8.821761e-06,0.0,s_ma,c_ms,c_ma,blocked
1,2.3905734e-06,0.0,s_ma,c_ms,c_ms,blocked
1,2.4354467e-05,0.0,s_ma,c_ms,c_ma,blocked
1,0.60901505,1.0,s_ms,c_ma,c_ma,blocked
1,0.7010635,1.0,s_ms,c_ma,c_ms,blocked
1,0.48465317,0.0,s_ms,c_ma,c_ma,blocked
1,0.6185994,1.0,s_ms,c_ma,c_ms,blocked
1,0.48050368,0.0,s_ms,c_ma,c_ms,blocked
1,0.00012994277,0.0,s_ma,c_ma,c_ms,blocked
1,7.666344e-06,0.0,s_ma,c_ma,c_ma,blocked
1,3.185667e-06,0.0,s_ma,c_ma,c_ms,blocked
1,3.102691e-05,0.0,s_ma,c_ma,c_ma,blocked
1,0.5055874,1.0,s_ms,c_ms,c_ma,blocked
1,0.65725625,1.0,s_ms,c_ms,c_ms,blocked
1,0.5006348,1.0,s_ms,c_ms,c_ms,blocked
1,0.4828825,0.0,s_ms,c_ms,c_ma,blocked
1,0.57611597,1.0,s_ms,c_ms,c_ma,blocked
1,2.4737124e-06,0.0,s_ma,c_ms,c_ms,blocked
1,1.3727384e-05,0.0,s_ma,c_ms,c_ma,blocked
1,0.00013242447,0.0,s_ma,c_ms,c_ms,blocked
1,3.1898721e-06,0.0,s_ma,c_ms,c_ma,blocked
1,4.039557e-05,0.0,s_ma,c_ms,c_ms,blocked
1,0.6619173,1.0,s_ms,c_ma,c_ma,blocked
1,0.56310976,1.0,s_ms,c_ma,c_ms,blocked
1,0.5628389,1.0,s_ms,c_ma,c_ma,blocked
1,0.59720016,1.0,s_ms,c_ma,c_ms,blocked
1,0.54358435,1.0,s_ms,c_ma,c_ms,blocked
1,1.2497275e-05,0.0,s_ma,c_ma,c_ms,blocked
1,8.3802015e-06,0.0,s_ma,c_ma,c_ma,blocked
1,5.986976e-06,0.0,s_ma,c_ma,c_ms,blocked
1,1.4612746e-05,0.0,s_ma,c_ma,c_ma,blocked
1,0.50222814,1.0,s_ms,c_ms,c_ma,blocked
1,0.57264096,1.0,s_ms,c_ms,c_ms,blocked
1,0.51688385,1.0,s_ms,c_ms,c_ms,blocked
1,0.48586643,0.0,s_ms,c_ms,c_ma,blocked
1,0.60607874,1.0,s_ms,c_ms,c_ma,blocked
1,3.1243522e-05,0.0,s_ma,c_ms,c_ms,blocked
1,3.5411972e-06,0.0,s_ma,c_ms,c_ma,blocked
1,0.0002113535,0.0,s_ma,c_ms,c_ms,blocked
1,2.0547928e-05,0.0,s_ma,c_ms,c_ma,blocked
1,6.232058e-05,0.0,s_ma,c_ms,c_ms,blocked
1,0.5281604,1.0,s_ms,c_ma,c_ms,blocked
1,0.5960624,1.0,s_ms,c_ma,c_ma,blocked
1,0.45901275,0.0,s_ms,c_ma,c_ms,blocked
1,0.5868742,1.0,s_ms,c_ma,c_ma,blocked
1,0.58962256,1.0,s_ms,c_ma,c_ma,blocked
1,6.959214e-05,0.0,s_ma,c_ma,c_ma,blocked
1,2.7178594e-06,0.0,s_ma,c_ma,c_ms,blocked
1,4.5934694e-06,0.0,s_ma,c_ma,c_ms,blocked
1,5.883609e-05,0.0,s_ma,c_ma,c_ms,blocked
1,0.45099276,0.0,s_ms,c_ms,c_ms,blocked
1,0.4995968,0.0,s_ms,c_ms,c_ma,blocked
1,0.37226784,0.0,s_ms,c_ms,c_ma,blocked
1,0.34585887,0.0,s_ms,c_ms,c_ms,blocked
1,0.4430863,0.0,s_ms,c_ms,c_ms,blocked
1,6.5971466e-07,0.0,s_ma,c_ms,c_ma,blocked
1,2.5066061e-05,0.0,s_ma,c_ms,c_ms,blocked
1,9.0193e-05,0.0,s_ma,c_ms,c_ma,blocked
1,3.4061185e-07,0.0,s_ma,c_ms,c_ms,blocked
1,1.1889144e-05,0.0,s_ma,c_ms,c_ma,blocked
1,0.66541386,1.0,s_ms,c_ma,c_ma,blocked
1,0.6109084,1.0,s_ms,c_ma,c_ms,blocked
1,0.57309484,1.0,s_ms,c_ma,c_ma,blocked
1,0.63326466,1.0,s_ms,c_ma,c_ms,blocked
1,0.5696962,1.0,s_ms,c_ma,c_ms,blocked
1,1.0335257e-05,0.0,s_ma,c_ma,c_ms,blocked
1,3.1709016e-05,0.0,s_ma,c_ma,c_ma,blocked
1,1.5905422e-05,0.0,s_ma,c_ma,c_ma,blocked
1,6.394664e-05,0.0,s_ma,c_ma,c_ms,blocked
1,0.5288019,1.0,s_ms,c_ms,c_ma,blocked
1,0.59467566,1.0,s_ms,c_ms,c_ms,blocked
1,0.49134716,0.0,s_ms,c_ms,c_ms,blocked
1,0.5228553,1.0,s_ms,c_ms,c_ma,blocked
1,0.5347376,1.0,s_ms,c_ms,c_ma,blocked
1,2.925351e-06,0.0,s_ma,c_ms,c_ms,blocked
1,2.8331888e-05,0.0,s_ma,c_ms,c_ma,blocked
1,2.4774326e-05,0.0,s_ma,c_ms,c_ms,blocked
1,4.5951947e-06,0.0,s_ma,c_ms,c_ma,blocked
1,8.71445e-05,0.0,s_ma,c_ms,c_ms,blocked
1,5.7891986e-05,0.0,s_ma,c_ms,c_ma,blocked
1,6.1754574e-05,0.0,s_ma,c_ms,c_ms,blocked
1,7.5740536e-05,0.0,s_ma,c_ms,c_ma,blocked
1,1.7888167e-05,0.0,s_ma,c_ms,c_ms,blocked
1,5.7631674e-05,0.0,s_ma,c_ms,c_ms,blocked
1,0.33102387,0.0,s_ms,c_ms,c_ms,blocked
1,0.2809318,0.0,s_ms,c_ms,c_ma,blocked
1,0.27644295,0.0,s_ms,c_ms,c_ma,blocked
1,0.37551528,0.0,s_ms,c_ms,c_ms,blocked
1,0.2692498,0.0,s_ms,c_ms,c_ma,blocked
1,2.4988805e-05,0.0,s_ma,c_ma,c_ms,blocked
1,0.00013770387,0.0,s_ma,c_ma,c_ms,blocked
1,4.3933437e-06,0.0,s_ma,c_ma,c_ma,blocked
1,1.1125565e-05,0.0,s_ma,c_ma,c_ma,blocked
1,0.1890526,0.0,s_ms,c_ma,c_ms,blocked
1,0.22942808,0.0,s_ms,c_ma,c_ma,blocked
1,0.3361789,0.0,s_ms,c_ma,c_ms,blocked
1,0.27983135,0.0,s_ms,c_ma,c_ma,blocked
1,0.19451946,0.0,s_ms,c_ma,c_ms,blocked
1,3.5894587e-05,0.0,s_ma,c_ms,c_ms,blocked
1,1.8613055e-06,0.0,s_ma,c_ms,c_ma,blocked
1,2.7312242e-05,0.0,s_ma,c_ms,c_ms,blocked
1,1.2543058e-05,0.0,s_ma,c_ms,c_ma,blocked
1,1.8871233e-05,0.0,s_ma,c_ms,c_ma,blocked
1,0.2083368,0.0,s_ms,c_ms,c_ma,blocked
1,0.1797311,0.0,s_ms,c_ms,c_ms,blocked
1,0.18018068,0.0,s_ms,c_ms,c_ms,blocked
1,0.30898175,0.0,s_ms,c_ms,c_ma,blocked
1,0.26898134,0.0,s_ms,c_ms,c_ms,blocked
1,2.4203948e-05,0.0,s_ma,c_ma,c_ms,blocked
1,2.4637437e-05,0.0,s_ma,c_ma,c_ma,blocked
1,9.352306e-05,0.0,s_ma,c_ma,c_ms,blocked
1,1.2443042e-05,0.0,s_ma,c_ma,c_ms,blocked
1,0.132687,0.0,s_ms,c_ma,c_ma,blocked
1,0.25915608,0.0,s_ms,c_ma,c_ms,blocked
1,0.25500187,0.0,s_ms,c_ma,c_ma,blocked
1,0.27038693,0.0,s_ms,c_ma,c_ms,blocked
1,0.20276746,0.0,s_ms,c_ma,c_ma,blocked
1,0.00015546862,0.0,s_ma,c_ms,c_ms,blocked
1,0.00010892029,0.0,s_ma,c_ms,c_ma,blocked
1,7.960962e-05,0.0,s_ma,c_ms,c_ms,blocked
1,3.37615e-05,0.0,s_ma,c_ms,c_ma,blocked
1,0.00023367195,0.0,s_ma,c_ms,c_ma,blocked
1,0.22414103,0.0,s_ms,c_ms,c_ma,blocked
1,0.15423205,0.0,s_ms,c_ms,c_ms,blocked
1,0.26664782,0.0,s_ms,c_ms,c_ms,blocked
1,0.35725433,0.0,s_ms,c_ms,c_ma,blocked
1,0.3002176,0.0,s_ms,c_ms,c_ms,blocked
1,0.00014986757,0.0,s_ma,c_ma,c_ms,blocked
1,2.9161396e-05,0.0,s_ma,c_ma,c_ma,blocked
1,4.4289372e-05,0.0,s_ma,c_ma,c_ms,blocked
1,0.00013150946,0.0,s_ma,c_ma,c_ms,blocked
1,0.22417597,0.0,s_ms,c_ma,c_ma,blocked
1,0.15049937,0.0,s_ms,c_ma,c_ms,blocked
1,0.23374715,0.0,s_ms,c_ma,c_ma,blocked
1,0.26987123,0.0,s_ms,c_ma,c_ms,blocked
1,0.19090778,0.0,s_ms,c_ma,c_ma,blocked
1,3.9339066e-05,0.0,s_ma,c_ms,c_ma,blocked
1,2.9498795e-05,0.0,s_ma,c_ms,c_ms,blocked
1,7.138378e-06,0.0,s_ma,c_ms,c_ma,blocked
1,2.5512813e-06,0.0,s_ma,c_ms,c_ms,blocked
1,1.839438e-05,0.0,s_ma,c_ms,c_ms,blocked
1,0.29477453,0.0,s_ms,c_ms,c_ms,blocked
1,0.19818789,0.0,s_ms,c_ms,c_ma,blocked
1,0.30384448,0.0,s_ms,c_ms,c_ma,blocked
1,0.34246835,0.0,s_ms,c_ms,c_ms,blocked
1,0.26068056,0.0,s_ms,c_ms,c_ma,blocked
1,4.6753057e-06,0.0,s_ma,c_ma,c_ma,blocked
1,9.456641e-05,0.0,s_ma,c_ma,c_ms,blocked
1,4.1548403e-05,0.0,s_ma,c_ma,c_ms,blocked
1,2.2263583e-05,0.0,s_ma,c_ma,c_ma,blocked
1,0.22516747,0.0,s_ms,c_ma,c_ms,blocked
1,0.26566917,0.0,s_ms,c_ma,c_ma,blocked
1,0.31921703,0.0,s_ms,c_ma,c_ms,blocked
1,0.35184774,0.0,s_ms,c_ma,c_ma,blocked
1,0.15936737,0.0,s_ms,c_ma,c_ms,blocked
1,0.0004315611,0.0,s_ma,c_ms,c_ma,blocked
1,3.2583317e-05,0.0,s_ma,c_ms,c_ms,blocked
1,1.4971988e-05,0.0,s_ma,c_ms,c_ma,blocked
1,1.0083037e-05,0.0,s_ma,c_ms,c_ms,blocked
1,7.713707e-05,0.0,s_ma,c_ms,c_ms,blocked
1,0.27649492,0.0,s_ms,c_ms,c_ms,blocked
1,0.16814154,0.0,s_ms,c_ms,c_ma,blocked
1,0.18976311,0.0,s_ms,c_ms,c_ma,blocked
1,0.27475047,0.0,s_ms,c_ms,c_ms,blocked
1,0.26595587,0.0,s_ms,c_ms,c_ma,blocked
1,1.11652525e-05,0.0,s_ma,c_ma,c_ma,blocked
1,1.267293e-05,0.0,s_ma,c_ma,c_ms,blocked
1,0.00012313161,0.0,s_ma,c_ma,c_ms,blocked
1,2.302959e-05,0.0,s_ma,c_ma,c_ma,blocked
1,0.17081758,0.0,s_ms,c_ma,c_ms,blocked
1,0.14096627,0.0,s_ms,c_ma,c_ma,blocked
1,0.23000365,0.0,s_ms,c_ma,c_ms,blocked
1,0.18821776,0.0,s_ms,c_ma,c_ma,blocked
1,0.15302499,0.0,s_ms,c_ma,c_ms,blocked
1,0.716169,1.0,s_ms,c_ms,c_ms,blocked
1,0.6225793,1.0,s_ms,c_ms,c_ma,blocked
1,0.47979578,0.0,s_ms,c_ms,c_ms,blocked
1,0.7029333,1.0,s_ms,c_ms,c_ma,blocked
1,0.5979011,1.0,s_ms,c_ms,c_ma,blocked
1,1.23360705e-05,0.0,s_ma,c_ms,c_ma,blocked
1,7.2232897e-06,0.0,s_ma,c_ms,c_ms,blocked
1,2.8578086e-05,0.0,s_ma,c_ms,c_ms,blocked
1,4.872669e-07,0.0,s_ma,c_ms,c_ma,blocked
1,3.519799e-06,0.0,s_ma,c_ms,c_ms,blocked
1,0.64825404,1.0,s_ms,c_ma,c_ms,blocked
1,0.7667024,1.0,s_ms,c_ma,c_ma,blocked
1,0.6507534,1.0,s_ms,c_ma,c_ma,blocked
1,0.6335554,1.0,s_ms,c_ma,c_ms,blocked
1,0.7298503,1.0,s_ms,c_ma,c_ms,blocked
1,1.2303377e-05,0.0,s_ma,c_ma,c_ms,blocked
1,3.894973e-05,0.0,s_ma,c_ma,c_ma,blocked
1,3.2779164e-06,0.0,s_ma,c_ma,c_ms,blocked
1,0.00021730755,0.0,s_ma,c_ma,c_ma,blocked
1,0.59697247,1.0,s_ms,c_ms,c_ma,blocked
1,0.62100947,1.0,s_ms,c_ms,c_ms,blocked
1,0.59672374,1.0,s_ms,c_ms,c_ma,blocked
1,0.70658016,1.0,s_ms,c_ms,c_ms,blocked
1,0.6089215,1.0,s_ms,c_ms,c_ms,blocked
1,1.727218e-05,0.0,s_ma,c_ms,c_ms,blocked
1,2.404099e-05,0.0,s_ma,c_ms,c_ma,blocked
1,5.9028625e-06,0.0,s_ma,c_ms,c_ma,blocked
1,2.343876e-05,0.0,s_ma,c_ms,c_ms,blocked
1,2.5605881e-05,0.0,s_ma,c_ms,c_ma,blocked
1,0.6469246,1.0,s_ms,c_ma,c_ma,blocked
1,0.6429981,1.0,s_ms,c_ma,c_ms,blocked
1,0.75911236,1.0,s_ms,c_ma,c_ms,blocked
1,0.6379559,1.0,s_ms,c_ma,c_ma,blocked
1,0.7695093,1.0,s_ms,c_ma,c_ma,blocked
1,1.3141655e-05,0.0,s_ma,c_ma,c_ms,blocked
1,4.1865726e-05,0.0,s_ma,c_ma,c_ms,blocked
1,7.1509394e-06,0.0,s_ma,c_ma,c_ma,blocked
1,0.0003313133,0.0,s_ma,c_ma,c_ms,blocked
1,0.5729817,1.0,s_ms,c_ms,c_ms,blocked
1,0.598148,1.0,s_ms,c_ms,c_ma,blocked
1,0.4801733,0.0,s_ms,c_ms,c_ms,blocked
1,0.65414083,1.0,s_ms,c_ms,c_ma,blocked
1,0.542092,1.0,s_ms,c_ms,c_ma,blocked
1,1.47942565e-05,0.0,s_ma,c_ms,c_ma,blocked
1,0.00024545542,0.0,s_ma,c_ms,c_ms,blocked
1,0.00021739025,0.0,s_ma,c_ms,c_ms,blocked
1,8.780645e-05,0.0,s_ma,c_ms,c_ma,blocked
1,3.6125322e-05,0.0,s_ma,c_ms,c_ms,blocked
1,0.4894569,0.0,s_ms,c_ma,c_ms,blocked
1,0.6105199,1.0,s_ms,c_ma,c_ma,blocked
1,0.62851745,1.0,s_ms,c_ma,c_ma,blocked
1,0.5396165,1.0,s_ms,c_ma,c_ms,blocked
1,0.65815824,1.0,s_ms,c_ma,c_ms,blocked
1,4.5846027e-05,0.0,s_ma,c_ma,c_ma,blocked
1,4.4250664e-05,0.0,s_ma,c_ma,c_ms,blocked
1,0.0001620337,0.0,s_ma,c_ma,c_ms,blocked
1,0.00029456455,0.0,s_ma,c_ma,c_ma,blocked
1,0.55430686,1.0,s_ms,c_ms,c_ma,blocked
1,0.6460222,1.0,s_ms,c_ms,c_ms,blocked
1,0.53423995,1.0,s_ms,c_ms,c_ma,blocked
1,0.6970068,1.0,s_ms,c_ms,c_ms,blocked
1,0.6075947,1.0,s_ms,c_ms,c_ms,blocked
1,2.346796e-06,0.0,s_ma,c_ms,c_ms,blocked
1,6.4749147e-06,0.0,s_ma,c_ms,c_ma,blocked
1,1.8583218e-05,0.0,s_ma,c_ms,c_ma,blocked
1,2.399977e-07,0.0,s_ma,c_ms,c_ms,blocked
1,4.275728e-06,0.0,s_ma,c_ms,c_ma,blocked
1,0.5933803,1.0,s_ms,c_ma,c_ma,blocked
1,0.57783115,1.0,s_ms,c_ma,c_ms,blocked
1,0.6011693,1.0,s_ms,c_ma,c_ms,blocked
1,0.48144448,0.0,s_ms,c_ma,c_ma,blocked
1,0.6922816,1.0,s_ms,c_ma,c_ma,blocked
1,3.4290752e-06,0.0,s_ma,c_ma,c_ms,blocked
1,7.5073676e-06,0.0,s_ma,c_ma,c_ma,blocked
1,0.00015959017,0.0,s_ma,c_ma,c_ms,blocked
1,6.932619e-05,0.0,s_ma,c_ma,c_ms,blocked
1,0.6789739,1.0,s_ms,c_ms,c_ms,blocked
1,0.6424795,1.0,s_ms,c_ms,c_ma,blocked
1,0.5460889,1.0,s_ms,c_ms,c_ms,blocked
1,0.7256887,1.0,s_ms,c_ms,c_ma,blocked
1,0.5662513,1.0,s_ms,c_ms,c_ma,blocked
1,3.623497e-05,0.0,s_ma,c_ms,c_ma,blocked
1,8.709025e-05,0.0,s_ma,c_ms,c_ms,blocked
1,5.7270263e-05,0.0,s_ma,c_ms,c_ms,blocked
1,1.6560158e-05,0.0,s_ma,c_ms,c_ma,blocked
1,0.00010591879,0.0,s_ma,c_ms,c_ms,blocked
1,0.67689085,1.0,s_ms,c_ma,c_ms,blocked
1,0.7064061,1.0,s_ms,c_ma,c_ma,blocked
1,0.6623054,1.0,s_ms,c_ma,c_ma,blocked
1,0.7354597,1.0,s_ms,c_ma,c_ms,blocked
1,0.7400272,1.0,s_ms,c_ma,c_ms,blocked
1,0.00022230955,0.0,s_ma,c_ma,c_ma,blocked
1,0.00032014665,0.0,s_ma,c_ma,c_ms,blocked
1,0.00028389218,0.0,s_ma,c_ma,c_ma,blocked
1,7.588396e-05,0.0,s_ma,c_ma,c_ms,blocked
1,4.8759037e-05,0.0,s_ma,c_ma,c_ms,interleaved
1,2.7987298e-05,0.0,s_ma,c_ma,c_ma,interleaved
1,1.5763917e-05,0.0,s_ma,c_ma,c_ms,interleaved
1,0.00015146805,0.0,s_ma,c_ma,c_ms,interleaved
1,0.2940249,0.0,s_ms,c_ma,c_ms,interleaved
1,0.26142943,0.0,s_ms,c_ma,c_ma,interleaved
1,0.24868046,0.0,s_ms,c_ma,c_ma,interleaved
1,0.3120268,0.0,s_ms,c_ma,c_ms,interleaved
1,0.20814252,0.0,s_ms,c_ma,c_ma,interleaved
1,5.963506e-05,0.0,s_ma,c_ms,c_ma,interleaved
1,3.5271594e-05,0.0,s_ma,c_ms,c_ms,interleaved
1,0.000171359,0.0,s_ma,c_ms,c_ms,interleaved
1,4.35812e-05,0.0,s_ma,c_ms,c_ma,interleaved
1,0.00037830073,0.0,s_ma,c_ms,c_ma,interleaved
1,0.18395635,0.0,s_ms,c_ms,c_ms,interleaved
1,0.26997712,0.0,s_ms,c_ms,c_ma,interleaved
1,0.24463972,0.0,s_ms,c_ms,c_ms,interleaved
1,0.26420748,0.0,s_ms,c_ms,c_ma,interleaved
1,0.18526983,0.0,s_ms,c_ms,c_ms,interleaved
1,4.6681176e-05,0.0,s_ma,c_ma,c_ms,interleaved
1,4.815596e-05,0.0,s_ma,c_ma,c_ms,interleaved
1,4.691665e-06,0.0,s_ma,c_ma,c_ma,interleaved
1,7.971781e-05,0.0,s_ma,c_ma,c_ma,interleaved
1,0.25625136,0.0,s_ms,c_ma,c_ma,interleaved
1,0.19872501,0.0,s_ms,c_ma,c_ms,interleaved
1,0.29509455,0.0,s_ms,c_ma,c_ms,interleaved
1,0.23879537,0.0,s_ms,c_ma,c_ma,interleaved
1,0.23821723,0.0,s_ms,c_ma,c_ms,interleaved
1,5.5506905e-05,0.0,s_ma,c_ms,c_ms,interleaved
1,2.058234e-06,0.0,s_ma,c_ms,c_ma,interleaved
1,0.000110423214,0.0,s_ma,c_ms,c_ma,interleaved
1,3.693888e-05,0.0,s_ma,c_ms,c_ms,interleaved
1,2.6718164e-05,0.0,s_ma,c_ms,c_ms,interleaved
1,0.18633676,0.0,s_ms,c_ms,c_ma,interleaved
1,0.17858374,0.0,s_ms,c_ms,c_ms,interleaved
1,0.18906954,0.0,s_ms,c_ms,c_ma,interleaved
1,0.16647972,0.0,s_ms,c_ms,c_ms,interleaved
1,0.18639643,0.0,s_ms,c_ms,c_ma,interleaved
1,2.6562062e-05,0.0,s_ma,c_ma,c_ma,interleaved
1,4.541635e-05,0.0,s_ma,c_ma,c_ms,interleaved
1,1.4441195e-05,0.0,s_ma,c_ma,c_ms,interleaved
1,0.0001271561,0.0,s_ma,c_ma,c_ms,interleaved
1,0.43538135,0.0,s_ms,c_ma,c_ms,interleaved
1,0.35847712,0.0,s_ms,c_ma,c_ma,interleaved
1,0.33862197,0.0,s_ms,c_ma,c_ma,interleaved
1,0.31598377,0.0,s_ms,c_ma,c_ms,interleaved
1,0.26480323,0.0,s_ms,c_ma,c_ma,interleaved
1,9.099204e-05,0.0,s_ma,c_ms,c_ma,interleaved
1,3.144404e-05,0.0,s_ma,c_ms,c_ms,interleaved
1,8.8950794e-05,0.0,s_ma,c_ms,c_ms,interleaved
1,9.269759e-06,0.0,s_ma,c_ms,c_ma,interleaved
1,1.629505e-05,0.0,s_ma,c_ms,c_ma,interleaved
1,0.36453968,0.0,s_ms,c_ms,c_ms,interleaved
1,0.2611274,0.0,s_ms,c_ms,c_ma,interleaved
1,0.34417504,0.0,s_ms,c_ms,c_ms,interleaved
1,0.3399992,0.0,s_ms,c_ms,c_ma,interleaved
1,0.3147924,0.0,s_ms,c_ms,c_ms,interleaved
1,1.4408077e-05,0.0,s_ma,c_ma,c_ms,interleaved
1,4.613881e-06,0.0,s_ma,c_ma,c_ma,interleaved
1,1.3763751e-05,0.0,s_ma,c_ma,c_ms,interleaved
1,3.5781224e-05,0.0,s_ma,c_ma,c_ma,interleaved
1,0.33385772,0.0,s_ms,c_ma,c_ma,interleaved
1,0.2612065,0.0,s_ms,c_ma,c_ms,interleaved
1,0.27900025,0.0,s_ms,c_ma,c_ms,interleaved
1,0.24815533,0.0,s_ms,c_ma,c_ma,interleaved
1,0.24969402,0.0,s_ms,c_ma,c_ms,interleaved
1,1.8973362e-05,0.0,s_ma,c_ms,c_ms,interleaved
1,1.182721e-05,0.0,s_ma,c_ms,c_ma,interleaved
1,3.4492543e-05,0.0,s_ma,c_ms,c_ma,interleaved
1,2.8187437e-06,0.0,s_ma,c_ms,c_ms,interleaved
1,9.851185e-06,0.0,s_ma,c_ms,c_ms,interleaved
1,0.18889308,0.0,s_ms,c_ms,c_ma,interleaved
1,0.17442617,0.0,s_ms,c_ms,c_ms,interleaved
1,0.20252478,0.0,s_ms,c_ms,c_ma,interleaved
1,0.17675786,0.0,s_ms,c_ms,c_ms,interleaved
1,0.16748604,0.0,s_ms,c_ms,c_ma,interleaved
1,0.00015036282,0.0,s_ma,c_ma,c_ms,interleaved
1,7.523208e-05,0.0,s_ma,c_ma,c_ma,interleaved
1,0.00014016534,0.0,s_ma,c_ma,c_ms,interleaved
1,3.7581303e-05,0.0,s_ma,c_ma,c_ma,interleaved
1,0.28297505,0.0,s_ms,c_ma,c_ma,interleaved
1,0.34338653,0.0,s_ms,c_ma,c_ms,interleaved
1,0.32413208,0.0,s_ms,c_ma,c_ms,interleaved
1,0.24935041,0.0,s_ms,c_ma,c_ma,interleaved
1,0.3021167,0.0,s_ms,c_ma,c_ms,interleaved
1,5.0937328e-05,0.0,s_ma,c_ms,c_ms,interleaved
1,2.0722133e-05,0.0,s_ma,c_ms,c_ma,interleaved
1,0.00020730484,0.0,s_ma,c_ms,c_ma,interleaved
1,2.6021575e-05,0.0,s_ma,c_ms,c_ms,interleaved
1,7.005264e-05,0.0,s_ma,c_ms,c_ms,interleaved
1,0.24992207,0.0,s_ms,c_ms,c_ma,interleaved
1,0.20697148,0.0,s_ms,c_ms,c_ms,interleaved
1,0.30551478,0.0,s_ms,c_ms,c_ma,interleaved
1,0.26741707,0.0,s_ms,c_ms,c_ms,interleaved
1,0.26018673,0.0,s_ms,c_ms,c_ma,interleaved
1,0.5749854,1.0,s_ms,c_ma,c_ms,interleaved
1,0.6107432,1.0,s_ms,c_ma,c_ma,interleaved
1,0.43115893,0.0,s_ms,c_ma,c_ms,interleaved
1,0.5077209,1.0,s_ms,c_ma,c_ma,interleaved
1,0.60138243,1.0,s_ms,c_ma,c_ma,interleaved
1,0.0001323717,0.0,s_ma,c_ma,c_ms,interleaved
1,1.212835e-05,0.0,s_ma,c_ma,c_ms,interleaved
1,0.00010376206,0.0,s_ma,c_ma,c_ma,interleaved
1,9.334275e-06,0.0,s_ma,c_ma,c_ms,interleaved
1,0.4350158,0.0,s_ms,c_ms,c_ms,interleaved
1,0.6119374,1.0,s_ms,c_ms,c_ma,interleaved
1,0.52951455,1.0,s_ms,c_ms,c_ma,interleaved
1,0.42694837,0.0,s_ms,c_ms,c_ms,interleaved
1,0.54983306,1.0,s_ms,c_ms,c_ms,interleaved
1,8.363119e-06,0.0,s_ma,c_ms,c_ma,interleaved
1,1.4184161e-05,0.0,s_ma,c_ms,c_ms,interleaved
1,1.0425759e-05,0.0,s_ma,c_ms,c_ma,interleaved
1,2.3508562e-06,0.0,s_ma,c_ms,c_ms,interleaved
1,2.5587924e-05,0.0,s_ma,c_ms,c_ma,interleaved
1,0.6145832,1.0,s_ms,c_ma,c_ma,interleaved
1,0.688648,1.0,s_ms,c_ma,c_ms,interleaved
1,0.4952156,0.0,s_ms,c_ma,c_ma,interleaved
1,0.62395436,1.0,s_ms,c_ma,c_ms,interleaved
1,0.5026457,1.0,s_ms,c_ma,c_ms,interleaved
1,0.00012489661,0.0,s_ma,c_ma,c_ms,interleaved
1,8.148276e-06,0.0,s_ma,c_ma,c_ma,interleaved
1,3.621548e-06,0.0,s_ma,c_ma,c_ms,interleaved
1,3.6825124e-05,0.0,s_ma,c_ma,c_ma,interleaved
1,0.54870534,1.0,s_ms,c_ms,c_ma,interleaved
1,0.68240803,1.0,s_ms,c_ms,c_ms,interleaved
1,0.6157717,1.0,s_ms,c_ms,c_ms,interleaved
1,0.5779996,1.0,s_ms,c_ms,c_ma,interleaved
1,0.65214455,1.0,s_ms,c_ms,c_ma,interleaved
1,3.422053e-06,0.0,s_ma,c_ms,c_ms,interleaved
1,1.6716587e-05,0.0,s_ma,c_ms,c_ma,interleaved
1,0.00016884346,0.0,s_ma,c_ms,c_ms,interleaved
1,4.2828083e-06,0.0,s_ma,c_ms,c_ma,interleaved
1,4.9496142e-05,0.0,s_ma,c_ms,c_ms,interleaved
1,0.645764,1.0,s_ms,c_ma,c_ma,interleaved
1,0.55241936,1.0,s_ms,c_ma,c_ms,interleaved
1,0.56776816,1.0,s_ms,c_ma,c_ma,interleaved
1,0.58041453,1.0,s_ms,c_ma,c_ms,interleaved
1,0.54304934,1.0,s_ms,c_ma,c_ms,interleaved
1,1.4512736e-05,0.0,s_ma,c_ma,c_ms,interleaved
1,9.0246895e-06,0.0,s_ma,c_ma,c_ma,interleaved
1,5.876061e-06,0.0,s_ma,c_ma,c_ms,interleaved
1,1.3884662e-05,0.0,s_ma,c_ma,c_ma,interleaved
1,0.558765,1.0,s_ms,c_ms,c_ma,interleaved
1,0.6313655,1.0,s_ms,c_ms,c_ms,interleaved
1,0.5673364,1.0,s_ms,c_ms,c_ms,interleaved
1,0.56707615,1.0,s_ms,c_ms,c_ma,interleaved
1,0.668931,1.0,s_ms,c_ms,c_ma,interleaved
1,2.9753215e-05,0.0,s_ma,c_ms,c_ms,interleaved
1,4.6516016e-06,0.0,s_ma,c_ms,c_ma,interleaved
1,0.0002140443,0.0,s_ma,c_ms,c_ms,interleaved
1,2.080453e-05,0.0,s_ma,c_ms,c_ma,interleaved
1,5.9981714e-05,0.0,s_ma,c_ms,c_ms,interleaved
1,0.52358675,1.0,s_ms,c_ma,c_ms,interleaved
1,0.5999517,1.0,s_ms,c_ma,c_ma,interleaved
1,0.49445343,0.0,s_ms,c_ma,c_ms,interleaved
1,0.59661496,1.0,s_ms,c_ma,c_ma,interleaved
1,0.593139,1.0,s_ms,c_ma,c_ma,interleaved
1,7.202808e-05,0.0,s_ma,c_ma,c_ma,interleaved
1,3.0101426e-06,0.0,s_ma,c_ma,c_ms,interleaved
1,4.600702e-06,0.0,s_ma,c_ma,c_ms,interleaved
1,5.2883202e-05,0.0,s_ma,c_ma,c_ms,interleaved
1,0.46064994,0.0,s_ms,c_ms,c_ms,interleaved
1,0.5249257,1.0,s_ms,c_ms,c_ma,interleaved
1,0.4118602,0.0,s_ms,c_ms,c_ma,interleaved
1,0.40679953,0.0,s_ms,c_ms,c_ms,interleaved
1,0.48909253,0.0,s_ms,c_ms,c_ms,interleaved
1,5.4182533e-07,0.0,s_ma,c_ms,c_ma,interleaved
1,2.3626502e-05,0.0,s_ma,c_ms,c_ms,interleaved
1,8.6275795e-05,0.0,s_ma,c_ms,c_ma,interleaved
1,2.8574033e-07,0.0,s_ma,c_ms,c_ms,interleaved
1,1.2453213e-05,0.0,s_ma,c_ms,c_ma,interleaved
1,0.66529334,1.0,s_ms,c_ma,c_ma,interleaved
1,0.61381114,1.0,s_ms,c_ma,c_ms,interleaved
1,0.56638336,1.0,s_ms,c_ma,c_ma,interleaved
1,0.6395235,1.0,s_ms,c_ma,c_ms,interleaved
1,0.56966776,1.0,s_ms,c_ma,c_ms,interleaved
1,8.71376e-06,0.0,s_ma,c_ma,c_ms,interleaved
1,3.6944068e-05,0.0,s_ma,c_ma,c_ma,interleaved
1,1.5056073e-05,0.0,s_ma,c_ma,c_ma,interleaved
1,5.6572193e-05,0.0,s_ma,c_ma,c_ms,interleaved
1,0.5559102,1.0,s_ms,c_ms,c_ma,interleaved
1,0.6007165,1.0,s_ms,c_ms,c_ms,interleaved
1,0.5336498,1.0,s_ms,c_ms,c_ms,interleaved
1,0.58100283,1.0,s_ms,c_ms,c_ma,interleaved
1,0.56384575,1.0,s_ms,c_ms,c_ma,interleaved
1,2.9840594e-06,0.0,s_ma,c_ms,c_ms,interleaved
1,2.9409357e-05,0.0,s_ma,c_ms,c_ma,interleaved
1,2.8466464e-05,0.0,s_ma,c_ms,c_ms,interleaved
1,4.5255897e-06,0.0,s_ma,c_ms,c_ma,interleaved
1,9.45894e-05,0.0,s_ma,c_ms,c_ms,interleaved
1,6.020246e-05,0.0,s_ma,c_ms,c_ma,interleaved
1,6.6173096e-05,0.0,s_ma,c_ms,c_ms,interleaved
1,9.446865e-05,0.0,s_ma,c_ms,c_ma,interleaved
1,1.9558309e-05,0.0,s_ma,c_ms,c_ms,interleaved
1,5.1642513e-05,0.0,s_ma,c_ms,c_ms,interleaved
1,0.39402992,0.0,s_ms,c_ms,c_ms,interleaved
1,0.335857,0.0,s_ms,c_ms,c_ma,interleaved
1,0.30002692,0.0,s_ms,c_ms,c_ma,interleaved
1,0.39189,0.0,s_ms,c_ms,c_ms,interleaved
1,0.2994552,0.0,s_ms,c_ms,c_ma,interleaved
1,2.6819274e-05,0.0,s_ma,c_ma,c_ms,interleaved
1,0.00016213744,0.0,s_ma,c_ma,c_ms,interleaved
1,4.6606015e-06,0.0,s_ma,c_ma,c_ma,interleaved
1,1.2312123e-05,0.0,s_ma,c_ma,c_ma,interleaved
1,0.20075166,0.0,s_ms,c_ma,c_ms,interleaved
1,0.2629341,0.0,s_ms,c_ma,c_ma,interleaved
1,0.3544557,0.0,s_ms,c_ma,c_ms,interleaved
1,0.2934223,0.0,s_ms,c_ma,c_ma,interleaved
1,0.20745224,0.0,s_ms,c_ma,c_ms,interleaved
1,3.537952e-05,0.0,s_ma,c_ms,c_ms,interleaved
1,1.976516e-06,0.0,s_ma,c_ms,c_ma,interleaved
1,3.0643918e-05,0.0,s_ma,c_ms,c_ms,interleaved
1,1.2208007e-05,0.0,s_ma,c_ms,c_ma,interleaved
1,2.0147232e-05,0.0,s_ma,c_ms,c_ma,interleaved
1,0.26362765,0.0,s_ms,c_ms,c_ma,interleaved
1,0.21693403,0.0,s_ms,c_ms,c_ms,interleaved
1,0.23904437,0.0,s_ms,c_ms,c_ms,interleaved
1,0.3392391,0.0,s_ms,c_ms,c_ma,interleaved
1,0.27829486,0.0,s_ms,c_ms,c_ms,interleaved
1,2.6155465e-05,0.0,s_ma,c_ma,c_ms,interleaved
1,2.8966406e-05,0.0,s_ma,c_ma,c_ma,interleaved
1,0.0001018551,0.0,s_ma,c_ma,c_ms,interleaved
1,1.41067585e-05,0.0,s_ma,c_ma,c_ms,interleaved
1,0.14985514,0.0,s_ms,c_ma,c_ma,interleaved
1,0.28505635,0.0,s_ms,c_ma,c_ms,interleaved
1,0.25169402,0.0,s_ms,c_ma,c_ma,interleaved
1,0.25812113,0.0,s_ms,c_ma,c_ms,interleaved
1,0.19311851,0.0,s_ms,c_ma,c_ma,interleaved
1,0.00017457479,0.0,s_ma,c_ms,c_ms,interleaved
1,0.000121268866,0.0,s_ma,c_ms,c_ma,interleaved
1,9.494151e-05,0.0,s_ma,c_ms,c_ms,interleaved
1,3.8229424e-05,0.0,s_ma,c_ms,c_ma,interleaved
1,0.00022939566,0.0,s_ma,c_ms,c_ma,interleaved
1,0.32473704,0.0,s_ms,c_ms,c_ma,interleaved
1,0.22733289,0.0,s_ms,c_ms,c_ms,interleaved
1,0.31417572,0.0,s_ms,c_ms,c_ms,interleaved
1,0.41024682,0.0,s_ms,c_ms,c_ma,interleaved
1,0.320616,0.0,s_ms,c_ms,c_ms,interleaved
1,0.00017825274,0.0,s_ma,c_ma,c_ms,interleaved
1,3.431867e-05,0.0,s_ma,c_ma,c_ma,interleaved
1,4.713604e-05,0.0,s_ma,c_ma,c_ms,interleaved
1,0.00015469702,0.0,s_ma,c_ma,c_ms,interleaved
1,0.25087148,0.0,s_ms,c_ma,c_ma,interleaved
1,0.18126845,0.0,s_ms,c_ma,c_ms,interleaved
1,0.2653984,0.0,s_ms,c_ma,c_ma,interleaved
1,0.28592145,0.0,s_ms,c_ma,c_ms,interleaved
1,0.19346577,0.0,s_ms,c_ma,c_ma,interleaved
1,4.366875e-05,0.0,s_ma,c_ms,c_ma,interleaved
1,3.727922e-05,0.0,s_ma,c_ms,c_ms,interleaved
1,8.283252e-06,0.0,s_ma,c_ms,c_ma,interleaved
1,2.9545863e-06,0.0,s_ma,c_ms,c_ms,interleaved
1,2.2166047e-05,0.0,s_ma,c_ms,c_ms,interleaved
1,0.37795618,0.0,s_ms,c_ms,c_ms,interleaved
1,0.27963436,0.0,s_ms,c_ms,c_ma,interleaved
1,0.32166767,0.0,s_ms,c_ms,c_ma,interleaved
1,0.4210543,0.0,s_ms,c_ms,c_ms,interleaved
1,0.29314378,0.0,s_ms,c_ms,c_ma,interleaved
1,4.999967e-06,0.0,s_ma,c_ma,c_ma,interleaved
1,0.00010124863,0.0,s_ma,c_ma,c_ms,interleaved
1,4.410927e-05,0.0,s_ma,c_ma,c_ms,interleaved
1,2.3812621e-05,0.0,s_ma,c_ma,c_ma,interleaved
1,0.21976915,0.0,s_ms,c_ma,c_ms,interleaved
1,0.31383324,0.0,s_ms,c_ma,c_ma,interleaved
1,0.310093,0.0,s_ms,c_ma,c_ms,interleaved
1,0.3551993,0.0,s_ms,c_ma,c_ma,interleaved
1,0.1784397,0.0,s_ms,c_ma,c_ms,interleaved
1,0.00041771538,0.0,s_ma,c_ms,c_ma,interleaved
1,3.157116e-05,0.0,s_ma,c_ms,c_ms,interleaved
1,1.5981976e-05,0.0,s_ma,c_ms,c_ma,interleaved
1,1.0229882e-05,0.0,s_ma,c_ms,c_ms,interleaved
1,7.4783966e-05,0.0,s_ma,c_ms,c_ms,interleaved
1,0.3205771,0.0,s_ms,c_ms,c_ms,interleaved
1,0.21487905,0.0,s_ms,c_ms,c_ma,interleaved
1,0.21818006,0.0,s_ms,c_ms,c_ma,interleaved
1,0.33772483,0.0,s_ms,c_ms,c_ms,interleaved
1,0.29394948,0.0,s_ms,c_ms,c_ma,interleaved
1,1.2303477e-05,0.0,s_ma,c_ma,c_ma,interleaved
1,1.4352113e-05,0.0,s_ma,c_ma,c_ms,interleaved
1,0.00014386993,0.0,s_ma,c_ma,c_ms,interleaved
1,2.462577e-05,0.0,s_ma,c_ma,c_ma,interleaved
1,0.17619394,0.0,s_ms,c_ma,c_ms,interleaved
1,0.1715197,0.0,s_ms,c_ma,c_ma,interleaved
1,0.2341225,0.0,s_ms,c_ma,c_ms,interleaved
1,0.20814812,0.0,s_ms,c_ma,c_ma,interleaved
1,0.1710178,0.0,s_ms,c_ma,c_ms,interleaved
1,0.7065308,1.0,s_ms,c_ms,c_ms,interleaved
1,0.6409489,1.0,s_ms,c_ms,c_ma,interleaved
1,0.47921693,0.0,s_ms,c_ms,c_ms,interleaved
1,0.6988417,1.0,s_ms,c_ms,c_ma,interleaved
1,0.62214637,1.0,s_ms,c_ms,c_ma,interleaved
1,8.4350395e-06,0.0,s_ma,c_ms,c_ma,interleaved
1,4.8150423e-06,0.0,s_ma,c_ms,c_ms,interleaved
1,2.7081474e-05,0.0,s_ma,c_ms,c_ms,interleaved
1,4.87478e-07,0.0,s_ma,c_ms,c_ma,interleaved
1,3.0153114e-06,0.0,s_ma,c_ms,c_ms,interleaved
1,0.6355175,1.0,s_ms,c_ma,c_ms,interleaved
1,0.73939526,1.0,s_ms,c_ma,c_ma,interleaved
1,0.61951816,1.0,s_ms,c_ma,c_ma,interleaved
1,0.6389762,1.0,s_ms,c_ma,c_ms,interleaved
1,0.7221036,1.0,s_ms,c_ma,c_ms,interleaved
1,1.2116561e-05,0.0,s_ma,c_ma,c_ms,interleaved
1,3.4688273e-05,0.0,s_ma,c_ma,c_ma,interleaved
1,3.042861e-06,0.0,s_ma,c_ma,c_ms,interleaved
1,0.00021596104,0.0,s_ma,c_ma,c_ma,interleaved
1,0.5973104,1.0,s_ms,c_ms,c_ma,interleaved
1,0.662605,1.0,s_ms,c_ms,c_ms,interleaved
1,0.59693176,1.0,s_ms,c_ms,c_ma,interleaved
1,0.7045109,1.0,s_ms,c_ms,c_ms,interleaved
1,0.6388018,1.0,s_ms,c_ms,c_ms,interleaved
1,1.3656565e-05,0.0,s_ma,c_ms,c_ms,interleaved
1,1.9650663e-05,0.0,s_ma,c_ms,c_ma,interleaved
1,4.5787483e-06,0.0,s_ma,c_ms,c_ma,interleaved
1,2.3599525e-05,0.0,s_ma,c_ms,c_ms,interleaved
1,2.6801154e-05,0.0,s_ma,c_ms,c_ma,interleaved
1,0.6158374,1.0,s_ms,c_ma,c_ma,interleaved
1,0.61376184,1.0,s_ms,c_ma,c_ms,interleaved
1,0.7148763,1.0,s_ms,c_ma,c_ms,interleaved
1,0.57964563,1.0,s_ms,c_ma,c_ma,interleaved
1,0.72152567,1.0,s_ms,c_ma,c_ma,interleaved
1,1.2994829e-05,0.0,s_ma,c_ma,c_ms,interleaved
1,4.3369477e-05,0.0,s_ma,c_ma,c_ms,interleaved
1,7.2782295e-06,0.0,s_ma,c_ma,c_ma,interleaved
1,0.00035842118,0.0,s_ma,c_ma,c_ms,interleaved
1,0.60374194,1.0,s_ms,c_ms,c_ms,interleaved
1,0.65200835,1.0,s_ms,c_ms,c_ma,interleaved
1,0.48900616,0.0,s_ms,c_ms,c_ms,interleaved
1,0.6690086,1.0,s_ms,c_ms,c_ma,interleaved
1,0.56017363,1.0,s_ms,c_ms,c_ma,interleaved
1,1.104083e-05,0.0,s_ma,c_ms,c_ma,interleaved
1,0.00021012148,0.0,s_ma,c_ms,c_ms,interleaved
1,0.00021373655,0.0,s_ma,c_ms,c_ms,interleaved
1,9.3257986e-05,0.0,s_ma,c_ms,c_ma,interleaved
1,3.287413e-05,0.0,s_ma,c_ms,c_ms,interleaved
1,0.4587318,0.0,s_ms,c_ma,c_ms,interleaved
1,0.614118,1.0,s_ms,c_ma,c_ma,interleaved
1,0.5891311,1.0,s_ms,c_ma,c_ma,interleaved
1,0.545237,1.0,s_ms,c_ma,c_ms,interleaved
1,0.6520209,1.0,s_ms,c_ma,c_ms,interleaved
1,4.0743646e-05,0.0,s_ma,c_ma,c_ma,interleaved
1,4.596399e-05,0.0,s_ma,c_ma,c_ms,interleaved
1,0.00016349825,0.0,s_ma,c_ma,c_ms,interleaved
1,0.00031691583,0.0,s_ma,c_ma,c_ma,interleaved
1,0.5940852,1.0,s_ms,c_ms,c_ma,interleaved
1,0.70059717,1.0,s_ms,c_ms,c_ms,interleaved
1,0.5350102,1.0,s_ms,c_ms,c_ma,interleaved
1,0.70516765,1.0,s_ms,c_ms,c_ms,interleaved
1,0.62528086,1.0,s_ms,c_ms,c_ms,interleaved
1,2.1120534e-06,0.0,s_ma,c_ms,c_ms,interleaved
1,4.413591e-06,0.0,s_ma,c_ms,c_ma,interleaved
1,1.886394e-05,0.0,s_ma,c_ms,c_ma,interleaved
1,2.949708e-07,0.0,s_ma,c_ms,c_ms,interleaved
1,4.3579785e-06,0.0,s_ma,c_ms,c_ma,interleaved
1,0.58336437,1.0,s_ms,c_ma,c_ma,interleaved
1,0.59300965,1.0,s_ms,c_ma,c_ms,interleaved
1,0.58310467,1.0,s_ms,c_ma,c_ms,interleaved
1,0.47179887,0.0,s_ms,c_ma,c_ma,interleaved
1,0.66050375,1.0,s_ms,c_ma,c_ma,interleaved
1,3.1801806e-06,0.0,s_ma,c_ma,c_ms,interleaved
1,7.702497e-06,0.0,s_ma,c_ma,c_ma,interleaved
1,0.00016170472,0.0,s_ma,c_ma,c_ms,interleaved
1,7.752005e-05,0.0,s_ma,c_ma,c_ms,interleaved
1,0.68501174,1.0,s_ms,c_ms,c_ms,interleaved
1,0.6752384,1.0,s_ms,c_ms,c_ma,interleaved
1,0.5473373,1.0,s_ms,c_ms,c_ms,interleaved
1,0.7256796,1.0,s_ms,c_ms,c_ma,interleaved
1,0.5859199,1.0,s_ms,c_ms,c_ma,interleaved
1,2.8055183e-05,0.0,s_ma,c_ms,c_ma,interleaved
1,6.330343e-05,0.0,s_ma,c_ms,c_ms,interleaved
1,6.0226077e-05,0.0,s_ma,c_ms,c_ms,interleaved
1,1.5651356e-05,0.0,s_ma,c_ms,c_ma,interleaved
1,0.000102511294,0.0,s_ma,c_ms,c_ms,interleaved
1,0.6676051,1.0,s_ms,c_ma,c_ms,interleaved
1,0.7181123,1.0,s_ms,c_ma,c_ma,interleaved
1,0.6633701,1.0,s_ms,c_ma,c_ma,interleaved
1,0.7034584,1.0,s_ms,c_ma,c_ms,interleaved
1,0.7092351,1.0,s_ms,c_ma,c_ms,interleaved
1,0.00022223174,0.0,s_ma,c_ma,c_ma,interleaved
1,0.00035094615,0.0,s_ma,c_ma,c_ms,interleaved
1,0.0003060228,0.0,s_ma,c_ma,c_ma,interleaved
1,8.487254e-05,0.0,s_ma,c_ma,c_ms,interleaved
1,4.829783e-05,0.0,s_ma,c_ma,c_ms,random
1,2.7983597e-05,0.0,s_ma,c_ma,c_ma,random
1,1.5732901e-05,0.0,s_ma,c_ma,c_ms,random
1,0.00015079175,0.0,s_ma,c_ma,c_ms,random
1,0.29179606,0.0,s_ms,c_ma,c_ms,random
1,0.26129133,0.0,s_ms,c_ma,c_ma,random
1,0.24770874,0.0,s_ms,c_ma,c_ma,random
1,0.31218937,0.0,s_ms,c_ma,c_ms,random
1,0.20825264,0.0,s_ms,c_ma,c_ma,random
1,5.9550497e-05,0.0,s_ma,c_ms,c_ma,random
1,3.518076e-05,0.0,s_ma,c_ms,c_ms,random
1,0.0001725185,0.0,s_ma,c_ms,c_ms,random
1,4.35795e-05,0.0,s_ma,c_ms,c_ma,random
1,0.0003738948,0.0,s_ma,c_ms,c_ma,random
1,0.18388873,0.0,s_ms,c_ms,c_ms,random
1,0.27007642,0.0,s_ms,c_ms,c_ma,random
1,0.24313307,0.0,s_ms,c_ms,c_ms,random
1,0.26393715,0.0,s_ms,c_ms,c_ma,random
1,0.1857662,0.0,s_ms,c_ms,c_ms,random
1,4.6288405e-05,0.0,s_ma,c_ma,c_ms,random
1,4.8255995e-05,0.0,s_ma,c_ma,c_ms,random
1,4.6705563e-06,0.0,s_ma,c_ma,c_ma,random
1,7.977403e-05,0.0,s_ma,c_ma,c_ma,random
1,0.2547834,0.0,s_ms,c_ma,c_ma,random
1,0.19718093,0.0,s_ms,c_ma,c_ms,random
1,0.29357418,0.0,s_ms,c_ma,c_ms,random
1,0.23877028,0.0,s_ms,c_ma,c_ma,random
1,0.23840925,0.0,s_ms,c_ma,c_ms,random
1,5.434814e-05,0.0,s_ma,c_ms,c_ms,random
1,2.042333e-06,0.0,s_ma,c_ms,c_ma,random
1,0.000107900596,0.0,s_ma,c_ms,c_ma,random
1,3.6304336e-05,0.0,s_ma,c_ms,c_ms,random
1,2.6470108e-05,0.0,s_ma,c_ms,c_ms,random
1,0.18517414,0.0,s_ms,c_ms,c_ma,random
1,0.17739035,0.0,s_ms,c_ms,c_ms,random
1,0.1878644,0.0,s_ms,c_ms,c_ma,random
1,0.16645521,0.0,s_ms,c_ms,c_ms,random
1,0.18545297,0.0,s_ms,c_ms,c_ma,random
1,2.6505502e-05,0.0,s_ma,c_ma,c_ma,random
1,4.548221e-05,0.0,s_ma,c_ma,c_ms,random
1,1.4371235e-05,0.0,s_ma,c_ma,c_ms,random
1,0.00012685257,0.0,s_ma,c_ma,c_ms,random
1,0.43555552,0.0,s_ms,c_ma,c_ms,random
1,0.3584048,0.0,s_ms,c_ma,c_ma,random
1,0.33907956,0.0,s_ms,c_ma,c_ma,random
1,0.31646955,0.0,s_ms,c_ma,c_ms,random
1,0.2647789,0.0,s_ms,c_ma,c_ma,random
1,8.8585555e-05,0.0,s_ma,c_ms,c_ma,random
1,3.1457108e-05,0.0,s_ma,c_ms,c_ms,random
1,8.8087385e-05,0.0,s_ma,c_ms,c_ms,random
1,9.108298e-06,0.0,s_ma,c_ms,c_ma,random
1,1.626835e-05,0.0,s_ma,c_ms,c_ma,random
1,0.365054,0.0,s_ms,c_ms,c_ms,random
1,0.26104498,0.0,s_ms,c_ms,c_ma,random
1,0.3457206,0.0,s_ms,c_ms,c_ms,random
1,0.34117728,0.0,s_ms,c_ms,c_ma,random
1,0.31429684,0.0,s_ms,c_ms,c_ms,random
1,1.4395006e-05,0.0,s_ma,c_ma,c_ms,random
1,4.5970205e-06,0.0,s_ma,c_ma,c_ma,random
1,1.3699077e-05,0.0,s_ma,c_ma,c_ms,random
1,3.572088e-05,0.0,s_ma,c_ma,c_ma,random
1,0.3319674,0.0,s_ms,c_ma,c_ma,random
1,0.26093704,0.0,s_ms,c_ma,c_ms,random
1,0.27902377,0.0,s_ms,c_ma,c_ms,random
1,0.24862319,0.0,s_ms,c_ma,c_ma,random
1,0.24995635,0.0,s_ms,c_ma,c_ms,random
1,1.882248e-05,0.0,s_ma,c_ms,c_ms,random
1,1.1771454e-05,0.0,s_ma,c_ms,c_ma,random
1,3.4460023e-05,0.0,s_ma,c_ms,c_ma,random
1,2.7971237e-06,0.0,s_ma,c_ms,c_ms,random
1,9.717648e-06,0.0,s_ma,c_ms,c_ms,random
1,0.18903777,0.0,s_ms,c_ms,c_ma,random
1,0.17476505,0.0,s_ms,c_ms,c_ms,random
1,0.20248389,0.0,s_ms,c_ms,c_ma,random
1,0.17726107,0.0,s_ms,c_ms,c_ms,random
1,0.16752476,0.0,s_ms,c_ms,c_ma,random
1,0.00014964718,0.0,s_ma,c_ma,c_ms,random
1,7.533311e-05,0.0,s_ma,c_ma,c_ma,random
1,0.00013975753,0.0,s_ma,c_ma,c_ms,random
1,3.7513462e-05,0.0,s_ma,c_ma,c_ma,random
1,0.28345028,0.0,s_ms,c_ma,c_ma,random
1,0.34319615,0.0,s_ms,c_ma,c_ms,random
1,0.32523355,0.0,s_ms,c_ma,c_ms,random
1,0.25058562,0.0,s_ms,c_ma,c_ma,random
1,0.30289277,0.0,s_ms,c_ma,c_ms,random
1,5.0751874e-05,0.0,s_ma,c_ms,c_ms,random
1,2.0799136e-05,0.0,s_ma,c_ms,c_ma,random
1,0.0002069633,0.0,s_ma,c_ms,c_ma,random
1,2.6106478e-05,0.0,s_ma,c_ms,c_ms,random
1,6.995122e-05,0.0,s_ma,c_ms,c_ms,random
1,0.24977314,0.0,s_ms,c_ms,c_ma,random
1,0.20760669,0.0,s_ms,c_ms,c_ms,random
1,0.3051698,0.0,s_ms,c_ms,c_ma,random
1,0.26646525,0.0,s_ms,c_ms,c_ms,random
1,0.26060793,0.0,s_ms,c_ms,c_ma,random
1,0.57736576,1.0,s_ms,c_ma,c_ms,random
1,0.6120049,1.0,s_ms,c_ma,c_ma,random
1,0.43104517,0.0,s_ms,c_ma,c_ms,random
1,0.5100235,1.0,s_ms,c_ma,c_ma,random
1,0.60077345,1.0,s_ms,c_ma,c_ma,random
1,0.00012970662,0.0,s_ma,c_ma,c_ms,random
1,1.1956569e-05,0.0,s_ma,c_ma,c_ms,random
1,0.00010316361,0.0,s_ma,c_ma,c_ma,random
1,9.387662e-06,0.0,s_ma,c_ma,c_ms,random
1,0.4370998,0.0,s_ms,c_ms,c_ms,random
1,0.6117662,1.0,s_ms,c_ms,c_ma,random
1,0.5322972,1.0,s_ms,c_ms,c_ma,random
1,0.42671394,0.0,s_ms,c_ms,c_ms,random
1,0.5505856,1.0,s_ms,c_ms,c_ms,random
1,8.116607e-06,0.0,s_ma,c_ms,c_ma,random
1,1.4173107e-05,0.0,s_ma,c_ms,c_ms,random
1,1.0305206e-05,0.0,s_ma,c_ms,c_ma,random
1,2.3399823e-06,0.0,s_ma,c_ms,c_ms,random
1,2.5092519e-05,0.0,s_ma,c_ms,c_ma,random
1,0.61451626,1.0,s_ms,c_ma,c_ma,random
1,0.6904671,1.0,s_ms,c_ma,c_ms,random
1,0.49525064,0.0,s_ms,c_ma,c_ma,random
1,0.62428427,1.0,s_ms,c_ma,c_ms,random
1,0.50243664,1.0,s_ms,c_ma,c_ms,random
1,0.00012272628,0.0,s_ma,c_ma,c_ms,random
1,8.143356e-06,0.0,s_ma,c_ma,c_ma,random
1,3.6521483e-06,0.0,s_ma,c_ma,c_ms,random
1,3.657384e-05,0.0,s_ma,c_ma,c_ma,random
1,0.55009377,1.0,s_ms,c_ms,c_ma,random
1,0.68182427,1.0,s_ms,c_ms,c_ms,random
1,0.61687636,1.0,s_ms,c_ms,c_ms,random
1,0.5773773,1.0,s_ms,c_ms,c_ma,random
1,0.65350664,1.0,s_ms,c_ms,c_ma,random
1,3.3666013e-06,0.0,s_ma,c_ms,c_ms,random
1,1.6621027e-05,0.0,s_ma,c_ms,c_ma,random
1,0.00016642718,0.0,s_ma,c_ms,c_ms,random
1,4.1017843e-06,0.0,s_ma,c_ms,c_ma,random
1,4.8707043e-05,0.0,s_ma,c_ms,c_ms,random
1,0.64669025,1.0,s_ms,c_ma,c_ma,random
1,0.5537036,1.0,s_ms,c_ma,c_ms,random
1,0.5673923,1.0,s_ms,c_ma,c_ma,random
1,0.58059454,1.0,s_ms,c_ma,c_ms,random
1,0.5420569,1.0,s_ms,c_ma,c_ms,random
1,1.4278211e-05,0.0,s_ma,c_ma,c_ms,random
1,9.019373e-06,0.0,s_ma,c_ma,c_ma,random
1,5.7569273e-06,0.0,s_ma,c_ma,c_ms,random
1,1.3706759e-05,0.0,s_ma,c_ma,c_ma,random
1,0.5590067,1.0,s_ms,c_ms,c_ma,random
1,0.629598,1.0,s_ms,c_ms,c_ms,random
1,0.5678556,1.0,s_ms,c_ms,c_ms,random
1,0.56775105,1.0,s_ms,c_ms,c_ma,random
1,0.6710695,1.0,s_ms,c_ms,c_ma,random
1,2.95788e-05,0.0,s_ma,c_ms,c_ms,random
1,4.5823504e-06,0.0,s_ma,c_ms,c_ma,random
1,0.00021025541,0.0,s_ma,c_ms,c_ms,random
1,2.0658117e-05,0.0,s_ma,c_ms,c_ma,random
1,5.9893635e-05,0.0,s_ma,c_ms,c_ms,random
1,0.52332425,1.0,s_ms,c_ma,c_ms,random
1,0.59968257,1.0,s_ms,c_ma,c_ma,random
1,0.49301323,0.0,s_ms,c_ma,c_ms,random
1,0.5957254,1.0,s_ms,c_ma,c_ma,random
1,0.5915693,1.0,s_ms,c_ma,c_ma,random
1,7.148421e-05,0.0,s_ma,c_ma,c_ma,random
1,3.0316419e-06,0.0,s_ma,c_ma,c_ms,random
1,4.4816024e-06,0.0,s_ma,c_ma,c_ms,random
1,5.317472e-05,0.0,s_ma,c_ma,c_ms,random
1,0.4601665,0.0,s_ms,c_ms,c_ms,random
1,0.5249843,1.0,s_ms,c_ms,c_ma,random
1,0.41332287,0.0,s_ms,c_ms,c_ma,random
1,0.40729755,0.0,s_ms,c_ms,c_ms,random
1,0.4885664,0.0,s_ms,c_ms,c_ms,random
1,5.4209306e-07,0.0,s_ma,c_ms,c_ma,random
1,2.3577943e-05,0.0,s_ma,c_ms,c_ms,random
1,8.596564e-05,0.0,s_ma,c_ms,c_ma,random
1,2.8531787e-07,0.0,s_ma,c_ms,c_ms,random
1,1.2220471e-05,0.0,s_ma,c_ms,c_ma,random
1,0.6651045,1.0,s_ms,c_ma,c_ma,random
1,0.61358744,1.0,s_ms,c_ma,c_ms,random
1,0.5664188,1.0,s_ms,c_ma,c_ma,random
1,0.6393728,1.0,s_ms,c_ma,c_ms,random
1,0.5689131,1.0,s_ms,c_ma,c_ms,random
1,8.710384e-06,0.0,s_ma,c_ma,c_ms,random
1,3.6699414e-05,0.0,s_ma,c_ma,c_ma,random
1,1.4878266e-05,0.0,s_ma,c_ma,c_ma,random
1,5.6927427e-05,0.0,s_ma,c_ma,c_ms,random
1,0.55661845,1.0,s_ms,c_ms,c_ma,random
1,0.6012168,1.0,s_ms,c_ms,c_ms,random
1,0.53505325,1.0,s_ms,c_ms,c_ms,random
1,0.58064187,1.0,s_ms,c_ms,c_ma,random
1,0.5642935,1.0,s_ms,c_ms,c_ma,random
1,2.9253006e-06,0.0,s_ma,c_ms,c_ms,random
1,2.925066e-05,0.0,s_ma,c_ms,c_ma,random
1,2.7859034e-05,0.0,s_ma,c_ms,c_ms,random
1,4.4652734e-06,0.0,s_ma,c_ms,c_ma,random
1,9.384252e-05,0.0,s_ma,c_ms,c_ms,random
1,6.006335e-05,0.0,s_ma,c_ms,c_ma,random
1,6.507221e-05,0.0,s_ma,c_ms,c_ms,random
1,9.19861e-05,0.0,s_ma,c_ms,c_ma,random
1,1.935514e-05,0.0,s_ma,c_ms,c_ms,random
1,5.1436476e-05,0.0,s_ma,c_ms,c_ms,random
1,0.39235425,0.0,s_ms,c_ms,c_ms,random
1,0.33456963,0.0,s_ms,c_ms,c_ma,random
1,0.29982755,0.0,s_ms,c_ms,c_ma,random
1,0.39286515,0.0,s_ms,c_ms,c_ms,random
1,0.29879403,0.0,s_ms,c_ms,c_ma,random
1,2.7099628e-05,0.0,s_ma,c_ma,c_ms,random
1,0.00016435175,0.0,s_ma,c_ma,c_ms,random
1,4.689958e-06,0.0,s_ma,c_ma,c_ma,random
1,1.2576913e-05,0.0,s_ma,c_ma,c_ma,random
1,0.19823605,0.0,s_ms,c_ma,c_ms,random
1,0.26338157,0.0,s_ms,c_ma,c_ma,random
1,0.35030487,0.0,s_ms,c_ma,c_ms,random
1,0.29634917,0.0,s_ms,c_ma,c_ma,random
1,0.20672622,0.0,s_ms,c_ma,c_ms,random
1,3.5314773e-05,0.0,s_ma,c_ms,c_ms,random
1,1.9592874e-06,0.0,s_ma,c_ms,c_ma,random
1,3.0633095e-05,0.0,s_ma,c_ms,c_ms,random
1,1.2148688e-05,0.0,s_ma,c_ms,c_ma,random
1,2.0149317e-05,0.0,s_ma,c_ms,c_ma,random
1,0.2634803,0.0,s_ms,c_ms,c_ma,random
1,0.21786174,0.0,s_ms,c_ms,c_ms,random
1,0.24076703,0.0,s_ms,c_ms,c_ms,random
1,0.33901834,0.0,s_ms,c_ms,c_ma,random
1,0.27802896,0.0,s_ms,c_ms,c_ms,random
1,2.6536216e-05,0.0,s_ma,c_ma,c_ms,random
1,2.9024957e-05,0.0,s_ma,c_ma,c_ma,random
1,0.00010103179,0.0,s_ma,c_ma,c_ms,random
1,1.4166034e-05,0.0,s_ma,c_ma,c_ms,random
1,0.1480791,0.0,s_ms,c_ma,c_ma,random
1,0.2851115,0.0,s_ms,c_ma,c_ms,random
1,0.25132108,0.0,s_ms,c_ma,c_ma,random
1,0.2564786,0.0,s_ms,c_ma,c_ms,random
1,0.19204426,0.0,s_ms,c_ma,c_ma,random
1,0.00017562244,0.0,s_ma,c_ms,c_ms,random
1,0.000118929995,0.0,s_ma,c_ms,c_ma,random
1,9.408265e-05,0.0,s_ma,c_ms,c_ms,random
1,3.8161823e-05,0.0,s_ma,c_ms,c_ma,random
1,0.00022926414,0.0,s_ma,c_ms,c_ma,random
1,0.32364288,0.0,s_ms,c_ms,c_ma,random
1,0.22704968,0.0,s_ms,c_ms,c_ms,random
1,0.3141247,0.0,s_ms,c_ms,c_ms,random
1,0.4086306,0.0,s_ms,c_ms,c_ma,random
1,0.31972355,0.0,s_ms,c_ms,c_ms,random
1,0.000181009,0.0,s_ma,c_ma,c_ms,random
1,3.439654e-05,0.0,s_ma,c_ma,c_ma,random
1,4.7636724e-05,0.0,s_ma,c_ma,c_ms,random
1,0.0001574744,0.0,s_ma,c_ma,c_ms,random
1,0.25017214,0.0,s_ms,c_ma,c_ma,random
1,0.18114144,0.0,s_ms,c_ma,c_ms,random
1,0.26629192,0.0,s_ms,c_ma,c_ma,random
1,0.2875737,0.0,s_ms,c_ma,c_ms,random
1,0.19466932,0.0,s_ms,c_ma,c_ma,random
1,4.367788e-05,0.0,s_ma,c_ms,c_ma,random
1,3.650818e-05,0.0,s_ma,c_ms,c_ms,random
1,8.093272e-06,0.0,s_ma,c_ms,c_ma,random
1,2.9312257e-06,0.0,s_ma,c_ms,c_ms,random
1,2.2146356e-05,0.0,s_ma,c_ms,c_ms,random
1,0.3781198,0.0,s_ms,c_ms,c_ms,random
1,0.28018373,0.0,s_ms,c_ms,c_ma,random
1,0.32124776,0.0,s_ms,c_ms,c_ma,random
1,0.4204554,0.0,s_ms,c_ms,c_ms,random
1,0.29338574,0.0,s_ms,c_ms,c_ma,random
1,5.027615e-06,0.0,s_ma,c_ma,c_ma,random
1,0.00010029973,0.0,s_ma,c_ma,c_ms,random
1,4.451061e-05,0.0,s_ma,c_ma,c_ms,random
1,2.3899485e-05,0.0,s_ma,c_ma,c_ma,random
1,0.21864808,0.0,s_ms,c_ma,c_ms,random
1,0.31408194,0.0,s_ms,c_ma,c_ma,random
1,0.30786052,0.0,s_ms,c_ma,c_ms,random
1,0.35436434,0.0,s_ms,c_ma,c_ma,random
1,0.17726576,0.0,s_ms,c_ma,c_ms,random
1,0.00041289476,0.0,s_ma,c_ms,c_ma,random
1,3.121998e-05,0.0,s_ma,c_ms,c_ms,random
1,1.5913378e-05,0.0,s_ma,c_ms,c_ma,random
1,1.0145961e-05,0.0,s_ma,c_ms,c_ms,random
1,7.463759e-05,0.0,s_ma,c_ms,c_ms,random
1,0.31993946,0.0,s_ms,c_ms,c_ms,random
1,0.21418475,0.0,s_ms,c_ms,c_ma,random
1,0.21674243,0.0,s_ms,c_ms,c_ma,random
1,0.33834997,0.0,s_ms,c_ms,c_ms,random
1,0.29337063,0.0,s_ms,c_ms,c_ma,random
1,1.2568451e-05,0.0,s_ma,c_ma,c_ma,random
1,1.4352217e-05,0.0,s_ma,c_ma,c_ms,random
1,0.00014626961,0.0,s_ma,c_ma,c_ms,random
1,2.4707771e-05,0.0,s_ma,c_ma,c_ma,random
1,0.17546713,0.0,s_ms,c_ma,c_ms,random
1,0.17253366,0.0,s_ms,c_ma,c_ma,random
1,0.23357849,0.0,s_ms,c_ma,c_ms,random
1,0.20726466,0.0,s_ms,c_ma,c_ma,random
1,0.16996731,0.0,s_ms,c_ma,c_ms,random
1,0.7066034,1.0,s_ms,c_ms,c_ms,random
1,0.6425368,1.0,s_ms,c_ms,c_ma,random
1,0.47838742,0.0,s_ms,c_ms,c_ms,random
1,0.6986059,1.0,s_ms,c_ms,c_ma,random
1,0.62269133,1.0,s_ms,c_ms,c_ma,random
1,8.1890075e-06,0.0,s_ma,c_ms,c_ma,random
1,4.7600956e-06,0.0,s_ma,c_ms,c_ms,random
1,2.69033e-05,0.0,s_ma,c_ms,c_ms,random
1,4.8777906e-07,0.0,s_ma,c_ms,c_ma,random
1,2.9554126e-06,0.0,s_ma,c_ms,c_ms,random
1,0.639071,1.0,s_ms,c_ma,c_ms,random
1,0.74197656,1.0,s_ms,c_ma,c_ma,random
1,0.6210198,1.0,s_ms,c_ma,c_ma,random
1,0.6406132,1.0,s_ms,c_ma,c_ms,random
1,0.72339153,1.0,s_ms,c_ma,c_ms,random
1,1.2013765e-05,0.0,s_ma,c_ma,c_ms,random
1,3.4530043e-05,0.0,s_ma,c_ma,c_ma,random
1,3.03317e-06,0.0,s_ma,c_ma,c_ms,random
1,0.00021560397,0.0,s_ma,c_ma,c_ma,random
1,0.5971243,1.0,s_ms,c_ms,c_ma,random
1,0.66515255,1.0,s_ms,c_ms,c_ms,random
1,0.5969696,1.0,s_ms,c_ms,c_ma,random
1,0.7040831,1.0,s_ms,c_ms,c_ms,random
1,0.63849723,1.0,s_ms,c_ms,c_ms,random
1,1.36396975e-05,0.0,s_ma,c_ms,c_ms,random
1,1.9523584e-05,0.0,s_ma,c_ms,c_ma,random
1,4.567485e-06,0.0,s_ma,c_ms,c_ma,random
1,2.3536306e-05,0.0,s_ma,c_ms,c_ms,random
1,2.6701375e-05,0.0,s_ma,c_ms,c_ma,random
1,0.6154429,1.0,s_ms,c_ma,c_ma,random
1,0.61394393,1.0,s_ms,c_ma,c_ms,random
1,0.7159867,1.0,s_ms,c_ma,c_ms,random
1,0.5799425,1.0,s_ms,c_ma,c_ma,random
1,0.7215905,1.0,s_ms,c_ma,c_ma,random
1,1.2856037e-05,0.0,s_ma,c_ma,c_ms,random
1,4.333169e-05,0.0,s_ma,c_ma,c_ms,random
1,7.2464245e-06,0.0,s_ma,c_ma,c_ma,random
1,0.00035745572,0.0,s_ma,c_ma,c_ms,random
1,0.6052178,1.0,s_ms,c_ms,c_ms,random
1,0.654094,1.0,s_ms,c_ms,c_ma,random
1,0.48679173,0.0,s_ms,c_ms,c_ms,random
1,0.66915184,1.0,s_ms,c_ms,c_ma,random
1,0.5607641,1.0,s_ms,c_ms,c_ma,random
1,1.0915184e-05,0.0,s_ma,c_ms,c_ma,random
1,0.0002074655,0.0,s_ma,c_ms,c_ms,random
1,0.00021011432,0.0,s_ma,c_ms,c_ms,random
1,9.316347e-05,0.0,s_ma,c_ms,c_ma,random
1,3.219388e-05,0.0,s_ma,c_ms,c_ms,random
1,0.46500915,0.0,s_ms,c_ma,c_ms,random
1,0.6143409,1.0,s_ms,c_ma,c_ma,random
1,0.5901179,1.0,s_ms,c_ma,c_ma,random
1,0.54849267,1.0,s_ms,c_ma,c_ms,random
1,0.6536634,1.0,s_ms,c_ma,c_ms,random
1,4.0552233e-05,0.0,s_ma,c_ma,c_ma,random
1,4.600598e-05,0.0,s_ma,c_ma,c_ms,random
1,0.00016778734,0.0,s_ma,c_ma,c_ms,random
1,0.00032493836,0.0,s_ma,c_ma,c_ma,random
1,0.5941639,1.0,s_ms,c_ms,c_ma,random
1,0.7008699,1.0,s_ms,c_ms,c_ms,random
1,0.53322333,1.0,s_ms,c_ms,c_ma,random
1,0.7041003,1.0,s_ms,c_ms,c_ms,random
1,0.6265971,1.0,s_ms,c_ms,c_ms,random
1,2.1028377e-06,0.0,s_ma,c_ms,c_ms,random
1,4.232248e-06,0.0,s_ma,c_ms,c_ma,random
1,1.8715464e-05,0.0,s_ma,c_ms,c_ma,random
1,2.94406e-07,0.0,s_ma,c_ms,c_ms,random
1,4.357813e-06,0.0,s_ma,c_ms,c_ma,random
1,0.5796375,1.0,s_ms,c_ma,c_ma,random
1,0.5940237,1.0,s_ms,c_ma,c_ms,random
1,0.58259726,1.0,s_ms,c_ma,c_ms,random
1,0.47398803,0.0,s_ms,c_ma,c_ma,random
1,0.66209126,1.0,s_ms,c_ma,c_ma,random
1,3.1658137e-06,0.0,s_ma,c_ma,c_ms,random
1,7.665033e-06,0.0,s_ma,c_ma,c_ma,random
1,0.00016547603,0.0,s_ma,c_ma,c_ms,random
1,7.738313e-05,0.0,s_ma,c_ma,c_ms,random
1,0.6840466,1.0,s_ms,c_ms,c_ms,random
1,0.6766282,1.0,s_ms,c_ms,c_ma,random
1,0.548368,1.0,s_ms,c_ms,c_ms,random
1,0.7255869,1.0,s_ms,c_ms,c_ma,random
1,0.5848894,1.0,s_ms,c_ms,c_ma,random
1,2.7454375e-05,0.0,s_ma,c_ms,c_ma,random
1,6.207764e-05,0.0,s_ma,c_ms,c_ms,random
1,6.0214323e-05,0.0,s_ma,c_ms,c_ms,random
1,1.5416264e-05,0.0,s_ma,c_ms,c_ma,random
1,0.000101805825,0.0,s_ma,c_ms,c_ms,random
1,0.66916776,1.0,s_ms,c_ma,c_ms,random
1,0.71910405,1.0,s_ms,c_ma,c_ma,random
1,0.6627331,1.0,s_ms,c_ma,c_ma,random
1,0.70502514,1.0,s_ms,c_ma,c_ms,random
1,0.71122205,1.0,s_ms,c_ma,c_ms,random
1,0.00022174633,0.0,s_ma,c_ma,c_ma,random
1,0.00035044877,0.0,s_ma,c_ma,c_ms,random
1,0.00031389558,0.0,s_ma,c_ma,c_ma,random
1,8.4832325e-05,0.0,s_ma,c_ma,c_ms,random
2,2.6546508e-07,0.0,s_ma,c_ma,c_ms,blocked
2,1.2378451e-06,0.0,s_ma,c_ma,c_ma,blocked
2,6.266057e-07,0.0,s_ma,c_ma,c_ms,blocked
2,4.1825633e-06,0.0,s_ma,c_ma,c_ms,blocked
2,0.21557154,0.0,s_ms,c_ma,c_ms,blocked
2,0.415202,0.0,s_ms,c_ma,c_ma,blocked
2,0.26851466,0.0,s_ms,c_ma,c_ma,blocked
2,0.25967526,0.0,s_ms,c_ma,c_ms,blocked
2,0.17167148,0.0,s_ms,c_ma,c_ma,blocked
2,5.267995e-08,0.0,s_ma,c_ms,c_ma,blocked
2,7.193351e-07,0.0,s_ma,c_ms,c_ms,blocked
2,4.3209343e-07,0.0,s_ma,c_ms,c_ms,blocked
2,8.423294e-07,0.0,s_ma,c_ms,c_ma,blocked
2,8.180999e-07,0.0,s_ma,c_ms,c_ma,blocked
2,0.34678906,0.0,s_ms,c_ms,c_ms,blocked
2,0.18257985,0.0,s_ms,c_ms,c_ma,blocked
2,0.17777015,0.0,s_ms,c_ms,c_ms,blocked
2,0.14653218,0.0,s_ms,c_ms,c_ma,blocked
2,0.14981273,0.0,s_ms,c_ms,c_ms,blocked
2,2.700607e-07,0.0,s_ma,c_ma,c_ms,blocked
2,1.5737463e-06,0.0,s_ma,c_ma,c_ms,blocked
2,8.8537284e-08,0.0,s_ma,c_ma,c_ma,blocked
2,2.8970844e-06,0.0,s_ma,c_ma,c_ma,blocked
2,0.30094585,0.0,s_ms,c_ma,c_ma,blocked
2,0.5131693,1.0,s_ms,c_ma,c_ms,blocked
2,0.23634732,0.0,s_ms,c_ma,c_ms,blocked
2,0.20145783,0.0,s_ms,c_ma,c_ma,blocked
2,0.0920624,0.0,s_ms,c_ma,c_ms,blocked
2,1.8648711e-08,0.0,s_ma,c_ms,c_ms,blocked
2,2.6801544e-07,0.0,s_ma,c_ms,c_ma,blocked
2,1.0178825e-06,0.0,s_ma,c_ms,c_ma,blocked
2,6.9822454e-07,0.0,s_ma,c_ms,c_ms,blocked
2,1.4906571e-07,0.0,s_ma,c_ms,c_ms,blocked
2,0.38881457,0.0,s_ms,c_ms,c_ma,blocked
2,0.25528693,0.0,s_ms,c_ms,c_ms,blocked
2,0.20286602,0.0,s_ms,c_ms,c_ma,blocked
2,0.20607795,0.0,s_ms,c_ms,c_ms,blocked
2,0.15309006,0.0,s_ms,c_ms,c_ma,blocked
2,1.3604737e-06,0.0,s_ma,c_ma,c_ma,blocked
2,1.8096185e-06,0.0,s_ma,c_ma,c_ms,blocked
2,2.285472e-06,0.0,s_ma,c_ma,c_ms,blocked
2,4.7991357e-06,0.0,s_ma,c_ma,c_ms,blocked
2,0.39378983,0.0,s_ms,c_ma,c_ms,blocked
2,0.5785009,1.0,s_ms,c_ma,c_ma,blocked
2,0.2586232,0.0,s_ms,c_ma,c_ma,blocked
2,0.19233209,0.0,s_ms,c_ma,c_ms,blocked
2,0.21585368,0.0,s_ms,c_ma,c_ma,blocked
2,4.85375e-06,0.0,s_ma,c_ms,c_ma,blocked
2,9.862711e-07,0.0,s_ma,c_ms,c_ms,blocked
2,6.0193697e-06,0.0,s_ma,c_ms,c_ms,blocked
2,4.70515e-06,0.0,s_ma,c_ms,c_ma,blocked
2,6.1209494e-06,0.0,s_ma,c_ms,c_ma,blocked
2,0.30491394,0.0,s_ms,c_ms,c_ms,blocked
2,0.24985279,0.0,s_ms,c_ms,c_ma,blocked
2,0.15310435,0.0,s_ms,c_ms,c_ms,blocked
2,0.17767274,0.0,s_ms,c_ms,c_ma,blocked
2,0.2014082,0.0,s_ms,c_ms,c_ms,blocked
2,6.237106e-07,0.0,s_ma,c_ma,c_ms,blocked
2,9.003529e-08,0.0,s_ma,c_ma,c_ma,blocked
2,1.8641363e-06,0.0,s_ma,c_ma,c_ms,blocked
2,2.9232685e-06,0.0,s_ma,c_ma,c_ma,blocked
2,0.3427897,0.0,s_ms,c_ma,c_ma,blocked
2,0.41893667,0.0,s_ms,c_ma,c_ms,blocked
2,0.27341175,0.0,s_ms,c_ma,c_ms,blocked
2,0.17408717,0.0,s_ms,c_ma,c_ma,blocked
2,0.1371843,0.0,s_ms,c_ma,c_ms,blocked
2,6.718259e-07,0.0,s_ma,c_ms,c_ms,blocked
2,8.10995e-09,0.0,s_ma,c_ms,c_ma,blocked
2,2.1403157e-07,0.0,s_ma,c_ms,c_ma,blocked
2,1.0443462e-07,0.0,s_ma,c_ms,c_ms,blocked
2,1.4855295e-06,0.0,s_ma,c_ms,c_ms,blocked
2,0.3195203,0.0,s_ms,c_ms,c_ma,blocked
2,0.2841754,0.0,s_ms,c_ms,c_ms,blocked
2,0.20087138,0.0,s_ms,c_ms,c_ma,blocked
2,0.20619561,0.0,s_ms,c_ms,c_ms,blocked
2,0.21810451,0.0,s_ms,c_ms,c_ma,blocked
2,4.069746e-06,0.0,s_ma,c_ma,c_ms,blocked
2,3.1466436e-06,0.0,s_ma,c_ma,c_ma,blocked
2,4.2528404e-06,0.0,s_ma,c_ma,c_ms,blocked
2,2.9635867e-06,0.0,s_ma,c_ma,c_ma,blocked
2,0.2149172,0.0,s_ms,c_ma,c_ma,blocked
2,0.48101884,0.0,s_ms,c_ma,c_ms,blocked
2,0.37027216,0.0,s_ms,c_ma,c_ms,blocked
2,0.31285885,0.0,s_ms,c_ma,c_ma,blocked
2,0.23976971,0.0,s_ms,c_ma,c_ms,blocked
2,2.7365297e-07,0.0,s_ma,c_ms,c_ms,blocked
2,6.9729737e-07,0.0,s_ma,c_ms,c_ma,blocked
2,2.5186855e-06,0.0,s_ma,c_ms,c_ma,blocked
2,1.2478326e-06,0.0,s_ma,c_ms,c_ms,blocked
2,3.0385888e-06,0.0,s_ma,c_ms,c_ms,blocked
2,0.47951758,0.0,s_ms,c_ms,c_ma,blocked
2,0.21795705,0.0,s_ms,c_ms,c_ms,blocked
2,0.25310135,0.0,s_ms,c_ms,c_ma,blocked
2,0.29039225,0.0,s_ms,c_ms,c_ms,blocked
2,0.16835517,0.0,s_ms,c_ms,c_ma,blocked
2,0.68119204,1.0,s_ms,c_ma,c_ms,blocked
2,0.56767094,1.0,s_ms,c_ma,c_ma,blocked
2,0.4359709,0.0,s_ms,c_ma,c_ms,blocked
2,0.4825955,0.0,s_ms,c_ma,c_ma,blocked
2,0.6619387,1.0,s_ms,c_ma,c_ma,blocked
2,7.1915774e-06,0.0,s_ma,c_ma,c_ms,blocked
2,4.638829e-06,0.0,s_ma,c_ma,c_ms,blocked
2,8.4232846e-07,0.0,s_ma,c_ma,c_ma,blocked
2,2.3588549e-05,0.0,s_ma,c_ma,c_ms,blocked
2,0.5536194,1.0,s_ms,c_ms,c_ms,blocked
2,0.7880981,1.0,s_ms,c_ms,c_ma,blocked
2,0.48945355,0.0,s_ms,c_ms,c_ma,blocked
2,0.6227057,1.0,s_ms,c_ms,c_ms,blocked
2,0.54572487,1.0,s_ms,c_ms,c_ms,blocked
2,1.6959339e-06,0.0,s_ma,c_ms,c_ma,blocked
2,1.7553376e-06,0.0,s_ma,c_ms,c_ms,blocked
2,2.754544e-05,0.0,s_ma,c_ms,c_ma,blocked
2,2.7087966e-05,0.0,s_ma,c_ms,c_ms,blocked
2,7.28839e-07,0.0,s_ma,c_ms,c_ma,blocked
2,0.3685876,0.0,s_ms,c_ma,c_ma,blocked
2,0.26046982,0.0,s_ms,c_ma,c_ms,blocked
2,0.24258024,0.0,s_ms,c_ma,c_ma,blocked
2,0.38003987,0.0,s_ms,c_ma,c_ms,blocked
2,0.30738282,0.0,s_ms,c_ma,c_ms,blocked
2,7.2509183e-06,0.0,s_ma,c_ma,c_ms,blocked
2,7.132777e-07,0.0,s_ma,c_ma,c_ma,blocked
2,7.034137e-07,0.0,s_ma,c_ma,c_ms,blocked
2,5.76968e-05,0.0,s_ma,c_ma,c_ma,blocked
2,0.49177626,0.0,s_ms,c_ms,c_ma,blocked
2,0.73249865,1.0,s_ms,c_ms,c_ms,blocked
2,0.30706522,0.0,s_ms,c_ms,c_ms,blocked
2,0.4170243,0.0,s_ms,c_ms,c_ma,blocked
2,0.3231777,0.0,s_ms,c_ms,c_ma,blocked
2,5.4002606e-07,0.0,s_ma,c_ms,c_ms,blocked
2,1.5940492e-06,0.0,s_ma,c_ms,c_ma,blocked
2,2.2051277e-05,0.0,s_ma,c_ms,c_ms,blocked
2,1.7692366e-06,0.0,s_ma,c_ms,c_ma,blocked
2,2.3281211e-07,0.0,s_ma,c_ms,c_ms,blocked
2,0.59053993,1.0,s_ms,c_ma,c_ma,blocked
2,0.63716304,1.0,s_ms,c_ma,c_ms,blocked
2,0.61144793,1.0,s_ms,c_ma,c_ma,blocked
2,0.5682422,1.0,s_ms,c_ma,c_ms,blocked
2,0.45699435,0.0,s_ms,c_ma,c_ms,blocked
2,3.7312009e-06,0.0,s_ma,c_ma,c_ms,blocked
2,8.2558813e-07,0.0,s_ma,c_ma,c_ma,blocked
2,1.2895601e-05,0.0,s_ma,c_ma,c_ms,blocked
2,1.6236968e-06,0.0,s_ma,c_ma,c_ma,blocked
2,0.8040476,1.0,s_ms,c_ms,c_ma,blocked
2,0.8227047,1.0,s_ms,c_ms,c_ms,blocked
2,0.5203333,1.0,s_ms,c_ms,c_ms,blocked
2,0.7860992,1.0,s_ms,c_ms,c_ma,blocked
2,0.6231278,1.0,s_ms,c_ms,c_ma,blocked
2,3.846089e-05,0.0,s_ma,c_ms,c_ms,blocked
2,3.54039e-06,0.0,s_ma,c_ms,c_ma,blocked
2,3.5317833e-05,0.0,s_ma,c_ms,c_ms,blocked
2,1.6018335e-05,0.0,s_ma,c_ms,c_ma,blocked
2,4.135873e-05,0.0,s_ma,c_ms,c_ms,blocked
2,0.5703831,1.0,s_ms,c_ma,c_ms,blocked
2,0.64136934,1.0,s_ms,c_ma,c_ma,blocked
2,0.6503352,1.0,s_ms,c_ma,c_ms,blocked
2,0.70795876,1.0,s_ms,c_ma,c_ma,blocked
2,0.51957273,1.0,s_ms,c_ma,c_ma,blocked
2,7.2201595e-07,0.0,s_ma,c_ma,c_ma,blocked
2,6.98237e-07,0.0,s_ma,c_ma,c_ms,blocked
2,1.2450233e-05,0.0,s_ma,c_ma,c_ms,blocked
2,1.6929947e-05,0.0,s_ma,c_ma,c_ms,blocked
2,0.7242242,1.0,s_ms,c_ms,c_ms,blocked
2,0.81303287,1.0,s_ms,c_ms,c_ma,blocked
2,0.52067244,1.0,s_ms,c_ms,c_ma,blocked
2,0.70208466,1.0,s_ms,c_ms,c_ms,blocked
2,0.6403791,1.0,s_ms,c_ms,c_ms,blocked
2,5.6514637e-06,0.0,s_ma,c_ms,c_ma,blocked
2,1.7547168e-06,0.0,s_ma,c_ms,c_ms,blocked
2,2.7241654e-06,0.0,s_ma,c_ms,c_ma,blocked
2,4.322562e-06,0.0,s_ma,c_ms,c_ms,blocked
2,6.1194737e-07,0.0,s_ma,c_ms,c_ma,blocked
2,0.69767094,1.0,s_ms,c_ma,c_ma,blocked
2,0.8231842,1.0,s_ms,c_ma,c_ms,blocked
2,0.65472525,1.0,s_ms,c_ma,c_ma,blocked
2,0.76737785,1.0,s_ms,c_ma,c_ms,blocked
2,0.58097196,1.0,s_ms,c_ma,c_ms,blocked
2,2.3148166e-05,0.0,s_ma,c_ma,c_ms,blocked
2,6.0039318e-05,0.0,s_ma,c_ma,c_ma,blocked
2,1.8653349e-06,0.0,s_ma,c_ma,c_ma,blocked
2,1.810512e-05,0.0,s_ma,c_ma,c_ms,blocked
2,0.7815114,1.0,s_ms,c_ms,c_ma,blocked
2,0.85032725,1.0,s_ms,c_ms,c_ms,blocked
2,0.6083179,1.0,s_ms,c_ms,c_ms,blocked
2,0.79427534,1.0,s_ms,c_ms,c_ma,blocked
2,0.7346739,1.0,s_ms,c_ms,c_ma,blocked
2,1.8853376e-07,0.0,s_ma,c_ms,c_ms,blocked
2,4.9901164e-06,0.0,s_ma,c_ms,c_ma,blocked
2,4.7325e-05,0.0,s_ma,c_ms,c_ms,blocked
2,1.2221245e-06,0.0,s_ma,c_ms,c_ma,blocked
2,1.552696e-06,0.0,s_ma,c_ms,c_ms,blocked
2,5.7924574e-08,0.0,s_ma,c_ms,c_ma,blocked
2,1.6996792e-08,0.0,s_ma,c_ms,c_ms,blocked
2,2.4522703e-06,0.0,s_ma,c_ms,c_ma,blocked
2,3.315143e-07,0.0,s_ma,c_ms,c_ms,blocked
2,2.9232865e-07,0.0,s_ma,c_ms,c_ms,blocked
2,0.24482474,0.0,s_ms,c_ms,c_ms,blocked
2,0.23769155,0.0,s_ms,c_ms,c_ma,blocked
2,0.11483069,0.0,s_ms,c_ms,c_ma,blocked
2,0.12458967,0.0,s_ms,c_ms,c_ms,blocked
2,0.098977335,0.0,s_ms,c_ms,c_ma,blocked
2,4.5741206e-08,0.0,s_ma,c_ma,c_ms,blocked
2,1.0933144e-06,0.0,s_ma,c_ma,c_ms,blocked
2,1.1050288e-06,0.0,s_ma,c_ma,c_ma,blocked
2,4.7033627e-06,0.0,s_ma,c_ma,c_ma,blocked
2,0.17393264,0.0,s_ms,c_ma,c_ms,blocked
2,0.2764065,0.0,s_ms,c_ma,c_ma,blocked
2,0.1324133,0.0,s_ms,c_ma,c_ms,blocked
2,0.12974587,0.0,s_ms,c_ma,c_ma,blocked
2,0.09837719,0.0,s_ms,c_ma,c_ms,blocked
2,9.4858075e-07,0.0,s_ma,c_ms,c_ms,blocked
2,3.6735653e-07,0.0,s_ma,c_ms,c_ma,blocked
2,1.0313963e-06,0.0,s_ma,c_ms,c_ms,blocked
2,7.114338e-09,0.0,s_ma,c_ms,c_ma,blocked
2,6.4954503e-07,0.0,s_ma,c_ms,c_ma,blocked
2,0.047602564,0.0,s_ms,c_ms,c_ma,blocked
2,0.08498849,0.0,s_ms,c_ms,c_ms,blocked
2,0.08175218,0.0,s_ms,c_ms,c_ms,blocked
2,0.09407464,0.0,s_ms,c_ms,c_ma,blocked
2,0.07550368,0.0,s_ms,c_ms,c_ms,blocked
2,4.541703e-08,0.0,s_ma,c_ma,c_ms,blocked
2,3.3220738e-06,0.0,s_ma,c_ma,c_ma,blocked
2,3.6208627e-07,0.0,s_ma,c_ma,c_ms,blocked
2,2.8095798e-07,0.0,s_ma,c_ma,c_ms,blocked
2,0.07875319,0.0,s_ms,c_ma,c_ma,blocked
2,0.06738214,0.0,s_ms,c_ma,c_ms,blocked
2,0.082041584,0.0,s_ms,c_ma,c_ma,blocked
2,0.08143103,0.0,s_ms,c_ma,c_ms,blocked
2,0.09781883,0.0,s_ms,c_ma,c_ma,blocked
2,4.4928476e-07,0.0,s_ma,c_ms,c_ms,blocked
2,8.4303184e-07,0.0,s_ma,c_ms,c_ma,blocked
2,5.8181513e-06,0.0,s_ma,c_ms,c_ms,blocked
2,1.7311456e-07,0.0,s_ma,c_ms,c_ma,blocked
2,2.4566102e-06,0.0,s_ma,c_ms,c_ma,blocked
2,0.34184882,0.0,s_ms,c_ms,c_ma,blocked
2,0.41860357,0.0,s_ms,c_ms,c_ms,blocked
2,0.29012856,0.0,s_ms,c_ms,c_ms,blocked
2,0.27146477,0.0,s_ms,c_ms,c_ma,blocked
2,0.24401125,0.0,s_ms,c_ms,c_ms,blocked
2,1.0827472e-06,0.0,s_ma,c_ma,c_ms,blocked
2,3.2344296e-06,0.0,s_ma,c_ma,c_ma,blocked
2,2.483073e-06,0.0,s_ma,c_ma,c_ms,blocked
2,2.3948044e-06,0.0,s_ma,c_ma,c_ms,blocked
2,0.34179112,0.0,s_ms,c_ma,c_ma,blocked
2,0.27553302,0.0,s_ms,c_ma,c_ms,blocked
2,0.1912337,0.0,s_ms,c_ma,c_ma,blocked
2,0.21341929,0.0,s_ms,c_ma,c_ms,blocked
2,0.27082694,0.0,s_ms,c_ma,c_ma,blocked
2,1.2365206e-06,0.0,s_ma,c_ms,c_ma,blocked
2,7.777821e-07,0.0,s_ma,c_ms,c_ms,blocked
2,2.840723e-06,0.0,s_ma,c_ms,c_ma,blocked
2,8.546729e-08,0.0,s_ma,c_ms,c_ms,blocked
2,1.2138975e-06,0.0,s_ma,c_ms,c_ms,blocked
2,0.12791002,0.0,s_ms,c_ms,c_ms,blocked
2,0.16026345,0.0,s_ms,c_ms,c_ma,blocked
2,0.11660349,0.0,s_ms,c_ms,c_ma,blocked
2,0.12538165,0.0,s_ms,c_ms,c_ms,blocked
2,0.0808006,0.0,s_ms,c_ms,c_ma,blocked
2,1.0844678e-06,0.0,s_ma,c_ma,c_ma,blocked
2,4.2947914e-07,0.0,s_ma,c_ma,c_ms,blocked
2,2.423138e-06,0.0,s_ma,c_ma,c_ms,blocked
2,1.424153e-07,0.0,s_ma,c_ma,c_ma,blocked
2,0.16143072,0.0,s_ms,c_ma,c_ms,blocked
2,0.11967528,0.0,s_ms,c_ma,c_ma,blocked
2,0.0574702,0.0,s_ms,c_ma,c_ms,blocked
2,0.12826729,0.0,s_ms,c_ma,c_ma,blocked
2,0.07712277,0.0,s_ms,c_ma,c_ms,blocked
2,1.1703542e-06,0.0,s_ma,c_ms,c_ma,blocked
2,1.4673438e-07,0.0,s_ma,c_ms,c_ms,blocked
2,4.1715152e-06,0.0,s_ma,c_ms,c_ma,blocked
2,8.7306864e-07,0.0,s_ma,c_ms,c_ms,blocked
2,3.1363197e-06,0.0,s_ma,c_ms,c_ms,blocked
2,0.22729665,0.0,s_ms,c_ms,c_ms,blocked
2,0.32434466,0.0,s_ms,c_ms,c_ma,blocked
2,0.20989153,0.0,s_ms,c_ms,c_ma,blocked
2,0.20750824,0.0,s_ms,c_ms,c_ms,blocked
2,0.11334343,0.0,s_ms,c_ms,c_ma,blocked
2,4.5046945e-06,0.0,s_ma,c_ma,c_ma,blocked
2,2.9294213e-07,0.0,s_ma,c_ma,c_ms,blocked
2,2.5273898e-06,0.0,s_ma,c_ma,c_ms,blocked
2,1.4258228e-07,0.0,s_ma,c_ma,c_ma,blocked
2,0.29036927,0.0,s_ms,c_ma,c_ms,blocked
2,0.23273751,0.0,s_ms,c_ma,c_ma,blocked
2,0.15438908,0.0,s_ms,c_ma,c_ms,blocked
2,0.1793752,0.0,s_ms,c_ma,c_ma,blocked
2,0.15998518,0.0,s_ms,c_ma,c_ms,blocked
2,0.51102996,1.0,s_ms,c_ms,c_ms,blocked
2,0.39228946,0.0,s_ms,c_ms,c_ma,blocked
2,0.45495266,0.0,s_ms,c_ms,c_ms,blocked
2,0.49493515,0.0,s_ms,c_ms,c_ma,blocked
2,0.3742349,0.0,s_ms,c_ms,c_ma,blocked
2,1.5543586e-06,0.0,s_ma,c_ms,c_ma,blocked
2,5.999283e-07,0.0,s_ma,c_ms,c_ms,blocked
2,3.9756706e-05,0.0,s_ma,c_ms,c_ms,blocked
2,7.4824247e-06,0.0,s_ma,c_ms,c_ma,blocked
2,1.303416e-07,0.0,s_ma,c_ms,c_ms,blocked
2,0.6998214,1.0,s_ms,c_ma,c_ms,blocked
2,0.84220254,1.0,s_ms,c_ma,c_ma,blocked
2,0.4879521,0.0,s_ms,c_ma,c_ma,blocked
2,0.7089336,1.0,s_ms,c_ma,c_ms,blocked
2,0.56549895,1.0,s_ms,c_ma,c_ms,blocked
2,6.909817e-05,0.0,s_ma,c_ma,c_ms,blocked
2,9.8876535e-06,0.0,s_ma,c_ma,c_ma,blocked
2,2.3441771e-05,0.0,s_ma,c_ma,c_ms,blocked
2,8.817667e-06,0.0,s_ma,c_ma,c_ma,blocked
2,0.6254685,1.0,s_ms,c_ms,c_ma,blocked
2,0.5085877,1.0,s_ms,c_ms,c_ms,blocked
2,0.55701375,1.0,s_ms,c_ms,c_ma,blocked
2,0.53404546,1.0,s_ms,c_ms,c_ms,blocked
2,0.5655644,1.0,s_ms,c_ms,c_ms,blocked
2,1.2268433e-06,0.0,s_ma,c_ms,c_ms,blocked
2,2.087194e-06,0.0,s_ma,c_ms,c_ma,blocked
2,4.0949876e-06,0.0,s_ma,c_ms,c_ma,blocked
2,3.185453e-06,0.0,s_ma,c_ms,c_ms,blocked
2,8.946796e-06,0.0,s_ma,c_ms,c_ma,blocked
2,0.5922154,1.0,s_ms,c_ma,c_ma,blocked
2,0.87487733,1.0,s_ms,c_ma,c_ms,blocked
2,0.57195497,1.0,s_ms,c_ma,c_ms,blocked
2,0.78709817,1.0,s_ms,c_ma,c_ma,blocked
2,0.6289447,1.0,s_ms,c_ma,c_ma,blocked
2,7.507556e-05,0.0,s_ma,c_ma,c_ms,blocked
2,0.00014200718,0.0,s_ma,c_ma,c_ms,blocked
2,4.6821835e-05,0.0,s_ma,c_ma,c_ma,blocked
2,6.7895708e-06,0.0,s_ma,c_ma,c_ms,blocked
2,0.6033287,1.0,s_ms,c_ms,c_ms,blocked
2,0.6405132,1.0,s_ms,c_ms,c_ma,blocked
2,0.7325838,1.0,s_ms,c_ms,c_ms,blocked
2,0.64959455,1.0,s_ms,c_ms,c_ma,blocked
2,0.52906483,1.0,s_ms,c_ms,c_ma,blocked
2,2.5232548e-05,0.0,s_ma,c_ms,c_ma,blocked
2,3.993773e-05,0.0,s_ma,c_ms,c_ms,blocked
2,3.5052522e-05,0.0,s_ma,c_ms,c_ms,blocked
2,4.4630033e-06,0.0,s_ma,c_ms,c_ma,blocked
2,6.614343e-05,0.0,s_ma,c_ms,c_ms,blocked
2,0.76570195,1.0,s_ms,c_ma,c_ms,blocked
2,0.8640784,1.0,s_ms,c_ma,c_ma,blocked
2,0.7006319,1.0,s_ms,c_ma,c_ma,blocked
2,0.88469434,1.0,s_ms,c_ma,c_ms,blocked
2,0.7479181,1.0,s_ms,c_ma,c_ms,blocked
2,1.0174246e-05,0.0,s_ma,c_ma,c_ma,blocked
2,0.00014340963,0.0,s_ma,c_ma,c_ms,blocked
2,0.00015526748,0.0,s_ma,c_ma,c_ms,blocked
2,7.331209e-06,0.0,s_ma,c_ma,c_ma,blocked
2,0.6737238,1.0,s_ms,c_ms,c_ma,blocked
2,0.6277721,1.0,s_ms,c_ms,c_ms,blocked
2,0.71635985,1.0,s_ms,c_ms,c_ma,blocked
2,0.62926435,1.0,s_ms,c_ms,c_ms,blocked
2,0.5511472,1.0,s_ms,c_ms,c_ms,blocked
2,2.5655365e-05,0.0,s_ma,c_ms,c_ms,blocked
2,2.4883718e-06,0.0,s_ma,c_ms,c_ma,blocked
2,2.5136267e-05,0.0,s_ma,c_ms,c_ma,blocked
2,4.7640942e-06,0.0,s_ma,c_ms,c_ms,blocked
2,1.6950518e-06,0.0,s_ma,c_ms,c_ma,blocked
2,0.7778245,1.0,s_ms,c_ma,c_ma,blocked
2,0.85503924,1.0,s_ms,c_ma,c_ms,blocked
2,0.67253953,1.0,s_ms,c_ma,c_ms,blocked
2,0.7852221,1.0,s_ms,c_ma,c_ma,blocked
2,0.70698106,1.0,s_ms,c_ma,c_ma,blocked
2,2.3160324e-05,0.0,s_ma,c_ma,c_ms,blocked
2,4.9366256e-05,0.0,s_ma,c_ma,c_ma,blocked
2,0.0001456569,0.0,s_ma,c_ma,c_ms,blocked
2,3.884294e-05,0.0,s_ma,c_ma,c_ms,blocked
2,0.7030623,1.0,s_ms,c_ms,c_ms,blocked
2,0.71078825,1.0,s_ms,c_ms,c_ma,blocked
2,0.6459307,1.0,s_ms,c_ms,c_ms,blocked
2,0.5867337,1.0,s_ms,c_ms,c_ma,blocked
2,0.6536683,1.0,s_ms,c_ms,c_ma,blocked
2,6.32323e-07,0.0,s_ma,c_ms,c_ma,blocked
2,2.5981123e-07,0.0,s_ma,c_ms,c_ms,blocked
2,3.5932342e-05,0.0,s_ma,c_ms,c_ms,blocked
2,1.2351363e-06,0.0,s_ma,c_ms,c_ma,blocked
2,1.9703346e-06,0.0,s_ma,c_ms,c_ms,blocked
2,0.83821774,1.0,s_ms,c_ma,c_ms,blocked
2,0.8314848,1.0,s_ms,c_ma,c_ma,blocked
2,0.6047328,1.0,s_ms,c_ma,c_ma,blocked
2,0.83816373,1.0,s_ms,c_ma,c_ms,blocked
2,0.7434393,1.0,s_ms,c_ma,c_ms,blocked
2,9.035965e-06,0.0,s_ma,c_ma,c_ma,blocked
2,6.791346e-06,0.0,s_ma,c_ma,c_ms,blocked
2,7.218853e-06,0.0,s_ma,c_ma,c_ma,blocked
2,3.7731315e-05,0.0,s_ma,c_ma,c_ms,blocked
2,2.4703786e-07,0.0,s_ma,c_ma,c_ms,interleaved
2,1.1432946e-06,0.0,s_ma,c_ma,c_ma,interleaved
2,5.2031896e-07,0.0,s_ma,c_ma,c_ms,interleaved
2,3.432664e-06,0.0,s_ma,c_ma,c_ms,interleaved
2,0.20471764,0.0,s_ms,c_ma,c_ms,interleaved
2,0.37008417,0.0,s_ms,c_ma,c_ma,interleaved
2,0.26635596,0.0,s_ms,c_ma,c_ma,interleaved
2,0.25763232,0.0,s_ms,c_ma,c_ms,interleaved
2,0.1548043,0.0,s_ms,c_ma,c_ma,interleaved
2,5.1504788e-08,0.0,s_ma,c_ms,c_ma,interleaved
2,7.676936e-07,0.0,s_ma,c_ms,c_ms,interleaved
2,4.0158525e-07,0.0,s_ma,c_ms,c_ms,interleaved
2,9.511899e-07,0.0,s_ma,c_ms,c_ma,interleaved
2,8.812493e-07,0.0,s_ma,c_ms,c_ma,interleaved
2,0.35580093,0.0,s_ms,c_ms,c_ms,interleaved
2,0.18981023,0.0,s_ms,c_ms,c_ma,interleaved
2,0.19843358,0.0,s_ms,c_ms,c_ms,interleaved
2,0.16842267,0.0,s_ms,c_ms,c_ma,interleaved
2,0.15581143,0.0,s_ms,c_ms,c_ms,interleaved
2,2.5119397e-07,0.0,s_ma,c_ma,c_ms,interleaved
2,1.5312942e-06,0.0,s_ma,c_ma,c_ms,interleaved
2,7.875615e-08,0.0,s_ma,c_ma,c_ma,interleaved
2,2.6801567e-06,0.0,s_ma,c_ma,c_ma,interleaved
2,0.23530868,0.0,s_ms,c_ma,c_ma,interleaved
2,0.39432603,0.0,s_ms,c_ma,c_ms,interleaved
2,0.22961557,0.0,s_ms,c_ma,c_ms,interleaved
2,0.20061253,0.0,s_ms,c_ma,c_ma,interleaved
2,0.082681805,0.0,s_ms,c_ma,c_ms,interleaved
2,1.6846005e-08,0.0,s_ma,c_ms,c_ms,interleaved
2,2.6751746e-07,0.0,s_ma,c_ms,c_ma,interleaved
2,8.035057e-07,0.0,s_ma,c_ms,c_ma,interleaved
2,6.783553e-07,0.0,s_ma,c_ms,c_ms,interleaved
2,1.3053527e-07,0.0,s_ma,c_ms,c_ms,interleaved
2,0.40448058,0.0,s_ms,c_ms,c_ma,interleaved
2,0.26984233,0.0,s_ms,c_ms,c_ms,interleaved
2,0.21283028,0.0,s_ms,c_ms,c_ma,interleaved
2,0.20371515,0.0,s_ms,c_ms,c_ms,interleaved
2,0.15489274,0.0,s_ms,c_ms,c_ma,interleaved
2,1.2490017e-06,0.0,s_ma,c_ma,c_ma,interleaved
2,1.8150795e-06,0.0,s_ma,c_ma,c_ms,interleaved
2,2.0322232e-06,0.0,s_ma,c_ma,c_ms,interleaved
2,4.6725468e-06,0.0,s_ma,c_ma,c_ms,interleaved
2,0.32002565,0.0,s_ms,c_ma,c_ms,interleaved
2,0.50006014,1.0,s_ms,c_ma,c_ma,interleaved
2,0.25293398,0.0,s_ms,c_ma,c_ma,interleaved
2,0.18823043,0.0,s_ms,c_ma,c_ms,interleaved
2,0.20540011,0.0,s_ms,c_ma,c_ma,interleaved
2,3.15457e-06,0.0,s_ma,c_ms,c_ma,interleaved
2,9.574815e-07,0.0,s_ma,c_ms,c_ms,interleaved
2,5.0979206e-06,0.0,s_ma,c_ms,c_ms,interleaved
2,3.5467503e-06,0.0,s_ma,c_ms,c_ma,interleaved
2,4.780293e-06,0.0,s_ma,c_ms,c_ma,interleaved
2,0.32743084,0.0,s_ms,c_ms,c_ms,interleaved
2,0.25400865,0.0,s_ms,c_ms,c_ma,interleaved
2,0.16097203,0.0,s_ms,c_ms,c_ms,interleaved
2,0.17674455,0.0,s_ms,c_ms,c_ma,interleaved
2,0.20259875,0.0,s_ms,c_ms,c_ms,interleaved
2,5.2434916e-07,0.0,s_ma,c_ma,c_ms,interleaved
2,8.0497806e-08,0.0,s_ma,c_ma,c_ma,interleaved
2,1.6678935e-06,0.0,s_ma,c_ma,c_ms,interleaved
2,2.5076665e-06,0.0,s_ma,c_ma,c_ma,interleaved
2,0.25394434,0.0,s_ms,c_ma,c_ma,interleaved
2,0.32680073,0.0,s_ms,c_ma,c_ms,interleaved
2,0.28308377,0.0,s_ms,c_ma,c_ms,interleaved
2,0.18104342,0.0,s_ms,c_ma,c_ma,interleaved
2,0.13223872,0.0,s_ms,c_ma,c_ms,interleaved
2,4.400916e-07,0.0,s_ma,c_ms,c_ms,interleaved
2,7.177155e-09,0.0,s_ma,c_ms,c_ma,interleaved
2,1.9702553e-07,0.0,s_ma,c_ms,c_ma,interleaved
2,9.241798e-08,0.0,s_ma,c_ms,c_ms,interleaved
2,1.0811652e-06,0.0,s_ma,c_ms,c_ms,interleaved
2,0.32907593,0.0,s_ms,c_ms,c_ma,interleaved
2,0.3007176,0.0,s_ms,c_ms,c_ms,interleaved
2,0.20921779,0.0,s_ms,c_ms,c_ma,interleaved
2,0.21800262,0.0,s_ms,c_ms,c_ms,interleaved
2,0.23623063,0.0,s_ms,c_ms,c_ma,interleaved
2,3.3064132e-06,0.0,s_ma,c_ma,c_ms,interleaved
2,2.8513496e-06,0.0,s_ma,c_ma,c_ma,interleaved
2,4.1515264e-06,0.0,s_ma,c_ma,c_ms,interleaved
2,2.5785823e-06,0.0,s_ma,c_ma,c_ma,interleaved
2,0.19956651,0.0,s_ms,c_ma,c_ma,interleaved
2,0.43336034,0.0,s_ms,c_ma,c_ms,interleaved
2,0.36741048,0.0,s_ms,c_ma,c_ms,interleaved
2,0.32164946,0.0,s_ms,c_ma,c_ma,interleaved
2,0.22691065,0.0,s_ms,c_ma,c_ms,interleaved
2,2.7258534e-07,0.0,s_ma,c_ms,c_ms,interleaved
2,6.890223e-07,0.0,s_ma,c_ms,c_ma,interleaved
2,2.3239913e-06,0.0,s_ma,c_ms,c_ma,interleaved
2,1.2265818e-06,0.0,s_ma,c_ms,c_ms,interleaved
2,2.9891903e-06,0.0,s_ma,c_ms,c_ms,interleaved
2,0.47167253,0.0,s_ms,c_ms,c_ma,interleaved
2,0.23996085,0.0,s_ms,c_ms,c_ms,interleaved
2,0.28245685,0.0,s_ms,c_ms,c_ma,interleaved
2,0.29255527,0.0,s_ms,c_ms,c_ms,interleaved
2,0.18478546,0.0,s_ms,c_ms,c_ma,interleaved
2,0.6937491,1.0,s_ms,c_ma,c_ms,interleaved
2,0.6185028,1.0,s_ms,c_ma,c_ma,interleaved
2,0.47797114,0.0,s_ms,c_ma,c_ms,interleaved
2,0.55182505,1.0,s_ms,c_ma,c_ma,interleaved
2,0.6756151,1.0,s_ms,c_ma,c_ma,interleaved
2,5.642346e-06,0.0,s_ma,c_ma,c_ms,interleaved
2,4.077365e-06,0.0,s_ma,c_ma,c_ms,interleaved
2,7.839076e-07,0.0,s_ma,c_ma,c_ma,interleaved
2,2.2149508e-05,0.0,s_ma,c_ma,c_ms,interleaved
2,0.59364927,1.0,s_ms,c_ms,c_ms,interleaved
2,0.86354935,1.0,s_ms,c_ms,c_ma,interleaved
2,0.50035083,1.0,s_ms,c_ms,c_ma,interleaved
2,0.68605214,1.0,s_ms,c_ms,c_ms,interleaved
2,0.58273536,1.0,s_ms,c_ms,c_ms,interleaved
2,1.6966069e-06,0.0,s_ma,c_ms,c_ma,interleaved
2,1.586343e-06,0.0,s_ma,c_ms,c_ms,interleaved
2,2.4916682e-05,0.0,s_ma,c_ms,c_ma,interleaved
2,2.6889866e-05,0.0,s_ma,c_ms,c_ms,interleaved
2,6.811813e-07,0.0,s_ma,c_ms,c_ma,interleaved
2,0.3978454,0.0,s_ms,c_ma,c_ma,interleaved
2,0.32968193,0.0,s_ms,c_ma,c_ms,interleaved
2,0.27552176,0.0,s_ms,c_ma,c_ma,interleaved
2,0.43329877,0.0,s_ms,c_ma,c_ms,interleaved
2,0.3363037,0.0,s_ms,c_ma,c_ms,interleaved
2,5.7367756e-06,0.0,s_ma,c_ma,c_ms,interleaved
2,7.211428e-07,0.0,s_ma,c_ma,c_ma,interleaved
2,6.5623885e-07,0.0,s_ma,c_ma,c_ms,interleaved
2,5.4871092e-05,0.0,s_ma,c_ma,c_ma,interleaved
2,0.56955135,1.0,s_ms,c_ms,c_ma,interleaved
2,0.8190303,1.0,s_ms,c_ms,c_ms,interleaved
2,0.3302595,0.0,s_ms,c_ms,c_ms,interleaved
2,0.54713637,1.0,s_ms,c_ms,c_ma,interleaved
2,0.3930529,0.0,s_ms,c_ms,c_ma,interleaved
2,5.40384e-07,0.0,s_ma,c_ms,c_ms,interleaved
2,1.7765103e-06,0.0,s_ma,c_ms,c_ma,interleaved
2,2.6975653e-05,0.0,s_ma,c_ms,c_ms,interleaved
2,2.0800333e-06,0.0,s_ma,c_ms,c_ma,interleaved
2,2.427329e-07,0.0,s_ma,c_ms,c_ms,interleaved
2,0.5930059,1.0,s_ms,c_ma,c_ma,interleaved
2,0.6473148,1.0,s_ms,c_ma,c_ms,interleaved
2,0.62078285,1.0,s_ms,c_ma,c_ma,interleaved
2,0.5537995,1.0,s_ms,c_ma,c_ms,interleaved
2,0.4593922,0.0,s_ms,c_ma,c_ms,interleaved
2,3.343862e-06,0.0,s_ma,c_ma,c_ms,interleaved
2,8.3287915e-07,0.0,s_ma,c_ma,c_ma,interleaved
2,1.6002718e-05,0.0,s_ma,c_ma,c_ms,interleaved
2,1.804344e-06,0.0,s_ma,c_ma,c_ma,interleaved
2,0.79771745,1.0,s_ms,c_ms,c_ma,interleaved
2,0.8296609,1.0,s_ms,c_ms,c_ms,interleaved
2,0.52827346,1.0,s_ms,c_ms,c_ms,interleaved
2,0.787524,1.0,s_ms,c_ms,c_ma,interleaved
2,0.6333096,1.0,s_ms,c_ms,c_ma,interleaved
2,3.941833e-05,0.0,s_ma,c_ms,c_ms,interleaved
2,4.141087e-06,0.0,s_ma,c_ms,c_ma,interleaved
2,3.4597284e-05,0.0,s_ma,c_ms,c_ms,interleaved
2,2.1374119e-05,0.0,s_ma,c_ms,c_ma,interleaved
2,4.1361654e-05,0.0,s_ma,c_ms,c_ms,interleaved
2,0.5782473,1.0,s_ms,c_ma,c_ms,interleaved
2,0.6410005,1.0,s_ms,c_ma,c_ma,interleaved
2,0.65996766,1.0,s_ms,c_ma,c_ms,interleaved
2,0.6946186,1.0,s_ms,c_ma,c_ma,interleaved
2,0.5112113,1.0,s_ms,c_ma,c_ma,interleaved
2,6.63679e-07,0.0,s_ma,c_ma,c_ma,interleaved
2,6.472812e-07,0.0,s_ma,c_ma,c_ms,interleaved
2,1.5373927e-05,0.0,s_ma,c_ma,c_ms,interleaved
2,2.2684437e-05,0.0,s_ma,c_ma,c_ms,interleaved
2,0.74652606,1.0,s_ms,c_ms,c_ms,interleaved
2,0.81461084,1.0,s_ms,c_ms,c_ma,interleaved
2,0.54158837,1.0,s_ms,c_ms,c_ma,interleaved
2,0.7343148,1.0,s_ms,c_ms,c_ms,interleaved
2,0.6489753,1.0,s_ms,c_ms,c_ms,interleaved
2,6.350112e-06,0.0,s_ma,c_ms,c_ma,interleaved
2,2.4663464e-06,0.0,s_ma,c_ms,c_ms,interleaved
2,3.6110857e-06,0.0,s_ma,c_ms,c_ma,interleaved
2,4.3023674e-06,0.0,s_ma,c_ms,c_ms,interleaved
2,8.962209e-07,0.0,s_ma,c_ms,c_ma,interleaved
2,0.7230484,1.0,s_ms,c_ma,c_ma,interleaved
2,0.83845854,1.0,s_ms,c_ma,c_ms,interleaved
2,0.66527474,1.0,s_ms,c_ma,c_ma,interleaved
2,0.7737584,1.0,s_ms,c_ma,c_ms,interleaved
2,0.5989485,1.0,s_ms,c_ma,c_ms,interleaved
2,2.1903437e-05,0.0,s_ma,c_ma,c_ms,interleaved
2,5.685626e-05,0.0,s_ma,c_ma,c_ma,interleaved
2,2.0470889e-06,0.0,s_ma,c_ma,c_ma,interleaved
2,2.4447552e-05,0.0,s_ma,c_ma,c_ms,interleaved
2,0.8089533,1.0,s_ms,c_ms,c_ma,interleaved
2,0.8483921,1.0,s_ms,c_ms,c_ms,interleaved
2,0.6220348,1.0,s_ms,c_ms,c_ms,interleaved
2,0.8239377,1.0,s_ms,c_ms,c_ma,interleaved
2,0.7755178,1.0,s_ms,c_ms,c_ma,interleaved
2,1.8992343e-07,0.0,s_ma,c_ms,c_ms,interleaved
2,6.6564994e-06,0.0,s_ma,c_ms,c_ma,interleaved
2,6.183234e-05,0.0,s_ma,c_ms,c_ms,interleaved
2,1.603361e-06,0.0,s_ma,c_ms,c_ma,interleaved
2,1.6830077e-06,0.0,s_ma,c_ms,c_ms,interleaved
2,5.593768e-08,0.0,s_ma,c_ms,c_ma,interleaved
2,1.8555719e-08,0.0,s_ma,c_ms,c_ms,interleaved
2,3.0486112e-06,0.0,s_ma,c_ms,c_ma,interleaved
2,4.3592573e-07,0.0,s_ma,c_ms,c_ms,interleaved
2,2.7784034e-07,0.0,s_ma,c_ms,c_ms,interleaved
2,0.2881989,0.0,s_ms,c_ms,c_ms,interleaved
2,0.27690077,0.0,s_ms,c_ms,c_ma,interleaved
2,0.11517085,0.0,s_ms,c_ms,c_ma,interleaved
2,0.13124624,0.0,s_ms,c_ms,c_ms,interleaved
2,0.108134724,0.0,s_ms,c_ms,c_ma,interleaved
2,4.6156533e-08,0.0,s_ma,c_ma,c_ms,interleaved
2,1.1966416e-06,0.0,s_ma,c_ma,c_ms,interleaved
2,1.0047538e-06,0.0,s_ma,c_ma,c_ma,interleaved
2,4.316659e-06,0.0,s_ma,c_ma,c_ma,interleaved
2,0.19171567,0.0,s_ms,c_ma,c_ms,interleaved
2,0.28357267,0.0,s_ms,c_ma,c_ma,interleaved
2,0.13689156,0.0,s_ms,c_ma,c_ms,interleaved
2,0.14268768,0.0,s_ms,c_ma,c_ma,interleaved
2,0.09563801,0.0,s_ms,c_ma,c_ms,interleaved
2,8.309507e-07,0.0,s_ma,c_ms,c_ms,interleaved
2,2.969389e-07,0.0,s_ma,c_ms,c_ma,interleaved
2,9.551441e-07,0.0,s_ma,c_ms,c_ms,interleaved
2,6.717655e-09,0.0,s_ma,c_ms,c_ma,interleaved
2,6.047126e-07,0.0,s_ma,c_ms,c_ma,interleaved
2,0.060879804,0.0,s_ms,c_ms,c_ma,interleaved
2,0.09189023,0.0,s_ms,c_ms,c_ms,interleaved
2,0.083105356,0.0,s_ms,c_ms,c_ms,interleaved
2,0.09296898,0.0,s_ms,c_ms,c_ma,interleaved
2,0.07642186,0.0,s_ms,c_ms,c_ms,interleaved
2,4.594047e-08,0.0,s_ma,c_ma,c_ms,interleaved
2,3.299084e-06,0.0,s_ma,c_ma,c_ma,interleaved
2,3.5412225e-07,0.0,s_ma,c_ma,c_ms,interleaved
2,3.0077553e-07,0.0,s_ma,c_ma,c_ms,interleaved
2,0.07925659,0.0,s_ms,c_ma,c_ma,interleaved
2,0.06281355,0.0,s_ms,c_ma,c_ms,interleaved
2,0.07856229,0.0,s_ms,c_ma,c_ma,interleaved
2,0.078976355,0.0,s_ms,c_ma,c_ms,interleaved
2,0.09558191,0.0,s_ms,c_ma,c_ma,interleaved
2,4.1250547e-07,0.0,s_ma,c_ms,c_ms,interleaved
2,7.8941594e-07,0.0,s_ma,c_ms,c_ma,interleaved
2,5.2777173e-06,0.0,s_ma,c_ms,c_ms,interleaved
2,1.9611446e-07,0.0,s_ma,c_ms,c_ma,interleaved
2,2.166556e-06,0.0,s_ma,c_ms,c_ma,interleaved
2,0.35156697,0.0,s_ms,c_ms,c_ma,interleaved
2,0.47672933,0.0,s_ms,c_ms,c_ms,interleaved
2,0.2951123,0.0,s_ms,c_ms,c_ms,interleaved
2,0.2775877,0.0,s_ms,c_ms,c_ma,interleaved
2,0.2490097,0.0,s_ms,c_ms,c_ms,interleaved
2,1.2510961e-06,0.0,s_ma,c_ma,c_ms,interleaved
2,3.2305104e-06,0.0,s_ma,c_ma,c_ma,interleaved
2,2.835972e-06,0.0,s_ma,c_ma,c_ms,interleaved
2,2.3526643e-06,0.0,s_ma,c_ma,c_ms,interleaved
2,0.32643074,0.0,s_ms,c_ma,c_ma,interleaved
2,0.26080155,0.0,s_ms,c_ma,c_ms,interleaved
2,0.19273916,0.0,s_ms,c_ma,c_ma,interleaved
2,0.2249259,0.0,s_ms,c_ma,c_ms,interleaved
2,0.27742308,0.0,s_ms,c_ma,c_ma,interleaved
2,1.0752622e-06,0.0,s_ma,c_ms,c_ma,interleaved
2,8.010351e-07,0.0,s_ma,c_ms,c_ms,interleaved
2,3.4118798e-06,0.0,s_ma,c_ms,c_ma,interleaved
2,9.411032e-08,0.0,s_ma,c_ms,c_ms,interleaved
2,1.1648497e-06,0.0,s_ma,c_ms,c_ms,interleaved
2,0.19795957,0.0,s_ms,c_ms,c_ms,interleaved
2,0.24196649,0.0,s_ms,c_ms,c_ma,interleaved
2,0.1242971,0.0,s_ms,c_ms,c_ma,interleaved
2,0.13655609,0.0,s_ms,c_ms,c_ms,interleaved
2,0.09201883,0.0,s_ms,c_ms,c_ma,interleaved
2,9.813023e-07,0.0,s_ma,c_ma,c_ma,interleaved
2,4.1841744e-07,0.0,s_ma,c_ma,c_ms,interleaved
2,2.828947e-06,0.0,s_ma,c_ma,c_ms,interleaved
2,1.8934095e-07,0.0,s_ma,c_ma,c_ma,interleaved
2,0.15947282,0.0,s_ms,c_ma,c_ms,interleaved
2,0.11627529,0.0,s_ms,c_ma,c_ma,interleaved
2,0.056699403,0.0,s_ms,c_ma,c_ms,interleaved
2,0.13121155,0.0,s_ms,c_ma,c_ma,interleaved
2,0.07341143,0.0,s_ms,c_ma,c_ms,interleaved
2,1.0343308e-06,0.0,s_ma,c_ms,c_ma,interleaved
2,1.5648942e-07,0.0,s_ma,c_ms,c_ms,interleaved
2,4.849845e-06,0.0,s_ma,c_ms,c_ma,interleaved
2,1.1145216e-06,0.0,s_ma,c_ms,c_ms,interleaved
2,2.948702e-06,0.0,s_ma,c_ms,c_ms,interleaved
2,0.28975412,0.0,s_ms,c_ms,c_ms,interleaved
2,0.3935068,0.0,s_ms,c_ms,c_ma,interleaved
2,0.2166954,0.0,s_ms,c_ms,c_ma,interleaved
2,0.20977026,0.0,s_ms,c_ms,c_ms,interleaved
2,0.12450859,0.0,s_ms,c_ms,c_ma,interleaved
2,4.2033594e-06,0.0,s_ma,c_ma,c_ma,interleaved
2,3.1456432e-07,0.0,s_ma,c_ma,c_ms,interleaved
2,2.431746e-06,0.0,s_ma,c_ma,c_ms,interleaved
2,1.8953524e-07,0.0,s_ma,c_ma,c_ma,interleaved
2,0.30820382,0.0,s_ms,c_ma,c_ms,interleaved
2,0.22256112,0.0,s_ms,c_ma,c_ma,interleaved
2,0.15241696,0.0,s_ms,c_ma,c_ms,interleaved
2,0.18047217,0.0,s_ms,c_ma,c_ma,interleaved
2,0.16594103,0.0,s_ms,c_ma,c_ms,interleaved
2,0.5171878,1.0,s_ms,c_ms,c_ms,interleaved
2,0.40011317,0.0,s_ms,c_ms,c_ma,interleaved
2,0.48047665,0.0,s_ms,c_ms,c_ms,interleaved
2,0.49668926,0.0,s_ms,c_ms,c_ma,interleaved
2,0.37483552,0.0,s_ms,c_ms,c_ma,interleaved
2,1.5568431e-06,0.0,s_ma,c_ms,c_ma,interleaved
2,5.993765e-07,0.0,s_ma,c_ms,c_ms,interleaved
2,4.027964e-05,0.0,s_ma,c_ms,c_ms,interleaved
2,6.8562813e-06,0.0,s_ma,c_ms,c_ma,interleaved
2,1.2817763e-07,0.0,s_ma,c_ms,c_ms,interleaved
2,0.6719849,1.0,s_ms,c_ma,c_ms,interleaved
2,0.84111553,1.0,s_ms,c_ma,c_ma,interleaved
2,0.504917,1.0,s_ms,c_ma,c_ma,interleaved
2,0.71176755,1.0,s_ms,c_ma,c_ms,interleaved
2,0.5460835,1.0,s_ms,c_ma,c_ms,interleaved
2,5.6979472e-05,0.0,s_ma,c_ma,c_ms,interleaved
2,9.060849e-06,0.0,s_ma,c_ma,c_ma,interleaved
2,2.4040863e-05,0.0,s_ma,c_ma,c_ms,interleaved
2,8.076317e-06,0.0,s_ma,c_ma,c_ma,interleaved
2,0.65659314,1.0,s_ms,c_ms,c_ma,interleaved
2,0.5578867,1.0,s_ms,c_ms,c_ms,interleaved
2,0.5919886,1.0,s_ms,c_ms,c_ma,interleaved
2,0.54645914,1.0,s_ms,c_ms,c_ms,interleaved
2,0.5961925,1.0,s_ms,c_ms,c_ms,interleaved
2,1.3301018e-06,0.0,s_ma,c_ms,c_ms,interleaved
2,1.7975915e-06,0.0,s_ma,c_ms,c_ma,interleaved
2,3.782423e-06,0.0,s_ma,c_ms,c_ma,interleaved
2,2.5850773e-06,0.0,s_ma,c_ms,c_ms,interleaved
2,7.017567e-06,0.0,s_ma,c_ms,c_ma,interleaved
2,0.5823822,1.0,s_ms,c_ma,c_ma,interleaved
2,0.8833259,1.0,s_ms,c_ma,c_ms,interleaved
2,0.5915621,1.0,s_ms,c_ma,c_ms,interleaved
2,0.7935893,1.0,s_ms,c_ma,c_ma,interleaved
2,0.6393156,1.0,s_ms,c_ma,c_ma,interleaved
2,6.2654944e-05,0.0,s_ma,c_ma,c_ms,interleaved
2,0.00014882316,0.0,s_ma,c_ma,c_ms,interleaved
2,4.5553e-05,0.0,s_ma,c_ma,c_ma,interleaved
2,5.8721203e-06,0.0,s_ma,c_ma,c_ms,interleaved
2,0.6473006,1.0,s_ms,c_ms,c_ms,interleaved
2,0.6495184,1.0,s_ms,c_ms,c_ma,interleaved
2,0.7518414,1.0,s_ms,c_ms,c_ms,interleaved
2,0.66169417,1.0,s_ms,c_ms,c_ma,interleaved
2,0.5679537,1.0,s_ms,c_ms,c_ma,interleaved
2,2.5127549e-05,0.0,s_ma,c_ms,c_ma,interleaved
2,3.6170426e-05,0.0,s_ma,c_ms,c_ms,interleaved
2,3.3613916e-05,0.0,s_ma,c_ms,c_ms,interleaved
2,3.948454e-06,0.0,s_ma,c_ms,c_ma,interleaved
2,6.1398314e-05,0.0,s_ma,c_ms,c_ms,interleaved
2,0.7612517,1.0,s_ms,c_ma,c_ms,interleaved
2,0.8691404,1.0,s_ms,c_ma,c_ma,interleaved
2,0.69735515,1.0,s_ms,c_ma,c_ma,interleaved
2,0.8859975,1.0,s_ms,c_ma,c_ms,interleaved
2,0.7516381,1.0,s_ms,c_ma,c_ms,interleaved
2,9.289139e-06,0.0,s_ma,c_ma,c_ma,interleaved
2,0.0001516963,0.0,s_ma,c_ma,c_ms,interleaved
2,0.00015112119,0.0,s_ma,c_ma,c_ms,interleaved
2,6.193334e-06,0.0,s_ma,c_ma,c_ma,interleaved
2,0.69706213,1.0,s_ms,c_ms,c_ma,interleaved
2,0.63849914,1.0,s_ms,c_ms,c_ms,interleaved
2,0.7278979,1.0,s_ms,c_ms,c_ma,interleaved
2,0.6385834,1.0,s_ms,c_ms,c_ms,interleaved
2,0.55597436,1.0,s_ms,c_ms,c_ms,interleaved
2,2.5205183e-05,0.0,s_ma,c_ms,c_ms,interleaved
2,2.2870854e-06,0.0,s_ma,c_ms,c_ma,interleaved
2,2.221907e-05,0.0,s_ma,c_ms,c_ma,interleaved
2,4.7391627e-06,0.0,s_ma,c_ms,c_ms,interleaved
2,1.4944703e-06,0.0,s_ma,c_ms,c_ma,interleaved
2,0.7593702,1.0,s_ms,c_ma,c_ma,interleaved
2,0.8602097,1.0,s_ms,c_ma,c_ms,interleaved
2,0.65643346,1.0,s_ms,c_ma,c_ms,interleaved
2,0.7827324,1.0,s_ms,c_ma,c_ma,interleaved
2,0.70611733,1.0,s_ms,c_ma,c_ma,interleaved
2,2.367627e-05,0.0,s_ma,c_ma,c_ms,interleaved
2,4.8044803e-05,0.0,s_ma,c_ma,c_ma,interleaved
2,0.00014200913,0.0,s_ma,c_ma,c_ms,interleaved
2,4.05864e-05,0.0,s_ma,c_ma,c_ms,interleaved
2,0.7342851,1.0,s_ms,c_ms,c_ms,interleaved
2,0.73018265,1.0,s_ms,c_ms,c_ma,interleaved
2,0.65098524,1.0,s_ms,c_ms,c_ms,interleaved
2,0.6044009,1.0,s_ms,c_ms,c_ma,interleaved
2,0.68315846,1.0,s_ms,c_ms,c_ma,interleaved
2,6.166324e-07,0.0,s_ma,c_ms,c_ma,interleaved
2,2.3157259e-07,0.0,s_ma,c_ms,c_ms,interleaved
2,3.960723e-05,0.0,s_ma,c_ms,c_ms,interleaved
2,9.515015e-07,0.0,s_ma,c_ms,c_ma,interleaved
2,1.5742013e-06,0.0,s_ma,c_ms,c_ms,interleaved
2,0.84402007,1.0,s_ms,c_ma,c_ms,interleaved
2,0.8342552,1.0,s_ms,c_ma,c_ma,interleaved
2,0.59546256,1.0,s_ms,c_ma,c_ma,interleaved
2,0.84563065,1.0,s_ms,c_ma,c_ms,interleaved
2,0.7358225,1.0,s_ms,c_ma,c_ms,interleaved
2,8.285377e-06,0.0,s_ma,c_ma,c_ma,interleaved
2,5.872583e-06,0.0,s_ma,c_ma,c_ms,interleaved
2,6.1150536e-06,0.0,s_ma,c_ma,c_ma,interleaved
2,3.953018e-05,0.0,s_ma,c_ma,c_ms,interleaved
2,1.8337406e-07,0.0,s_ma,c_ma,c_ms,random
2,1.1196731e-06,0.0,s_ma,c_ma,c_ma,random
2,5.1166865e-07,0.0,s_ma,c_ma,c_ms,random
2,3.3239965e-06,0.0,s_ma,c_ma,c_ms,random
2,0.204076,0.0,s_ms,c_ma,c_ms,random
2,0.36658812,0.0,s_ms,c_ma,c_ma,random
2,0.26598194,0.0,s_ms,c_ma,c_ma,random
2,0.25754496,0.0,s_ms,c_ma,c_ms,random
2,0.15346165,0.0,s_ms,c_ma,c_ma,random
2,4.9434835e-08,0.0,s_ma,c_ms,c_ma,random
2,7.5968444e-07,0.0,s_ma,c_ms,c_ms,random
2,3.8969992e-07,0.0,s_ma,c_ms,c_ms,random
2,9.268807e-07,0.0,s_ma,c_ms,c_ma,random
2,8.7535284e-07,0.0,s_ma,c_ms,c_ma,random
2,0.35442764,0.0,s_ms,c_ms,c_ms,random
2,0.19044007,0.0,s_ms,c_ms,c_ma,random
2,0.19720432,0.0,s_ms,c_ms,c_ms,random
2,0.16789064,0.0,s_ms,c_ms,c_ma,random
2,0.15551299,0.0,s_ms,c_ms,c_ms,random
2,2.4754564e-07,0.0,s_ma,c_ma,c_ms,random
2,1.5662781e-06,0.0,s_ma,c_ma,c_ms,random
2,7.719149e-08,0.0,s_ma,c_ma,c_ma,random
2,2.5668594e-06,0.0,s_ma,c_ma,c_ma,random
2,0.23139776,0.0,s_ms,c_ma,c_ma,random
2,0.3889895,0.0,s_ms,c_ma,c_ms,random
2,0.22910498,0.0,s_ms,c_ma,c_ms,random
2,0.19959909,0.0,s_ms,c_ma,c_ma,random
2,0.082548924,0.0,s_ms,c_ma,c_ms,random
2,1.6123455e-08,0.0,s_ma,c_ms,c_ms,random
2,2.619557e-07,0.0,s_ma,c_ms,c_ma,random
2,7.585011e-07,0.0,s_ma,c_ms,c_ma,random
2,6.049986e-07,0.0,s_ma,c_ms,c_ms,random
2,1.2319704e-07,0.0,s_ma,c_ms,c_ms,random
2,0.40240777,0.0,s_ms,c_ms,c_ma,random
2,0.2682277,0.0,s_ms,c_ms,c_ms,random
2,0.21015646,0.0,s_ms,c_ms,c_ma,random
2,0.20261844,0.0,s_ms,c_ms,c_ms,random
2,0.15451403,0.0,s_ms,c_ms,c_ma,random
2,1.2208301e-06,0.0,s_ma,c_ma,c_ma,random
2,1.8479018e-06,0.0,s_ma,c_ma,c_ms,random
2,1.9906656e-06,0.0,s_ma,c_ma,c_ms,random
2,4.6425603e-06,0.0,s_ma,c_ma,c_ms,random
2,0.31559598,0.0,s_ms,c_ma,c_ms,random
2,0.49496067,0.0,s_ms,c_ma,c_ma,random
2,0.25116485,0.0,s_ms,c_ma,c_ma,random
2,0.18741295,0.0,s_ms,c_ma,c_ms,random
2,0.20401275,0.0,s_ms,c_ma,c_ma,random
2,2.9910088e-06,0.0,s_ma,c_ms,c_ma,random
2,9.450545e-07,0.0,s_ma,c_ms,c_ms,random
2,4.750257e-06,0.0,s_ma,c_ms,c_ms,random
2,3.392578e-06,0.0,s_ma,c_ms,c_ma,random
2,4.608177e-06,0.0,s_ma,c_ms,c_ma,random
2,0.32477808,0.0,s_ms,c_ms,c_ms,random
2,0.25388712,0.0,s_ms,c_ms,c_ma,random
2,0.16149142,0.0,s_ms,c_ms,c_ms,random
2,0.17658037,0.0,s_ms,c_ms,c_ma,random
2,0.20252904,0.0,s_ms,c_ms,c_ms,random
2,5.164918e-07,0.0,s_ma,c_ma,c_ms,random
2,7.891494e-08,0.0,s_ma,c_ma,c_ma,random
2,1.6374222e-06,0.0,s_ma,c_ma,c_ms,random
2,2.4792073e-06,0.0,s_ma,c_ma,c_ma,random
2,0.25042787,0.0,s_ms,c_ma,c_ma,random
2,0.32295674,0.0,s_ms,c_ma,c_ms,random
2,0.28224596,0.0,s_ms,c_ma,c_ms,random
2,0.18029013,0.0,s_ms,c_ma,c_ma,random
2,0.13196588,0.0,s_ms,c_ma,c_ms,random
2,4.1021727e-07,0.0,s_ma,c_ms,c_ms,random
2,6.682754e-09,0.0,s_ma,c_ms,c_ma,random
2,1.8898828e-07,0.0,s_ma,c_ms,c_ma,random
2,9.024544e-08,0.0,s_ma,c_ms,c_ms,random
2,1.0178258e-06,0.0,s_ma,c_ms,c_ms,random
2,0.3286807,0.0,s_ms,c_ms,c_ma,random
2,0.30068362,0.0,s_ms,c_ms,c_ms,random
2,0.2079208,0.0,s_ms,c_ms,c_ma,random
2,0.21710503,0.0,s_ms,c_ms,c_ms,random
2,0.23659417,0.0,s_ms,c_ms,c_ma,random
2,3.2117941e-06,0.0,s_ma,c_ma,c_ms,random
2,2.7946521e-06,0.0,s_ma,c_ma,c_ma,random
2,4.06238e-06,0.0,s_ma,c_ma,c_ms,random
2,2.4887906e-06,0.0,s_ma,c_ma,c_ma,random
2,0.1983308,0.0,s_ms,c_ma,c_ma,random
2,0.43083948,0.0,s_ms,c_ma,c_ms,random
2,0.36651704,0.0,s_ms,c_ma,c_ms,random
2,0.31810176,0.0,s_ms,c_ma,c_ma,random
2,0.22668488,0.0,s_ms,c_ma,c_ms,random
2,2.6619e-07,0.0,s_ma,c_ms,c_ms,random
2,6.709297e-07,0.0,s_ma,c_ms,c_ma,random
2,2.235452e-06,0.0,s_ma,c_ms,c_ma,random
2,1.2033745e-06,0.0,s_ma,c_ms,c_ms,random
2,2.9268724e-06,0.0,s_ma,c_ms,c_ms,random
2,0.4690466,0.0,s_ms,c_ms,c_ma,random
2,0.23782444,0.0,s_ms,c_ms,c_ms,random
2,0.28107604,0.0,s_ms,c_ms,c_ma,random
2,0.29255873,0.0,s_ms,c_ms,c_ms,random
2,0.18209794,0.0,s_ms,c_ms,c_ma,random
2,0.6948855,1.0,s_ms,c_ma,c_ms,random
2,0.62267876,1.0,s_ms,c_ma,c_ma,random
2,0.4813787,0.0,s_ms,c_ma,c_ms,random
2,0.55516845,1.0,s_ms,c_ma,c_ma,random
2,0.6769413,1.0,s_ms,c_ma,c_ma,random
2,5.6912613e-06,0.0,s_ma,c_ma,c_ms,random
2,4.0780806e-06,0.0,s_ma,c_ma,c_ms,random
2,7.83727e-07,0.0,s_ma,c_ma,c_ma,random
2,2.2147482e-05,0.0,s_ma,c_ma,c_ms,random
2,0.59945065,1.0,s_ms,c_ms,c_ms,random
2,0.8654734,1.0,s_ms,c_ms,c_ma,random
2,0.5029127,1.0,s_ms,c_ms,c_ma,random
2,0.69153523,1.0,s_ms,c_ms,c_ms,random
2,0.5857546,1.0,s_ms,c_ms,c_ms,random
2,1.6972324e-06,0.0,s_ma,c_ms,c_ma,random
2,1.6458155e-06,0.0,s_ma,c_ms,c_ms,random
2,2.4382265e-05,0.0,s_ma,c_ms,c_ma,random
2,2.6455305e-05,0.0,s_ma,c_ms,c_ms,random
2,6.8157044e-07,0.0,s_ma,c_ms,c_ma,random
2,0.4005113,0.0,s_ms,c_ma,c_ma,random
2,0.3345974,0.0,s_ms,c_ma,c_ms,random
2,0.2785405,0.0,s_ms,c_ma,c_ma,random
2,0.43704188,0.0,s_ms,c_ma,c_ms,random
2,0.33756113,0.0,s_ms,c_ma,c_ms,random
2,5.7762363e-06,0.0,s_ma,c_ma,c_ms,random
2,7.197533e-07,0.0,s_ma,c_ma,c_ma,random
2,6.554195e-07,0.0,s_ma,c_ma,c_ms,random
2,5.4818996e-05,0.0,s_ma,c_ma,c_ma,random
2,0.57537454,1.0,s_ms,c_ms,c_ma,random
2,0.8216337,1.0,s_ms,c_ms,c_ms,random
2,0.3327548,0.0,s_ms,c_ms,c_ms,random
2,0.557999,1.0,s_ms,c_ms,c_ma,random
2,0.39861166,0.0,s_ms,c_ms,c_ma,random
2,5.403546e-07,0.0,s_ma,c_ms,c_ms,random
2,1.749895e-06,0.0,s_ma,c_ms,c_ma,random
2,2.709052e-05,0.0,s_ma,c_ms,c_ms,random
2,2.096611e-06,0.0,s_ma,c_ms,c_ma,random
2,2.4101018e-07,0.0,s_ma,c_ms,c_ms,random
2,0.5932914,1.0,s_ms,c_ma,c_ma,random
2,0.6479145,1.0,s_ms,c_ma,c_ms,random
2,0.6230114,1.0,s_ms,c_ma,c_ma,random
2,0.5547699,1.0,s_ms,c_ma,c_ms,random
2,0.46014062,0.0,s_ms,c_ma,c_ms,random
2,3.344178e-06,0.0,s_ma,c_ma,c_ms,random
2,8.316507e-07,0.0,s_ma,c_ma,c_ma,random
2,1.6418167e-05,0.0,s_ma,c_ma,c_ms,random
2,1.8637769e-06,0.0,s_ma,c_ma,c_ma,random
2,0.7995666,1.0,s_ms,c_ms,c_ma,random
2,0.8307816,1.0,s_ms,c_ms,c_ms,random
2,0.5305002,1.0,s_ms,c_ms,c_ms,random
2,0.787889,1.0,s_ms,c_ms,c_ma,random
2,0.6337495,1.0,s_ms,c_ms,c_ma,random
2,4.0189636e-05,0.0,s_ma,c_ms,c_ms,random
2,4.3197124e-06,0.0,s_ma,c_ms,c_ma,random
2,3.448135e-05,0.0,s_ma,c_ms,c_ms,random
2,2.18507e-05,0.0,s_ma,c_ms,c_ma,random
2,4.176629e-05,0.0,s_ma,c_ms,c_ms,random
2,0.57867825,1.0,s_ms,c_ma,c_ms,random
2,0.64233065,1.0,s_ms,c_ma,c_ma,random
2,0.6614591,1.0,s_ms,c_ma,c_ms,random
2,0.6958239,1.0,s_ms,c_ma,c_ma,random
2,0.51498246,1.0,s_ms,c_ma,c_ma,random
2,6.6352055e-07,0.0,s_ma,c_ma,c_ma,random
2,6.465358e-07,0.0,s_ma,c_ma,c_ms,random
2,1.5729716e-05,0.0,s_ma,c_ma,c_ms,random
2,2.2902257e-05,0.0,s_ma,c_ma,c_ms,random
2,0.7500541,1.0,s_ms,c_ms,c_ms,random
2,0.81554186,1.0,s_ms,c_ms,c_ma,random
2,0.5433588,1.0,s_ms,c_ms,c_ma,random
2,0.7369857,1.0,s_ms,c_ms,c_ms,random
2,0.65004313,1.0,s_ms,c_ms,c_ms,random
2,6.466521e-06,0.0,s_ma,c_ms,c_ma,random
2,2.5252396e-06,0.0,s_ma,c_ms,c_ms,random
2,3.687046e-06,0.0,s_ma,c_ms,c_ma,random
2,4.3080386e-06,0.0,s_ma,c_ms,c_ms,random
2,8.9214575e-07,0.0,s_ma,c_ms,c_ma,random
2,0.72487754,1.0,s_ms,c_ma,c_ma,random
2,0.8385444,1.0,s_ms,c_ma,c_ms,random
2,0.6668537,1.0,s_ms,c_ma,c_ma,random
2,0.7742784,1.0,s_ms,c_ma,c_ms,random
2,0.5993955,1.0,s_ms,c_ma,c_ms,random
2,2.1961112e-05,0.0,s_ma,c_ma,c_ms,random
2,5.6757985e-05,0.0,s_ma,c_ma,c_ma,random
2,2.1064893e-06,0.0,s_ma,c_ma,c_ma,random
2,2.4667423e-05,0.0,s_ma,c_ma,c_ms,random
2,0.81211287,1.0,s_ms,c_ms,c_ma,random
2,0.85074735,1.0,s_ms,c_ms,c_ms,random
2,0.6230321,1.0,s_ms,c_ms,c_ms,random
2,0.825608,1.0,s_ms,c_ms,c_ma,random
2,0.77570236,1.0,s_ms,c_ms,c_ma,random
2,1.8978638e-07,0.0,s_ma,c_ms,c_ms,random
2,6.890349e-06,0.0,s_ma,c_ms,c_ma,random
2,6.225733e-05,0.0,s_ma,c_ms,c_ms,random
2,1.6052718e-06,0.0,s_ma,c_ms,c_ma,random
2,1.6283408e-06,0.0,s_ma,c_ms,c_ms,random
2,5.359984e-08,0.0,s_ma,c_ms,c_ma,random
2,1.7750692e-08,0.0,s_ma,c_ms,c_ms,random
2,2.89183e-06,0.0,s_ma,c_ms,c_ma,random
2,4.0601194e-07,0.0,s_ma,c_ms,c_ms,random
2,2.7087333e-07,0.0,s_ma,c_ms,c_ms,random
2,0.28298998,0.0,s_ms,c_ms,c_ms,random
2,0.27230635,0.0,s_ms,c_ms,c_ma,random
2,0.113845184,0.0,s_ms,c_ms,c_ma,random
2,0.1293303,0.0,s_ms,c_ms,c_ms,random
2,0.10583703,0.0,s_ms,c_ms,c_ma,random
2,4.3875602e-08,0.0,s_ma,c_ma,c_ms,random
2,1.1938455e-06,0.0,s_ma,c_ma,c_ms,random
2,9.785119e-07,0.0,s_ma,c_ma,c_ma,random
2,4.21773e-06,0.0,s_ma,c_ma,c_ma,random
2,0.1892561,0.0,s_ms,c_ma,c_ms,random
2,0.2791051,0.0,s_ms,c_ma,c_ma,random
2,0.13352066,0.0,s_ms,c_ma,c_ms,random
2,0.14116943,0.0,s_ms,c_ma,c_ma,random
2,0.094218455,0.0,s_ms,c_ma,c_ms,random
2,8.164383e-07,0.0,s_ma,c_ms,c_ms,random
2,2.902396e-07,0.0,s_ma,c_ms,c_ma,random
2,9.4373496e-07,0.0,s_ma,c_ms,c_ms,random
2,6.3044814e-09,0.0,s_ma,c_ms,c_ma,random
2,5.8843847e-07,0.0,s_ma,c_ms,c_ma,random
2,0.060356107,0.0,s_ms,c_ms,c_ma,random
2,0.09097248,0.0,s_ms,c_ms,c_ms,random
2,0.08256173,0.0,s_ms,c_ms,c_ms,random
2,0.09253538,0.0,s_ms,c_ms,c_ma,random
2,0.07546561,0.0,s_ms,c_ms,c_ms,random
2,4.3387516e-08,0.0,s_ma,c_ma,c_ms,random
2,3.205315e-06,0.0,s_ma,c_ma,c_ma,random
2,3.4547088e-07,0.0,s_ma,c_ma,c_ms,random
2,2.884226e-07,0.0,s_ma,c_ma,c_ms,random
2,0.079209216,0.0,s_ms,c_ma,c_ma,random
2,0.0631289,0.0,s_ms,c_ma,c_ms,random
2,0.07719321,0.0,s_ms,c_ma,c_ma,random
2,0.078805916,0.0,s_ms,c_ma,c_ms,random
2,0.096091524,0.0,s_ms,c_ma,c_ma,random
2,3.9996198e-07,0.0,s_ma,c_ms,c_ms,random
2,7.433251e-07,0.0,s_ma,c_ms,c_ma,random
2,4.9064556e-06,0.0,s_ma,c_ms,c_ms,random
2,1.8781978e-07,0.0,s_ma,c_ms,c_ma,random
2,2.0779867e-06,0.0,s_ma,c_ms,c_ma,random
2,0.34896073,0.0,s_ms,c_ms,c_ma,random
2,0.4731425,0.0,s_ms,c_ms,c_ms,random
2,0.29343718,0.0,s_ms,c_ms,c_ms,random
2,0.27638897,0.0,s_ms,c_ms,c_ma,random
2,0.24799234,0.0,s_ms,c_ms,c_ms,random
2,1.1944336e-06,0.0,s_ma,c_ma,c_ms,random
2,3.1371846e-06,0.0,s_ma,c_ma,c_ma,random
2,2.8102484e-06,0.0,s_ma,c_ma,c_ms,random
2,2.2691827e-06,0.0,s_ma,c_ma,c_ms,random
2,0.3232291,0.0,s_ms,c_ma,c_ma,random
2,0.25671205,0.0,s_ms,c_ma,c_ms,random
2,0.19263542,0.0,s_ms,c_ma,c_ma,random
2,0.22399308,0.0,s_ms,c_ma,c_ms,random
2,0.27588925,0.0,s_ms,c_ma,c_ma,random
2,1.0455667e-06,0.0,s_ma,c_ms,c_ma,random
2,7.2231757e-07,0.0,s_ma,c_ms,c_ms,random
2,3.2606108e-06,0.0,s_ma,c_ms,c_ma,random
2,9.181653e-08,0.0,s_ma,c_ms,c_ms,random
2,1.1326922e-06,0.0,s_ma,c_ms,c_ms,random
2,0.19395353,0.0,s_ms,c_ms,c_ms,random
2,0.23323677,0.0,s_ms,c_ms,c_ma,random
2,0.12355378,0.0,s_ms,c_ms,c_ma,random
2,0.1359342,0.0,s_ms,c_ms,c_ms,random
2,0.09072279,0.0,s_ms,c_ms,c_ma,random
2,9.548605e-07,0.0,s_ma,c_ma,c_ma,random
2,4.1024302e-07,0.0,s_ma,c_ma,c_ms,random
2,2.8624577e-06,0.0,s_ma,c_ma,c_ms,random
2,1.8401755e-07,0.0,s_ma,c_ma,c_ma,random
2,0.15655477,0.0,s_ms,c_ma,c_ms,random
2,0.11448231,0.0,s_ms,c_ma,c_ma,random
2,0.055830173,0.0,s_ms,c_ma,c_ms,random
2,0.1310986,0.0,s_ms,c_ma,c_ma,random
2,0.07228677,0.0,s_ms,c_ma,c_ms,random
2,1.0273349e-06,0.0,s_ma,c_ms,c_ma,random
2,1.4719198e-07,0.0,s_ma,c_ms,c_ms,random
2,4.6778105e-06,0.0,s_ma,c_ms,c_ma,random
2,1.0526778e-06,0.0,s_ma,c_ms,c_ms,random
2,2.8780291e-06,0.0,s_ma,c_ms,c_ms,random
2,0.28616586,0.0,s_ms,c_ms,c_ms,random
2,0.38773945,0.0,s_ms,c_ms,c_ma,random
2,0.21639016,0.0,s_ms,c_ms,c_ma,random
2,0.20913506,0.0,s_ms,c_ms,c_ms,random
2,0.124389865,0.0,s_ms,c_ms,c_ma,random
2,4.049736e-06,0.0,s_ma,c_ma,c_ma,random
2,3.01812e-07,0.0,s_ma,c_ma,c_ms,random
2,2.4041674e-06,0.0,s_ma,c_ma,c_ms,random
2,1.8413508e-07,0.0,s_ma,c_ma,c_ma,random
2,0.30539414,0.0,s_ms,c_ma,c_ms,random
2,0.22070366,0.0,s_ms,c_ma,c_ma,random
2,0.15225606,0.0,s_ms,c_ma,c_ms,random
2,0.1808834,0.0,s_ms,c_ma,c_ma,random
2,0.16468978,0.0,s_ms,c_ma,c_ms,random
2,0.51851326,1.0,s_ms,c_ms,c_ms,random
2,0.40198356,0.0,s_ms,c_ms,c_ma,random
2,0.48384035,0.0,s_ms,c_ms,c_ms,random
2,0.4973057,0.0,s_ms,c_ms,c_ma,random
2,0.37700164,0.0,s_ms,c_ms,c_ma,random
2,1.5579047e-06,0.0,s_ma,c_ms,c_ma,random
2,5.9937344e-07,0.0,s_ma,c_ms,c_ms,random
2,4.0754596e-05,0.0,s_ma,c_ms,c_ms,random
2,6.9729163e-06,0.0,s_ma,c_ms,c_ma,random
2,1.2820854e-07,0.0,s_ma,c_ms,c_ms,random
2,0.67678356,1.0,s_ms,c_ma,c_ms,random
2,0.8414237,1.0,s_ms,c_ma,c_ma,random
2,0.50895214,1.0,s_ms,c_ma,c_ma,random
2,0.71559584,1.0,s_ms,c_ma,c_ms,random
2,0.549382,1.0,s_ms,c_ma,c_ms,random
2,5.650694e-05,0.0,s_ma,c_ma,c_ms,random
2,8.954761e-06,0.0,s_ma,c_ma,c_ma,random
2,2.415573e-05,0.0,s_ma,c_ma,c_ms,random
2,8.135017e-06,0.0,s_ma,c_ma,c_ma,random
2,0.6562124,1.0,s_ms,c_ms,c_ma,random
2,0.5591499,1.0,s_ms,c_ms,c_ms,random
2,0.5921413,1.0,s_ms,c_ms,c_ma,random
2,0.5464339,1.0,s_ms,c_ms,c_ms,random
2,0.5990217,1.0,s_ms,c_ms,c_ms,random
2,1.3888537e-06,0.0,s_ma,c_ms,c_ms,random
2,1.8248065e-06,0.0,s_ma,c_ms,c_ma,random
2,3.9610077e-06,0.0,s_ma,c_ms,c_ma,random
2,2.6438347e-06,0.0,s_ma,c_ms,c_ms,random
2,7.369708e-06,0.0,s_ma,c_ms,c_ma,random
2,0.58737606,1.0,s_ms,c_ma,c_ma,random
2,0.88255906,1.0,s_ms,c_ma,c_ms,random
2,0.59725344,1.0,s_ms,c_ma,c_ms,random
2,0.795882,1.0,s_ms,c_ma,c_ma,random
2,0.641979,1.0,s_ms,c_ma,c_ma,random
2,6.236111e-05,0.0,s_ma,c_ma,c_ms,random
2,0.00015493618,0.0,s_ma,c_ma,c_ms,random
2,4.7293343e-05,0.0,s_ma,c_ma,c_ma,random
2,6.110032e-06,0.0,s_ma,c_ma,c_ms,random
2,0.6484685,1.0,s_ms,c_ms,c_ms,random
2,0.6518087,1.0,s_ms,c_ms,c_ma,random
2,0.7512297,1.0,s_ms,c_ms,c_ms,random
2,0.6635791,1.0,s_ms,c_ms,c_ma,random
2,0.56958824,1.0,s_ms,c_ms,c_ma,random
2,2.4602956e-05,0.0,s_ma,c_ms,c_ma,random
2,3.641316e-05,0.0,s_ma,c_ms,c_ms,random
2,3.3497163e-05,0.0,s_ma,c_ms,c_ms,random
2,3.972003e-06,0.0,s_ma,c_ms,c_ma,random
2,6.1648774e-05,0.0,s_ma,c_ms,c_ms,random
2,0.76597035,1.0,s_ms,c_ma,c_ms,random
2,0.87088954,1.0,s_ms,c_ma,c_ma,random
2,0.69784415,1.0,s_ms,c_ma,c_ma,random
2,0.887205,1.0,s_ms,c_ma,c_ms,random
2,0.7522908,1.0,s_ms,c_ma,c_ms,random
2,9.250204e-06,0.0,s_ma,c_ma,c_ma,random
2,0.00015595877,0.0,s_ma,c_ma,c_ms,random
2,0.00015231216,0.0,s_ma,c_ma,c_ms,random
2,6.285287e-06,0.0,s_ma,c_ma,c_ma,random
2,0.6971444,1.0,s_ms,c_ms,c_ma,random
2,0.6402763,1.0,s_ms,c_ms,c_ms,random
2,0.7282144,1.0,s_ms,c_ms,c_ma,random
2,0.63934696,1.0,s_ms,c_ms,c_ms,random
2,0.55568737,1.0,s_ms,c_ms,c_ms,random
2,2.4834906e-05,0.0,s_ma,c_ms,c_ms,random
2,2.307769e-06,0.0,s_ma,c_ms,c_ma,random
2,2.2695414e-05,0.0,s_ma,c_ms,c_ma,random
2,4.738638e-06,0.0,s_ma,c_ms,c_ms,random
2,1.5555994e-06,0.0,s_ma,c_ms,c_ma,random
2,0.76114726,1.0,s_ms,c_ma,c_ma,random
2,0.8602885,1.0,s_ms,c_ma,c_ms,random
2,0.6578385,1.0,s_ms,c_ma,c_ms,random
2,0.7826231,1.0,s_ms,c_ma,c_ma,random
2,0.70568764,1.0,s_ms,c_ma,c_ma,random
2,2.3943852e-05,0.0,s_ma,c_ma,c_ms,random
2,4.9785165e-05,0.0,s_ma,c_ma,c_ma,random
2,0.00014300918,0.0,s_ma,c_ma,c_ms,random
2,4.1014722e-05,0.0,s_ma,c_ma,c_ms,random
2,0.7349279,1.0,s_ms,c_ms,c_ms,random
2,0.73086774,1.0,s_ms,c_ms,c_ma,random
2,0.651236,1.0,s_ms,c_ms,c_ms,random
2,0.6038487,1.0,s_ms,c_ms,c_ma,random
2,0.68681407,1.0,s_ms,c_ms,c_ma,random
2,6.1796015e-07,0.0,s_ma,c_ms,c_ma,random
2,2.3013132e-07,0.0,s_ma,c_ms,c_ms,random
2,3.989218e-05,0.0,s_ma,c_ms,c_ms,random
2,9.468314e-07,0.0,s_ma,c_ms,c_ma,random
2,1.5789142e-06,0.0,s_ma,c_ms,c_ms,random
2,0.84574276,1.0,s_ms,c_ma,c_ms,random
2,0.8334165,1.0,s_ms,c_ma,c_ma,random
2,0.5983955,1.0,s_ms,c_ma,c_ma,random
2,0.84736156,1.0,s_ms,c_ma,c_ms,random
2,0.737442,1.0,s_ms,c_ma,c_ms,random
2,8.284647e-06,0.0,s_ma,c_ma,c_ma,random
2,5.9916074e-06,0.0,s_ma,c_ma,c_ms,random
2,6.2045483e-06,0.0,s_ma,c_ma,c_ma,random
2,3.9846178e-05,0.0,s_ma,c_ma,c_ms,random
3,5.320218e-05,0.0,s_ma,c_ma,c_ms,blocked
3,5.5537756e-05,0.0,s_ma,c_ma,c_ma,blocked
3,3.3736687e-05,0.0,s_ma,c_ma,c_ms,blocked
3,4.1663712e-05,0.0,s_ma,c_ma,c_ms,blocked
3,0.8329327,1.0,s_ms,c_ma,c_ms,blocked
3,0.76449096,1.0,s_ms,c_ma,c_ma,blocked
3,0.84399295,1.0,s_ms,c_ma,c_ma,blocked
3,0.50524414,1.0,s_ms,c_ma,c_ms,blocked
3,0.59932864,1.0,s_ms,c_ma,c_ma,blocked
3,5.1067595e-06,0.0,s_ma,c_ms,c_ma,blocked
3,0.00012072262,0.0,s_ma,c_ms,c_ms,blocked
3,3.6142662e-06,0.0,s_ma,c_ms,c_ms,blocked
3,5.838943e-07,0.0,s_ma,c_ms,c_ma,blocked
3,1.3767009e-05,0.0,s_ma,c_ms,c_ma,blocked
3,0.66707146,1.0,s_ms,c_ms,c_ms,blocked
3,0.6290934,1.0,s_ms,c_ms,c_ma,blocked
3,0.50122,1.0,s_ms,c_ms,c_ms,blocked
3,0.7062619,1.0,s_ms,c_ms,c_ma,blocked
3,0.58679456,1.0,s_ms,c_ms,c_ms,blocked
3,5.4015465e-05,0.0,s_ma,c_ma,c_ms,blocked
3,1.9609748e-05,0.0,s_ma,c_ma,c_ms,blocked
3,6.1852234e-06,0.0,s_ma,c_ma,c_ma,blocked
3,7.531268e-05,0.0,s_ma,c_ma,c_ma,blocked
3,0.5255742,1.0,s_ms,c_ma,c_ma,blocked
3,0.58043456,1.0,s_ms,c_ma,c_ms,blocked
3,0.84900826,1.0,s_ms,c_ma,c_ms,blocked
3,0.52238595,1.0,s_ms,c_ma,c_ma,blocked
3,0.61118436,1.0,s_ms,c_ma,c_ms,blocked
3,7.8325975e-06,0.0,s_ma,c_ms,c_ms,blocked
3,0.00018280877,0.0,s_ma,c_ms,c_ma,blocked
3,1.1665408e-05,0.0,s_ma,c_ms,c_ma,blocked
3,3.5616504e-06,0.0,s_ma,c_ms,c_ms,blocked
3,1.4907653e-05,0.0,s_ma,c_ms,c_ms,blocked
3,0.42546806,0.0,s_ms,c_ms,c_ma,blocked
3,0.47577187,0.0,s_ms,c_ms,c_ms,blocked
3,0.48629516,0.0,s_ms,c_ms,c_ma,blocked
3,0.61839646,1.0,s_ms,c_ms,c_ms,blocked
3,0.48262277,0.0,s_ms,c_ms,c_ma,blocked
3,4.9069055e-05,0.0,s_ma,c_ma,c_ma,blocked
3,2.1387703e-05,0.0,s_ma,c_ma,c_ms,blocked
3,6.2062336e-06,0.0,s_ma,c_ma,c_ms,blocked
3,0.00014056878,0.0,s_ma,c_ma,c_ms,blocked
3,0.7796011,1.0,s_ms,c_ma,c_ms,blocked
3,0.7067648,1.0,s_ms,c_ma,c_ma,blocked
3,0.8416321,1.0,s_ms,c_ma,c_ma,blocked
3,0.49173945,0.0,s_ms,c_ma,c_ms,blocked
3,0.6036955,1.0,s_ms,c_ma,c_ma,blocked
3,8.604136e-06,0.0,s_ma,c_ms,c_ma,blocked
3,9.8034056e-05,0.0,s_ma,c_ms,c_ms,blocked
3,7.672157e-06,0.0,s_ma,c_ms,c_ms,blocked
3,4.2377883e-06,0.0,s_ma,c_ms,c_ma,blocked
3,3.49363e-05,0.0,s_ma,c_ms,c_ma,blocked
3,0.6358033,1.0,s_ms,c_ms,c_ms,blocked
3,0.5013212,1.0,s_ms,c_ms,c_ma,blocked
3,0.51722395,1.0,s_ms,c_ms,c_ms,blocked
3,0.6951021,1.0,s_ms,c_ms,c_ma,blocked
3,0.62599397,1.0,s_ms,c_ms,c_ms,blocked
3,3.1758784e-05,0.0,s_ma,c_ma,c_ms,blocked
3,5.5111395e-06,0.0,s_ma,c_ma,c_ma,blocked
3,6.4729666e-06,0.0,s_ma,c_ma,c_ms,blocked
3,4.3363776e-05,0.0,s_ma,c_ma,c_ma,blocked
3,0.7263882,1.0,s_ms,c_ma,c_ma,blocked
3,0.68492484,1.0,s_ms,c_ma,c_ms,blocked
3,0.867209,1.0,s_ms,c_ma,c_ms,blocked
3,0.70526624,1.0,s_ms,c_ma,c_ma,blocked
3,0.67650986,1.0,s_ms,c_ma,c_ms,blocked
3,6.58074e-05,0.0,s_ma,c_ms,c_ms,blocked
3,1.4625784e-05,0.0,s_ma,c_ms,c_ma,blocked
3,8.875228e-05,0.0,s_ma,c_ms,c_ma,blocked
3,5.714556e-06,0.0,s_ma,c_ms,c_ms,blocked
3,5.455051e-05,0.0,s_ma,c_ms,c_ms,blocked
3,0.6979475,1.0,s_ms,c_ms,c_ma,blocked
3,0.72001886,1.0,s_ms,c_ms,c_ms,blocked
3,0.6871591,1.0,s_ms,c_ms,c_ma,blocked
3,0.79686356,1.0,s_ms,c_ms,c_ms,blocked
3,0.69150084,1.0,s_ms,c_ms,c_ma,blocked
3,4.1034808e-05,0.0,s_ma,c_ma,c_ms,blocked
3,6.748208e-05,0.0,s_ma,c_ma,c_ma,blocked
3,0.00014198401,0.0,s_ma,c_ma,c_ms,blocked
3,4.189866e-05,0.0,s_ma,c_ma,c_ma,blocked
3,0.6298899,1.0,s_ms,c_ma,c_ma,blocked
3,0.6219778,1.0,s_ms,c_ma,c_ms,blocked
3,0.8415563,1.0,s_ms,c_ma,c_ms,blocked
3,0.5137044,1.0,s_ms,c_ma,c_ma,blocked
3,0.61734045,1.0,s_ms,c_ma,c_ms,blocked
3,3.481437e-05,0.0,s_ma,c_ms,c_ms,blocked
3,0.00011973092,0.0,s_ma,c_ms,c_ma,blocked
3,5.0947165e-05,0.0,s_ma,c_ms,c_ma,blocked
3,1.8450452e-06,0.0,s_ma,c_ms,c_ms,blocked
3,0.00011442261,0.0,s_ma,c_ms,c_ms,blocked
3,0.6352824,1.0,s_ms,c_ms,c_ma,blocked
3,0.6486015,1.0,s_ms,c_ms,c_ms,blocked
3,0.6582183,1.0,s_ms,c_ms,c_ma,blocked
3,0.7188872,1.0,s_ms,c_ms,c_ms,blocked
3,0.5927974,1.0,s_ms,c_ms,c_ma,blocked
3,0.071866706,0.0,s_ms,c_ma,c_ms,blocked
3,0.2785812,0.0,s_ms,c_ma,c_ma,blocked
3,0.112820275,0.0,s_ms,c_ma,c_ms,blocked
3,0.13235722,0.0,s_ms,c_ma,c_ma,blocked
3,0.20289002,0.0,s_ms,c_ma,c_ma,blocked
3,2.408375e-06,0.0,s_ma,c_ma,c_ms,blocked
3,2.414138e-07,0.0,s_ma,c_ma,c_ms,blocked
3,8.686779e-08,0.0,s_ma,c_ma,c_ma,blocked
3,4.6726467e-07,0.0,s_ma,c_ma,c_ms,blocked
3,0.1844733,0.0,s_ms,c_ms,c_ms,blocked
3,0.13046005,0.0,s_ms,c_ms,c_ma,blocked
3,0.25925112,0.0,s_ms,c_ms,c_ma,blocked
3,0.20580426,0.0,s_ms,c_ms,c_ms,blocked
3,0.1276699,0.0,s_ms,c_ms,c_ms,blocked
3,9.0024184e-07,0.0,s_ma,c_ms,c_ma,blocked
3,6.0999455e-06,0.0,s_ma,c_ms,c_ms,blocked
3,3.3912193e-07,0.0,s_ma,c_ms,c_ma,blocked
3,5.166956e-06,0.0,s_ma,c_ms,c_ms,blocked
3,9.654455e-07,0.0,s_ma,c_ms,c_ma,blocked
3,0.11846238,0.0,s_ms,c_ma,c_ma,blocked
3,0.24615857,0.0,s_ms,c_ma,c_ms,blocked
3,0.20010903,0.0,s_ms,c_ma,c_ma,blocked
3,0.16196059,0.0,s_ms,c_ma,c_ms,blocked
3,0.19567132,0.0,s_ms,c_ma,c_ms,blocked
3,2.324146e-06,0.0,s_ma,c_ma,c_ms,blocked
3,6.747034e-07,0.0,s_ma,c_ma,c_ma,blocked
3,2.3878147e-08,0.0,s_ma,c_ma,c_ms,blocked
3,1.9304802e-07,0.0,s_ma,c_ma,c_ma,blocked
3,0.124605305,0.0,s_ms,c_ms,c_ma,blocked
3,0.18593916,0.0,s_ms,c_ms,c_ms,blocked
3,0.26296788,0.0,s_ms,c_ms,c_ms,blocked
3,0.25232428,0.0,s_ms,c_ms,c_ma,blocked
3,0.17159212,0.0,s_ms,c_ms,c_ma,blocked
3,2.6335687e-07,0.0,s_ma,c_ms,c_ms,blocked
3,4.9725995e-06,0.0,s_ma,c_ms,c_ma,blocked
3,1.6178384e-07,0.0,s_ma,c_ms,c_ms,blocked
3,3.8079602e-07,0.0,s_ma,c_ms,c_ma,blocked
3,8.010372e-07,0.0,s_ma,c_ms,c_ms,blocked
3,0.08005028,0.0,s_ms,c_ma,c_ma,blocked
3,0.06812425,0.0,s_ms,c_ma,c_ms,blocked
3,0.07949039,0.0,s_ms,c_ma,c_ma,blocked
3,0.07158846,0.0,s_ms,c_ma,c_ms,blocked
3,0.07713249,0.0,s_ms,c_ma,c_ms,blocked
3,1.8128522e-07,0.0,s_ma,c_ma,c_ms,blocked
3,6.115128e-07,0.0,s_ma,c_ma,c_ma,blocked
3,8.117198e-08,0.0,s_ma,c_ma,c_ms,blocked
3,2.6125915e-07,0.0,s_ma,c_ma,c_ma,blocked
3,0.06578962,0.0,s_ms,c_ms,c_ma,blocked
3,0.06897408,0.0,s_ms,c_ms,c_ms,blocked
3,0.085671216,0.0,s_ms,c_ms,c_ms,blocked
3,0.096344054,0.0,s_ms,c_ms,c_ma,blocked
3,0.05881245,0.0,s_ms,c_ms,c_ma,blocked
3,3.2683334e-09,0.0,s_ma,c_ms,c_ms,blocked
3,1.5449231e-07,0.0,s_ma,c_ms,c_ma,blocked
3,5.919756e-09,0.0,s_ma,c_ms,c_ms,blocked
3,1.14331954e-07,0.0,s_ma,c_ms,c_ma,blocked
3,2.409682e-10,0.0,s_ma,c_ms,c_ms,blocked
3,0.29640645,0.0,s_ms,c_ma,c_ms,blocked
3,0.20857233,0.0,s_ms,c_ma,c_ma,blocked
3,0.2965265,0.0,s_ms,c_ma,c_ms,blocked
3,0.15882984,0.0,s_ms,c_ma,c_ma,blocked
3,0.29192963,0.0,s_ms,c_ma,c_ma,blocked
3,2.262912e-08,0.0,s_ma,c_ma,c_ma,blocked
3,1.9593248e-08,0.0,s_ma,c_ma,c_ms,blocked
3,8.006322e-08,0.0,s_ma,c_ma,c_ms,blocked
3,5.563853e-07,0.0,s_ma,c_ma,c_ms,blocked
3,0.18757261,0.0,s_ms,c_ms,c_ms,blocked
3,0.19143005,0.0,s_ms,c_ms,c_ma,blocked
3,0.18553929,0.0,s_ms,c_ms,c_ma,blocked
3,0.24680743,0.0,s_ms,c_ms,c_ms,blocked
3,0.20478407,0.0,s_ms,c_ms,c_ms,blocked
3,1.86919e-09,0.0,s_ma,c_ms,c_ma,blocked
3,7.033294e-08,0.0,s_ma,c_ms,c_ms,blocked
3,1.5728165e-07,0.0,s_ma,c_ms,c_ma,blocked
3,2.0369977e-07,0.0,s_ma,c_ms,c_ms,blocked
3,3.5438128e-09,0.0,s_ma,c_ms,c_ma,blocked
3,0.25657594,0.0,s_ms,c_ma,c_ma,blocked
3,0.21216798,0.0,s_ms,c_ma,c_ms,blocked
3,0.20554253,0.0,s_ms,c_ma,c_ma,blocked
3,0.1804435,0.0,s_ms,c_ma,c_ms,blocked
3,0.23401357,0.0,s_ms,c_ma,c_ms,blocked
3,4.0523676e-07,0.0,s_ma,c_ma,c_ms,blocked
3,1.9046298e-07,0.0,s_ma,c_ma,c_ma,blocked
3,2.0255602e-07,0.0,s_ma,c_ma,c_ma,blocked
3,6.116571e-07,0.0,s_ma,c_ma,c_ms,blocked
3,0.2310764,0.0,s_ms,c_ms,c_ma,blocked
3,0.18883392,0.0,s_ms,c_ms,c_ms,blocked
3,0.2087666,0.0,s_ms,c_ms,c_ms,blocked
3,0.28566223,0.0,s_ms,c_ms,c_ma,blocked
3,0.13508317,0.0,s_ms,c_ms,c_ma,blocked
3,1.6573875e-06,0.0,s_ma,c_ms,c_ms,blocked
3,2.8974218e-06,0.0,s_ma,c_ms,c_ma,blocked
3,1.8213117e-06,0.0,s_ma,c_ms,c_ms,blocked
3,4.9267546e-06,0.0,s_ma,c_ms,c_ma,blocked
3,1.5179342e-07,0.0,s_ma,c_ms,c_ms,blocked
3,4.4892768e-06,0.0,s_ma,c_ms,c_ma,blocked
3,9.202848e-06,0.0,s_ma,c_ms,c_ms,blocked
3,8.377772e-06,0.0,s_ma,c_ms,c_ma,blocked
3,7.4971686e-05,0.0,s_ma,c_ms,c_ms,blocked
3,2.4587907e-05,0.0,s_ma,c_ms,c_ms,blocked
3,0.63103193,1.0,s_ms,c_ms,c_ms,blocked
3,0.7151542,1.0,s_ms,c_ms,c_ma,blocked
3,0.84425735,1.0,s_ms,c_ms,c_ma,blocked
3,0.6232319,1.0,s_ms,c_ms,c_ms,blocked
3,0.5807482,1.0,s_ms,c_ms,c_ma,blocked
3,0.00012649891,0.0,s_ma,c_ma,c_ms,blocked
3,0.00051484985,0.0,s_ma,c_ma,c_ms,blocked
3,0.00014963913,0.0,s_ma,c_ma,c_ma,blocked
3,1.780226e-05,0.0,s_ma,c_ma,c_ma,blocked
3,0.6701824,1.0,s_ms,c_ma,c_ms,blocked
3,0.6860083,1.0,s_ms,c_ma,c_ma,blocked
3,0.702662,1.0,s_ms,c_ma,c_ms,blocked
3,0.75278085,1.0,s_ms,c_ma,c_ma,blocked
3,0.72367287,1.0,s_ms,c_ma,c_ms,blocked
3,0.00024144226,0.0,s_ma,c_ms,c_ms,blocked
3,0.00029774534,0.0,s_ma,c_ms,c_ma,blocked
3,0.00015634226,0.0,s_ma,c_ms,c_ms,blocked
3,1.4780948e-05,0.0,s_ma,c_ms,c_ma,blocked
3,0.0002892142,0.0,s_ma,c_ms,c_ma,blocked
3,0.6646629,1.0,s_ms,c_ms,c_ma,blocked
3,0.62956333,1.0,s_ms,c_ms,c_ms,blocked
3,0.82421803,1.0,s_ms,c_ms,c_ms,blocked
3,0.6408134,1.0,s_ms,c_ms,c_ma,blocked
3,0.6123612,1.0,s_ms,c_ms,c_ms,blocked
3,0.00011766918,0.0,s_ma,c_ma,c_ms,blocked
3,4.720399e-05,0.0,s_ma,c_ma,c_ma,blocked
3,8.064775e-05,0.0,s_ma,c_ma,c_ms,blocked
3,1.828857e-05,0.0,s_ma,c_ma,c_ms,blocked
3,0.6008407,1.0,s_ms,c_ma,c_ma,blocked
3,0.6102505,1.0,s_ms,c_ma,c_ms,blocked
3,0.64803356,1.0,s_ms,c_ma,c_ma,blocked
3,0.6980583,1.0,s_ms,c_ma,c_ms,blocked
3,0.6482707,1.0,s_ms,c_ma,c_ma,blocked
3,2.4943736e-06,0.0,s_ma,c_ms,c_ms,blocked
3,1.5486112e-05,0.0,s_ma,c_ms,c_ma,blocked
3,7.284996e-06,0.0,s_ma,c_ms,c_ms,blocked
3,0.00010750592,0.0,s_ma,c_ms,c_ma,blocked
3,5.1878775e-05,0.0,s_ma,c_ms,c_ma,blocked
3,0.49095485,0.0,s_ms,c_ms,c_ma,blocked
3,0.53052676,1.0,s_ms,c_ms,c_ms,blocked
3,0.8054035,1.0,s_ms,c_ms,c_ms,blocked
3,0.59645694,1.0,s_ms,c_ms,c_ma,blocked
3,0.6171844,1.0,s_ms,c_ms,c_ms,blocked
3,0.00049867656,0.0,s_ma,c_ma,c_ms,blocked
3,4.514323e-05,0.0,s_ma,c_ma,c_ma,blocked
3,9.4998686e-05,0.0,s_ma,c_ma,c_ms,blocked
3,5.731528e-06,0.0,s_ma,c_ma,c_ms,blocked
3,0.5864526,1.0,s_ms,c_ma,c_ma,blocked
3,0.6247412,1.0,s_ms,c_ma,c_ms,blocked
3,0.6376909,1.0,s_ms,c_ma,c_ma,blocked
3,0.7474959,1.0,s_ms,c_ma,c_ms,blocked
3,0.594681,1.0,s_ms,c_ma,c_ma,blocked
3,7.180927e-07,0.0,s_ma,c_ms,c_ma,blocked
3,4.2337347e-06,0.0,s_ma,c_ms,c_ms,blocked
3,5.1250713e-06,0.0,s_ma,c_ms,c_ma,blocked
3,5.886599e-06,0.0,s_ma,c_ms,c_ms,blocked
3,3.047942e-06,0.0,s_ma,c_ms,c_ms,blocked
3,0.59778816,1.0,s_ms,c_ms,c_ms,blocked
3,0.5326919,1.0,s_ms,c_ms,c_ma,blocked
3,0.79374987,1.0,s_ms,c_ms,c_ma,blocked
3,0.52916896,1.0,s_ms,c_ms,c_ms,blocked
3,0.49722725,0.0,s_ms,c_ms,c_ma,blocked
3,0.00015204074,0.0,s_ma,c_ma,c_ma,blocked
3,7.5518314e-05,0.0,s_ma,c_ma,c_ms,blocked
3,9.457417e-05,0.0,s_ma,c_ma,c_ms,blocked
3,4.658582e-06,0.0,s_ma,c_ma,c_ma,blocked
3,0.54435,1.0,s_ms,c_ma,c_ms,blocked
3,0.582585,1.0,s_ms,c_ma,c_ma,blocked
3,0.5305933,1.0,s_ms,c_ma,c_ms,blocked
3,0.6835827,1.0,s_ms,c_ma,c_ma,blocked
3,0.667274,1.0,s_ms,c_ma,c_ms,blocked
3,1.2438804e-05,0.0,s_ma,c_ms,c_ma,blocked
3,1.6655045e-05,0.0,s_ma,c_ms,c_ms,blocked
3,3.5875422e-05,0.0,s_ma,c_ms,c_ma,blocked
3,9.121664e-05,0.0,s_ma,c_ms,c_ms,blocked
3,0.00023084991,0.0,s_ma,c_ms,c_ms,blocked
3,0.70350647,1.0,s_ms,c_ms,c_ms,blocked
3,0.72667146,1.0,s_ms,c_ms,c_ma,blocked
3,0.8458088,1.0,s_ms,c_ms,c_ma,blocked
3,0.5766251,1.0,s_ms,c_ms,c_ms,blocked
3,0.7125035,1.0,s_ms,c_ms,c_ma,blocked
3,1.647483e-05,0.0,s_ma,c_ma,c_ma,blocked
3,1.743295e-05,0.0,s_ma,c_ma,c_ms,blocked
3,5.6767467e-06,0.0,s_ma,c_ma,c_ms,blocked
3,4.6208156e-06,0.0,s_ma,c_ma,c_ma,blocked
3,0.7510834,1.0,s_ms,c_ma,c_ms,blocked
3,0.71360314,1.0,s_ms,c_ma,c_ma,blocked
3,0.6876842,1.0,s_ms,c_ma,c_ms,blocked
3,0.74531126,1.0,s_ms,c_ma,c_ma,blocked
3,0.7019286,1.0,s_ms,c_ma,c_ms,blocked
3,0.10643379,0.0,s_ms,c_ms,c_ms,blocked
3,0.19817653,0.0,s_ms,c_ms,c_ma,blocked
3,0.13217708,0.0,s_ms,c_ms,c_ms,blocked
3,0.17420119,0.0,s_ms,c_ms,c_ma,blocked
3,0.091731876,0.0,s_ms,c_ms,c_ma,blocked
3,1.1573983e-06,0.0,s_ma,c_ms,c_ma,blocked
3,2.5926263e-07,0.0,s_ma,c_ms,c_ms,blocked
3,3.0954876e-09,0.0,s_ma,c_ms,c_ms,blocked
3,1.5167652e-09,0.0,s_ma,c_ms,c_ma,blocked
3,1.6878428e-06,0.0,s_ma,c_ms,c_ms,blocked
3,0.22037023,0.0,s_ms,c_ma,c_ms,blocked
3,0.22008997,0.0,s_ms,c_ma,c_ma,blocked
3,0.28136468,0.0,s_ms,c_ma,c_ma,blocked
3,0.28645664,0.0,s_ms,c_ma,c_ms,blocked
3,0.14791347,0.0,s_ms,c_ma,c_ms,blocked
3,6.512972e-07,0.0,s_ma,c_ma,c_ms,blocked
3,5.9885065e-07,0.0,s_ma,c_ma,c_ma,blocked
3,1.2066074e-07,0.0,s_ma,c_ma,c_ms,blocked
3,1.7755041e-06,0.0,s_ma,c_ma,c_ma,blocked
3,0.12424521,0.0,s_ms,c_ms,c_ma,blocked
3,0.16778655,0.0,s_ms,c_ms,c_ms,blocked
3,0.20919427,0.0,s_ms,c_ms,c_ma,blocked
3,0.1404727,0.0,s_ms,c_ms,c_ms,blocked
3,0.10817784,0.0,s_ms,c_ms,c_ms,blocked
3,6.877689e-06,0.0,s_ma,c_ms,c_ms,blocked
3,4.2693523e-06,0.0,s_ma,c_ms,c_ma,blocked
3,1.491843e-07,0.0,s_ma,c_ms,c_ma,blocked
3,6.855545e-08,0.0,s_ma,c_ms,c_ms,blocked
3,2.9528828e-06,0.0,s_ma,c_ms,c_ma,blocked
3,0.19825116,0.0,s_ms,c_ma,c_ma,blocked
3,0.22837584,0.0,s_ms,c_ma,c_ms,blocked
3,0.2528321,0.0,s_ms,c_ma,c_ms,blocked
3,0.26838312,0.0,s_ms,c_ma,c_ma,blocked
3,0.17677785,0.0,s_ms,c_ma,c_ma,blocked
3,7.147745e-07,0.0,s_ma,c_ma,c_ms,blocked
3,5.02802e-07,0.0,s_ma,c_ma,c_ms,blocked
3,6.693445e-08,0.0,s_ma,c_ma,c_ma,blocked
3,3.3066152e-07,0.0,s_ma,c_ma,c_ms,blocked
3,0.17284416,0.0,s_ms,c_ms,c_ms,blocked
3,0.17186825,0.0,s_ms,c_ms,c_ma,blocked
3,0.16470341,0.0,s_ms,c_ms,c_ms,blocked
3,0.19303681,0.0,s_ms,c_ms,c_ma,blocked
3,0.11076472,0.0,s_ms,c_ms,c_ma,blocked
3,3.3856185e-07,0.0,s_ma,c_ms,c_ma,blocked
3,1.5992877e-07,0.0,s_ma,c_ms,c_ms,blocked
3,5.045639e-09,0.0,s_ma,c_ms,c_ms,blocked
3,1.368283e-07,0.0,s_ma,c_ms,c_ma,blocked
3,1.56546e-06,0.0,s_ma,c_ms,c_ms,blocked
3,0.18912385,0.0,s_ms,c_ma,c_ms,blocked
3,0.22756994,0.0,s_ms,c_ma,c_ma,blocked
3,0.23078552,0.0,s_ms,c_ma,c_ma,blocked
3,0.2905643,0.0,s_ms,c_ma,c_ms,blocked
3,0.18940978,0.0,s_ms,c_ma,c_ms,blocked
3,6.2443655e-07,0.0,s_ma,c_ma,c_ma,blocked
3,5.3798334e-07,0.0,s_ma,c_ma,c_ms,blocked
3,2.349055e-06,0.0,s_ma,c_ma,c_ms,blocked
3,6.7729786e-07,0.0,s_ma,c_ma,c_ma,blocked
3,0.079348825,0.0,s_ms,c_ms,c_ma,blocked
3,0.077574864,0.0,s_ms,c_ms,c_ms,blocked
3,0.09596808,0.0,s_ms,c_ms,c_ma,blocked
3,0.111456096,0.0,s_ms,c_ms,c_ms,blocked
3,0.06929254,0.0,s_ms,c_ms,c_ms,blocked
3,5.977912e-06,0.0,s_ma,c_ms,c_ms,blocked
3,3.415312e-07,0.0,s_ma,c_ms,c_ma,blocked
3,3.9511338e-08,0.0,s_ma,c_ms,c_ma,blocked
3,1.2197074e-07,0.0,s_ma,c_ms,c_ms,blocked
3,3.6864667e-06,0.0,s_ma,c_ms,c_ma,blocked
3,0.14803024,0.0,s_ms,c_ma,c_ma,blocked
3,0.17578267,0.0,s_ms,c_ma,c_ms,blocked
3,0.13208085,0.0,s_ms,c_ma,c_ms,blocked
3,0.18100101,0.0,s_ms,c_ma,c_ma,blocked
3,0.13988024,0.0,s_ms,c_ma,c_ma,blocked
3,1.2439176e-07,0.0,s_ma,c_ma,c_ms,blocked
3,6.78828e-08,0.0,s_ma,c_ma,c_ma,blocked
3,2.1297155e-06,0.0,s_ma,c_ma,c_ms,blocked
3,1.2825012e-07,0.0,s_ma,c_ma,c_ms,blocked
3,0.14490873,0.0,s_ms,c_ms,c_ms,blocked
3,0.195793,0.0,s_ms,c_ms,c_ma,blocked
3,0.13676071,0.0,s_ms,c_ms,c_ms,blocked
3,0.17945431,0.0,s_ms,c_ms,c_ma,blocked
3,0.11781821,0.0,s_ms,c_ms,c_ma,blocked
3,9.3485846e-07,0.0,s_ma,c_ms,c_ma,blocked
3,8.948273e-07,0.0,s_ma,c_ms,c_ms,blocked
3,2.168744e-10,0.0,s_ma,c_ms,c_ms,blocked
3,2.5106448e-09,0.0,s_ma,c_ms,c_ma,blocked
3,1.4137157e-07,0.0,s_ma,c_ms,c_ms,blocked
3,0.16771302,0.0,s_ms,c_ma,c_ms,blocked
3,0.21811163,0.0,s_ms,c_ma,c_ma,blocked
3,0.2706164,0.0,s_ms,c_ma,c_ma,blocked
3,0.21227315,0.0,s_ms,c_ma,c_ms,blocked
3,0.19777814,0.0,s_ms,c_ma,c_ms,blocked
3,1.7821111e-06,0.0,s_ma,c_ma,c_ma,blocked
3,3.3463988e-07,0.0,s_ma,c_ma,c_ms,blocked
3,6.3116283e-07,0.0,s_ma,c_ma,c_ma,blocked
3,1.2790701e-07,0.0,s_ma,c_ma,c_ms,blocked
3,5.3481006e-05,0.0,s_ma,c_ma,c_ms,interleaved
3,5.4498007e-05,0.0,s_ma,c_ma,c_ma,interleaved
3,2.999669e-05,0.0,s_ma,c_ma,c_ms,interleaved
3,4.234098e-05,0.0,s_ma,c_ma,c_ms,interleaved
3,0.82735777,1.0,s_ms,c_ma,c_ms,interleaved
3,0.7615644,1.0,s_ms,c_ma,c_ma,interleaved
3,0.8435841,1.0,s_ms,c_ma,c_ma,interleaved
3,0.5157659,1.0,s_ms,c_ma,c_ms,interleaved
3,0.63998973,1.0,s_ms,c_ma,c_ma,interleaved
3,4.7431577e-06,0.0,s_ma,c_ms,c_ma,interleaved
3,0.000179982,0.0,s_ma,c_ms,c_ms,interleaved
3,2.8411987e-06,0.0,s_ma,c_ms,c_ms,interleaved
3,5.585349e-07,0.0,s_ma,c_ms,c_ma,interleaved
3,1.2677144e-05,0.0,s_ma,c_ms,c_ma,interleaved
3,0.7240367,1.0,s_ms,c_ms,c_ms,interleaved
3,0.6570291,1.0,s_ms,c_ms,c_ma,interleaved
3,0.55370355,1.0,s_ms,c_ms,c_ms,interleaved
3,0.74693584,1.0,s_ms,c_ms,c_ma,interleaved
3,0.66126215,1.0,s_ms,c_ms,c_ms,interleaved
3,5.4416174e-05,0.0,s_ma,c_ma,c_ms,interleaved
3,1.9734543e-05,0.0,s_ma,c_ma,c_ms,interleaved
3,7.2578114e-06,0.0,s_ma,c_ma,c_ma,interleaved
3,7.8446334e-05,0.0,s_ma,c_ma,c_ma,interleaved
3,0.5332515,1.0,s_ms,c_ma,c_ma,interleaved
3,0.58425665,1.0,s_ms,c_ma,c_ms,interleaved
3,0.8565023,1.0,s_ms,c_ma,c_ms,interleaved
3,0.6568028,1.0,s_ms,c_ma,c_ma,interleaved
3,0.6748761,1.0,s_ms,c_ma,c_ms,interleaved
3,7.5705784e-06,0.0,s_ma,c_ms,c_ms,interleaved
3,0.0001936545,0.0,s_ma,c_ms,c_ma,interleaved
3,1.1299382e-05,0.0,s_ma,c_ms,c_ma,interleaved
3,3.3654749e-06,0.0,s_ma,c_ms,c_ms,interleaved
3,1.483761e-05,0.0,s_ma,c_ms,c_ms,interleaved
3,0.50449073,1.0,s_ms,c_ms,c_ma,interleaved
3,0.5385388,1.0,s_ms,c_ms,c_ms,interleaved
3,0.598681,1.0,s_ms,c_ms,c_ma,interleaved
3,0.7074747,1.0,s_ms,c_ms,c_ms,interleaved
3,0.5858389,1.0,s_ms,c_ms,c_ma,interleaved
3,4.7717334e-05,0.0,s_ma,c_ma,c_ma,interleaved
3,2.2333408e-05,0.0,s_ma,c_ma,c_ms,interleaved
3,5.864682e-06,0.0,s_ma,c_ma,c_ms,interleaved
3,0.00013560688,0.0,s_ma,c_ma,c_ms,interleaved
3,0.76790893,1.0,s_ms,c_ma,c_ms,interleaved
3,0.6920115,1.0,s_ms,c_ma,c_ma,interleaved
3,0.83604413,1.0,s_ms,c_ma,c_ma,interleaved
3,0.52822393,1.0,s_ms,c_ma,c_ms,interleaved
3,0.68921113,1.0,s_ms,c_ma,c_ma,interleaved
3,8.287271e-06,0.0,s_ma,c_ms,c_ma,interleaved
3,0.00010065059,0.0,s_ma,c_ms,c_ms,interleaved
3,7.5173334e-06,0.0,s_ma,c_ms,c_ms,interleaved
3,4.27991e-06,0.0,s_ma,c_ms,c_ma,interleaved
3,3.221183e-05,0.0,s_ma,c_ms,c_ma,interleaved
3,0.64488614,1.0,s_ms,c_ms,c_ms,interleaved
3,0.5773821,1.0,s_ms,c_ms,c_ma,interleaved
3,0.60228956,1.0,s_ms,c_ms,c_ms,interleaved
3,0.7289649,1.0,s_ms,c_ms,c_ma,interleaved
3,0.6341748,1.0,s_ms,c_ms,c_ms,interleaved
3,2.8105678e-05,0.0,s_ma,c_ma,c_ms,interleaved
3,6.6633447e-06,0.0,s_ma,c_ma,c_ma,interleaved
3,6.111268e-06,0.0,s_ma,c_ma,c_ms,interleaved
3,4.5038152e-05,0.0,s_ma,c_ma,c_ma,interleaved
3,0.7103894,1.0,s_ms,c_ma,c_ma,interleaved
3,0.6528212,1.0,s_ms,c_ma,c_ms,interleaved
3,0.872536,1.0,s_ms,c_ma,c_ms,interleaved
3,0.6980989,1.0,s_ms,c_ma,c_ma,interleaved
3,0.67294633,1.0,s_ms,c_ma,c_ms,interleaved
3,6.6113214e-05,0.0,s_ma,c_ms,c_ms,interleaved
3,1.36652725e-05,0.0,s_ma,c_ms,c_ma,interleaved
3,9.727716e-05,0.0,s_ma,c_ms,c_ma,interleaved
3,5.6369217e-06,0.0,s_ma,c_ms,c_ms,interleaved
3,7.103724e-05,0.0,s_ma,c_ms,c_ms,interleaved
3,0.70536196,1.0,s_ms,c_ms,c_ma,interleaved
3,0.7272709,1.0,s_ms,c_ms,c_ms,interleaved
3,0.68467647,1.0,s_ms,c_ms,c_ma,interleaved
3,0.80327666,1.0,s_ms,c_ms,c_ms,interleaved
3,0.69270945,1.0,s_ms,c_ms,c_ma,interleaved
3,4.1604704e-05,0.0,s_ma,c_ma,c_ms,interleaved
3,7.058816e-05,0.0,s_ma,c_ma,c_ma,interleaved
3,0.00013929563,0.0,s_ma,c_ma,c_ms,interleaved
3,4.3825963e-05,0.0,s_ma,c_ma,c_ma,interleaved
3,0.6426915,1.0,s_ms,c_ma,c_ma,interleaved
3,0.6356323,1.0,s_ms,c_ma,c_ms,interleaved
3,0.840624,1.0,s_ms,c_ma,c_ms,interleaved
3,0.56408507,1.0,s_ms,c_ma,c_ma,interleaved
3,0.67955095,1.0,s_ms,c_ma,c_ms,interleaved
3,3.386647e-05,0.0,s_ma,c_ms,c_ms,interleaved
3,0.00015865198,0.0,s_ma,c_ms,c_ma,interleaved
3,5.5474877e-05,0.0,s_ma,c_ms,c_ma,interleaved
3,2.0251314e-06,0.0,s_ma,c_ms,c_ms,interleaved
3,0.00012294082,0.0,s_ma,c_ms,c_ms,interleaved
3,0.70806813,1.0,s_ms,c_ms,c_ma,interleaved
3,0.7266495,1.0,s_ms,c_ms,c_ms,interleaved
3,0.6995755,1.0,s_ms,c_ms,c_ma,interleaved
3,0.78534967,1.0,s_ms,c_ms,c_ms,interleaved
3,0.66270673,1.0,s_ms,c_ms,c_ma,interleaved
3,0.074573256,0.0,s_ms,c_ma,c_ms,interleaved
3,0.2726807,0.0,s_ms,c_ma,c_ma,interleaved
3,0.11802853,0.0,s_ms,c_ma,c_ms,interleaved
3,0.138767,0.0,s_ms,c_ma,c_ma,interleaved
3,0.19539365,0.0,s_ms,c_ma,c_ma,interleaved
3,1.4993213e-06,0.0,s_ma,c_ma,c_ms,interleaved
3,1.8110205e-07,0.0,s_ma,c_ma,c_ms,interleaved
3,2.8286316e-08,0.0,s_ma,c_ma,c_ma,interleaved
3,4.060368e-07,0.0,s_ma,c_ma,c_ms,interleaved
3,0.19022241,0.0,s_ms,c_ms,c_ms,interleaved
3,0.14606419,0.0,s_ms,c_ms,c_ma,interleaved
3,0.29067844,0.0,s_ms,c_ms,c_ma,interleaved
3,0.2261501,0.0,s_ms,c_ms,c_ms,interleaved
3,0.13756816,0.0,s_ms,c_ms,c_ms,interleaved
3,9.409921e-07,0.0,s_ma,c_ms,c_ma,interleaved
3,6.128786e-06,0.0,s_ma,c_ms,c_ms,interleaved
3,3.3793205e-07,0.0,s_ma,c_ms,c_ma,interleaved
3,5.2262717e-06,0.0,s_ma,c_ms,c_ms,interleaved
3,9.269437e-07,0.0,s_ma,c_ms,c_ma,interleaved
3,0.11965014,0.0,s_ms,c_ma,c_ma,interleaved
3,0.24367107,0.0,s_ms,c_ma,c_ms,interleaved
3,0.20940065,0.0,s_ms,c_ma,c_ma,interleaved
3,0.17925686,0.0,s_ms,c_ma,c_ms,interleaved
3,0.18586673,0.0,s_ms,c_ma,c_ms,interleaved
3,1.4923532e-06,0.0,s_ma,c_ma,c_ms,interleaved
3,4.2947184e-07,0.0,s_ma,c_ma,c_ma,interleaved
3,2.2349022e-08,0.0,s_ma,c_ma,c_ms,interleaved
3,1.919152e-07,0.0,s_ma,c_ma,c_ma,interleaved
3,0.13811243,0.0,s_ms,c_ms,c_ma,interleaved
3,0.19724315,0.0,s_ms,c_ms,c_ms,interleaved
3,0.2721538,0.0,s_ms,c_ms,c_ms,interleaved
3,0.2823928,0.0,s_ms,c_ms,c_ma,interleaved
3,0.16033019,0.0,s_ms,c_ms,c_ma,interleaved
3,2.6117877e-07,0.0,s_ma,c_ms,c_ms,interleaved
3,4.497546e-06,0.0,s_ma,c_ms,c_ma,interleaved
3,1.6167297e-07,0.0,s_ma,c_ms,c_ms,interleaved
3,3.3671648e-07,0.0,s_ma,c_ms,c_ma,interleaved
3,7.893022e-07,0.0,s_ma,c_ms,c_ms,interleaved
3,0.08005805,0.0,s_ms,c_ma,c_ma,interleaved
3,0.06650218,0.0,s_ms,c_ma,c_ms,interleaved
3,0.081252836,0.0,s_ms,c_ma,c_ma,interleaved
3,0.06797524,0.0,s_ms,c_ma,c_ms,interleaved
3,0.07794562,0.0,s_ms,c_ma,c_ms,interleaved
3,1.8068926e-07,0.0,s_ma,c_ma,c_ms,interleaved
3,4.272446e-07,0.0,s_ma,c_ma,c_ma,interleaved
3,8.0318785e-08,0.0,s_ma,c_ma,c_ms,interleaved
3,2.0271605e-07,0.0,s_ma,c_ma,c_ma,interleaved
3,0.06946285,0.0,s_ms,c_ms,c_ma,interleaved
3,0.07685628,0.0,s_ms,c_ms,c_ms,interleaved
3,0.092324845,0.0,s_ms,c_ms,c_ms,interleaved
3,0.10206633,0.0,s_ms,c_ms,c_ma,interleaved
3,0.06441082,0.0,s_ms,c_ms,c_ma,interleaved
3,2.983313e-09,0.0,s_ma,c_ms,c_ms,interleaved
3,1.4974734e-07,0.0,s_ma,c_ms,c_ma,interleaved
3,5.4739915e-09,0.0,s_ma,c_ms,c_ms,interleaved
3,1.0546816e-07,0.0,s_ma,c_ms,c_ma,interleaved
3,2.2922891e-10,0.0,s_ma,c_ms,c_ms,interleaved
3,0.27643108,0.0,s_ms,c_ma,c_ms,interleaved
3,0.13847539,0.0,s_ms,c_ma,c_ma,interleaved
3,0.24801299,0.0,s_ms,c_ma,c_ms,interleaved
3,0.16228415,0.0,s_ms,c_ma,c_ma,interleaved
3,0.23082462,0.0,s_ms,c_ma,c_ma,interleaved
3,2.3409424e-08,0.0,s_ma,c_ma,c_ma,interleaved
3,1.826842e-08,0.0,s_ma,c_ma,c_ms,interleaved
3,7.922823e-08,0.0,s_ma,c_ma,c_ms,interleaved
3,5.2514184e-07,0.0,s_ma,c_ma,c_ms,interleaved
3,0.19047233,0.0,s_ms,c_ms,c_ms,interleaved
3,0.18466552,0.0,s_ms,c_ms,c_ma,interleaved
3,0.20488758,0.0,s_ms,c_ms,c_ma,interleaved
3,0.2668278,0.0,s_ms,c_ms,c_ms,interleaved
3,0.22428958,0.0,s_ms,c_ms,c_ms,interleaved
3,1.6787364e-09,0.0,s_ma,c_ms,c_ma,interleaved
3,6.900489e-08,0.0,s_ma,c_ms,c_ms,interleaved
3,1.6066505e-07,0.0,s_ma,c_ms,c_ma,interleaved
3,1.4429764e-07,0.0,s_ma,c_ms,c_ms,interleaved
3,2.7397837e-09,0.0,s_ma,c_ms,c_ma,interleaved
3,0.20385131,0.0,s_ms,c_ma,c_ma,interleaved
3,0.18342173,0.0,s_ms,c_ma,c_ms,interleaved
3,0.16244793,0.0,s_ms,c_ma,c_ma,interleaved
3,0.1831108,0.0,s_ms,c_ma,c_ms,interleaved
3,0.16988826,0.0,s_ms,c_ma,c_ms,interleaved
3,3.4381034e-07,0.0,s_ma,c_ma,c_ms,interleaved
3,1.895123e-07,0.0,s_ma,c_ma,c_ma,interleaved
3,2.0362302e-07,0.0,s_ma,c_ma,c_ma,interleaved
3,5.789053e-07,0.0,s_ma,c_ma,c_ms,interleaved
3,0.24858591,0.0,s_ms,c_ms,c_ma,interleaved
3,0.19168708,0.0,s_ms,c_ms,c_ms,interleaved
3,0.21788648,0.0,s_ms,c_ms,c_ms,interleaved
3,0.30237827,0.0,s_ms,c_ms,c_ma,interleaved
3,0.13954473,0.0,s_ms,c_ms,c_ma,interleaved
3,1.7341649e-06,0.0,s_ma,c_ms,c_ms,interleaved
3,2.9532503e-06,0.0,s_ma,c_ms,c_ma,interleaved
3,1.799277e-06,0.0,s_ma,c_ms,c_ms,interleaved
3,4.5662964e-06,0.0,s_ma,c_ms,c_ma,interleaved
3,1.4773731e-07,0.0,s_ma,c_ms,c_ms,interleaved
3,4.557519e-06,0.0,s_ma,c_ms,c_ma,interleaved
3,7.560746e-06,0.0,s_ma,c_ms,c_ms,interleaved
3,8.190864e-06,0.0,s_ma,c_ms,c_ma,interleaved
3,6.869389e-05,0.0,s_ma,c_ms,c_ms,interleaved
3,2.302819e-05,0.0,s_ma,c_ms,c_ms,interleaved
3,0.6544176,1.0,s_ms,c_ms,c_ms,interleaved
3,0.7236495,1.0,s_ms,c_ms,c_ma,interleaved
3,0.861892,1.0,s_ms,c_ms,c_ma,interleaved
3,0.644698,1.0,s_ms,c_ms,c_ms,interleaved
3,0.5945517,1.0,s_ms,c_ms,c_ma,interleaved
3,0.00013160642,0.0,s_ma,c_ma,c_ms,interleaved
3,0.00048529857,0.0,s_ma,c_ma,c_ms,interleaved
3,0.00016250579,0.0,s_ma,c_ma,c_ma,interleaved
3,1.8529048e-05,0.0,s_ma,c_ma,c_ma,interleaved
3,0.6684054,1.0,s_ms,c_ma,c_ms,interleaved
3,0.6781281,1.0,s_ms,c_ma,c_ma,interleaved
3,0.7013153,1.0,s_ms,c_ma,c_ms,interleaved
3,0.76095045,1.0,s_ms,c_ma,c_ma,interleaved
3,0.7209932,1.0,s_ms,c_ma,c_ms,interleaved
3,0.00020788336,0.0,s_ma,c_ms,c_ms,interleaved
3,0.00020204677,0.0,s_ma,c_ms,c_ma,interleaved
3,0.00012045056,0.0,s_ma,c_ms,c_ms,interleaved
3,1.485697e-05,0.0,s_ma,c_ms,c_ma,interleaved
3,0.00018585971,0.0,s_ma,c_ms,c_ma,interleaved
3,0.68151426,1.0,s_ms,c_ms,c_ma,interleaved
3,0.64124405,1.0,s_ms,c_ms,c_ms,interleaved
3,0.8394489,1.0,s_ms,c_ms,c_ms,interleaved
3,0.65874195,1.0,s_ms,c_ms,c_ma,interleaved
3,0.6166334,1.0,s_ms,c_ms,c_ms,interleaved
3,0.00012376667,0.0,s_ma,c_ma,c_ms,interleaved
3,4.9312413e-05,0.0,s_ma,c_ma,c_ma,interleaved
3,7.907727e-05,0.0,s_ma,c_ma,c_ms,interleaved
3,1.8030732e-05,0.0,s_ma,c_ma,c_ms,interleaved
3,0.5921187,1.0,s_ms,c_ma,c_ma,interleaved
3,0.59604084,1.0,s_ms,c_ma,c_ms,interleaved
3,0.6502042,1.0,s_ms,c_ma,c_ma,interleaved
3,0.7038025,1.0,s_ms,c_ma,c_ms,interleaved
3,0.6441502,1.0,s_ms,c_ma,c_ma,interleaved
3,2.3571647e-06,0.0,s_ma,c_ms,c_ms,interleaved
3,1.033009e-05,0.0,s_ma,c_ms,c_ma,interleaved
3,6.7240157e-06,0.0,s_ma,c_ms,c_ms,interleaved
3,9.667847e-05,0.0,s_ma,c_ms,c_ma,interleaved
3,4.3541444e-05,0.0,s_ma,c_ms,c_ma,interleaved
3,0.5095487,1.0,s_ms,c_ms,c_ma,interleaved
3,0.53844166,1.0,s_ms,c_ms,c_ms,interleaved
3,0.8159714,1.0,s_ms,c_ms,c_ms,interleaved
3,0.6156713,1.0,s_ms,c_ms,c_ma,interleaved
3,0.6258471,1.0,s_ms,c_ms,c_ms,interleaved
3,0.0004674183,0.0,s_ma,c_ma,c_ms,interleaved
3,4.7024816e-05,0.0,s_ma,c_ma,c_ma,interleaved
3,9.327979e-05,0.0,s_ma,c_ma,c_ms,interleaved
3,5.5330074e-06,0.0,s_ma,c_ma,c_ms,interleaved
3,0.58820516,1.0,s_ms,c_ma,c_ma,interleaved
3,0.6270373,1.0,s_ms,c_ma,c_ms,interleaved
3,0.62923765,1.0,s_ms,c_ma,c_ma,interleaved
3,0.7319381,1.0,s_ms,c_ma,c_ms,interleaved
3,0.58755004,1.0,s_ms,c_ma,c_ma,interleaved
3,4.6385006e-07,0.0,s_ma,c_ms,c_ma,interleaved
3,2.8662205e-06,0.0,s_ma,c_ms,c_ms,interleaved
3,4.066079e-06,0.0,s_ma,c_ms,c_ma,interleaved
3,5.7770203e-06,0.0,s_ma,c_ms,c_ms,interleaved
3,1.669482e-06,0.0,s_ma,c_ms,c_ms,interleaved
3,0.632661,1.0,s_ms,c_ms,c_ms,interleaved
3,0.5553878,1.0,s_ms,c_ms,c_ma,interleaved
3,0.8140131,1.0,s_ms,c_ms,c_ma,interleaved
3,0.54581285,1.0,s_ms,c_ms,c_ms,interleaved
3,0.50550306,1.0,s_ms,c_ms,c_ma,interleaved
3,0.00016521974,0.0,s_ma,c_ma,c_ma,interleaved
3,7.3770236e-05,0.0,s_ma,c_ma,c_ms,interleaved
3,9.344272e-05,0.0,s_ma,c_ma,c_ms,interleaved
3,4.809513e-06,0.0,s_ma,c_ma,c_ma,interleaved
3,0.54560375,1.0,s_ms,c_ma,c_ms,interleaved
3,0.5879035,1.0,s_ms,c_ma,c_ma,interleaved
3,0.52447903,1.0,s_ms,c_ma,c_ms,interleaved
3,0.6818285,1.0,s_ms,c_ma,c_ma,interleaved
3,0.6650688,1.0,s_ms,c_ma,c_ms,interleaved
3,1.1136401e-05,0.0,s_ma,c_ms,c_ma,interleaved
3,1.1640996e-05,0.0,s_ma,c_ms,c_ms,interleaved
3,3.265831e-05,0.0,s_ma,c_ms,c_ma,interleaved
3,7.2344126e-05,0.0,s_ma,c_ms,c_ms,interleaved
3,0.00015001836,0.0,s_ma,c_ms,c_ms,interleaved
3,0.71717924,1.0,s_ms,c_ms,c_ms,interleaved
3,0.7297974,1.0,s_ms,c_ms,c_ma,interleaved
3,0.8543235,1.0,s_ms,c_ms,c_ma,interleaved
3,0.58500177,1.0,s_ms,c_ms,c_ms,interleaved
3,0.71588767,1.0,s_ms,c_ms,c_ma,interleaved
3,1.7243017e-05,0.0,s_ma,c_ma,c_ma,interleaved
3,1.7301745e-05,0.0,s_ma,c_ma,c_ms,interleaved
3,5.509224e-06,0.0,s_ma,c_ma,c_ms,interleaved
3,4.7596827e-06,0.0,s_ma,c_ma,c_ma,interleaved
3,0.74300516,1.0,s_ms,c_ma,c_ms,interleaved
3,0.6984966,1.0,s_ms,c_ma,c_ma,interleaved
3,0.6779006,1.0,s_ms,c_ma,c_ms,interleaved
3,0.73194325,1.0,s_ms,c_ma,c_ma,interleaved
3,0.6888895,1.0,s_ms,c_ma,c_ms,interleaved
3,0.12407567,0.0,s_ms,c_ms,c_ms,interleaved
3,0.26086363,0.0,s_ms,c_ms,c_ma,interleaved
3,0.18789335,0.0,s_ms,c_ms,c_ms,interleaved
3,0.18499666,0.0,s_ms,c_ms,c_ma,interleaved
3,0.13387725,0.0,s_ms,c_ms,c_ma,interleaved
3,1.1006546e-06,0.0,s_ma,c_ms,c_ma,interleaved
3,2.593223e-07,0.0,s_ma,c_ms,c_ms,interleaved
3,3.1777077e-09,0.0,s_ma,c_ms,c_ms,interleaved
3,6.108637e-08,0.0,s_ma,c_ms,c_ma,interleaved
3,1.7490938e-06,0.0,s_ma,c_ms,c_ms,interleaved
3,0.2213075,0.0,s_ms,c_ma,c_ms,interleaved
3,0.22599645,0.0,s_ms,c_ma,c_ma,interleaved
3,0.2784957,0.0,s_ms,c_ma,c_ma,interleaved
3,0.28431982,0.0,s_ms,c_ma,c_ms,interleaved
3,0.15359367,0.0,s_ms,c_ma,c_ms,interleaved
3,6.379887e-07,0.0,s_ma,c_ma,c_ms,interleaved
3,5.4879206e-07,0.0,s_ma,c_ma,c_ma,interleaved
3,1.1876142e-07,0.0,s_ma,c_ma,c_ms,interleaved
3,1.5304624e-06,0.0,s_ma,c_ma,c_ma,interleaved
3,0.17506835,0.0,s_ms,c_ms,c_ma,interleaved
3,0.23736891,0.0,s_ms,c_ms,c_ms,interleaved
3,0.24840203,0.0,s_ms,c_ms,c_ma,interleaved
3,0.14895317,0.0,s_ms,c_ms,c_ms,interleaved
3,0.12942553,0.0,s_ms,c_ms,c_ms,interleaved
3,6.731857e-06,0.0,s_ma,c_ms,c_ms,interleaved
3,4.392956e-06,0.0,s_ma,c_ms,c_ma,interleaved
3,1.49199e-07,0.0,s_ma,c_ms,c_ma,interleaved
3,6.886526e-08,0.0,s_ma,c_ms,c_ms,interleaved
3,2.8122802e-06,0.0,s_ma,c_ms,c_ma,interleaved
3,0.20363367,0.0,s_ms,c_ma,c_ma,interleaved
3,0.23837514,0.0,s_ms,c_ma,c_ms,interleaved
3,0.24795812,0.0,s_ms,c_ma,c_ms,interleaved
3,0.2635433,0.0,s_ms,c_ma,c_ma,interleaved
3,0.18763378,0.0,s_ms,c_ma,c_ma,interleaved
3,6.999527e-07,0.0,s_ma,c_ma,c_ms,interleaved
3,5.3695356e-07,0.0,s_ma,c_ma,c_ms,interleaved
3,6.58433e-08,0.0,s_ma,c_ma,c_ma,interleaved
3,3.259206e-07,0.0,s_ma,c_ma,c_ms,interleaved
3,0.24015081,0.0,s_ms,c_ms,c_ms,interleaved
3,0.21981743,0.0,s_ms,c_ms,c_ma,interleaved
3,0.21017507,0.0,s_ms,c_ms,c_ms,interleaved
3,0.19881904,0.0,s_ms,c_ms,c_ma,interleaved
3,0.17154,0.0,s_ms,c_ms,c_ma,interleaved
3,3.372824e-07,0.0,s_ma,c_ms,c_ma,interleaved
3,1.6065569e-07,0.0,s_ma,c_ms,c_ms,interleaved
3,5.4825495e-09,0.0,s_ma,c_ms,c_ms,interleaved
3,1.5796817e-07,0.0,s_ma,c_ms,c_ma,interleaved
3,1.5799844e-06,0.0,s_ma,c_ms,c_ms,interleaved
3,0.19054493,0.0,s_ms,c_ma,c_ms,interleaved
3,0.22611247,0.0,s_ms,c_ma,c_ma,interleaved
3,0.23664081,0.0,s_ms,c_ma,c_ma,interleaved
3,0.29274166,0.0,s_ms,c_ma,c_ms,interleaved
3,0.19707432,0.0,s_ms,c_ma,c_ms,interleaved
3,6.2669096e-07,0.0,s_ma,c_ma,c_ma,interleaved
3,5.675023e-07,0.0,s_ma,c_ma,c_ms,interleaved
3,2.0448065e-06,0.0,s_ma,c_ma,c_ms,interleaved
3,6.534497e-07,0.0,s_ma,c_ma,c_ma,interleaved
3,0.11729854,0.0,s_ms,c_ms,c_ma,interleaved
3,0.12583694,0.0,s_ms,c_ms,c_ms,interleaved
3,0.13285218,0.0,s_ms,c_ms,c_ma,interleaved
3,0.11386013,0.0,s_ms,c_ms,c_ms,interleaved
3,0.10691157,0.0,s_ms,c_ms,c_ms,interleaved
3,5.51795e-06,0.0,s_ma,c_ms,c_ms,interleaved
3,3.4910573e-07,0.0,s_ma,c_ms,c_ma,interleaved
3,4.2237268e-08,0.0,s_ma,c_ms,c_ma,interleaved
3,1.4280002e-07,0.0,s_ma,c_ms,c_ms,interleaved
3,4.2875217e-06,0.0,s_ma,c_ms,c_ma,interleaved
3,0.14326338,0.0,s_ms,c_ma,c_ma,interleaved
3,0.17197824,0.0,s_ms,c_ma,c_ms,interleaved
3,0.13913247,0.0,s_ms,c_ma,c_ms,interleaved
3,0.18428776,0.0,s_ms,c_ma,c_ma,interleaved
3,0.14943023,0.0,s_ms,c_ma,c_ma,interleaved
3,1.2096768e-07,0.0,s_ma,c_ma,c_ms,interleaved
3,6.662658e-08,0.0,s_ma,c_ma,c_ma,interleaved
3,1.8681634e-06,0.0,s_ma,c_ma,c_ms,interleaved
3,1.2667562e-07,0.0,s_ma,c_ma,c_ms,interleaved
3,0.19756424,0.0,s_ms,c_ms,c_ms,interleaved
3,0.23818839,0.0,s_ms,c_ms,c_ma,interleaved
3,0.1935887,0.0,s_ms,c_ms,c_ms,interleaved
3,0.1866111,0.0,s_ms,c_ms,c_ma,interleaved
3,0.18930903,0.0,s_ms,c_ms,c_ma,interleaved
3,9.2392764e-07,0.0,s_ma,c_ms,c_ma,interleaved
3,8.7553195e-07,0.0,s_ma,c_ms,c_ms,interleaved
3,2.2397177e-10,0.0,s_ma,c_ms,c_ms,interleaved
3,2.8097247e-09,0.0,s_ma,c_ms,c_ma,interleaved
3,1.398192e-07,0.0,s_ma,c_ms,c_ms,interleaved
3,0.17056692,0.0,s_ms,c_ma,c_ms,interleaved
3,0.21987075,0.0,s_ms,c_ma,c_ma,interleaved
3,0.2726732,0.0,s_ms,c_ma,c_ma,interleaved
3,0.21538374,0.0,s_ms,c_ma,c_ms,interleaved
3,0.21003093,0.0,s_ms,c_ma,c_ms,interleaved
3,1.4763428e-06,0.0,s_ma,c_ma,c_ma,interleaved
3,3.890351e-07,0.0,s_ma,c_ma,c_ms,interleaved
3,5.517732e-07,0.0,s_ma,c_ma,c_ma,interleaved
3,1.263991e-07,0.0,s_ma,c_ma,c_ms,interleaved
3,5.293771e-05,0.0,s_ma,c_ma,c_ms,random
3,5.432132e-05,0.0,s_ma,c_ma,c_ma,random
3,2.86751e-05,0.0,s_ma,c_ma,c_ms,random
3,4.1447445e-05,0.0,s_ma,c_ma,c_ms,random
3,0.82763684,1.0,s_ms,c_ma,c_ms,random
3,0.7619833,1.0,s_ms,c_ma,c_ma,random
3,0.8439715,1.0,s_ms,c_ma,c_ma,random
3,0.51545477,1.0,s_ms,c_ma,c_ms,random
3,0.6389009,1.0,s_ms,c_ma,c_ma,random
3,4.6620407e-06,0.0,s_ma,c_ms,c_ma,random
3,0.00017799146,0.0,s_ma,c_ms,c_ms,random
3,2.6736002e-06,0.0,s_ma,c_ms,c_ms,random
3,5.426428e-07,0.0,s_ma,c_ms,c_ma,random
3,1.2467901e-05,0.0,s_ma,c_ms,c_ma,random
3,0.72325265,1.0,s_ms,c_ms,c_ms,random
3,0.6576185,1.0,s_ms,c_ms,c_ma,random
3,0.5529854,1.0,s_ms,c_ms,c_ms,random
3,0.747124,1.0,s_ms,c_ms,c_ma,random
3,0.6607134,1.0,s_ms,c_ms,c_ms,random
3,5.385386e-05,0.0,s_ma,c_ma,c_ms,random
3,1.9152743e-05,0.0,s_ma,c_ma,c_ms,random
3,7.109053e-06,0.0,s_ma,c_ma,c_ma,random
3,7.815578e-05,0.0,s_ma,c_ma,c_ma,random
3,0.53323984,1.0,s_ms,c_ma,c_ma,random
3,0.58429843,1.0,s_ms,c_ma,c_ms,random
3,0.8554257,1.0,s_ms,c_ma,c_ms,random
3,0.65512264,1.0,s_ms,c_ma,c_ma,random
3,0.67454195,1.0,s_ms,c_ma,c_ms,random
3,7.494598e-06,0.0,s_ma,c_ms,c_ms,random
3,0.00019182802,0.0,s_ma,c_ms,c_ma,random
3,1.123266e-05,0.0,s_ma,c_ms,c_ma,random
3,3.286551e-06,0.0,s_ma,c_ms,c_ms,random
3,1.4650203e-05,0.0,s_ma,c_ms,c_ms,random
3,0.50256455,1.0,s_ms,c_ms,c_ma,random
3,0.5362086,1.0,s_ms,c_ms,c_ms,random
3,0.5977568,1.0,s_ms,c_ms,c_ma,random
3,0.7057655,1.0,s_ms,c_ms,c_ms,random
3,0.58478904,1.0,s_ms,c_ms,c_ma,random
3,4.7453756e-05,0.0,s_ma,c_ma,c_ma,random
3,2.1571508e-05,0.0,s_ma,c_ma,c_ms,random
3,5.806704e-06,0.0,s_ma,c_ma,c_ms,random
3,0.00013173855,0.0,s_ma,c_ma,c_ms,random
3,0.7674367,1.0,s_ms,c_ma,c_ms,random
3,0.6915035,1.0,s_ms,c_ma,c_ma,random
3,0.83563584,1.0,s_ms,c_ma,c_ma,random
3,0.52575386,1.0,s_ms,c_ma,c_ms,random
3,0.6883614,1.0,s_ms,c_ma,c_ma,random
3,8.261104e-06,0.0,s_ma,c_ms,c_ma,random
3,0.00010066483,0.0,s_ma,c_ms,c_ms,random
3,7.4588706e-06,0.0,s_ma,c_ms,c_ms,random
3,4.2617457e-06,0.0,s_ma,c_ms,c_ma,random
3,3.171024e-05,0.0,s_ma,c_ms,c_ma,random
3,0.6451353,1.0,s_ms,c_ms,c_ms,random
3,0.5763106,1.0,s_ms,c_ms,c_ma,random
3,0.60177934,1.0,s_ms,c_ms,c_ms,random
3,0.7279786,1.0,s_ms,c_ms,c_ma,random
3,0.6335763,1.0,s_ms,c_ms,c_ms,random
3,2.687817e-05,0.0,s_ma,c_ma,c_ms,random
3,6.4620676e-06,0.0,s_ma,c_ma,c_ma,random
3,5.998337e-06,0.0,s_ma,c_ma,c_ms,random
3,4.3390206e-05,0.0,s_ma,c_ma,c_ma,random
3,0.7073697,1.0,s_ms,c_ma,c_ma,random
3,0.6504283,1.0,s_ms,c_ma,c_ms,random
3,0.8719219,1.0,s_ms,c_ma,c_ms,random
3,0.6982823,1.0,s_ms,c_ma,c_ma,random
3,0.6735842,1.0,s_ms,c_ma,c_ms,random
3,6.5768705e-05,0.0,s_ma,c_ms,c_ms,random
3,1.345362e-05,0.0,s_ma,c_ms,c_ma,random
3,9.7929624e-05,0.0,s_ma,c_ms,c_ma,random
3,5.5555815e-06,0.0,s_ma,c_ms,c_ms,random
3,7.1264156e-05,0.0,s_ma,c_ms,c_ms,random
3,0.7038559,1.0,s_ms,c_ms,c_ma,random
3,0.72724414,1.0,s_ms,c_ms,c_ms,random
3,0.68327993,1.0,s_ms,c_ms,c_ma,random
3,0.803854,1.0,s_ms,c_ms,c_ms,random
3,0.6921177,1.0,s_ms,c_ms,c_ma,random
3,4.0620907e-05,0.0,s_ma,c_ma,c_ms,random
3,7.029665e-05,0.0,s_ma,c_ma,c_ma,random
3,0.00013563877,0.0,s_ma,c_ma,c_ms,random
3,4.2315573e-05,0.0,s_ma,c_ma,c_ma,random
3,0.6441784,1.0,s_ms,c_ma,c_ma,random
3,0.63503975,1.0,s_ms,c_ma,c_ms,random
3,0.84087855,1.0,s_ms,c_ma,c_ms,random
3,0.56382954,1.0,s_ms,c_ma,c_ma,random
3,0.67718446,1.0,s_ms,c_ma,c_ms,random
3,3.3628094e-05,0.0,s_ma,c_ms,c_ms,random
3,0.00015640953,0.0,s_ma,c_ms,c_ma,random
3,5.456686e-05,0.0,s_ma,c_ms,c_ma,random
3,1.92318e-06,0.0,s_ma,c_ms,c_ms,random
3,0.000118217235,0.0,s_ma,c_ms,c_ms,random
3,0.7070583,1.0,s_ms,c_ms,c_ma,random
3,0.7260703,1.0,s_ms,c_ms,c_ms,random
3,0.6989449,1.0,s_ms,c_ms,c_ma,random
3,0.7850807,1.0,s_ms,c_ms,c_ms,random
3,0.66164255,1.0,s_ms,c_ms,c_ma,random
3,0.07451574,0.0,s_ms,c_ma,c_ms,random
3,0.27273715,0.0,s_ms,c_ma,c_ma,random
3,0.11817755,0.0,s_ms,c_ma,c_ms,random
3,0.14033848,0.0,s_ms,c_ma,c_ma,random
3,0.19439769,0.0,s_ms,c_ma,c_ma,random
3,1.4956929e-06,0.0,s_ma,c_ma,c_ms,random
3,1.8110215e-07,0.0,s_ma,c_ma,c_ms,random
3,2.8210133e-08,0.0,s_ma,c_ma,c_ma,random
3,4.060256e-07,0.0,s_ma,c_ma,c_ms,random
3,0.19102405,0.0,s_ms,c_ms,c_ms,random
3,0.14707893,0.0,s_ms,c_ms,c_ma,random
3,0.29282385,0.0,s_ms,c_ms,c_ma,random
3,0.22721662,0.0,s_ms,c_ms,c_ms,random
3,0.13811156,0.0,s_ms,c_ms,c_ms,random
3,9.368933e-07,0.0,s_ma,c_ms,c_ma,random
3,6.122658e-06,0.0,s_ma,c_ms,c_ms,random
3,2.7790583e-07,0.0,s_ma,c_ms,c_ma,random
3,5.2177893e-06,0.0,s_ma,c_ms,c_ms,random
3,9.282874e-07,0.0,s_ma,c_ms,c_ma,random
3,0.11927337,0.0,s_ms,c_ma,c_ma,random
3,0.24298865,0.0,s_ms,c_ma,c_ms,random
3,0.20965368,0.0,s_ms,c_ma,c_ma,random
3,0.18043597,0.0,s_ms,c_ma,c_ms,random
3,0.18618098,0.0,s_ms,c_ma,c_ms,random
3,1.4866378e-06,0.0,s_ma,c_ma,c_ms,random
3,4.294406e-07,0.0,s_ma,c_ma,c_ma,random
3,2.1985166e-08,0.0,s_ma,c_ma,c_ms,random
3,1.919094e-07,0.0,s_ma,c_ma,c_ma,random
3,0.13865426,0.0,s_ms,c_ms,c_ma,random
3,0.19831038,0.0,s_ms,c_ms,c_ms,random
3,0.27303058,0.0,s_ms,c_ms,c_ms,random
3,0.2835827,0.0,s_ms,c_ms,c_ma,random
3,0.16102873,0.0,s_ms,c_ms,c_ma,random
3,2.6073573e-07,0.0,s_ma,c_ms,c_ms,random
3,4.4378057e-06,0.0,s_ma,c_ms,c_ma,random
3,1.0231861e-07,0.0,s_ma,c_ms,c_ms,random
3,3.332031e-07,0.0,s_ma,c_ms,c_ma,random
3,7.7251144e-07,0.0,s_ma,c_ms,c_ms,random
3,0.079728484,0.0,s_ms,c_ma,c_ma,random
3,0.06663637,0.0,s_ms,c_ma,c_ms,random
3,0.08134794,0.0,s_ms,c_ma,c_ma,random
3,0.068308495,0.0,s_ms,c_ma,c_ms,random
3,0.07778391,0.0,s_ms,c_ma,c_ms,random
3,1.8069588e-07,0.0,s_ma,c_ma,c_ms,random
3,4.2723033e-07,0.0,s_ma,c_ma,c_ma,random
3,8.003603e-08,0.0,s_ma,c_ma,c_ms,random
3,2.0295393e-07,0.0,s_ma,c_ma,c_ma,random
3,0.069594875,0.0,s_ms,c_ms,c_ma,random
3,0.077031985,0.0,s_ms,c_ms,c_ms,random
3,0.092698395,0.0,s_ms,c_ms,c_ms,random
3,0.10225713,0.0,s_ms,c_ms,c_ma,random
3,0.06472273,0.0,s_ms,c_ms,c_ma,random
3,2.9449254e-09,0.0,s_ma,c_ms,c_ms,random
3,1.4838966e-07,0.0,s_ma,c_ms,c_ma,random
3,5.389496e-09,0.0,s_ma,c_ms,c_ms,random
3,1.0349632e-07,0.0,s_ma,c_ms,c_ma,random
3,2.2818328e-10,0.0,s_ma,c_ms,c_ms,random
3,0.27652648,0.0,s_ms,c_ma,c_ms,random
3,0.13834153,0.0,s_ms,c_ma,c_ma,random
3,0.24932417,0.0,s_ms,c_ma,c_ms,random
3,0.16227408,0.0,s_ms,c_ma,c_ma,random
3,0.23133376,0.0,s_ms,c_ma,c_ma,random
3,2.3337027e-08,0.0,s_ma,c_ma,c_ma,random
3,1.796788e-08,0.0,s_ma,c_ma,c_ms,random
3,1.9313818e-08,0.0,s_ma,c_ma,c_ms,random
3,5.23587e-07,0.0,s_ma,c_ma,c_ms,random
3,0.19026586,0.0,s_ms,c_ms,c_ms,random
3,0.18283719,0.0,s_ms,c_ms,c_ma,random
3,0.20621319,0.0,s_ms,c_ms,c_ma,random
3,0.26686692,0.0,s_ms,c_ms,c_ms,random
3,0.22568655,0.0,s_ms,c_ms,c_ms,random
3,1.6259114e-09,0.0,s_ma,c_ms,c_ma,random
3,6.866113e-08,0.0,s_ma,c_ms,c_ms,random
3,1.552225e-07,0.0,s_ma,c_ms,c_ma,random
3,1.4011619e-07,0.0,s_ma,c_ms,c_ms,random
3,2.6271463e-09,0.0,s_ma,c_ms,c_ma,random
3,0.20470424,0.0,s_ms,c_ma,c_ma,random
3,0.18341807,0.0,s_ms,c_ma,c_ms,random
3,0.16278622,0.0,s_ms,c_ma,c_ma,random
3,0.18208444,0.0,s_ms,c_ma,c_ms,random
3,0.17161685,0.0,s_ms,c_ma,c_ms,random
3,3.4392218e-07,0.0,s_ma,c_ma,c_ms,random
3,1.8951317e-07,0.0,s_ma,c_ma,c_ma,random
3,2.0386389e-07,0.0,s_ma,c_ma,c_ma,random
3,5.774573e-07,0.0,s_ma,c_ma,c_ms,random
3,0.24907205,0.0,s_ms,c_ms,c_ma,random
3,0.1908472,0.0,s_ms,c_ms,c_ms,random
3,0.21842355,0.0,s_ms,c_ms,c_ms,random
3,0.3045795,0.0,s_ms,c_ms,c_ma,random
3,0.14034025,0.0,s_ms,c_ms,c_ma,random
3,1.7346628e-06,0.0,s_ma,c_ms,c_ms,random
3,2.9319074e-06,0.0,s_ma,c_ms,c_ma,random
3,1.7934398e-06,0.0,s_ma,c_ms,c_ms,random
3,4.4994263e-06,0.0,s_ma,c_ms,c_ma,random
3,1.4756635e-07,0.0,s_ma,c_ms,c_ms,random
3,4.4802487e-06,0.0,s_ma,c_ms,c_ma,random
3,7.4851923e-06,0.0,s_ma,c_ms,c_ms,random
3,8.167759e-06,0.0,s_ma,c_ms,c_ma,random
3,6.8286434e-05,0.0,s_ma,c_ms,c_ms,random
3,2.2773436e-05,0.0,s_ma,c_ms,c_ms,random
3,0.6528151,1.0,s_ms,c_ms,c_ms,random
3,0.72235423,1.0,s_ms,c_ms,c_ma,random
3,0.8615308,1.0,s_ms,c_ms,c_ma,random
3,0.6435144,1.0,s_ms,c_ms,c_ms,random
3,0.59406894,1.0,s_ms,c_ms,c_ma,random
3,0.00012660901,0.0,s_ma,c_ma,c_ms,random
3,0.00047730634,0.0,s_ma,c_ma,c_ms,random
3,0.00015132017,0.0,s_ma,c_ma,c_ma,random
3,1.82215e-05,0.0,s_ma,c_ma,c_ma,random
3,0.66729105,1.0,s_ms,c_ma,c_ms,random
3,0.6787289,1.0,s_ms,c_ma,c_ma,random
3,0.7006403,1.0,s_ms,c_ma,c_ms,random
3,0.7622068,1.0,s_ms,c_ma,c_ma,random
3,0.72194237,1.0,s_ms,c_ma,c_ms,random
3,0.00020552834,0.0,s_ma,c_ms,c_ms,random
3,0.00019992227,0.0,s_ma,c_ms,c_ma,random
3,0.00012019523,0.0,s_ma,c_ms,c_ms,random
3,1.46400525e-05,0.0,s_ma,c_ms,c_ma,random
3,0.00018226288,0.0,s_ma,c_ms,c_ma,random
3,0.6791223,1.0,s_ms,c_ms,c_ma,random
3,0.6394276,1.0,s_ms,c_ms,c_ms,random
3,0.8390869,1.0,s_ms,c_ms,c_ms,random
3,0.65930116,1.0,s_ms,c_ms,c_ma,random
3,0.61731863,1.0,s_ms,c_ms,c_ms,random
3,0.000118949814,0.0,s_ma,c_ma,c_ms,random
3,4.7006066e-05,0.0,s_ma,c_ma,c_ma,random
3,7.3172516e-05,0.0,s_ma,c_ma,c_ms,random
3,1.7193212e-05,0.0,s_ma,c_ma,c_ms,random
3,0.5922602,1.0,s_ms,c_ma,c_ma,random
3,0.59663177,1.0,s_ms,c_ma,c_ms,random
3,0.65030974,1.0,s_ms,c_ma,c_ma,random
3,0.70422554,1.0,s_ms,c_ma,c_ms,random
3,0.6438267,1.0,s_ms,c_ma,c_ma,random
3,2.1658536e-06,0.0,s_ma,c_ms,c_ms,random
3,1.0268614e-05,0.0,s_ma,c_ms,c_ma,random
3,6.6467974e-06,0.0,s_ma,c_ms,c_ms,random
3,9.72578e-05,0.0,s_ma,c_ms,c_ma,random
3,4.296146e-05,0.0,s_ma,c_ms,c_ma,random
3,0.50620747,1.0,s_ms,c_ms,c_ma,random
3,0.5367998,1.0,s_ms,c_ms,c_ms,random
3,0.8153958,1.0,s_ms,c_ms,c_ms,random
3,0.6150864,1.0,s_ms,c_ms,c_ma,random
3,0.62474,1.0,s_ms,c_ms,c_ms,random
3,0.0004592044,0.0,s_ma,c_ma,c_ms,random
3,4.4916305e-05,0.0,s_ma,c_ma,c_ma,random
3,9.060596e-05,0.0,s_ma,c_ma,c_ms,random
3,5.4098364e-06,0.0,s_ma,c_ma,c_ms,random
3,0.5878819,1.0,s_ms,c_ma,c_ma,random
3,0.62901473,1.0,s_ms,c_ma,c_ms,random
3,0.6284895,1.0,s_ms,c_ma,c_ma,random
3,0.7326795,1.0,s_ms,c_ma,c_ms,random
3,0.5872033,1.0,s_ms,c_ma,c_ma,random
3,4.487503e-07,0.0,s_ma,c_ms,c_ma,random
3,2.8462691e-06,0.0,s_ma,c_ms,c_ms,random
3,4.043592e-06,0.0,s_ma,c_ms,c_ma,random
3,5.750884e-06,0.0,s_ma,c_ms,c_ms,random
3,1.5775246e-06,0.0,s_ma,c_ms,c_ms,random
3,0.6309304,1.0,s_ms,c_ms,c_ms,random
3,0.55388236,1.0,s_ms,c_ms,c_ma,random
3,0.8136445,1.0,s_ms,c_ms,c_ma,random
3,0.5459155,1.0,s_ms,c_ms,c_ms,random
3,0.503671,1.0,s_ms,c_ms,c_ma,random
3,0.00015359443,0.0,s_ma,c_ma,c_ma,random
3,6.83456e-05,0.0,s_ma,c_ma,c_ms,random
3,9.059606e-05,0.0,s_ma,c_ma,c_ms,random
3,4.5990037e-06,0.0,s_ma,c_ma,c_ma,random
3,0.54567677,1.0,s_ms,c_ma,c_ms,random
3,0.58923775,1.0,s_ms,c_ma,c_ma,random
3,0.5236248,1.0,s_ms,c_ma,c_ms,random
3,0.68152565,1.0,s_ms,c_ma,c_ma,random
3,0.6647588,1.0,s_ms,c_ma,c_ms,random
3,1.0909106e-05,0.0,s_ma,c_ms,c_ma,random
3,1.1469007e-05,0.0,s_ma,c_ms,c_ms,random
3,3.2152217e-05,0.0,s_ma,c_ms,c_ma,random
3,7.2995615e-05,0.0,s_ma,c_ms,c_ms,random
3,0.00014427037,0.0,s_ma,c_ms,c_ms,random
3,0.71652955,1.0,s_ms,c_ms,c_ms,random
3,0.7286592,1.0,s_ms,c_ms,c_ma,random
3,0.85358334,1.0,s_ms,c_ms,c_ma,random
3,0.58333755,1.0,s_ms,c_ms,c_ms,random
3,0.714107,1.0,s_ms,c_ms,c_ma,random
3,1.6915426e-05,0.0,s_ma,c_ma,c_ma,random
3,1.6560914e-05,0.0,s_ma,c_ma,c_ms,random
3,5.394075e-06,0.0,s_ma,c_ma,c_ms,random
3,4.6120763e-06,0.0,s_ma,c_ma,c_ma,random
3,0.7423405,1.0,s_ms,c_ma,c_ms,random
3,0.7012117,1.0,s_ms,c_ma,c_ma,random
3,0.6777606,1.0,s_ms,c_ma,c_ms,random
3,0.73335516,1.0,s_ms,c_ma,c_ma,random
3,0.68909097,1.0,s_ms,c_ma,c_ms,random
3,0.124397054,0.0,s_ms,c_ms,c_ms,random
3,0.262976,0.0,s_ms,c_ms,c_ma,random
3,0.1877236,0.0,s_ms,c_ms,c_ms,random
3,0.18614124,0.0,s_ms,c_ms,c_ma,random
3,0.13422251,0.0,s_ms,c_ms,c_ma,random
3,1.1564331e-06,0.0,s_ma,c_ms,c_ma,random
3,2.588998e-07,0.0,s_ma,c_ms,c_ms,random
3,3.1279168e-09,0.0,s_ma,c_ms,c_ms,random
3,6.1039025e-08,0.0,s_ma,c_ms,c_ma,random
3,1.749433e-06,0.0,s_ma,c_ms,c_ms,random
3,0.22204444,0.0,s_ms,c_ma,c_ms,random
3,0.22538981,0.0,s_ms,c_ma,c_ma,random
3,0.27849644,0.0,s_ms,c_ma,c_ma,random
3,0.28387555,0.0,s_ms,c_ma,c_ms,random
3,0.15395409,0.0,s_ms,c_ma,c_ms,random
3,6.364635e-07,0.0,s_ma,c_ma,c_ms,random
3,5.4242344e-07,0.0,s_ma,c_ma,c_ma,random
3,1.16753405e-07,0.0,s_ma,c_ma,c_ms,random
3,1.5884044e-06,0.0,s_ma,c_ma,c_ma,random
3,0.17503169,0.0,s_ms,c_ms,c_ma,random
3,0.2374223,0.0,s_ms,c_ms,c_ms,random
3,0.24908002,0.0,s_ms,c_ms,c_ma,random
3,0.1487194,0.0,s_ms,c_ms,c_ms,random
3,0.12956415,0.0,s_ms,c_ms,c_ms,random
3,6.6668736e-06,0.0,s_ma,c_ms,c_ms,random
3,4.2738498e-06,0.0,s_ma,c_ms,c_ma,random
3,1.4756921e-07,0.0,s_ma,c_ms,c_ma,random
3,6.8489484e-08,0.0,s_ma,c_ms,c_ms,random
3,2.7889544e-06,0.0,s_ma,c_ms,c_ma,random
3,0.2027582,0.0,s_ms,c_ma,c_ma,random
3,0.23751116,0.0,s_ms,c_ma,c_ms,random
3,0.2458796,0.0,s_ms,c_ma,c_ms,random
3,0.2614641,0.0,s_ms,c_ma,c_ma,random
3,0.18544221,0.0,s_ms,c_ma,c_ma,random
3,6.982923e-07,0.0,s_ma,c_ma,c_ms,random
3,5.2864635e-07,0.0,s_ma,c_ma,c_ms,random
3,6.55446e-08,0.0,s_ma,c_ma,c_ma,random
3,3.24954e-07,0.0,s_ma,c_ma,c_ms,random
3,0.24050018,0.0,s_ms,c_ms,c_ms,random
3,0.22039846,0.0,s_ms,c_ms,c_ma,random
3,0.21061747,0.0,s_ms,c_ms,c_ms,random
3,0.19973612,0.0,s_ms,c_ms,c_ma,random
3,0.17213258,0.0,s_ms,c_ms,c_ma,random
3,3.3680183e-07,0.0,s_ma,c_ms,c_ma,random
3,1.6071368e-07,0.0,s_ma,c_ms,c_ms,random
3,5.3806932e-09,0.0,s_ma,c_ms,c_ms,random
3,1.5252844e-07,0.0,s_ma,c_ms,c_ma,random
3,1.573016e-06,0.0,s_ma,c_ms,c_ms,random
3,0.19080988,0.0,s_ms,c_ma,c_ms,random
3,0.22582366,0.0,s_ms,c_ma,c_ma,random
3,0.237,0.0,s_ms,c_ma,c_ma,random
3,0.29299492,0.0,s_ms,c_ma,c_ms,random
3,0.19725913,0.0,s_ms,c_ma,c_ms,random
3,6.206558e-07,0.0,s_ma,c_ma,c_ma,random
3,5.5935317e-07,0.0,s_ma,c_ma,c_ms,random
3,1.9926842e-06,0.0,s_ma,c_ma,c_ms,random
3,6.5263947e-07,0.0,s_ma,c_ma,c_ma,random
3,0.11729048,0.0,s_ms,c_ms,c_ma,random
3,0.1256232,0.0,s_ms,c_ms,c_ms,random
3,0.13344888,0.0,s_ms,c_ms,c_ma,random
3,0.11319624,0.0,s_ms,c_ms,c_ms,random
3,0.10723874,0.0,s_ms,c_ms,c_ms,random
3,5.5078945e-06,0.0,s_ma,c_ms,c_ms,random
3,3.454481e-07,0.0,s_ma,c_ms,c_ma,random
3,4.0364935e-08,0.0,s_ma,c_ms,c_ma,random
3,1.3861666e-07,0.0,s_ma,c_ms,c_ms,random
3,4.2217516e-06,0.0,s_ma,c_ms,c_ma,random
3,0.14236128,0.0,s_ms,c_ma,c_ma,random
3,0.17123881,0.0,s_ms,c_ma,c_ms,random
3,0.13799989,0.0,s_ms,c_ma,c_ms,random
3,0.1838912,0.0,s_ms,c_ma,c_ma,random
3,0.14802861,0.0,s_ms,c_ma,c_ma,random
3,1.18964586e-07,0.0,s_ma,c_ma,c_ms,random
3,6.630601e-08,0.0,s_ma,c_ma,c_ma,random
3,1.8165088e-06,0.0,s_ma,c_ma,c_ms,random
3,1.2648907e-07,0.0,s_ma,c_ma,c_ms,random
3,0.1980131,0.0,s_ms,c_ms,c_ms,random
3,0.23878424,0.0,s_ms,c_ms,c_ma,random
3,0.19414857,0.0,s_ms,c_ms,c_ms,random
3,0.18722174,0.0,s_ms,c_ms,c_ma,random
3,0.19010909,0.0,s_ms,c_ms,c_ma,random
3,9.256963e-07,0.0,s_ma,c_ms,c_ma,random
3,8.595087e-07,0.0,s_ma,c_ms,c_ms,random
3,2.2256182e-10,0.0,s_ma,c_ms,c_ms,random
3,2.6946334e-09,0.0,s_ma,c_ms,c_ma,random
3,1.3928945e-07,0.0,s_ma,c_ms,c_ms,random
3,0.1693143,0.0,s_ms,c_ma,c_ms,random
3,0.2193898,0.0,s_ms,c_ma,c_ma,random
3,0.2723462,0.0,s_ms,c_ma,c_ma,random
3,0.21477789,0.0,s_ms,c_ma,c_ms,random
3,0.20955883,0.0,s_ms,c_ma,c_ms,random
3,1.5935833e-06,0.0,s_ma,c_ma,c_ma,random
3,3.8794852e-07,0.0,s_ma,c_ma,c_ms,random
3,5.5090857e-07,0.0,s_ma,c_ma,c_ma,random
3,1.2620094e-07,0.0,s_ma,c_ma,c_ms,random
4,1.2557572e-05,0.0,s_ma,c_ma,c_ms,blocked
4,1.9131456e-05,0.0,s_ma,c_ma,c_ma,blocked
4,5.8632713e-06,0.0,s_ma,c_ma,c_ms,blocked
4,2.1069356e-05,0.0,s_ma,c_ma,c_ms,blocked
4,0.5768975,1.0,s_ms,c_ma,c_ms,blocked
4,0.5618027,1.0,s_ms,c_ma,c_ma,blocked
4,0.40019685,0.0,s_ms,c_ma,c_ma,blocked
4,0.4333638,0.0,s_ms,c_ma,c_ms,blocked
4,0.39063716,0.0,s_ms,c_ma,c_ma,blocked
4,4.6483865e-06,0.0,s_ma,c_ms,c_ma,blocked
4,8.6986896e-05,0.0,s_ma,c_ms,c_ms,blocked
4,7.0700967e-06,0.0,s_ma,c_ms,c_ms,blocked
4,2.3641907e-05,0.0,s_ma,c_ms,c_ma,blocked
4,2.281641e-06,0.0,s_ma,c_ms,c_ma,blocked
4,0.40194848,0.0,s_ms,c_ms,c_ms,blocked
4,0.3491927,0.0,s_ms,c_ms,c_ma,blocked
4,0.42067498,0.0,s_ms,c_ms,c_ms,blocked
4,0.4631291,0.0,s_ms,c_ms,c_ma,blocked
4,0.48091856,0.0,s_ms,c_ms,c_ms,blocked
4,1.3604058e-05,0.0,s_ma,c_ma,c_ms,blocked
4,5.6292945e-05,0.0,s_ma,c_ma,c_ms,blocked
4,0.000110777524,0.0,s_ma,c_ma,c_ma,blocked
4,1.3634404e-05,0.0,s_ma,c_ma,c_ma,blocked
4,0.41044384,0.0,s_ms,c_ma,c_ma,blocked
4,0.54218817,1.0,s_ms,c_ma,c_ms,blocked
4,0.37216157,0.0,s_ms,c_ma,c_ms,blocked
4,0.44064885,0.0,s_ms,c_ma,c_ma,blocked
4,0.49526453,0.0,s_ms,c_ma,c_ms,blocked
4,8.556301e-06,0.0,s_ma,c_ms,c_ms,blocked
4,9.68054e-05,0.0,s_ma,c_ms,c_ma,blocked
4,1.8265088e-06,0.0,s_ma,c_ms,c_ma,blocked
4,1.7784225e-05,0.0,s_ma,c_ms,c_ms,blocked
4,1.23409845e-05,0.0,s_ma,c_ms,c_ms,blocked
4,0.33956802,0.0,s_ms,c_ms,c_ma,blocked
4,0.33036894,0.0,s_ms,c_ms,c_ms,blocked
4,0.4497763,0.0,s_ms,c_ms,c_ma,blocked
4,0.41077244,0.0,s_ms,c_ms,c_ms,blocked
4,0.44303027,0.0,s_ms,c_ms,c_ma,blocked
4,2.1133501e-05,0.0,s_ma,c_ma,c_ma,blocked
4,5.9004327e-05,0.0,s_ma,c_ma,c_ms,blocked
4,2.2600012e-05,0.0,s_ma,c_ma,c_ms,blocked
4,2.8483097e-05,0.0,s_ma,c_ma,c_ms,blocked
4,0.39800578,0.0,s_ms,c_ma,c_ms,blocked
4,0.36859596,0.0,s_ms,c_ma,c_ma,blocked
4,0.3295452,0.0,s_ms,c_ma,c_ma,blocked
4,0.23572943,0.0,s_ms,c_ma,c_ms,blocked
4,0.38712105,0.0,s_ms,c_ma,c_ma,blocked
4,9.027014e-06,0.0,s_ma,c_ms,c_ma,blocked
4,0.00025140596,0.0,s_ma,c_ms,c_ms,blocked
4,1.7882656e-05,0.0,s_ma,c_ms,c_ms,blocked
4,1.05333675e-05,0.0,s_ma,c_ms,c_ma,blocked
4,9.689491e-06,0.0,s_ma,c_ms,c_ma,blocked
4,0.3264708,0.0,s_ms,c_ms,c_ms,blocked
4,0.349419,0.0,s_ms,c_ms,c_ma,blocked
4,0.33264452,0.0,s_ms,c_ms,c_ms,blocked
4,0.31784165,0.0,s_ms,c_ms,c_ma,blocked
4,0.4202302,0.0,s_ms,c_ms,c_ms,blocked
4,5.737973e-06,0.0,s_ma,c_ma,c_ms,blocked
4,0.000106451684,0.0,s_ma,c_ma,c_ma,blocked
4,2.0463573e-05,0.0,s_ma,c_ma,c_ms,blocked
4,2.4701867e-05,0.0,s_ma,c_ma,c_ma,blocked
4,0.456979,0.0,s_ms,c_ma,c_ma,blocked
4,0.50626636,1.0,s_ms,c_ma,c_ms,blocked
4,0.4010431,0.0,s_ms,c_ma,c_ms,blocked
4,0.4231171,0.0,s_ms,c_ma,c_ma,blocked
4,0.56782556,1.0,s_ms,c_ma,c_ms,blocked
4,9.021402e-06,0.0,s_ma,c_ms,c_ms,blocked
4,0.0005599721,0.0,s_ma,c_ms,c_ma,blocked
4,3.1709578e-06,0.0,s_ma,c_ms,c_ma,blocked
4,1.9479116e-05,0.0,s_ma,c_ms,c_ms,blocked
4,8.271124e-06,0.0,s_ma,c_ms,c_ms,blocked
4,0.32388508,0.0,s_ms,c_ms,c_ma,blocked
4,0.35415465,0.0,s_ms,c_ms,c_ms,blocked
4,0.49323848,0.0,s_ms,c_ms,c_ma,blocked
4,0.39730608,0.0,s_ms,c_ms,c_ms,blocked
4,0.43487832,0.0,s_ms,c_ms,c_ma,blocked
4,2.2335114e-05,0.0,s_ma,c_ma,c_ms,blocked
4,1.1911808e-05,0.0,s_ma,c_ma,c_ma,blocked
4,2.805233e-05,0.0,s_ma,c_ma,c_ms,blocked
4,2.4847363e-05,0.0,s_ma,c_ma,c_ma,blocked
4,0.43342447,0.0,s_ms,c_ma,c_ma,blocked
4,0.53462255,1.0,s_ms,c_ma,c_ms,blocked
4,0.33527076,0.0,s_ms,c_ma,c_ms,blocked
4,0.3253017,0.0,s_ms,c_ma,c_ma,blocked
4,0.52144945,1.0,s_ms,c_ma,c_ms,blocked
4,3.6325632e-06,0.0,s_ma,c_ms,c_ms,blocked
4,9.073921e-05,0.0,s_ma,c_ms,c_ma,blocked
4,1.0523191e-05,0.0,s_ma,c_ms,c_ma,blocked
4,3.8959643e-05,0.0,s_ma,c_ms,c_ms,blocked
4,1.4485693e-05,0.0,s_ma,c_ms,c_ms,blocked
4,0.39814854,0.0,s_ms,c_ms,c_ma,blocked
4,0.31582165,0.0,s_ms,c_ms,c_ms,blocked
4,0.47857425,0.0,s_ms,c_ms,c_ma,blocked
4,0.45153993,0.0,s_ms,c_ms,c_ms,blocked
4,0.4678591,0.0,s_ms,c_ms,c_ma,blocked
4,0.28406173,0.0,s_ms,c_ma,c_ms,blocked
4,0.4579699,0.0,s_ms,c_ma,c_ma,blocked
4,0.42952457,0.0,s_ms,c_ma,c_ms,blocked
4,0.38140714,0.0,s_ms,c_ma,c_ma,blocked
4,0.34644684,0.0,s_ms,c_ma,c_ma,blocked
4,1.8551838e-05,0.0,s_ma,c_ma,c_ms,blocked
4,2.6337957e-06,0.0,s_ma,c_ma,c_ms,blocked
4,1.1381053e-05,0.0,s_ma,c_ma,c_ma,blocked
4,1.5792443e-06,0.0,s_ma,c_ma,c_ms,blocked
4,0.35971028,0.0,s_ms,c_ms,c_ms,blocked
4,0.30164626,0.0,s_ms,c_ms,c_ma,blocked
4,0.29137817,0.0,s_ms,c_ms,c_ma,blocked
4,0.3592201,0.0,s_ms,c_ms,c_ms,blocked
4,0.34783757,0.0,s_ms,c_ms,c_ms,blocked
4,8.581714e-06,0.0,s_ma,c_ms,c_ma,blocked
4,3.5930796e-06,0.0,s_ma,c_ms,c_ms,blocked
4,5.148026e-06,0.0,s_ma,c_ms,c_ma,blocked
4,8.332287e-06,0.0,s_ma,c_ms,c_ms,blocked
4,3.761892e-06,0.0,s_ma,c_ms,c_ma,blocked
4,0.29229963,0.0,s_ms,c_ma,c_ma,blocked
4,0.32313174,0.0,s_ms,c_ma,c_ms,blocked
4,0.48772472,0.0,s_ms,c_ma,c_ma,blocked
4,0.349122,0.0,s_ms,c_ma,c_ms,blocked
4,0.29570192,0.0,s_ms,c_ma,c_ms,blocked
4,1.79915e-05,0.0,s_ma,c_ma,c_ms,blocked
4,2.0790565e-05,0.0,s_ma,c_ma,c_ma,blocked
4,5.9550166e-06,0.0,s_ma,c_ma,c_ms,blocked
4,9.89203e-06,0.0,s_ma,c_ma,c_ma,blocked
4,0.34382546,0.0,s_ms,c_ms,c_ma,blocked
4,0.3659325,0.0,s_ms,c_ms,c_ms,blocked
4,0.29823866,0.0,s_ms,c_ms,c_ms,blocked
4,0.29328886,0.0,s_ms,c_ms,c_ma,blocked
4,0.3861481,0.0,s_ms,c_ms,c_ma,blocked
4,1.4439306e-05,0.0,s_ma,c_ms,c_ms,blocked
4,1.512268e-06,0.0,s_ma,c_ms,c_ma,blocked
4,8.352631e-07,0.0,s_ma,c_ms,c_ms,blocked
4,3.291826e-06,0.0,s_ma,c_ms,c_ma,blocked
4,1.9941103e-06,0.0,s_ma,c_ms,c_ms,blocked
4,0.43968433,0.0,s_ms,c_ma,c_ma,blocked
4,0.4827124,0.0,s_ms,c_ma,c_ms,blocked
4,0.51935697,1.0,s_ms,c_ma,c_ma,blocked
4,0.4627977,0.0,s_ms,c_ma,c_ms,blocked
4,0.47452515,0.0,s_ms,c_ma,c_ms,blocked
4,2.6568564e-06,0.0,s_ma,c_ma,c_ms,blocked
4,1.9255976e-05,0.0,s_ma,c_ma,c_ma,blocked
4,1.7332668e-06,0.0,s_ma,c_ma,c_ms,blocked
4,2.2458157e-06,0.0,s_ma,c_ma,c_ma,blocked
4,0.4263102,0.0,s_ms,c_ms,c_ma,blocked
4,0.70596933,1.0,s_ms,c_ms,c_ms,blocked
4,0.38206366,0.0,s_ms,c_ms,c_ms,blocked
4,0.5278439,1.0,s_ms,c_ms,c_ma,blocked
4,0.47141698,0.0,s_ms,c_ms,c_ma,blocked
4,3.0177625e-06,0.0,s_ma,c_ms,c_ms,blocked
4,3.3906383e-06,0.0,s_ma,c_ms,c_ma,blocked
4,1.5552773e-06,0.0,s_ma,c_ms,c_ms,blocked
4,2.2088745e-06,0.0,s_ma,c_ms,c_ma,blocked
4,2.7653875e-06,0.0,s_ma,c_ms,c_ms,blocked
4,0.37910613,0.0,s_ms,c_ma,c_ms,blocked
4,0.4040433,0.0,s_ms,c_ma,c_ma,blocked
4,0.615386,1.0,s_ms,c_ma,c_ms,blocked
4,0.3974566,0.0,s_ms,c_ma,c_ma,blocked
4,0.5032879,1.0,s_ms,c_ma,c_ma,blocked
4,1.0810756e-05,0.0,s_ma,c_ma,c_ma,blocked
4,5.4026573e-06,0.0,s_ma,c_ma,c_ms,blocked
4,1.2616271e-06,0.0,s_ma,c_ma,c_ms,blocked
4,2.52719e-06,0.0,s_ma,c_ma,c_ms,blocked
4,0.3237747,0.0,s_ms,c_ms,c_ms,blocked
4,0.46194404,0.0,s_ms,c_ms,c_ma,blocked
4,0.42684984,0.0,s_ms,c_ms,c_ma,blocked
4,0.4614798,0.0,s_ms,c_ms,c_ms,blocked
4,0.55201995,1.0,s_ms,c_ms,c_ms,blocked
4,4.7482117e-06,0.0,s_ma,c_ms,c_ma,blocked
4,1.0515944e-06,0.0,s_ma,c_ms,c_ms,blocked
4,4.4198314e-06,0.0,s_ma,c_ms,c_ma,blocked
4,6.4777996e-06,0.0,s_ma,c_ms,c_ms,blocked
4,4.3043783e-06,0.0,s_ma,c_ms,c_ma,blocked
4,0.40130967,0.0,s_ms,c_ma,c_ma,blocked
4,0.3644904,0.0,s_ms,c_ma,c_ms,blocked
4,0.43301195,0.0,s_ms,c_ma,c_ma,blocked
4,0.30420142,0.0,s_ms,c_ma,c_ms,blocked
4,0.3224304,0.0,s_ms,c_ma,c_ms,blocked
4,1.6787003e-06,0.0,s_ma,c_ma,c_ms,blocked
4,1.0062367e-05,0.0,s_ma,c_ma,c_ma,blocked
4,2.174732e-06,0.0,s_ma,c_ma,c_ma,blocked
4,2.5135805e-06,0.0,s_ma,c_ma,c_ms,blocked
4,0.1850243,0.0,s_ms,c_ms,c_ma,blocked
4,0.43284976,0.0,s_ms,c_ms,c_ms,blocked
4,0.29774606,0.0,s_ms,c_ms,c_ms,blocked
4,0.41040847,0.0,s_ms,c_ms,c_ma,blocked
4,0.38742945,0.0,s_ms,c_ms,c_ma,blocked
4,2.653937e-06,0.0,s_ma,c_ms,c_ms,blocked
4,1.4908023e-06,0.0,s_ma,c_ms,c_ma,blocked
4,8.869194e-06,0.0,s_ma,c_ms,c_ms,blocked
4,1.961474e-06,0.0,s_ma,c_ms,c_ma,blocked
4,4.3399104e-06,0.0,s_ma,c_ms,c_ms,blocked
4,3.1885825e-06,0.0,s_ma,c_ms,c_ma,blocked
4,6.0237603e-06,0.0,s_ma,c_ms,c_ms,blocked
4,6.5851714e-06,0.0,s_ma,c_ms,c_ma,blocked
4,3.2214539e-06,0.0,s_ma,c_ms,c_ms,blocked
4,2.0780872e-06,0.0,s_ma,c_ms,c_ms,blocked
4,0.24762595,0.0,s_ms,c_ms,c_ms,blocked
4,0.37143826,0.0,s_ms,c_ms,c_ma,blocked
4,0.29101062,0.0,s_ms,c_ms,c_ma,blocked
4,0.26483178,0.0,s_ms,c_ms,c_ms,blocked
4,0.40859044,0.0,s_ms,c_ms,c_ma,blocked
4,2.8654147e-05,0.0,s_ma,c_ma,c_ms,blocked
4,3.4399084e-06,0.0,s_ma,c_ma,c_ms,blocked
4,1.3525187e-05,0.0,s_ma,c_ma,c_ma,blocked
4,3.8262797e-06,0.0,s_ma,c_ma,c_ma,blocked
4,0.46772033,0.0,s_ms,c_ma,c_ms,blocked
4,0.39858878,0.0,s_ms,c_ma,c_ma,blocked
4,0.42390025,0.0,s_ms,c_ma,c_ms,blocked
4,0.51798725,1.0,s_ms,c_ma,c_ma,blocked
4,0.5044837,1.0,s_ms,c_ma,c_ms,blocked
4,0.00010406492,0.0,s_ma,c_ms,c_ms,blocked
4,2.8082402e-05,0.0,s_ma,c_ms,c_ma,blocked
4,8.500834e-05,0.0,s_ma,c_ms,c_ms,blocked
4,0.0002338907,0.0,s_ma,c_ms,c_ma,blocked
4,5.8312326e-05,0.0,s_ma,c_ms,c_ma,blocked
4,0.44886252,0.0,s_ms,c_ms,c_ma,blocked
4,0.37771726,0.0,s_ms,c_ms,c_ms,blocked
4,0.15809032,0.0,s_ms,c_ms,c_ms,blocked
4,0.23751262,0.0,s_ms,c_ms,c_ma,blocked
4,0.29816264,0.0,s_ms,c_ms,c_ms,blocked
4,3.223846e-05,0.0,s_ma,c_ma,c_ms,blocked
4,9.535863e-05,0.0,s_ma,c_ma,c_ma,blocked
4,9.9174635e-05,0.0,s_ma,c_ma,c_ms,blocked
4,9.224474e-05,0.0,s_ma,c_ma,c_ms,blocked
4,0.38686395,0.0,s_ms,c_ma,c_ma,blocked
4,0.384763,0.0,s_ms,c_ma,c_ms,blocked
4,0.38866127,0.0,s_ms,c_ma,c_ma,blocked
4,0.5149878,1.0,s_ms,c_ma,c_ms,blocked
4,0.4063319,0.0,s_ms,c_ma,c_ma,blocked
4,2.8292452e-06,0.0,s_ma,c_ms,c_ms,blocked
4,5.666571e-07,0.0,s_ma,c_ms,c_ma,blocked
4,1.05530935e-05,0.0,s_ma,c_ms,c_ms,blocked
4,1.5049152e-06,0.0,s_ma,c_ms,c_ma,blocked
4,4.267765e-06,0.0,s_ma,c_ms,c_ma,blocked
4,0.378173,0.0,s_ms,c_ms,c_ma,blocked
4,0.4017864,0.0,s_ms,c_ms,c_ms,blocked
4,0.35517365,0.0,s_ms,c_ms,c_ms,blocked
4,0.2735883,0.0,s_ms,c_ms,c_ma,blocked
4,0.3701732,0.0,s_ms,c_ms,c_ms,blocked
4,3.3593767e-06,0.0,s_ma,c_ma,c_ms,blocked
4,8.606625e-05,0.0,s_ma,c_ma,c_ma,blocked
4,2.0986477e-05,0.0,s_ma,c_ma,c_ms,blocked
4,1.921735e-05,0.0,s_ma,c_ma,c_ms,blocked
4,0.34458256,0.0,s_ms,c_ma,c_ma,blocked
4,0.35811627,0.0,s_ms,c_ma,c_ms,blocked
4,0.5290977,1.0,s_ms,c_ma,c_ma,blocked
4,0.49301034,0.0,s_ms,c_ma,c_ms,blocked
4,0.5580927,1.0,s_ms,c_ma,c_ma,blocked
4,2.1612539e-05,0.0,s_ma,c_ms,c_ma,blocked
4,5.8710098e-06,0.0,s_ma,c_ms,c_ms,blocked
4,8.654374e-06,0.0,s_ma,c_ms,c_ma,blocked
4,1.3946319e-05,0.0,s_ma,c_ms,c_ms,blocked
4,1.7903234e-05,0.0,s_ma,c_ms,c_ms,blocked
4,0.26680517,0.0,s_ms,c_ms,c_ms,blocked
4,0.36756533,0.0,s_ms,c_ms,c_ma,blocked
4,0.18516794,0.0,s_ms,c_ms,c_ma,blocked
4,0.21742317,0.0,s_ms,c_ms,c_ms,blocked
4,0.20660861,0.0,s_ms,c_ms,c_ma,blocked
4,1.3213094e-05,0.0,s_ma,c_ma,c_ma,blocked
4,9.52022e-05,0.0,s_ma,c_ma,c_ms,blocked
4,2.223023e-05,0.0,s_ma,c_ma,c_ms,blocked
4,1.5465826e-05,0.0,s_ma,c_ma,c_ma,blocked
4,0.35755616,0.0,s_ms,c_ma,c_ms,blocked
4,0.26885626,0.0,s_ms,c_ma,c_ma,blocked
4,0.3515837,0.0,s_ms,c_ma,c_ms,blocked
4,0.48007113,0.0,s_ms,c_ma,c_ma,blocked
4,0.33057615,0.0,s_ms,c_ma,c_ms,blocked
4,2.3635841e-06,0.0,s_ma,c_ms,c_ma,blocked
4,8.3956875e-06,0.0,s_ma,c_ms,c_ms,blocked
4,1.0171476e-05,0.0,s_ma,c_ms,c_ma,blocked
4,1.1039661e-05,0.0,s_ma,c_ms,c_ms,blocked
4,1.356113e-05,0.0,s_ma,c_ms,c_ms,blocked
4,0.23845035,0.0,s_ms,c_ms,c_ms,blocked
4,0.32117847,0.0,s_ms,c_ms,c_ma,blocked
4,0.23123723,0.0,s_ms,c_ms,c_ma,blocked
4,0.17285204,0.0,s_ms,c_ms,c_ms,blocked
4,0.23361693,0.0,s_ms,c_ms,c_ma,blocked
4,3.8759863e-06,0.0,s_ma,c_ma,c_ma,blocked
4,8.750636e-05,0.0,s_ma,c_ma,c_ms,blocked
4,1.8995113e-05,0.0,s_ma,c_ma,c_ms,blocked
4,1.5686328e-05,0.0,s_ma,c_ma,c_ma,blocked
4,0.35147905,0.0,s_ms,c_ma,c_ms,blocked
4,0.3747105,0.0,s_ms,c_ma,c_ma,blocked
4,0.4929761,0.0,s_ms,c_ma,c_ms,blocked
4,0.48127988,0.0,s_ms,c_ma,c_ma,blocked
4,0.572121,1.0,s_ms,c_ma,c_ms,blocked
4,0.3403979,0.0,s_ms,c_ms,c_ms,blocked
4,0.32487446,0.0,s_ms,c_ms,c_ma,blocked
4,0.36443394,0.0,s_ms,c_ms,c_ms,blocked
4,0.35967228,0.0,s_ms,c_ms,c_ma,blocked
4,0.31679255,0.0,s_ms,c_ms,c_ma,blocked
4,1.6337392e-05,0.0,s_ma,c_ms,c_ma,blocked
4,1.6900087e-05,0.0,s_ma,c_ms,c_ms,blocked
4,3.9357064e-06,0.0,s_ma,c_ms,c_ms,blocked
4,6.2201325e-06,0.0,s_ma,c_ms,c_ma,blocked
4,8.929444e-06,0.0,s_ma,c_ms,c_ms,blocked
4,0.37998623,0.0,s_ms,c_ma,c_ms,blocked
4,0.4442665,0.0,s_ms,c_ma,c_ma,blocked
4,0.5444871,1.0,s_ms,c_ma,c_ma,blocked
4,0.5061414,1.0,s_ms,c_ma,c_ms,blocked
4,0.5027425,1.0,s_ms,c_ma,c_ms,blocked
4,2.4539335e-05,0.0,s_ma,c_ma,c_ms,blocked
4,1.3011941e-05,0.0,s_ma,c_ma,c_ma,blocked
4,3.246315e-05,0.0,s_ma,c_ma,c_ms,blocked
4,5.1087103e-05,0.0,s_ma,c_ma,c_ma,blocked
4,0.36612204,0.0,s_ms,c_ms,c_ma,blocked
4,0.36551294,0.0,s_ms,c_ms,c_ms,blocked
4,0.36084208,0.0,s_ms,c_ms,c_ma,blocked
4,0.36433,0.0,s_ms,c_ms,c_ms,blocked
4,0.32682303,0.0,s_ms,c_ms,c_ms,blocked
4,3.5033027e-06,0.0,s_ma,c_ms,c_ms,blocked
4,2.3706257e-06,0.0,s_ma,c_ms,c_ma,blocked
4,3.0004448e-06,0.0,s_ma,c_ms,c_ma,blocked
4,1.1766115e-06,0.0,s_ma,c_ms,c_ms,blocked
4,1.3683757e-06,0.0,s_ma,c_ms,c_ma,blocked
4,0.45342192,0.0,s_ms,c_ma,c_ma,blocked
4,0.45155165,0.0,s_ms,c_ma,c_ms,blocked
4,0.49978697,0.0,s_ms,c_ma,c_ms,blocked
4,0.6043037,1.0,s_ms,c_ma,c_ma,blocked
4,0.48868874,0.0,s_ms,c_ma,c_ma,blocked
4,2.4553494e-05,0.0,s_ma,c_ma,c_ms,blocked
4,9.778942e-06,0.0,s_ma,c_ma,c_ms,blocked
4,2.5430129e-05,0.0,s_ma,c_ma,c_ma,blocked
4,1.9143921e-05,0.0,s_ma,c_ma,c_ms,blocked
4,0.32770875,0.0,s_ms,c_ms,c_ms,blocked
4,0.36478242,0.0,s_ms,c_ms,c_ma,blocked
4,0.34975564,0.0,s_ms,c_ms,c_ms,blocked
4,0.2629395,0.0,s_ms,c_ms,c_ma,blocked
4,0.25693038,0.0,s_ms,c_ms,c_ma,blocked
4,8.0321715e-06,0.0,s_ma,c_ms,c_ma,blocked
4,6.9809084e-07,0.0,s_ma,c_ms,c_ms,blocked
4,1.6152583e-06,0.0,s_ma,c_ms,c_ms,blocked
4,4.0789337e-06,0.0,s_ma,c_ms,c_ma,blocked
4,9.514882e-06,0.0,s_ma,c_ms,c_ms,blocked
4,0.44060206,0.0,s_ms,c_ma,c_ms,blocked
4,0.4437251,0.0,s_ms,c_ma,c_ma,blocked
4,0.34283406,0.0,s_ms,c_ma,c_ma,blocked
4,0.4617861,0.0,s_ms,c_ma,c_ms,blocked
4,0.3570763,0.0,s_ms,c_ma,c_ms,blocked
4,1.37007155e-05,0.0,s_ma,c_ma,c_ma,blocked
4,9.192756e-06,0.0,s_ma,c_ma,c_ms,blocked
4,1.0189719e-05,0.0,s_ma,c_ma,c_ms,blocked
4,1.5493668e-05,0.0,s_ma,c_ma,c_ma,blocked
4,0.30002373,0.0,s_ms,c_ms,c_ma,blocked
4,0.35540837,0.0,s_ms,c_ms,c_ms,blocked
4,0.4333774,0.0,s_ms,c_ms,c_ma,blocked
4,0.33364287,0.0,s_ms,c_ms,c_ms,blocked
4,0.31383687,0.0,s_ms,c_ms,c_ms,blocked
4,1.5635553e-05,0.0,s_ma,c_ms,c_ms,blocked
4,7.516292e-06,0.0,s_ma,c_ms,c_ma,blocked
4,2.6012885e-06,0.0,s_ma,c_ms,c_ma,blocked
4,1.4921066e-05,0.0,s_ma,c_ms,c_ms,blocked
4,2.1768321e-06,0.0,s_ma,c_ms,c_ma,blocked
4,0.31905428,0.0,s_ms,c_ma,c_ma,blocked
4,0.32331896,0.0,s_ms,c_ma,c_ms,blocked
4,0.36894512,0.0,s_ms,c_ma,c_ms,blocked
4,0.3499084,0.0,s_ms,c_ma,c_ma,blocked
4,0.3662833,0.0,s_ms,c_ma,c_ma,blocked
4,3.436543e-05,0.0,s_ma,c_ma,c_ms,blocked
4,2.4828121e-05,0.0,s_ma,c_ma,c_ma,blocked
4,1.2101683e-05,0.0,s_ma,c_ma,c_ms,blocked
4,1.734749e-05,0.0,s_ma,c_ma,c_ms,blocked
4,0.20624948,0.0,s_ms,c_ms,c_ms,blocked
4,0.34720647,0.0,s_ms,c_ms,c_ma,blocked
4,0.34831214,0.0,s_ms,c_ms,c_ms,blocked
4,0.30782112,0.0,s_ms,c_ms,c_ma,blocked
4,0.29075837,0.0,s_ms,c_ms,c_ma,blocked
4,4.810834e-06,0.0,s_ma,c_ms,c_ma,blocked
4,2.3058565e-06,0.0,s_ma,c_ms,c_ms,blocked
4,3.3441397e-06,0.0,s_ma,c_ms,c_ms,blocked
4,8.94872e-06,0.0,s_ma,c_ms,c_ma,blocked
4,6.742742e-06,0.0,s_ma,c_ms,c_ms,blocked
4,0.34917778,0.0,s_ms,c_ma,c_ms,blocked
4,0.4450803,0.0,s_ms,c_ma,c_ma,blocked
4,0.33063075,0.0,s_ms,c_ma,c_ma,blocked
4,0.5095042,1.0,s_ms,c_ma,c_ms,blocked
4,0.2877767,0.0,s_ms,c_ma,c_ms,blocked
4,5.0463772e-05,0.0,s_ma,c_ma,c_ma,blocked
4,1.7756633e-05,0.0,s_ma,c_ma,c_ms,blocked
4,1.4287378e-05,0.0,s_ma,c_ma,c_ma,blocked
4,1.560213e-05,0.0,s_ma,c_ma,c_ms,blocked
4,1.3002316e-05,0.0,s_ma,c_ma,c_ms,interleaved
4,2.1328979e-05,0.0,s_ma,c_ma,c_ma,interleaved
4,7.1026707e-06,0.0,s_ma,c_ma,c_ms,interleaved
4,2.5302441e-05,0.0,s_ma,c_ma,c_ms,interleaved
4,0.5687467,1.0,s_ms,c_ma,c_ms,interleaved
4,0.5780336,1.0,s_ms,c_ma,c_ma,interleaved
4,0.40535063,0.0,s_ms,c_ma,c_ma,interleaved
4,0.45244402,0.0,s_ms,c_ma,c_ms,interleaved
4,0.37482855,0.0,s_ms,c_ma,c_ma,interleaved
4,5.0433673e-06,0.0,s_ma,c_ms,c_ma,interleaved
4,7.2712224e-05,0.0,s_ma,c_ms,c_ms,interleaved
4,3.983676e-06,0.0,s_ma,c_ms,c_ms,interleaved
4,2.5837406e-05,0.0,s_ma,c_ms,c_ma,interleaved
4,2.3157716e-06,0.0,s_ma,c_ms,c_ma,interleaved
4,0.46695274,0.0,s_ms,c_ms,c_ms,interleaved
4,0.4233508,0.0,s_ms,c_ms,c_ma,interleaved
4,0.4654011,0.0,s_ms,c_ms,c_ms,interleaved
4,0.4909686,0.0,s_ms,c_ms,c_ma,interleaved
4,0.5569136,1.0,s_ms,c_ms,c_ms,interleaved
4,1.4257748e-05,0.0,s_ma,c_ma,c_ms,interleaved
4,6.642882e-05,0.0,s_ma,c_ma,c_ms,interleaved
4,0.000119282144,0.0,s_ma,c_ma,c_ma,interleaved
4,1.354851e-05,0.0,s_ma,c_ma,c_ma,interleaved
4,0.38929284,0.0,s_ms,c_ma,c_ma,interleaved
4,0.52427685,1.0,s_ms,c_ma,c_ms,interleaved
4,0.37906936,0.0,s_ms,c_ma,c_ms,interleaved
4,0.4305926,0.0,s_ms,c_ma,c_ma,interleaved
4,0.47922224,0.0,s_ms,c_ma,c_ms,interleaved
4,8.949754e-06,0.0,s_ma,c_ms,c_ms,interleaved
4,4.5778095e-05,0.0,s_ma,c_ms,c_ma,interleaved
4,1.270759e-06,0.0,s_ma,c_ms,c_ma,interleaved
4,1.4277341e-05,0.0,s_ma,c_ms,c_ms,interleaved
4,1.2538075e-05,0.0,s_ma,c_ms,c_ms,interleaved
4,0.40443435,0.0,s_ms,c_ms,c_ma,interleaved
4,0.40939486,0.0,s_ms,c_ms,c_ms,interleaved
4,0.46041155,0.0,s_ms,c_ms,c_ma,interleaved
4,0.44598627,0.0,s_ms,c_ms,c_ms,interleaved
4,0.472554,0.0,s_ms,c_ms,c_ma,interleaved
4,2.3552053e-05,0.0,s_ma,c_ma,c_ma,interleaved
4,7.0010115e-05,0.0,s_ma,c_ma,c_ms,interleaved
4,3.0458004e-05,0.0,s_ma,c_ma,c_ms,interleaved
4,3.533368e-05,0.0,s_ma,c_ma,c_ms,interleaved
4,0.39967483,0.0,s_ms,c_ma,c_ms,interleaved
4,0.3679154,0.0,s_ms,c_ma,c_ma,interleaved
4,0.34161764,0.0,s_ms,c_ma,c_ma,interleaved
4,0.24780382,0.0,s_ms,c_ma,c_ms,interleaved
4,0.4008608,0.0,s_ms,c_ma,c_ma,interleaved
4,8.770058e-06,0.0,s_ma,c_ms,c_ma,interleaved
4,0.00016637852,0.0,s_ma,c_ms,c_ms,interleaved
4,1.8044184e-05,0.0,s_ma,c_ms,c_ms,interleaved
4,1.04878245e-05,0.0,s_ma,c_ms,c_ma,interleaved
4,1.0994392e-05,0.0,s_ma,c_ms,c_ma,interleaved
4,0.3546455,0.0,s_ms,c_ms,c_ms,interleaved
4,0.38073868,0.0,s_ms,c_ms,c_ma,interleaved
4,0.38968116,0.0,s_ms,c_ms,c_ms,interleaved
4,0.3521134,0.0,s_ms,c_ms,c_ma,interleaved
4,0.44140738,0.0,s_ms,c_ms,c_ms,interleaved
4,7.019893e-06,0.0,s_ma,c_ma,c_ms,interleaved
4,0.00011508962,0.0,s_ma,c_ma,c_ma,interleaved
4,2.7827979e-05,0.0,s_ma,c_ma,c_ms,interleaved
4,3.770813e-05,0.0,s_ma,c_ma,c_ma,interleaved
4,0.42530543,0.0,s_ms,c_ma,c_ma,interleaved
4,0.5103917,1.0,s_ms,c_ma,c_ms,interleaved
4,0.40068573,0.0,s_ms,c_ma,c_ms,interleaved
4,0.43212372,0.0,s_ms,c_ma,c_ma,interleaved
4,0.54818416,1.0,s_ms,c_ma,c_ms,interleaved
4,7.5120806e-06,0.0,s_ma,c_ms,c_ms,interleaved
4,0.00045858664,0.0,s_ma,c_ms,c_ma,interleaved
4,2.8375368e-06,0.0,s_ma,c_ms,c_ma,interleaved
4,1.8695944e-05,0.0,s_ma,c_ms,c_ms,interleaved
4,1.0126281e-05,0.0,s_ma,c_ms,c_ms,interleaved
4,0.372458,0.0,s_ms,c_ms,c_ma,interleaved
4,0.40306008,0.0,s_ms,c_ms,c_ms,interleaved
4,0.52296007,1.0,s_ms,c_ms,c_ma,interleaved
4,0.43665534,0.0,s_ms,c_ms,c_ms,interleaved
4,0.4814063,0.0,s_ms,c_ms,c_ma,interleaved
4,2.7026339e-05,0.0,s_ma,c_ma,c_ms,interleaved
4,1.1783275e-05,0.0,s_ma,c_ma,c_ma,interleaved
4,3.5502162e-05,0.0,s_ma,c_ma,c_ms,interleaved
4,3.7804773e-05,0.0,s_ma,c_ma,c_ma,interleaved
4,0.37779897,0.0,s_ms,c_ma,c_ma,interleaved
4,0.52337146,1.0,s_ms,c_ma,c_ms,interleaved
4,0.29151666,0.0,s_ms,c_ma,c_ms,interleaved
4,0.29716453,0.0,s_ms,c_ma,c_ma,interleaved
4,0.5215389,1.0,s_ms,c_ma,c_ms,interleaved
4,3.2569017e-06,0.0,s_ma,c_ms,c_ms,interleaved
4,5.00684e-05,0.0,s_ma,c_ms,c_ma,interleaved
4,5.562624e-06,0.0,s_ma,c_ms,c_ma,interleaved
4,3.4292076e-05,0.0,s_ma,c_ms,c_ms,interleaved
4,1.7713615e-05,0.0,s_ma,c_ms,c_ms,interleaved
4,0.44585407,0.0,s_ms,c_ms,c_ma,interleaved
4,0.39107293,0.0,s_ms,c_ms,c_ms,interleaved
4,0.52927005,1.0,s_ms,c_ms,c_ma,interleaved
4,0.47714907,0.0,s_ms,c_ms,c_ms,interleaved
4,0.501053,1.0,s_ms,c_ms,c_ma,interleaved
4,0.29804492,0.0,s_ms,c_ma,c_ms,interleaved
4,0.48640403,0.0,s_ms,c_ma,c_ma,interleaved
4,0.43783355,0.0,s_ms,c_ma,c_ms,interleaved
4,0.4214223,0.0,s_ms,c_ma,c_ma,interleaved
4,0.3994112,0.0,s_ms,c_ma,c_ma,interleaved
4,1.8994146e-05,0.0,s_ma,c_ma,c_ms,interleaved
4,2.8108489e-06,0.0,s_ma,c_ma,c_ms,interleaved
4,1.1958777e-05,0.0,s_ma,c_ma,c_ma,interleaved
4,1.5727702e-06,0.0,s_ma,c_ma,c_ms,interleaved
4,0.46311933,0.0,s_ms,c_ms,c_ms,interleaved
4,0.32318836,0.0,s_ms,c_ms,c_ma,interleaved
4,0.33562648,0.0,s_ms,c_ms,c_ma,interleaved
4,0.4691897,0.0,s_ms,c_ms,c_ms,interleaved
4,0.44186652,0.0,s_ms,c_ms,c_ms,interleaved
4,9.626212e-06,0.0,s_ma,c_ms,c_ma,interleaved
4,3.2020823e-06,0.0,s_ma,c_ms,c_ms,interleaved
4,5.5470487e-06,0.0,s_ma,c_ms,c_ma,interleaved
4,9.3308245e-06,0.0,s_ma,c_ms,c_ms,interleaved
4,3.8121584e-06,0.0,s_ma,c_ms,c_ma,interleaved
4,0.2800278,0.0,s_ms,c_ma,c_ma,interleaved
4,0.34312284,0.0,s_ms,c_ma,c_ms,interleaved
4,0.48506513,0.0,s_ms,c_ma,c_ma,interleaved
4,0.34661698,0.0,s_ms,c_ma,c_ms,interleaved
4,0.30166388,0.0,s_ms,c_ma,c_ms,interleaved
4,1.8362092e-05,0.0,s_ma,c_ma,c_ms,interleaved
4,2.060293e-05,0.0,s_ma,c_ma,c_ma,interleaved
4,6.4017086e-06,0.0,s_ma,c_ma,c_ms,interleaved
4,8.6225455e-06,0.0,s_ma,c_ma,c_ma,interleaved
4,0.3956555,0.0,s_ms,c_ms,c_ma,interleaved
4,0.4439131,0.0,s_ms,c_ms,c_ms,interleaved
4,0.39371115,0.0,s_ms,c_ms,c_ms,interleaved
4,0.37118405,0.0,s_ms,c_ms,c_ma,interleaved
4,0.4037703,0.0,s_ms,c_ms,c_ma,interleaved
4,1.5708207e-05,0.0,s_ma,c_ms,c_ms,interleaved
4,1.5833475e-06,0.0,s_ma,c_ms,c_ma,interleaved
4,7.741464e-07,0.0,s_ma,c_ms,c_ms,interleaved
4,4.3211976e-06,0.0,s_ma,c_ms,c_ma,interleaved
4,2.0171474e-06,0.0,s_ma,c_ms,c_ms,interleaved
4,0.43257642,0.0,s_ms,c_ma,c_ma,interleaved
4,0.47900513,0.0,s_ms,c_ma,c_ms,interleaved
4,0.501966,1.0,s_ms,c_ma,c_ma,interleaved
4,0.46504772,0.0,s_ms,c_ma,c_ms,interleaved
4,0.5323192,1.0,s_ms,c_ma,c_ms,interleaved
4,2.824168e-06,0.0,s_ma,c_ma,c_ms,interleaved
4,1.8979583e-05,0.0,s_ma,c_ma,c_ma,interleaved
4,1.7451965e-06,0.0,s_ma,c_ma,c_ms,interleaved
4,2.176976e-06,0.0,s_ma,c_ma,c_ma,interleaved
4,0.46895924,0.0,s_ms,c_ms,c_ma,interleaved
4,0.7259716,1.0,s_ms,c_ms,c_ms,interleaved
4,0.4262155,0.0,s_ms,c_ms,c_ms,interleaved
4,0.6241405,1.0,s_ms,c_ms,c_ma,interleaved
4,0.51384264,1.0,s_ms,c_ms,c_ma,interleaved
4,2.5223492e-06,0.0,s_ma,c_ms,c_ms,interleaved
4,2.7949065e-06,0.0,s_ma,c_ms,c_ma,interleaved
4,1.4556277e-06,0.0,s_ma,c_ms,c_ms,interleaved
4,2.1949934e-06,0.0,s_ma,c_ms,c_ma,interleaved
4,2.7127403e-06,0.0,s_ma,c_ms,c_ms,interleaved
4,0.35839024,0.0,s_ms,c_ma,c_ms,interleaved
4,0.41902646,0.0,s_ms,c_ma,c_ma,interleaved
4,0.59522754,1.0,s_ms,c_ma,c_ms,interleaved
4,0.39131778,0.0,s_ms,c_ma,c_ma,interleaved
4,0.53046,1.0,s_ms,c_ma,c_ma,interleaved
4,1.1289216e-05,0.0,s_ma,c_ma,c_ma,interleaved
4,5.863809e-06,0.0,s_ma,c_ma,c_ms,interleaved
4,1.3332408e-06,0.0,s_ma,c_ma,c_ms,interleaved
4,2.7044757e-06,0.0,s_ma,c_ma,c_ms,interleaved
4,0.4245598,0.0,s_ms,c_ms,c_ms,interleaved
4,0.51877046,1.0,s_ms,c_ms,c_ma,interleaved
4,0.50871724,1.0,s_ms,c_ms,c_ma,interleaved
4,0.5716427,1.0,s_ms,c_ms,c_ms,interleaved
4,0.5562366,1.0,s_ms,c_ms,c_ms,interleaved
4,5.123975e-06,0.0,s_ma,c_ms,c_ma,interleaved
4,9.837387e-07,0.0,s_ma,c_ms,c_ms,interleaved
4,4.5695747e-06,0.0,s_ma,c_ms,c_ma,interleaved
4,7.851975e-06,0.0,s_ma,c_ms,c_ms,interleaved
4,5.3800254e-06,0.0,s_ma,c_ms,c_ma,interleaved
4,0.41473266,0.0,s_ms,c_ma,c_ma,interleaved
4,0.37907743,0.0,s_ms,c_ma,c_ms,interleaved
4,0.41540748,0.0,s_ms,c_ma,c_ma,interleaved
4,0.3149315,0.0,s_ms,c_ma,c_ms,interleaved
4,0.32991907,0.0,s_ms,c_ma,c_ms,interleaved
4,1.6736905e-06,0.0,s_ma,c_ma,c_ms,interleaved
4,8.849994e-06,0.0,s_ma,c_ma,c_ma,interleaved
4,2.1060064e-06,0.0,s_ma,c_ma,c_ma,interleaved
4,2.6910388e-06,0.0,s_ma,c_ma,c_ms,interleaved
4,0.29450768,0.0,s_ms,c_ms,c_ma,interleaved
4,0.5378915,1.0,s_ms,c_ms,c_ms,interleaved
4,0.36985677,0.0,s_ms,c_ms,c_ms,interleaved
4,0.5299485,1.0,s_ms,c_ms,c_ma,interleaved
4,0.42629266,0.0,s_ms,c_ms,c_ma,interleaved
4,3.391136e-06,0.0,s_ma,c_ms,c_ms,interleaved
4,1.3023132e-06,0.0,s_ma,c_ms,c_ma,interleaved
4,8.824629e-06,0.0,s_ma,c_ms,c_ms,interleaved
4,1.9518122e-06,0.0,s_ma,c_ms,c_ma,interleaved
4,4.6310447e-06,0.0,s_ma,c_ms,c_ms,interleaved
4,4.716292e-06,0.0,s_ma,c_ms,c_ma,interleaved
4,7.0183264e-06,0.0,s_ma,c_ms,c_ms,interleaved
4,7.746904e-06,0.0,s_ma,c_ms,c_ma,interleaved
4,6.768352e-06,0.0,s_ma,c_ms,c_ms,interleaved
4,2.6207756e-06,0.0,s_ma,c_ms,c_ms,interleaved
4,0.3351562,0.0,s_ms,c_ms,c_ms,interleaved
4,0.41844553,0.0,s_ms,c_ms,c_ma,interleaved
4,0.35296604,0.0,s_ms,c_ms,c_ma,interleaved
4,0.36692572,0.0,s_ms,c_ms,c_ms,interleaved
4,0.50126785,1.0,s_ms,c_ms,c_ma,interleaved
4,2.8207256e-05,0.0,s_ma,c_ma,c_ms,interleaved
4,3.4532472e-06,0.0,s_ma,c_ma,c_ms,interleaved
4,1.3081333e-05,0.0,s_ma,c_ma,c_ma,interleaved
4,3.6873869e-06,0.0,s_ma,c_ma,c_ma,interleaved
4,0.44218215,0.0,s_ms,c_ma,c_ms,interleaved
4,0.4001678,0.0,s_ms,c_ma,c_ma,interleaved
4,0.4397573,0.0,s_ms,c_ma,c_ms,interleaved
4,0.52876455,1.0,s_ms,c_ma,c_ma,interleaved
4,0.4963036,0.0,s_ms,c_ma,c_ms,interleaved
4,8.641316e-05,0.0,s_ma,c_ms,c_ms,interleaved
4,3.812766e-05,0.0,s_ma,c_ms,c_ma,interleaved
4,0.0001362636,0.0,s_ma,c_ms,c_ms,interleaved
4,0.0004131997,0.0,s_ma,c_ms,c_ma,interleaved
4,5.3447082e-05,0.0,s_ma,c_ms,c_ma,interleaved
4,0.53024715,1.0,s_ms,c_ms,c_ma,interleaved
4,0.39783853,0.0,s_ms,c_ms,c_ms,interleaved
4,0.167289,0.0,s_ms,c_ms,c_ms,interleaved
4,0.28111482,0.0,s_ms,c_ms,c_ma,interleaved
4,0.29831886,0.0,s_ms,c_ms,c_ms,interleaved
4,3.2007847e-05,0.0,s_ma,c_ma,c_ms,interleaved
4,0.000101339916,0.0,s_ma,c_ma,c_ma,interleaved
4,0.00010742083,0.0,s_ma,c_ma,c_ms,interleaved
4,9.910493e-05,0.0,s_ma,c_ma,c_ms,interleaved
4,0.37392116,0.0,s_ms,c_ma,c_ma,interleaved
4,0.33812502,0.0,s_ms,c_ma,c_ms,interleaved
4,0.3736353,0.0,s_ms,c_ma,c_ma,interleaved
4,0.48325142,0.0,s_ms,c_ma,c_ms,interleaved
4,0.3856225,0.0,s_ms,c_ma,c_ma,interleaved
4,2.9686385e-06,0.0,s_ma,c_ms,c_ms,interleaved
4,8.95185e-07,0.0,s_ma,c_ms,c_ma,interleaved
4,1.6490456e-05,0.0,s_ma,c_ms,c_ms,interleaved
4,2.4336655e-06,0.0,s_ma,c_ms,c_ma,interleaved
4,4.4645612e-06,0.0,s_ma,c_ms,c_ma,interleaved
4,0.48102063,0.0,s_ms,c_ms,c_ma,interleaved
4,0.43258578,0.0,s_ms,c_ms,c_ms,interleaved
4,0.4042115,0.0,s_ms,c_ms,c_ms,interleaved
4,0.30600488,0.0,s_ms,c_ms,c_ma,interleaved
4,0.4265384,0.0,s_ms,c_ms,c_ms,interleaved
4,3.3711196e-06,0.0,s_ma,c_ma,c_ms,interleaved
4,9.169949e-05,0.0,s_ma,c_ma,c_ma,interleaved
4,2.0116871e-05,0.0,s_ma,c_ma,c_ms,interleaved
4,1.8275201e-05,0.0,s_ma,c_ma,c_ms,interleaved
4,0.33442116,0.0,s_ms,c_ma,c_ma,interleaved
4,0.3624375,0.0,s_ms,c_ma,c_ms,interleaved
4,0.5107657,1.0,s_ms,c_ma,c_ma,interleaved
4,0.46288913,0.0,s_ms,c_ma,c_ms,interleaved
4,0.5038906,1.0,s_ms,c_ma,c_ma,interleaved
4,2.656346e-05,0.0,s_ma,c_ms,c_ma,interleaved
4,1.1464622e-05,0.0,s_ma,c_ms,c_ms,interleaved
4,1.03069615e-05,0.0,s_ma,c_ms,c_ma,interleaved
4,1.8804707e-05,0.0,s_ma,c_ms,c_ms,interleaved
4,2.6262605e-05,0.0,s_ma,c_ms,c_ms,interleaved
4,0.33952767,0.0,s_ms,c_ms,c_ms,interleaved
4,0.41685715,0.0,s_ms,c_ms,c_ma,interleaved
4,0.22234935,0.0,s_ms,c_ms,c_ma,interleaved
4,0.24480546,0.0,s_ms,c_ms,c_ms,interleaved
4,0.28191328,0.0,s_ms,c_ms,c_ma,interleaved
4,1.2751905e-05,0.0,s_ma,c_ma,c_ma,interleaved
4,0.00010246268,0.0,s_ma,c_ma,c_ms,interleaved
4,2.1353644e-05,0.0,s_ma,c_ma,c_ms,interleaved
4,1.783922e-05,0.0,s_ma,c_ma,c_ma,interleaved
4,0.3635535,0.0,s_ms,c_ma,c_ms,interleaved
4,0.27874523,0.0,s_ms,c_ma,c_ma,interleaved
4,0.34368744,0.0,s_ms,c_ma,c_ms,interleaved
4,0.46304727,0.0,s_ms,c_ma,c_ma,interleaved
4,0.33181974,0.0,s_ms,c_ma,c_ms,interleaved
4,2.1443893e-06,0.0,s_ma,c_ms,c_ma,interleaved
4,1.0132549e-05,0.0,s_ma,c_ms,c_ms,interleaved
4,9.77955e-06,0.0,s_ma,c_ms,c_ma,interleaved
4,1.0538434e-05,0.0,s_ma,c_ms,c_ms,interleaved
4,1.4506659e-05,0.0,s_ma,c_ms,c_ms,interleaved
4,0.3273007,0.0,s_ms,c_ms,c_ms,interleaved
4,0.40417242,0.0,s_ms,c_ms,c_ma,interleaved
4,0.2898828,0.0,s_ms,c_ms,c_ma,interleaved
4,0.22282661,0.0,s_ms,c_ms,c_ms,interleaved
4,0.3555228,0.0,s_ms,c_ms,c_ma,interleaved
4,3.828227e-06,0.0,s_ma,c_ma,c_ma,interleaved
4,9.371708e-05,0.0,s_ma,c_ma,c_ms,interleaved
4,1.7970058e-05,0.0,s_ma,c_ma,c_ms,interleaved
4,1.806959e-05,0.0,s_ma,c_ma,c_ma,interleaved
4,0.32802424,0.0,s_ms,c_ma,c_ms,interleaved
4,0.34959722,0.0,s_ms,c_ma,c_ma,interleaved
4,0.47833052,0.0,s_ms,c_ma,c_ms,interleaved
4,0.45112744,0.0,s_ms,c_ma,c_ma,interleaved
4,0.5124747,1.0,s_ms,c_ma,c_ms,interleaved
4,0.35962352,0.0,s_ms,c_ms,c_ms,interleaved
4,0.3924702,0.0,s_ms,c_ms,c_ma,interleaved
4,0.4363068,0.0,s_ms,c_ms,c_ms,interleaved
4,0.4085635,0.0,s_ms,c_ms,c_ma,interleaved
4,0.35928446,0.0,s_ms,c_ms,c_ma,interleaved
4,9.247742e-06,0.0,s_ma,c_ms,c_ma,interleaved
4,1.5428128e-05,0.0,s_ma,c_ms,c_ms,interleaved
4,2.544716e-06,0.0,s_ma,c_ms,c_ms,interleaved
4,5.3800204e-06,0.0,s_ma,c_ms,c_ma,interleaved
4,3.589901e-06,0.0,s_ma,c_ms,c_ms,interleaved
4,0.40091783,0.0,s_ms,c_ma,c_ms,interleaved
4,0.46583173,0.0,s_ms,c_ma,c_ma,interleaved
4,0.5536875,1.0,s_ms,c_ma,c_ma,interleaved
4,0.50401366,1.0,s_ms,c_ma,c_ms,interleaved
4,0.5254562,1.0,s_ms,c_ma,c_ms,interleaved
4,2.3976412e-05,0.0,s_ma,c_ma,c_ms,interleaved
4,1.0747946e-05,0.0,s_ma,c_ma,c_ma,interleaved
4,2.9874383e-05,0.0,s_ma,c_ma,c_ms,interleaved
4,5.2657313e-05,0.0,s_ma,c_ma,c_ma,interleaved
4,0.3869,0.0,s_ms,c_ms,c_ma,interleaved
4,0.42275417,0.0,s_ms,c_ms,c_ms,interleaved
4,0.4348422,0.0,s_ms,c_ms,c_ma,interleaved
4,0.43023032,0.0,s_ms,c_ms,c_ms,interleaved
4,0.39108714,0.0,s_ms,c_ms,c_ms,interleaved
4,2.7249648e-06,0.0,s_ma,c_ms,c_ms,interleaved
4,1.6544446e-06,0.0,s_ma,c_ms,c_ma,interleaved
4,2.3878165e-06,0.0,s_ma,c_ms,c_ma,interleaved
4,9.3212583e-07,0.0,s_ma,c_ms,c_ms,interleaved
4,1.126969e-06,0.0,s_ma,c_ms,c_ma,interleaved
4,0.4478956,0.0,s_ms,c_ma,c_ma,interleaved
4,0.49825853,0.0,s_ms,c_ma,c_ms,interleaved
4,0.4976869,0.0,s_ms,c_ma,c_ms,interleaved
4,0.59567523,1.0,s_ms,c_ma,c_ma,interleaved
4,0.51484185,1.0,s_ms,c_ma,c_ma,interleaved
4,2.394389e-05,0.0,s_ma,c_ma,c_ms,interleaved
4,8.261602e-06,0.0,s_ma,c_ma,c_ms,interleaved
4,2.3475905e-05,0.0,s_ma,c_ma,c_ma,interleaved
4,1.8372371e-05,0.0,s_ma,c_ma,c_ms,interleaved
4,0.3684367,0.0,s_ms,c_ms,c_ms,interleaved
4,0.40262735,0.0,s_ms,c_ms,c_ma,interleaved
4,0.39614004,0.0,s_ms,c_ms,c_ms,interleaved
4,0.29965466,0.0,s_ms,c_ms,c_ma,interleaved
4,0.28244066,0.0,s_ms,c_ms,c_ma,interleaved
4,5.545832e-06,0.0,s_ma,c_ms,c_ma,interleaved
4,7.880067e-07,0.0,s_ma,c_ms,c_ms,interleaved
4,1.5191818e-06,0.0,s_ma,c_ms,c_ms,interleaved
4,4.1124968e-06,0.0,s_ma,c_ms,c_ma,interleaved
4,8.499635e-06,0.0,s_ma,c_ms,c_ms,interleaved
4,0.42829275,0.0,s_ms,c_ma,c_ms,interleaved
4,0.46280158,0.0,s_ms,c_ma,c_ma,interleaved
4,0.3564462,0.0,s_ms,c_ma,c_ma,interleaved
4,0.47208145,0.0,s_ms,c_ma,c_ms,interleaved
4,0.3674832,0.0,s_ms,c_ma,c_ms,interleaved
4,1.1237989e-05,0.0,s_ma,c_ma,c_ma,interleaved
4,7.66638e-06,0.0,s_ma,c_ma,c_ms,interleaved
4,5.753172e-06,0.0,s_ma,c_ma,c_ms,interleaved
4,1.1183565e-05,0.0,s_ma,c_ma,c_ma,interleaved
4,0.33739525,0.0,s_ms,c_ms,c_ma,interleaved
4,0.3988884,0.0,s_ms,c_ms,c_ms,interleaved
4,0.4919876,0.0,s_ms,c_ms,c_ma,interleaved
4,0.39035022,0.0,s_ms,c_ms,c_ms,interleaved
4,0.35608935,0.0,s_ms,c_ms,c_ms,interleaved
4,1.0106558e-05,0.0,s_ma,c_ms,c_ms,interleaved
4,5.4253524e-06,0.0,s_ma,c_ms,c_ma,interleaved
4,2.2935108e-06,0.0,s_ma,c_ms,c_ma,interleaved
4,8.428079e-06,0.0,s_ma,c_ms,c_ms,interleaved
4,1.9154163e-06,0.0,s_ma,c_ms,c_ma,interleaved
4,0.31174773,0.0,s_ms,c_ma,c_ma,interleaved
4,0.3547637,0.0,s_ms,c_ma,c_ms,interleaved
4,0.39806587,0.0,s_ms,c_ma,c_ms,interleaved
4,0.3696301,0.0,s_ms,c_ma,c_ma,interleaved
4,0.39550155,0.0,s_ms,c_ma,c_ma,interleaved
4,3.1187818e-05,0.0,s_ma,c_ma,c_ms,interleaved
4,2.2398779e-05,0.0,s_ma,c_ma,c_ma,interleaved
4,6.7861442e-06,0.0,s_ma,c_ma,c_ms,interleaved
4,1.2404662e-05,0.0,s_ma,c_ma,c_ms,interleaved
4,0.26118279,0.0,s_ms,c_ms,c_ms,interleaved
4,0.38889438,0.0,s_ms,c_ms,c_ma,interleaved
4,0.3991468,0.0,s_ms,c_ms,c_ms,interleaved
4,0.3437297,0.0,s_ms,c_ms,c_ma,interleaved
4,0.3203924,0.0,s_ms,c_ms,c_ma,interleaved
4,3.5522366e-06,0.0,s_ma,c_ms,c_ma,interleaved
4,1.964786e-06,0.0,s_ma,c_ms,c_ms,interleaved
4,2.6689047e-06,0.0,s_ma,c_ms,c_ms,interleaved
4,5.8479054e-06,0.0,s_ma,c_ms,c_ma,interleaved
4,4.467779e-06,0.0,s_ma,c_ms,c_ms,interleaved
4,0.35936648,0.0,s_ms,c_ma,c_ms,interleaved
4,0.468678,0.0,s_ms,c_ma,c_ma,interleaved
4,0.38303667,0.0,s_ms,c_ma,c_ma,interleaved
4,0.51503146,1.0,s_ms,c_ma,c_ms,interleaved
4,0.33945116,0.0,s_ms,c_ma,c_ms,interleaved
4,5.1627012e-05,0.0,s_ma,c_ma,c_ma,interleaved
4,1.6866195e-05,0.0,s_ma,c_ma,c_ms,interleaved
4,1.0175267e-05,0.0,s_ma,c_ma,c_ma,interleaved
4,1.1062185e-05,0.0,s_ma,c_ma,c_ms,interleaved
4,1.2774717e-05,0.0,s_ma,c_ma,c_ms,random
4,2.1166143e-05,0.0,s_ma,c_ma,c_ma,random
4,7.0073097e-06,0.0,s_ma,c_ma,c_ms,random
4,2.4681962e-05,0.0,s_ma,c_ma,c_ms,random
4,0.56916076,1.0,s_ms,c_ma,c_ms,random
4,0.5780062,1.0,s_ms,c_ma,c_ma,random
4,0.40513033,0.0,s_ms,c_ma,c_ma,random
4,0.45464227,0.0,s_ms,c_ma,c_ms,random
4,0.3842091,0.0,s_ms,c_ma,c_ma,random
4,4.982427e-06,0.0,s_ma,c_ms,c_ma,random
4,7.1802126e-05,0.0,s_ma,c_ms,c_ms,random
4,3.925691e-06,0.0,s_ma,c_ms,c_ms,random
4,2.5261194e-05,0.0,s_ma,c_ms,c_ma,random
4,2.2885429e-06,0.0,s_ma,c_ms,c_ma,random
4,0.46877345,0.0,s_ms,c_ms,c_ms,random
4,0.4261841,0.0,s_ms,c_ms,c_ma,random
4,0.46643752,0.0,s_ms,c_ms,c_ms,random
4,0.49252447,0.0,s_ms,c_ms,c_ma,random
4,0.55991584,1.0,s_ms,c_ms,c_ms,random
4,1.3922925e-05,0.0,s_ma,c_ma,c_ms,random
4,6.492243e-05,0.0,s_ma,c_ma,c_ms,random
4,0.000117727046,0.0,s_ma,c_ma,c_ma,random
4,1.3470961e-05,0.0,s_ma,c_ma,c_ma,random
4,0.39068645,0.0,s_ms,c_ma,c_ma,random
4,0.52631617,1.0,s_ms,c_ma,c_ms,random
4,0.37968588,0.0,s_ms,c_ma,c_ms,random
4,0.43334818,0.0,s_ms,c_ma,c_ma,random
4,0.48472458,0.0,s_ms,c_ma,c_ms,random
4,8.780974e-06,0.0,s_ma,c_ms,c_ms,random
4,4.3725377e-05,0.0,s_ma,c_ms,c_ma,random
4,1.1996707e-06,0.0,s_ma,c_ms,c_ma,random
4,1.37618845e-05,0.0,s_ma,c_ms,c_ms,random
4,1.2374119e-05,0.0,s_ma,c_ms,c_ms,random
4,0.4053017,0.0,s_ms,c_ms,c_ma,random
4,0.41326582,0.0,s_ms,c_ms,c_ms,random
4,0.460698,0.0,s_ms,c_ms,c_ma,random
4,0.44760513,0.0,s_ms,c_ms,c_ms,random
4,0.47377807,0.0,s_ms,c_ms,c_ma,random
4,2.331054e-05,0.0,s_ma,c_ma,c_ma,random
4,6.8536174e-05,0.0,s_ma,c_ma,c_ms,random
4,2.9967705e-05,0.0,s_ma,c_ma,c_ms,random
4,3.5005633e-05,0.0,s_ma,c_ma,c_ms,random
4,0.4009592,0.0,s_ms,c_ma,c_ms,random
4,0.36875463,0.0,s_ms,c_ma,c_ma,random
4,0.34193963,0.0,s_ms,c_ma,c_ma,random
4,0.24932693,0.0,s_ms,c_ma,c_ms,random
4,0.40252197,0.0,s_ms,c_ma,c_ma,random
4,8.685304e-06,0.0,s_ma,c_ms,c_ma,random
4,0.00016493665,0.0,s_ma,c_ms,c_ms,random
4,1.7936309e-05,0.0,s_ma,c_ms,c_ms,random
4,1.0359649e-05,0.0,s_ma,c_ms,c_ma,random
4,1.0950067e-05,0.0,s_ma,c_ms,c_ma,random
4,0.35495853,0.0,s_ms,c_ms,c_ms,random
4,0.38285837,0.0,s_ms,c_ms,c_ma,random
4,0.3929056,0.0,s_ms,c_ms,c_ms,random
4,0.35369307,0.0,s_ms,c_ms,c_ma,random
4,0.44247788,0.0,s_ms,c_ms,c_ms,random
4,6.8476475e-06,0.0,s_ma,c_ma,c_ms,random
4,0.000113724585,0.0,s_ma,c_ma,c_ma,random
4,2.7387667e-05,0.0,s_ma,c_ma,c_ms,random
4,3.745901e-05,0.0,s_ma,c_ma,c_ma,random
4,0.42769372,0.0,s_ms,c_ma,c_ma,random
4,0.5114217,1.0,s_ms,c_ma,c_ms,random
4,0.4016189,0.0,s_ms,c_ma,c_ms,random
4,0.43599153,0.0,s_ms,c_ma,c_ma,random
4,0.5546105,1.0,s_ms,c_ma,c_ms,random
4,7.4872955e-06,0.0,s_ma,c_ms,c_ms,random
4,0.00045221468,0.0,s_ma,c_ms,c_ma,random
4,2.7952365e-06,0.0,s_ma,c_ms,c_ma,random
4,1.8679872e-05,0.0,s_ma,c_ms,c_ms,random
4,9.980035e-06,0.0,s_ma,c_ms,c_ms,random
4,0.37364817,0.0,s_ms,c_ms,c_ma,random
4,0.4080159,0.0,s_ms,c_ms,c_ms,random
4,0.52467096,1.0,s_ms,c_ms,c_ma,random
4,0.43944198,0.0,s_ms,c_ms,c_ms,random
4,0.48430222,0.0,s_ms,c_ms,c_ma,random
4,2.64323e-05,0.0,s_ma,c_ma,c_ms,random
4,1.172993e-05,0.0,s_ma,c_ma,c_ma,random
4,3.5128392e-05,0.0,s_ma,c_ma,c_ms,random
4,3.7530972e-05,0.0,s_ma,c_ma,c_ma,random
4,0.38561663,0.0,s_ms,c_ma,c_ma,random
4,0.5254444,1.0,s_ms,c_ma,c_ms,random
4,0.29992914,0.0,s_ms,c_ma,c_ms,random
4,0.30525362,0.0,s_ms,c_ma,c_ma,random
4,0.52388,1.0,s_ms,c_ma,c_ms,random
4,3.1919758e-06,0.0,s_ma,c_ms,c_ms,random
4,4.8805992e-05,0.0,s_ma,c_ms,c_ma,random
4,5.3769973e-06,0.0,s_ma,c_ms,c_ma,random
4,3.3379245e-05,0.0,s_ma,c_ms,c_ms,random
4,1.7647304e-05,0.0,s_ma,c_ms,c_ms,random
4,0.4472757,0.0,s_ms,c_ms,c_ma,random
4,0.39532825,0.0,s_ms,c_ms,c_ms,random
4,0.53211844,1.0,s_ms,c_ms,c_ma,random
4,0.47884533,0.0,s_ms,c_ms,c_ms,random
4,0.5036693,1.0,s_ms,c_ms,c_ma,random
4,0.2969029,0.0,s_ms,c_ma,c_ms,random
4,0.48439425,0.0,s_ms,c_ma,c_ma,random
4,0.43601602,0.0,s_ms,c_ma,c_ms,random
4,0.4181369,0.0,s_ms,c_ma,c_ma,random
4,0.3912366,0.0,s_ms,c_ma,c_ma,random
4,1.8176024e-05,0.0,s_ma,c_ma,c_ms,random
4,2.7344709e-06,0.0,s_ma,c_ma,c_ms,random
4,1.1631037e-05,0.0,s_ma,c_ma,c_ma,random
4,1.5681461e-06,0.0,s_ma,c_ma,c_ms,random
4,0.46003613,0.0,s_ms,c_ms,c_ms,random
4,0.3178087,0.0,s_ms,c_ms,c_ma,random
4,0.33232737,0.0,s_ms,c_ms,c_ma,random
4,0.4653996,0.0,s_ms,c_ms,c_ms,random
4,0.43616247,0.0,s_ms,c_ms,c_ms,random
4,9.3102135e-06,0.0,s_ma,c_ms,c_ma,random
4,3.1910552e-06,0.0,s_ma,c_ms,c_ms,random
4,5.4187763e-06,0.0,s_ma,c_ms,c_ma,random
4,9.034198e-06,0.0,s_ma,c_ms,c_ms,random
4,3.7632562e-06,0.0,s_ma,c_ms,c_ma,random
4,0.27997094,0.0,s_ms,c_ma,c_ma,random
4,0.3406754,0.0,s_ms,c_ma,c_ms,random
4,0.48412585,0.0,s_ms,c_ma,c_ma,random
4,0.34552002,0.0,s_ms,c_ma,c_ms,random
4,0.29957438,0.0,s_ms,c_ma,c_ms,random
4,1.7532182e-05,0.0,s_ma,c_ma,c_ms,random
4,2.062415e-05,0.0,s_ma,c_ma,c_ma,random
4,6.064767e-06,0.0,s_ma,c_ma,c_ms,random
4,8.49428e-06,0.0,s_ma,c_ma,c_ma,random
4,0.39310193,0.0,s_ms,c_ms,c_ma,random
4,0.44407755,0.0,s_ms,c_ms,c_ms,random
4,0.3940541,0.0,s_ms,c_ms,c_ms,random
4,0.37112606,0.0,s_ms,c_ms,c_ma,random
4,0.4026343,0.0,s_ms,c_ms,c_ma,random
4,1.5168635e-05,0.0,s_ma,c_ms,c_ms,random
4,1.5218657e-06,0.0,s_ma,c_ms,c_ma,random
4,7.6960373e-07,0.0,s_ma,c_ms,c_ms,random
4,4.1674366e-06,0.0,s_ma,c_ms,c_ma,random
4,1.9458014e-06,0.0,s_ma,c_ms,c_ms,random
4,0.43256897,0.0,s_ms,c_ma,c_ma,random
4,0.4783237,0.0,s_ms,c_ma,c_ms,random
4,0.50157887,1.0,s_ms,c_ma,c_ma,random
4,0.4644009,0.0,s_ms,c_ma,c_ms,random
4,0.52192974,1.0,s_ms,c_ma,c_ms,random
4,2.6925868e-06,0.0,s_ma,c_ma,c_ms,random
4,1.9008112e-05,0.0,s_ma,c_ma,c_ma,random
4,1.6241684e-06,0.0,s_ma,c_ma,c_ms,random
4,2.174817e-06,0.0,s_ma,c_ma,c_ma,random
4,0.46761152,0.0,s_ms,c_ms,c_ma,random
4,0.7255386,1.0,s_ms,c_ms,c_ms,random
4,0.42537972,0.0,s_ms,c_ms,c_ms,random
4,0.6228001,1.0,s_ms,c_ms,c_ma,random
4,0.5126446,1.0,s_ms,c_ms,c_ma,random
4,2.4621033e-06,0.0,s_ma,c_ms,c_ms,random
4,2.7341134e-06,0.0,s_ma,c_ms,c_ma,random
4,1.4550131e-06,0.0,s_ma,c_ms,c_ms,random
4,2.1341723e-06,0.0,s_ma,c_ms,c_ma,random
4,2.6522794e-06,0.0,s_ma,c_ms,c_ms,random
4,0.355086,0.0,s_ms,c_ma,c_ms,random
4,0.41525257,0.0,s_ms,c_ma,c_ma,random
4,0.5920023,1.0,s_ms,c_ma,c_ms,random
4,0.3872019,0.0,s_ms,c_ma,c_ma,random
4,0.520383,1.0,s_ms,c_ma,c_ma,random
4,1.09733965e-05,0.0,s_ma,c_ma,c_ma,random
4,5.5532246e-06,0.0,s_ma,c_ma,c_ms,random
4,1.271441e-06,0.0,s_ma,c_ma,c_ms,random
4,2.7626704e-06,0.0,s_ma,c_ma,c_ms,random
4,0.42043102,0.0,s_ms,c_ms,c_ms,random
4,0.5178386,1.0,s_ms,c_ms,c_ma,random
4,0.5049838,1.0,s_ms,c_ms,c_ma,random
4,0.571885,1.0,s_ms,c_ms,c_ms,random
4,0.5514426,1.0,s_ms,c_ms,c_ms,random
4,5.0528542e-06,0.0,s_ma,c_ms,c_ma,random
4,9.828809e-07,0.0,s_ma,c_ms,c_ms,random
4,4.620267e-06,0.0,s_ma,c_ms,c_ma,random
4,7.4964164e-06,0.0,s_ma,c_ms,c_ms,random
4,5.251188e-06,0.0,s_ma,c_ms,c_ma,random
4,0.40547988,0.0,s_ms,c_ma,c_ma,random
4,0.37494475,0.0,s_ms,c_ma,c_ms,random
4,0.4123379,0.0,s_ms,c_ma,c_ma,random
4,0.31041884,0.0,s_ms,c_ma,c_ms,random
4,0.3279292,0.0,s_ms,c_ma,c_ms,random
4,1.6700142e-06,0.0,s_ma,c_ma,c_ms,random
4,8.722796e-06,0.0,s_ma,c_ma,c_ma,random
4,2.1040776e-06,0.0,s_ma,c_ma,c_ma,random
4,2.7493302e-06,0.0,s_ma,c_ma,c_ms,random
4,0.28298202,0.0,s_ms,c_ms,c_ma,random
4,0.53211033,1.0,s_ms,c_ms,c_ms,random
4,0.36595365,0.0,s_ms,c_ms,c_ms,random
4,0.5186571,1.0,s_ms,c_ms,c_ma,random
4,0.421544,0.0,s_ms,c_ms,c_ma,random
4,3.252184e-06,0.0,s_ma,c_ms,c_ms,random
4,1.3006348e-06,0.0,s_ma,c_ms,c_ma,random
4,8.748633e-06,0.0,s_ma,c_ms,c_ms,random
4,1.9434476e-06,0.0,s_ma,c_ms,c_ma,random
4,4.5674788e-06,0.0,s_ma,c_ms,c_ms,random
4,4.610086e-06,0.0,s_ma,c_ms,c_ma,random
4,6.8842874e-06,0.0,s_ma,c_ms,c_ms,random
4,7.666813e-06,0.0,s_ma,c_ms,c_ma,random
4,6.7473247e-06,0.0,s_ma,c_ms,c_ms,random
4,2.573557e-06,0.0,s_ma,c_ms,c_ms,random
4,0.3384943,0.0,s_ms,c_ms,c_ms,random
4,0.42025244,0.0,s_ms,c_ms,c_ma,random
4,0.35393098,0.0,s_ms,c_ms,c_ma,random
4,0.3705734,0.0,s_ms,c_ms,c_ms,random
4,0.5136062,1.0,s_ms,c_ms,c_ma,random
4,2.720992e-05,0.0,s_ma,c_ma,c_ms,random
4,3.3639262e-06,0.0,s_ma,c_ma,c_ms,random
4,1.2909475e-05,0.0,s_ma,c_ma,c_ma,random
4,3.6165893e-06,0.0,s_ma,c_ma,c_ma,random
4,0.44322547,0.0,s_ms,c_ma,c_ms,random
4,0.40193927,0.0,s_ms,c_ma,c_ma,random
4,0.4379003,0.0,s_ms,c_ma,c_ms,random
4,0.52870953,1.0,s_ms,c_ma,c_ma,random
4,0.4974384,0.0,s_ms,c_ma,c_ms,random
4,8.562088e-05,0.0,s_ma,c_ms,c_ms,random
4,3.6634196e-05,0.0,s_ma,c_ms,c_ma,random
4,0.00013472399,0.0,s_ma,c_ms,c_ms,random
4,0.00040716512,0.0,s_ma,c_ms,c_ma,random
4,5.2310897e-05,0.0,s_ma,c_ms,c_ma,random
4,0.5349329,1.0,s_ms,c_ms,c_ma,random
4,0.3974081,0.0,s_ms,c_ms,c_ms,random
4,0.16742119,0.0,s_ms,c_ms,c_ms,random
4,0.28139028,0.0,s_ms,c_ms,c_ma,random
4,0.3012951,0.0,s_ms,c_ms,c_ms,random
4,3.0854644e-05,0.0,s_ma,c_ma,c_ms,random
4,9.88739e-05,0.0,s_ma,c_ma,c_ma,random
4,0.00010603927,0.0,s_ma,c_ma,c_ms,random
4,9.542517e-05,0.0,s_ma,c_ma,c_ms,random
4,0.37287045,0.0,s_ms,c_ma,c_ma,random
4,0.33780223,0.0,s_ms,c_ma,c_ms,random
4,0.3727504,0.0,s_ms,c_ma,c_ma,random
4,0.4841482,0.0,s_ms,c_ma,c_ms,random
4,0.38579792,0.0,s_ms,c_ma,c_ma,random
4,2.9157447e-06,0.0,s_ma,c_ms,c_ms,random
4,8.4674116e-07,0.0,s_ma,c_ms,c_ma,random
4,1.641701e-05,0.0,s_ma,c_ms,c_ms,random
4,2.398062e-06,0.0,s_ma,c_ms,c_ma,random
4,4.3163004e-06,0.0,s_ma,c_ms,c_ma,random
4,0.48469505,0.0,s_ms,c_ms,c_ma,random
4,0.43249726,0.0,s_ms,c_ms,c_ms,random
4,0.40512377,0.0,s_ms,c_ms,c_ms,random
4,0.30928525,0.0,s_ms,c_ms,c_ma,random
4,0.4308731,0.0,s_ms,c_ms,c_ms,random
4,3.341332e-06,0.0,s_ma,c_ma,c_ms,random
4,8.939366e-05,0.0,s_ma,c_ma,c_ma,random
4,1.945827e-05,0.0,s_ma,c_ma,c_ms,random
4,1.7931516e-05,0.0,s_ma,c_ma,c_ms,random
4,0.33344007,0.0,s_ms,c_ma,c_ma,random
4,0.36383957,0.0,s_ms,c_ma,c_ms,random
4,0.50924754,1.0,s_ms,c_ma,c_ma,random
4,0.4617234,0.0,s_ms,c_ma,c_ms,random
4,0.5048075,1.0,s_ms,c_ma,c_ma,random
4,2.5956244e-05,0.0,s_ma,c_ms,c_ma,random
4,1.1058688e-05,0.0,s_ma,c_ms,c_ms,random
4,1.0159736e-05,0.0,s_ma,c_ms,c_ma,random
4,1.8756416e-05,0.0,s_ma,c_ms,c_ms,random
4,2.5542633e-05,0.0,s_ma,c_ms,c_ms,random
4,0.34049076,0.0,s_ms,c_ms,c_ms,random
4,0.4163369,0.0,s_ms,c_ms,c_ma,random
4,0.22294332,0.0,s_ms,c_ms,c_ma,random
4,0.2449504,0.0,s_ms,c_ms,c_ms,random
4,0.29179108,0.0,s_ms,c_ms,c_ma,random
4,1.2698249e-05,0.0,s_ma,c_ma,c_ma,random
4,0.00010134936,0.0,s_ma,c_ma,c_ms,random
4,2.0499414e-05,0.0,s_ma,c_ma,c_ms,random
4,1.7398223e-05,0.0,s_ma,c_ma,c_ma,random
4,0.36288148,0.0,s_ms,c_ma,c_ms,random
4,0.28113514,0.0,s_ms,c_ma,c_ma,random
4,0.34356472,0.0,s_ms,c_ma,c_ms,random
4,0.4642321,0.0,s_ms,c_ma,c_ma,random
4,0.3321978,0.0,s_ms,c_ma,c_ms,random
4,2.1189462e-06,0.0,s_ma,c_ms,c_ma,random
4,9.990574e-06,0.0,s_ma,c_ms,c_ms,random
4,9.798914e-06,0.0,s_ma,c_ms,c_ma,random
4,1.04182245e-05,0.0,s_ma,c_ms,c_ms,random
4,1.4472381e-05,0.0,s_ma,c_ms,c_ms,random
4,0.3323258,0.0,s_ms,c_ms,c_ms,random
4,0.40537232,0.0,s_ms,c_ms,c_ma,random
4,0.2909972,0.0,s_ms,c_ms,c_ma,random
4,0.22517553,0.0,s_ms,c_ms,c_ms,random
4,0.36272827,0.0,s_ms,c_ms,c_ma,random
4,3.755041e-06,0.0,s_ma,c_ma,c_ma,random
4,9.054831e-05,0.0,s_ma,c_ma,c_ms,random
4,1.7699544e-05,0.0,s_ma,c_ma,c_ms,random
4,1.762966e-05,0.0,s_ma,c_ma,c_ma,random
4,0.32864434,0.0,s_ms,c_ma,c_ms,random
4,0.3512801,0.0,s_ms,c_ma,c_ma,random
4,0.47913653,0.0,s_ms,c_ma,c_ms,random
4,0.45174468,0.0,s_ms,c_ma,c_ma,random
4,0.51442,1.0,s_ms,c_ma,c_ms,random
4,0.3574319,0.0,s_ms,c_ms,c_ms,random
4,0.39129728,0.0,s_ms,c_ms,c_ma,random
4,0.4355334,0.0,s_ms,c_ms,c_ms,random
4,0.40715158,0.0,s_ms,c_ms,c_ma,random
4,0.35789055,0.0,s_ms,c_ms,c_ma,random
4,8.8792285e-06,0.0,s_ma,c_ms,c_ma,random
4,1.4947027e-05,0.0,s_ma,c_ms,c_ms,random
4,2.4838341e-06,0.0,s_ma,c_ms,c_ms,random
4,5.3092062e-06,0.0,s_ma,c_ms,c_ma,random
4,3.449984e-06,0.0,s_ma,c_ms,c_ms,random
4,0.39869654,0.0,s_ms,c_ma,c_ms,random
4,0.46628666,0.0,s_ms,c_ma,c_ma,random
4,0.5549214,1.0,s_ms,c_ma,c_ma,random
4,0.50436425,1.0,s_ms,c_ma,c_ms,random
4,0.52471495,1.0,s_ms,c_ma,c_ms,random
4,2.3958371e-05,0.0,s_ma,c_ma,c_ms,random
4,1.038378e-05,0.0,s_ma,c_ma,c_ma,random
4,2.9289038e-05,0.0,s_ma,c_ma,c_ms,random
4,5.154511e-05,0.0,s_ma,c_ma,c_ma,random
4,0.38403803,0.0,s_ms,c_ms,c_ma,random
4,0.41860902,0.0,s_ms,c_ms,c_ms,random
4,0.43163475,0.0,s_ms,c_ms,c_ma,random
4,0.42582577,0.0,s_ms,c_ms,c_ms,random
4,0.3863054,0.0,s_ms,c_ms,c_ms,random
4,2.7161304e-06,0.0,s_ma,c_ms,c_ms,random
4,1.6522229e-06,0.0,s_ma,c_ms,c_ma,random
4,2.3265363e-06,0.0,s_ma,c_ms,c_ma,random
4,9.3113437e-07,0.0,s_ma,c_ms,c_ms,random
4,1.0655199e-06,0.0,s_ma,c_ms,c_ma,random
4,0.44640076,0.0,s_ms,c_ma,c_ma,random
4,0.49756804,0.0,s_ms,c_ma,c_ms,random
4,0.4962831,0.0,s_ms,c_ma,c_ms,random
4,0.5925065,1.0,s_ms,c_ma,c_ma,random
4,0.5124916,1.0,s_ms,c_ma,c_ma,random
4,2.3913844e-05,0.0,s_ma,c_ma,c_ms,random
4,7.941474e-06,0.0,s_ma,c_ma,c_ms,random
4,2.3195029e-05,0.0,s_ma,c_ma,c_ma,random
4,1.8093133e-05,0.0,s_ma,c_ma,c_ms,random
4,0.36733216,0.0,s_ms,c_ms,c_ms,random
4,0.4019177,0.0,s_ms,c_ms,c_ma,random
4,0.3925032,0.0,s_ms,c_ms,c_ms,random
4,0.2980703,0.0,s_ms,c_ms,c_ma,random
4,0.27999967,0.0,s_ms,c_ms,c_ma,random
4,5.4788306e-06,0.0,s_ma,c_ms,c_ma,random
4,7.217127e-07,0.0,s_ma,c_ms,c_ms,random
4,1.5194614e-06,0.0,s_ma,c_ms,c_ms,random
4,4.1629823e-06,0.0,s_ma,c_ms,c_ma,random
4,8.421331e-06,0.0,s_ma,c_ms,c_ms,random
4,0.42985013,0.0,s_ms,c_ma,c_ms,random
4,0.46318296,0.0,s_ms,c_ma,c_ma,random
4,0.35765457,0.0,s_ms,c_ma,c_ma,random
4,0.47200546,0.0,s_ms,c_ma,c_ms,random
4,0.36667132,0.0,s_ms,c_ma,c_ms,random
4,1.0850001e-05,0.0,s_ma,c_ma,c_ma,random
4,7.3494116e-06,0.0,s_ma,c_ma,c_ms,random
4,5.564898e-06,0.0,s_ma,c_ma,c_ms,random
4,1.0805108e-05,0.0,s_ma,c_ma,c_ma,random
4,0.33541924,0.0,s_ms,c_ms,c_ma,random
4,0.39723986,0.0,s_ms,c_ms,c_ms,random
4,0.49033254,0.0,s_ms,c_ms,c_ma,random
4,0.38729328,0.0,s_ms,c_ms,c_ms,random
4,0.3541964,0.0,s_ms,c_ms,c_ms,random
4,9.778039e-06,0.0,s_ma,c_ms,c_ms,random
4,5.215898e-06,0.0,s_ma,c_ms,c_ma,random
4,2.2322772e-06,0.0,s_ma,c_ms,c_ma,random
4,8.006745e-06,0.0,s_ma,c_ms,c_ms,random
4,1.904641e-06,0.0,s_ma,c_ms,c_ma,random
4,0.310861,0.0,s_ms,c_ma,c_ma,random
4,0.35379177,0.0,s_ms,c_ma,c_ms,random
4,0.39895424,0.0,s_ms,c_ma,c_ms,random
4,0.36804676,0.0,s_ms,c_ma,c_ma,random
4,0.39469522,0.0,s_ms,c_ma,c_ma,random
4,3.0509858e-05,0.0,s_ma,c_ma,c_ms,random
4,2.2096601e-05,0.0,s_ma,c_ma,c_ma,random
4,6.577111e-06,0.0,s_ma,c_ma,c_ms,random
4,1.2377994e-05,0.0,s_ma,c_ma,c_ms,random
4,0.25846732,0.0,s_ms,c_ms,c_ms,random
4,0.38739157,0.0,s_ms,c_ms,c_ma,random
4,0.3970964,0.0,s_ms,c_ms,c_ms,random
4,0.34108794,0.0,s_ms,c_ms,c_ma,random
4,0.3178205,0.0,s_ms,c_ms,c_ma,random
4,3.503402e-06,0.0,s_ma,c_ms,c_ma,random
4,1.9488957e-06,0.0,s_ma,c_ms,c_ms,random
4,2.607763e-06,0.0,s_ma,c_ms,c_ms,random
4,5.6580557e-06,0.0,s_ma,c_ms,c_ma,random
4,4.4040858e-06,0.0,s_ma,c_ms,c_ms,random
4,0.35770273,0.0,s_ms,c_ma,c_ms,random
4,0.46785963,0.0,s_ms,c_ma,c_ma,random
4,0.38176787,0.0,s_ms,c_ma,c_ma,random
4,0.51404727,1.0,s_ms,c_ma,c_ms,random
4,0.33736318,0.0,s_ms,c_ma,c_ms,random
4,5.0513412e-05,0.0,s_ma,c_ma,c_ma,random
4,1.659181e-05,0.0,s_ma,c_ma,c_ms,random
4,9.817755e-06,0.0,s_ma,c_ma,c_ma,random
4,1.0983078e-05,0.0,s_ma,c_ma,c_ms,random
5,0.00016120715,0.0,s_ma,c_ma,c_ms,blocked
5,0.00013052722,0.0,s_ma,c_ma,c_ma,blocked
5,3.446954e-05,0.0,s_ma,c_ma,c_ms,blocked
5,7.416225e-05,0.0,s_ma,c_ma,c_ms,blocked
5,0.57192403,1.0,s_ms,c_ma,c_ms,blocked
5,0.51181436,1.0,s_ms,c_ma,c_ma,blocked
5,0.5825478,1.0,s_ms,c_ma,c_ma,blocked
5,0.6084893,1.0,s_ms,c_ma,c_ms,blocked
5,0.5465839,1.0,s_ms,c_ma,c_ma,blocked
5,1.9125559e-05,0.0,s_ma,c_ms,c_ma,blocked
5,5.4873486e-05,0.0,s_ma,c_ms,c_ms,blocked
5,2.0903255e-05,0.0,s_ma,c_ms,c_ms,blocked
5,2.2744453e-05,0.0,s_ma,c_ms,c_ma,blocked
5,1.8792292e-05,0.0,s_ma,c_ms,c_ma,blocked
5,0.42843834,0.0,s_ms,c_ms,c_ms,blocked
5,0.5565994,1.0,s_ms,c_ms,c_ma,blocked
5,0.37966657,0.0,s_ms,c_ms,c_ms,blocked
5,0.5624366,1.0,s_ms,c_ms,c_ma,blocked
5,0.53059816,1.0,s_ms,c_ms,c_ms,blocked
5,0.00016236972,0.0,s_ma,c_ma,c_ms,blocked
5,8.0245016e-05,0.0,s_ma,c_ma,c_ms,blocked
5,7.983145e-05,0.0,s_ma,c_ma,c_ma,blocked
5,0.00020331604,0.0,s_ma,c_ma,c_ma,blocked
5,0.43116,0.0,s_ms,c_ma,c_ma,blocked
5,0.53450966,1.0,s_ms,c_ma,c_ms,blocked
5,0.6608109,1.0,s_ms,c_ma,c_ms,blocked
5,0.5231872,1.0,s_ms,c_ma,c_ma,blocked
5,0.5617231,1.0,s_ms,c_ma,c_ms,blocked
5,2.9030307e-05,0.0,s_ma,c_ms,c_ms,blocked
5,0.00010804212,0.0,s_ma,c_ms,c_ma,blocked
5,5.9202244e-05,0.0,s_ma,c_ms,c_ma,blocked
5,7.849281e-06,0.0,s_ma,c_ms,c_ms,blocked
5,7.03974e-06,0.0,s_ma,c_ms,c_ms,blocked
5,0.48271763,0.0,s_ms,c_ms,c_ma,blocked
5,0.61164665,1.0,s_ms,c_ms,c_ms,blocked
5,0.45104778,0.0,s_ms,c_ms,c_ma,blocked
5,0.7524351,1.0,s_ms,c_ms,c_ms,blocked
5,0.55384934,1.0,s_ms,c_ms,c_ma,blocked
5,0.00015521643,0.0,s_ma,c_ma,c_ma,blocked
5,9.1663474e-05,0.0,s_ma,c_ma,c_ms,blocked
5,0.00010426279,0.0,s_ma,c_ma,c_ms,blocked
5,0.00022818326,0.0,s_ma,c_ma,c_ms,blocked
5,0.6316092,1.0,s_ms,c_ma,c_ms,blocked
5,0.6318023,1.0,s_ms,c_ma,c_ma,blocked
5,0.70750415,1.0,s_ms,c_ma,c_ma,blocked
5,0.6353236,1.0,s_ms,c_ma,c_ms,blocked
5,0.6217943,1.0,s_ms,c_ma,c_ma,blocked
5,0.0010184045,0.0,s_ma,c_ms,c_ma,blocked
5,6.921403e-05,0.0,s_ma,c_ms,c_ms,blocked
5,0.00022491597,0.0,s_ma,c_ms,c_ms,blocked
5,0.00030317082,0.0,s_ma,c_ms,c_ma,blocked
5,0.00020493245,0.0,s_ma,c_ms,c_ma,blocked
5,0.53137326,1.0,s_ms,c_ms,c_ms,blocked
5,0.5306305,1.0,s_ms,c_ms,c_ma,blocked
5,0.58803886,1.0,s_ms,c_ms,c_ms,blocked
5,0.621445,1.0,s_ms,c_ms,c_ma,blocked
5,0.5093376,1.0,s_ms,c_ms,c_ms,blocked
5,3.9668834e-05,0.0,s_ma,c_ma,c_ms,blocked
5,8.393144e-05,0.0,s_ma,c_ma,c_ma,blocked
5,9.4683935e-05,0.0,s_ma,c_ma,c_ms,blocked
5,7.512887e-05,0.0,s_ma,c_ma,c_ma,blocked
5,0.6035162,1.0,s_ms,c_ma,c_ma,blocked
5,0.55188835,1.0,s_ms,c_ma,c_ms,blocked
5,0.70152193,1.0,s_ms,c_ma,c_ms,blocked
5,0.6184777,1.0,s_ms,c_ma,c_ma,blocked
5,0.580093,1.0,s_ms,c_ma,c_ms,blocked
5,7.624144e-05,0.0,s_ma,c_ms,c_ms,blocked
5,3.589472e-05,0.0,s_ma,c_ms,c_ma,blocked
5,4.9935777e-05,0.0,s_ma,c_ms,c_ma,blocked
5,2.9194887e-05,0.0,s_ma,c_ms,c_ms,blocked
5,5.062867e-05,0.0,s_ma,c_ms,c_ms,blocked
5,0.51731807,1.0,s_ms,c_ms,c_ma,blocked
5,0.6861869,1.0,s_ms,c_ms,c_ms,blocked
5,0.49389392,0.0,s_ms,c_ms,c_ma,blocked
5,0.6866904,1.0,s_ms,c_ms,c_ms,blocked
5,0.6039388,1.0,s_ms,c_ms,c_ma,blocked
5,8.210886e-05,0.0,s_ma,c_ma,c_ms,blocked
5,0.00020916677,0.0,s_ma,c_ma,c_ma,blocked
5,0.00019070983,0.0,s_ma,c_ma,c_ms,blocked
5,8.1253136e-05,0.0,s_ma,c_ma,c_ma,blocked
5,0.5151911,1.0,s_ms,c_ma,c_ma,blocked
5,0.59262216,1.0,s_ms,c_ma,c_ms,blocked
5,0.5234048,1.0,s_ms,c_ma,c_ms,blocked
5,0.5300435,1.0,s_ms,c_ma,c_ma,blocked
5,0.552089,1.0,s_ms,c_ma,c_ms,blocked
5,0.000104179024,0.0,s_ma,c_ms,c_ms,blocked
5,8.105131e-05,0.0,s_ma,c_ms,c_ma,blocked
5,2.876441e-05,0.0,s_ma,c_ms,c_ma,blocked
5,2.7468435e-05,0.0,s_ma,c_ms,c_ms,blocked
5,4.929567e-05,0.0,s_ma,c_ms,c_ms,blocked
5,0.4848785,0.0,s_ms,c_ms,c_ma,blocked
5,0.44529462,0.0,s_ms,c_ms,c_ms,blocked
5,0.370976,0.0,s_ms,c_ms,c_ma,blocked
5,0.54696757,1.0,s_ms,c_ms,c_ms,blocked
5,0.42806756,0.0,s_ms,c_ms,c_ma,blocked
5,0.3125814,0.0,s_ms,c_ma,c_ms,blocked
5,0.43480557,0.0,s_ms,c_ma,c_ma,blocked
5,0.29583064,0.0,s_ms,c_ma,c_ms,blocked
5,0.29977858,0.0,s_ms,c_ma,c_ma,blocked
5,0.35833198,0.0,s_ms,c_ma,c_ma,blocked
5,0.00014691004,0.0,s_ma,c_ma,c_ms,blocked
5,6.104923e-05,0.0,s_ma,c_ma,c_ms,blocked
5,2.37301e-05,0.0,s_ma,c_ma,c_ma,blocked
5,7.660161e-05,0.0,s_ma,c_ma,c_ms,blocked
5,0.29920214,0.0,s_ms,c_ms,c_ms,blocked
5,0.3580137,0.0,s_ms,c_ms,c_ma,blocked
5,0.2854663,0.0,s_ms,c_ms,c_ma,blocked
5,0.31613848,0.0,s_ms,c_ms,c_ms,blocked
5,0.32111835,0.0,s_ms,c_ms,c_ms,blocked
5,1.1675202e-05,0.0,s_ma,c_ms,c_ma,blocked
5,0.00021445553,0.0,s_ma,c_ms,c_ms,blocked
5,9.315515e-05,0.0,s_ma,c_ms,c_ma,blocked
5,4.0688512e-05,0.0,s_ma,c_ms,c_ms,blocked
5,1.4620671e-05,0.0,s_ma,c_ms,c_ma,blocked
5,0.38729104,0.0,s_ms,c_ma,c_ma,blocked
5,0.35180023,0.0,s_ms,c_ma,c_ms,blocked
5,0.264435,0.0,s_ms,c_ma,c_ma,blocked
5,0.3391846,0.0,s_ms,c_ma,c_ms,blocked
5,0.301729,0.0,s_ms,c_ma,c_ms,blocked
5,0.0001501687,0.0,s_ma,c_ma,c_ms,blocked
5,4.0714716e-05,0.0,s_ma,c_ma,c_ma,blocked
5,3.9378556e-05,0.0,s_ma,c_ma,c_ms,blocked
5,0.00024197043,0.0,s_ma,c_ma,c_ma,blocked
5,0.22867088,0.0,s_ms,c_ms,c_ma,blocked
5,0.26901126,0.0,s_ms,c_ms,c_ms,blocked
5,0.20228852,0.0,s_ms,c_ms,c_ms,blocked
5,0.34645206,0.0,s_ms,c_ms,c_ma,blocked
5,0.25574338,0.0,s_ms,c_ms,c_ma,blocked
5,1.3606788e-05,0.0,s_ma,c_ms,c_ms,blocked
5,1.0746634e-05,0.0,s_ma,c_ms,c_ma,blocked
5,7.180689e-05,0.0,s_ma,c_ms,c_ms,blocked
5,8.108262e-05,0.0,s_ma,c_ms,c_ma,blocked
5,6.1281544e-06,0.0,s_ma,c_ms,c_ms,blocked
5,0.31639156,0.0,s_ms,c_ma,c_ma,blocked
5,0.24800575,0.0,s_ms,c_ma,c_ms,blocked
5,0.21234919,0.0,s_ms,c_ma,c_ma,blocked
5,0.19909337,0.0,s_ms,c_ma,c_ms,blocked
5,0.3479352,0.0,s_ms,c_ma,c_ms,blocked
5,5.816641e-05,0.0,s_ma,c_ma,c_ms,blocked
5,3.951127e-05,0.0,s_ma,c_ma,c_ma,blocked
5,1.6043585e-05,0.0,s_ma,c_ma,c_ms,blocked
5,1.9456618e-05,0.0,s_ma,c_ma,c_ma,blocked
5,0.20452003,0.0,s_ms,c_ms,c_ma,blocked
5,0.15250173,0.0,s_ms,c_ms,c_ms,blocked
5,0.16204205,0.0,s_ms,c_ms,c_ms,blocked
5,0.18756697,0.0,s_ms,c_ms,c_ma,blocked
5,0.25552702,0.0,s_ms,c_ms,c_ma,blocked
5,2.2311573e-05,0.0,s_ma,c_ms,c_ms,blocked
5,5.3277847e-05,0.0,s_ma,c_ms,c_ma,blocked
5,4.811537e-05,0.0,s_ma,c_ms,c_ms,blocked
5,1.8448993e-05,0.0,s_ma,c_ms,c_ma,blocked
5,3.0530035e-05,0.0,s_ma,c_ms,c_ms,blocked
5,0.26078665,0.0,s_ms,c_ma,c_ms,blocked
5,0.3259921,0.0,s_ms,c_ma,c_ma,blocked
5,0.27959418,0.0,s_ms,c_ma,c_ms,blocked
5,0.27554077,0.0,s_ms,c_ma,c_ma,blocked
5,0.34920412,0.0,s_ms,c_ma,c_ma,blocked
5,2.2834305e-05,0.0,s_ma,c_ma,c_ma,blocked
5,3.151922e-05,0.0,s_ma,c_ma,c_ms,blocked
5,1.5290681e-05,0.0,s_ma,c_ma,c_ms,blocked
5,1.0075207e-05,0.0,s_ma,c_ma,c_ms,blocked
5,0.21480986,0.0,s_ms,c_ms,c_ms,blocked
5,0.32981706,0.0,s_ms,c_ms,c_ma,blocked
5,0.18743259,0.0,s_ms,c_ms,c_ma,blocked
5,0.27372533,0.0,s_ms,c_ms,c_ms,blocked
5,0.2996328,0.0,s_ms,c_ms,c_ms,blocked
5,3.7030852e-06,0.0,s_ma,c_ms,c_ma,blocked
5,2.4900497e-05,0.0,s_ma,c_ms,c_ms,blocked
5,1.2498229e-05,0.0,s_ma,c_ms,c_ma,blocked
5,1.4679045e-05,0.0,s_ma,c_ms,c_ms,blocked
5,8.35209e-06,0.0,s_ma,c_ms,c_ma,blocked
5,0.32072276,0.0,s_ms,c_ma,c_ma,blocked
5,0.30148536,0.0,s_ms,c_ma,c_ms,blocked
5,0.27299613,0.0,s_ms,c_ma,c_ma,blocked
5,0.3240973,0.0,s_ms,c_ma,c_ms,blocked
5,0.31581572,0.0,s_ms,c_ma,c_ms,blocked
5,7.7596924e-05,0.0,s_ma,c_ma,c_ms,blocked
5,0.00021304325,0.0,s_ma,c_ma,c_ma,blocked
5,2.1359892e-05,0.0,s_ma,c_ma,c_ma,blocked
5,1.0313705e-05,0.0,s_ma,c_ma,c_ms,blocked
5,0.23500207,0.0,s_ms,c_ms,c_ma,blocked
5,0.25816253,0.0,s_ms,c_ms,c_ms,blocked
5,0.15686376,0.0,s_ms,c_ms,c_ms,blocked
5,0.28545952,0.0,s_ms,c_ms,c_ma,blocked
5,0.213616,0.0,s_ms,c_ms,c_ma,blocked
5,3.0065028e-05,0.0,s_ma,c_ms,c_ms,blocked
5,3.7688103e-05,0.0,s_ma,c_ms,c_ma,blocked
5,1.812369e-05,0.0,s_ma,c_ms,c_ms,blocked
5,2.9260087e-05,0.0,s_ma,c_ms,c_ma,blocked
5,2.4224355e-05,0.0,s_ma,c_ms,c_ms,blocked
5,1.6183461e-05,0.0,s_ma,c_ms,c_ma,blocked
5,2.306678e-05,0.0,s_ma,c_ms,c_ms,blocked
5,0.00094355724,0.0,s_ma,c_ms,c_ma,blocked
5,7.093674e-05,0.0,s_ma,c_ms,c_ms,blocked
5,9.7150216e-05,0.0,s_ma,c_ms,c_ms,blocked
5,0.50667125,1.0,s_ms,c_ms,c_ms,blocked
5,0.65334547,1.0,s_ms,c_ms,c_ma,blocked
5,0.6421733,1.0,s_ms,c_ms,c_ma,blocked
5,0.50048804,1.0,s_ms,c_ms,c_ms,blocked
5,0.63408923,1.0,s_ms,c_ms,c_ma,blocked
5,0.0007949258,0.0,s_ma,c_ma,c_ms,blocked
5,0.0001756154,0.0,s_ma,c_ma,c_ms,blocked
5,0.00059290946,0.0,s_ma,c_ma,c_ma,blocked
5,0.00047551907,0.0,s_ma,c_ma,c_ma,blocked
5,0.5168991,1.0,s_ms,c_ma,c_ms,blocked
5,0.4906798,0.0,s_ms,c_ma,c_ma,blocked
5,0.6037186,1.0,s_ms,c_ma,c_ms,blocked
5,0.72264045,1.0,s_ms,c_ma,c_ma,blocked
5,0.6563419,1.0,s_ms,c_ma,c_ms,blocked
5,4.86155e-05,0.0,s_ma,c_ms,c_ms,blocked
5,9.070002e-05,0.0,s_ma,c_ms,c_ma,blocked
5,9.501546e-05,0.0,s_ma,c_ms,c_ms,blocked
5,2.2941513e-05,0.0,s_ma,c_ms,c_ma,blocked
5,0.00010602956,0.0,s_ma,c_ms,c_ma,blocked
5,0.43923455,0.0,s_ms,c_ms,c_ma,blocked
5,0.56285614,1.0,s_ms,c_ms,c_ms,blocked
5,0.63620543,1.0,s_ms,c_ms,c_ms,blocked
5,0.4446422,0.0,s_ms,c_ms,c_ma,blocked
5,0.58124137,1.0,s_ms,c_ms,c_ms,blocked
5,0.00069007504,0.0,s_ma,c_ma,c_ms,blocked
5,0.00026962944,0.0,s_ma,c_ma,c_ma,blocked
5,0.00014107818,0.0,s_ma,c_ma,c_ms,blocked
5,4.50809e-05,0.0,s_ma,c_ma,c_ms,blocked
5,0.4780572,0.0,s_ms,c_ma,c_ma,blocked
5,0.5254903,1.0,s_ms,c_ma,c_ms,blocked
5,0.5038166,1.0,s_ms,c_ma,c_ma,blocked
5,0.6929766,1.0,s_ms,c_ma,c_ms,blocked
5,0.55479115,1.0,s_ms,c_ma,c_ma,blocked
5,1.4641733e-05,0.0,s_ma,c_ms,c_ms,blocked
5,3.6450456e-05,0.0,s_ma,c_ms,c_ma,blocked
5,0.00028369596,0.0,s_ma,c_ms,c_ms,blocked
5,3.6752266e-05,0.0,s_ma,c_ms,c_ma,blocked
5,2.395135e-05,0.0,s_ma,c_ms,c_ma,blocked
5,0.44120452,0.0,s_ms,c_ms,c_ma,blocked
5,0.5555161,1.0,s_ms,c_ms,c_ms,blocked
5,0.62052196,1.0,s_ms,c_ms,c_ms,blocked
5,0.5244597,1.0,s_ms,c_ms,c_ma,blocked
5,0.5825163,1.0,s_ms,c_ms,c_ms,blocked
5,0.00015743985,0.0,s_ma,c_ma,c_ms,blocked
5,0.0002539312,0.0,s_ma,c_ma,c_ma,blocked
5,9.656108e-05,0.0,s_ma,c_ma,c_ms,blocked
5,3.595485e-05,0.0,s_ma,c_ma,c_ms,blocked
5,0.6537596,1.0,s_ms,c_ma,c_ma,blocked
5,0.57750565,1.0,s_ms,c_ma,c_ms,blocked
5,0.626977,1.0,s_ms,c_ma,c_ma,blocked
5,0.60975313,1.0,s_ms,c_ma,c_ms,blocked
5,0.60338557,1.0,s_ms,c_ma,c_ma,blocked
5,1.713035e-05,0.0,s_ma,c_ms,c_ma,blocked
5,6.449831e-06,0.0,s_ma,c_ms,c_ms,blocked
5,0.00027707563,0.0,s_ma,c_ms,c_ma,blocked
5,2.1721668e-05,0.0,s_ma,c_ms,c_ms,blocked
5,2.1436193e-05,0.0,s_ma,c_ms,c_ms,blocked
5,0.53687125,1.0,s_ms,c_ms,c_ms,blocked
5,0.52522326,1.0,s_ms,c_ms,c_ma,blocked
5,0.65253246,1.0,s_ms,c_ms,c_ma,blocked
5,0.41443253,0.0,s_ms,c_ms,c_ms,blocked
5,0.5647558,1.0,s_ms,c_ms,c_ma,blocked
5,0.00049030664,0.0,s_ma,c_ma,c_ma,blocked
5,0.00014198653,0.0,s_ma,c_ma,c_ms,blocked
5,0.00010273102,0.0,s_ma,c_ma,c_ms,blocked
5,5.0917344e-05,0.0,s_ma,c_ma,c_ma,blocked
5,0.45822528,0.0,s_ms,c_ma,c_ms,blocked
5,0.5924449,1.0,s_ms,c_ma,c_ma,blocked
5,0.44618613,0.0,s_ms,c_ma,c_ms,blocked
5,0.71474093,1.0,s_ms,c_ma,c_ma,blocked
5,0.5888296,1.0,s_ms,c_ma,c_ms,blocked
5,1.3516375e-05,0.0,s_ma,c_ms,c_ma,blocked
5,5.2698406e-06,0.0,s_ma,c_ms,c_ms,blocked
5,0.0001856652,0.0,s_ma,c_ms,c_ma,blocked
5,4.6489156e-05,0.0,s_ma,c_ms,c_ms,blocked
5,2.8500355e-05,0.0,s_ma,c_ms,c_ms,blocked
5,0.42986766,0.0,s_ms,c_ms,c_ms,blocked
5,0.5818951,1.0,s_ms,c_ms,c_ma,blocked
5,0.56647336,1.0,s_ms,c_ms,c_ma,blocked
5,0.45950848,0.0,s_ms,c_ms,c_ms,blocked
5,0.57587266,1.0,s_ms,c_ms,c_ma,blocked
5,0.00045148382,0.0,s_ma,c_ma,c_ma,blocked
5,4.2799053e-05,0.0,s_ma,c_ma,c_ms,blocked
5,3.599377e-05,0.0,s_ma,c_ma,c_ms,blocked
5,5.2843538e-05,0.0,s_ma,c_ma,c_ma,blocked
5,0.5976038,1.0,s_ms,c_ma,c_ms,blocked
5,0.486808,0.0,s_ms,c_ma,c_ma,blocked
5,0.60849595,1.0,s_ms,c_ma,c_ms,blocked
5,0.54542315,1.0,s_ms,c_ma,c_ma,blocked
5,0.6390149,1.0,s_ms,c_ma,c_ms,blocked
5,0.36439008,0.0,s_ms,c_ms,c_ms,blocked
5,0.35667902,0.0,s_ms,c_ms,c_ma,blocked
5,0.3345789,0.0,s_ms,c_ms,c_ms,blocked
5,0.33592004,0.0,s_ms,c_ms,c_ma,blocked
5,0.36394578,0.0,s_ms,c_ms,c_ma,blocked
5,1.1494171e-05,0.0,s_ma,c_ms,c_ma,blocked
5,1.3683124e-05,0.0,s_ma,c_ms,c_ms,blocked
5,2.4704615e-05,0.0,s_ma,c_ms,c_ms,blocked
5,5.6155363e-06,0.0,s_ma,c_ms,c_ma,blocked
5,2.6555972e-05,0.0,s_ma,c_ms,c_ms,blocked
5,0.37061423,0.0,s_ms,c_ma,c_ms,blocked
5,0.37935412,0.0,s_ms,c_ma,c_ma,blocked
5,0.24306932,0.0,s_ms,c_ma,c_ma,blocked
5,0.38967496,0.0,s_ms,c_ma,c_ms,blocked
5,0.28046402,0.0,s_ms,c_ma,c_ms,blocked
5,0.000100751924,0.0,s_ma,c_ma,c_ms,blocked
5,3.5869656e-05,0.0,s_ma,c_ma,c_ma,blocked
5,6.3862403e-06,0.0,s_ma,c_ma,c_ms,blocked
5,6.2918036e-05,0.0,s_ma,c_ma,c_ma,blocked
5,0.2042485,0.0,s_ms,c_ms,c_ma,blocked
5,0.22154626,0.0,s_ms,c_ms,c_ms,blocked
5,0.27169675,0.0,s_ms,c_ms,c_ma,blocked
5,0.179589,0.0,s_ms,c_ms,c_ms,blocked
5,0.26422969,0.0,s_ms,c_ms,c_ms,blocked
5,0.00017832918,0.0,s_ma,c_ms,c_ms,blocked
5,1.0744365e-05,0.0,s_ma,c_ms,c_ma,blocked
5,3.925971e-05,0.0,s_ma,c_ms,c_ma,blocked
5,1.8220991e-05,0.0,s_ma,c_ms,c_ms,blocked
5,3.4392677e-05,0.0,s_ma,c_ms,c_ma,blocked
5,0.38954705,0.0,s_ms,c_ma,c_ma,blocked
5,0.35916066,0.0,s_ms,c_ma,c_ms,blocked
5,0.30664152,0.0,s_ms,c_ma,c_ms,blocked
5,0.28923908,0.0,s_ms,c_ma,c_ma,blocked
5,0.3809861,0.0,s_ms,c_ma,c_ma,blocked
5,0.000114912036,0.0,s_ma,c_ma,c_ms,blocked
5,0.0001704808,0.0,s_ma,c_ma,c_ms,blocked
5,0.00016285757,0.0,s_ma,c_ma,c_ma,blocked
5,0.00047730515,0.0,s_ma,c_ma,c_ms,blocked
5,0.3052289,0.0,s_ms,c_ms,c_ms,blocked
5,0.2957216,0.0,s_ms,c_ms,c_ma,blocked
5,0.21080436,0.0,s_ms,c_ms,c_ms,blocked
5,0.2825576,0.0,s_ms,c_ms,c_ma,blocked
5,0.36905348,0.0,s_ms,c_ms,c_ma,blocked
5,4.350952e-05,0.0,s_ma,c_ms,c_ma,blocked
5,3.6887748e-05,0.0,s_ma,c_ms,c_ms,blocked
5,3.3770197e-05,0.0,s_ma,c_ms,c_ms,blocked
5,1.0050979e-05,0.0,s_ma,c_ms,c_ma,blocked
5,1.3788944e-05,0.0,s_ma,c_ms,c_ms,blocked
5,0.31105548,0.0,s_ms,c_ma,c_ms,blocked
5,0.39344987,0.0,s_ms,c_ma,c_ma,blocked
5,0.25932193,0.0,s_ms,c_ma,c_ma,blocked
5,0.42525613,0.0,s_ms,c_ma,c_ms,blocked
5,0.2858164,0.0,s_ms,c_ma,c_ms,blocked
5,3.300787e-05,0.0,s_ma,c_ma,c_ma,blocked
5,0.0001573659,0.0,s_ma,c_ma,c_ms,blocked
5,0.00013823154,0.0,s_ma,c_ma,c_ms,blocked
5,0.00021857646,0.0,s_ma,c_ma,c_ma,blocked
5,0.13705283,0.0,s_ms,c_ms,c_ma,blocked
5,0.0985512,0.0,s_ms,c_ms,c_ms,blocked
5,0.17171034,0.0,s_ms,c_ms,c_ma,blocked
5,0.20797329,0.0,s_ms,c_ms,c_ms,blocked
5,0.16634831,0.0,s_ms,c_ms,c_ms,blocked
5,3.4010154e-05,0.0,s_ma,c_ms,c_ms,blocked
5,6.13265e-05,0.0,s_ma,c_ms,c_ma,blocked
5,1.736838e-05,0.0,s_ma,c_ms,c_ma,blocked
5,1.784955e-05,0.0,s_ma,c_ms,c_ms,blocked
5,3.6432873e-05,0.0,s_ma,c_ms,c_ma,blocked
5,0.20301408,0.0,s_ms,c_ma,c_ma,blocked
5,0.23266603,0.0,s_ms,c_ma,c_ms,blocked
5,0.27760047,0.0,s_ms,c_ma,c_ms,blocked
5,0.18635961,0.0,s_ms,c_ma,c_ma,blocked
5,0.3393295,0.0,s_ms,c_ma,c_ma,blocked
5,5.7300617e-06,0.0,s_ma,c_ma,c_ms,blocked
5,0.00014582576,0.0,s_ma,c_ma,c_ma,blocked
5,0.00014141094,0.0,s_ma,c_ma,c_ms,blocked
5,8.514275e-05,0.0,s_ma,c_ma,c_ms,blocked
5,0.314263,0.0,s_ms,c_ms,c_ms,blocked
5,0.31286493,0.0,s_ms,c_ms,c_ma,blocked
5,0.2288605,0.0,s_ms,c_ms,c_ms,blocked
5,0.23668307,0.0,s_ms,c_ms,c_ma,blocked
5,0.34363395,0.0,s_ms,c_ms,c_ma,blocked
5,1.4812416e-05,0.0,s_ma,c_ms,c_ma,blocked
5,6.5598792e-06,0.0,s_ma,c_ms,c_ms,blocked
5,2.8264703e-05,0.0,s_ma,c_ms,c_ms,blocked
5,1.002267e-05,0.0,s_ma,c_ms,c_ma,blocked
5,2.5874959e-05,0.0,s_ma,c_ms,c_ms,blocked
5,0.23554239,0.0,s_ms,c_ma,c_ms,blocked
5,0.32088214,0.0,s_ms,c_ma,c_ma,blocked
5,0.26991016,0.0,s_ms,c_ma,c_ma,blocked
5,0.2762421,0.0,s_ms,c_ma,c_ms,blocked
5,0.24768308,0.0,s_ms,c_ma,c_ms,blocked
5,6.703835e-05,0.0,s_ma,c_ma,c_ma,blocked
5,0.00043138833,0.0,s_ma,c_ma,c_ms,blocked
5,0.00022158794,0.0,s_ma,c_ma,c_ma,blocked
5,9.0963484e-05,0.0,s_ma,c_ma,c_ms,blocked
5,0.00017233871,0.0,s_ma,c_ma,c_ms,interleaved
5,0.00018683406,0.0,s_ma,c_ma,c_ma,interleaved
5,2.4191562e-05,0.0,s_ma,c_ma,c_ms,interleaved
5,6.850791e-05,0.0,s_ma,c_ma,c_ms,interleaved
5,0.58123267,1.0,s_ms,c_ma,c_ms,interleaved
5,0.5211306,1.0,s_ms,c_ma,c_ma,interleaved
5,0.5875375,1.0,s_ms,c_ma,c_ma,interleaved
5,0.59028864,1.0,s_ms,c_ma,c_ms,interleaved
5,0.5601543,1.0,s_ms,c_ma,c_ma,interleaved
5,1.5482983e-05,0.0,s_ma,c_ms,c_ma,interleaved
5,4.5278302e-05,0.0,s_ma,c_ms,c_ms,interleaved
5,1.7351776e-05,0.0,s_ma,c_ms,c_ms,interleaved
5,1.8866924e-05,0.0,s_ma,c_ms,c_ma,interleaved
5,1.5062718e-05,0.0,s_ma,c_ms,c_ma,interleaved
5,0.4522512,0.0,s_ms,c_ms,c_ms,interleaved
5,0.6068863,1.0,s_ms,c_ms,c_ma,interleaved
5,0.4370826,0.0,s_ms,c_ms,c_ms,interleaved
5,0.68670785,1.0,s_ms,c_ms,c_ma,interleaved
5,0.5477226,1.0,s_ms,c_ms,c_ms,interleaved
5,0.00017380866,0.0,s_ma,c_ma,c_ms,interleaved
5,7.6848315e-05,0.0,s_ma,c_ma,c_ms,interleaved
5,6.735926e-05,0.0,s_ma,c_ma,c_ma,interleaved
5,0.00021391183,0.0,s_ma,c_ma,c_ma,interleaved
5,0.41185406,0.0,s_ms,c_ma,c_ma,interleaved
5,0.51722085,1.0,s_ms,c_ma,c_ms,interleaved
5,0.65965664,1.0,s_ms,c_ma,c_ms,interleaved
5,0.47930038,0.0,s_ms,c_ma,c_ma,interleaved
5,0.55704546,1.0,s_ms,c_ma,c_ms,interleaved
5,2.5392932e-05,0.0,s_ma,c_ms,c_ms,interleaved
5,9.510033e-05,0.0,s_ma,c_ms,c_ma,interleaved
5,4.5418572e-05,0.0,s_ma,c_ms,c_ma,interleaved
5,6.8865165e-06,0.0,s_ma,c_ms,c_ms,interleaved
5,5.7765324e-06,0.0,s_ma,c_ms,c_ms,interleaved
5,0.4894005,0.0,s_ms,c_ms,c_ma,interleaved
5,0.6243045,1.0,s_ms,c_ms,c_ms,interleaved
5,0.4703377,0.0,s_ms,c_ms,c_ma,interleaved
5,0.8023188,1.0,s_ms,c_ms,c_ms,interleaved
5,0.5635008,1.0,s_ms,c_ms,c_ma,interleaved
5,0.00022029535,0.0,s_ma,c_ma,c_ma,interleaved
5,8.95236e-05,0.0,s_ma,c_ma,c_ms,interleaved
5,0.00012671952,0.0,s_ma,c_ma,c_ms,interleaved
5,0.00023830362,0.0,s_ma,c_ma,c_ms,interleaved
5,0.63125193,1.0,s_ms,c_ma,c_ms,interleaved
5,0.5895057,1.0,s_ms,c_ma,c_ma,interleaved
5,0.70710397,1.0,s_ms,c_ma,c_ma,interleaved
5,0.6359792,1.0,s_ms,c_ma,c_ms,interleaved
5,0.6156107,1.0,s_ms,c_ma,c_ma,interleaved
5,0.0010062204,0.0,s_ma,c_ms,c_ma,interleaved
5,7.68471e-05,0.0,s_ma,c_ms,c_ms,interleaved
5,0.00024408771,0.0,s_ma,c_ms,c_ms,interleaved
5,0.00031898852,0.0,s_ma,c_ms,c_ma,interleaved
5,0.00021175231,0.0,s_ma,c_ms,c_ma,interleaved
5,0.53792,1.0,s_ms,c_ms,c_ms,interleaved
5,0.5726541,1.0,s_ms,c_ms,c_ma,interleaved
5,0.6396352,1.0,s_ms,c_ms,c_ms,interleaved
5,0.69236076,1.0,s_ms,c_ms,c_ma,interleaved
5,0.5406071,1.0,s_ms,c_ms,c_ms,interleaved
5,2.8192679e-05,0.0,s_ma,c_ma,c_ms,interleaved
5,7.0174734e-05,0.0,s_ma,c_ma,c_ma,interleaved
5,0.000114231916,0.0,s_ma,c_ma,c_ms,interleaved
5,5.3417378e-05,0.0,s_ma,c_ma,c_ma,interleaved
5,0.58523625,1.0,s_ms,c_ma,c_ma,interleaved
5,0.5495498,1.0,s_ms,c_ma,c_ms,interleaved
5,0.7011053,1.0,s_ms,c_ma,c_ms,interleaved
5,0.59352195,1.0,s_ms,c_ma,c_ma,interleaved
5,0.5609432,1.0,s_ms,c_ma,c_ms,interleaved
5,7.062672e-05,0.0,s_ma,c_ms,c_ms,interleaved
5,2.7019778e-05,0.0,s_ma,c_ms,c_ma,interleaved
5,4.160569e-05,0.0,s_ma,c_ms,c_ma,interleaved
5,2.4048697e-05,0.0,s_ma,c_ms,c_ms,interleaved
5,5.0158924e-05,0.0,s_ma,c_ms,c_ms,interleaved
5,0.51381826,1.0,s_ms,c_ms,c_ma,interleaved
5,0.7134348,1.0,s_ms,c_ms,c_ms,interleaved
5,0.53642976,1.0,s_ms,c_ms,c_ma,interleaved
5,0.7103877,1.0,s_ms,c_ms,c_ms,interleaved
5,0.6330982,1.0,s_ms,c_ms,c_ma,interleaved
5,7.405275e-05,0.0,s_ma,c_ma,c_ms,interleaved
5,0.00021856825,0.0,s_ma,c_ma,c_ma,interleaved
5,0.00020034245,0.0,s_ma,c_ma,c_ms,interleaved
5,5.8688573e-05,0.0,s_ma,c_ma,c_ma,interleaved
5,0.51482725,1.0,s_ms,c_ma,c_ma,interleaved
5,0.5982206,1.0,s_ms,c_ma,c_ms,interleaved
5,0.5359283,1.0,s_ms,c_ma,c_ms,interleaved
5,0.52217436,1.0,s_ms,c_ma,c_ma,interleaved
5,0.5460311,1.0,s_ms,c_ma,c_ms,interleaved
5,0.00010121328,0.0,s_ma,c_ms,c_ms,interleaved
5,8.2459606e-05,0.0,s_ma,c_ms,c_ma,interleaved
5,2.4132032e-05,0.0,s_ma,c_ms,c_ma,interleaved
5,2.4963763e-05,0.0,s_ma,c_ms,c_ms,interleaved
5,4.2629763e-05,0.0,s_ma,c_ms,c_ms,interleaved
5,0.49099573,0.0,s_ms,c_ms,c_ma,interleaved
5,0.52218366,1.0,s_ms,c_ms,c_ms,interleaved
5,0.40506908,0.0,s_ms,c_ms,c_ma,interleaved
5,0.64351285,1.0,s_ms,c_ms,c_ms,interleaved
5,0.46420515,0.0,s_ms,c_ms,c_ma,interleaved
5,0.30080053,0.0,s_ms,c_ma,c_ms,interleaved
5,0.45318288,0.0,s_ms,c_ma,c_ma,interleaved
5,0.29534888,0.0,s_ms,c_ma,c_ms,interleaved
5,0.3107306,0.0,s_ms,c_ma,c_ma,interleaved
5,0.35762376,0.0,s_ms,c_ma,c_ma,interleaved
5,0.00014220455,0.0,s_ma,c_ma,c_ms,interleaved
5,4.4855868e-05,0.0,s_ma,c_ma,c_ms,interleaved
5,2.1406166e-05,0.0,s_ma,c_ma,c_ma,interleaved
5,5.8260688e-05,0.0,s_ma,c_ma,c_ms,interleaved
5,0.3225202,0.0,s_ms,c_ms,c_ms,interleaved
5,0.3735836,0.0,s_ms,c_ms,c_ma,interleaved
5,0.34229335,0.0,s_ms,c_ms,c_ma,interleaved
5,0.33679533,0.0,s_ms,c_ms,c_ms,interleaved
5,0.35455185,0.0,s_ms,c_ms,c_ms,interleaved
5,1.1025293e-05,0.0,s_ma,c_ms,c_ma,interleaved
5,0.00021002693,0.0,s_ma,c_ms,c_ms,interleaved
5,6.560576e-05,0.0,s_ma,c_ms,c_ma,interleaved
5,3.4600936e-05,0.0,s_ma,c_ms,c_ms,interleaved
5,1.3908775e-05,0.0,s_ma,c_ms,c_ma,interleaved
5,0.37217617,0.0,s_ms,c_ma,c_ma,interleaved
5,0.36740834,0.0,s_ms,c_ma,c_ms,interleaved
5,0.29413584,0.0,s_ms,c_ma,c_ma,interleaved
5,0.34028488,0.0,s_ms,c_ma,c_ms,interleaved
5,0.29234794,0.0,s_ms,c_ma,c_ms,interleaved
5,0.0001454211,0.0,s_ma,c_ma,c_ms,interleaved
5,3.3574594e-05,0.0,s_ma,c_ma,c_ma,interleaved
5,3.7122354e-05,0.0,s_ma,c_ma,c_ms,interleaved
5,0.00018606284,0.0,s_ma,c_ma,c_ma,interleaved
5,0.23297963,0.0,s_ms,c_ms,c_ma,interleaved
5,0.27771917,0.0,s_ms,c_ms,c_ms,interleaved
5,0.24906999,0.0,s_ms,c_ms,c_ms,interleaved
5,0.36375594,0.0,s_ms,c_ms,c_ma,interleaved
5,0.26230806,0.0,s_ms,c_ms,c_ma,interleaved
5,1.2211247e-05,0.0,s_ma,c_ms,c_ms,interleaved
5,1.0227828e-05,0.0,s_ma,c_ms,c_ma,interleaved
5,5.1344025e-05,0.0,s_ma,c_ms,c_ms,interleaved
5,7.243389e-05,0.0,s_ma,c_ms,c_ma,interleaved
5,5.493752e-06,0.0,s_ma,c_ms,c_ms,interleaved
5,0.30795586,0.0,s_ms,c_ma,c_ma,interleaved
5,0.2477637,0.0,s_ms,c_ma,c_ms,interleaved
5,0.20944864,0.0,s_ms,c_ma,c_ma,interleaved
5,0.19697964,0.0,s_ms,c_ma,c_ms,interleaved
5,0.32836497,0.0,s_ms,c_ma,c_ms,interleaved
5,4.208191e-05,0.0,s_ma,c_ma,c_ms,interleaved
5,3.184489e-05,0.0,s_ma,c_ma,c_ma,interleaved
5,1.7181288e-05,0.0,s_ma,c_ma,c_ms,interleaved
5,1.8034783e-05,0.0,s_ma,c_ma,c_ma,interleaved
5,0.22352791,0.0,s_ms,c_ms,c_ma,interleaved
5,0.17470914,0.0,s_ms,c_ms,c_ms,interleaved
5,0.20640013,0.0,s_ms,c_ms,c_ms,interleaved
5,0.20866853,0.0,s_ms,c_ms,c_ma,interleaved
5,0.2722544,0.0,s_ms,c_ms,c_ma,interleaved
5,2.2672688e-05,0.0,s_ma,c_ms,c_ms,interleaved
5,4.4111697e-05,0.0,s_ma,c_ms,c_ma,interleaved
5,4.036711e-05,0.0,s_ma,c_ms,c_ms,interleaved
5,1.707571e-05,0.0,s_ma,c_ms,c_ma,interleaved
5,2.7031583e-05,0.0,s_ma,c_ms,c_ms,interleaved
5,0.27493215,0.0,s_ms,c_ma,c_ms,interleaved
5,0.36998367,0.0,s_ms,c_ma,c_ma,interleaved
5,0.27232197,0.0,s_ms,c_ma,c_ms,interleaved
5,0.3007064,0.0,s_ms,c_ma,c_ma,interleaved
5,0.344583,0.0,s_ms,c_ma,c_ma,interleaved
5,2.0033523e-05,0.0,s_ma,c_ma,c_ma,interleaved
5,3.0155508e-05,0.0,s_ma,c_ma,c_ms,interleaved
5,1.6417056e-05,0.0,s_ma,c_ma,c_ms,interleaved
5,8.1683e-06,0.0,s_ma,c_ma,c_ms,interleaved
5,0.29314727,0.0,s_ms,c_ms,c_ms,interleaved
5,0.36556816,0.0,s_ms,c_ms,c_ma,interleaved
5,0.2717567,0.0,s_ms,c_ms,c_ma,interleaved
5,0.3333934,0.0,s_ms,c_ms,c_ms,interleaved
5,0.36038023,0.0,s_ms,c_ms,c_ms,interleaved
5,3.9427946e-06,0.0,s_ma,c_ms,c_ma,interleaved
5,1.8396115e-05,0.0,s_ma,c_ms,c_ms,interleaved
5,9.632208e-06,0.0,s_ma,c_ms,c_ma,interleaved
5,1.5217639e-05,0.0,s_ma,c_ms,c_ms,interleaved
5,7.696334e-06,0.0,s_ma,c_ms,c_ma,interleaved
5,0.3017218,0.0,s_ms,c_ma,c_ma,interleaved
5,0.3021121,0.0,s_ms,c_ma,c_ms,interleaved
5,0.27332044,0.0,s_ms,c_ma,c_ma,interleaved
5,0.3373746,0.0,s_ms,c_ma,c_ms,interleaved
5,0.31541955,0.0,s_ms,c_ma,c_ms,interleaved
5,6.0049097e-05,0.0,s_ma,c_ma,c_ms,interleaved
5,0.00016522294,0.0,s_ma,c_ma,c_ma,interleaved
5,1.98781e-05,0.0,s_ma,c_ma,c_ma,interleaved
5,8.466372e-06,0.0,s_ma,c_ma,c_ms,interleaved
5,0.23720486,0.0,s_ms,c_ms,c_ma,interleaved
5,0.28552157,0.0,s_ms,c_ms,c_ms,interleaved
5,0.19491751,0.0,s_ms,c_ms,c_ms,interleaved
5,0.29293197,0.0,s_ms,c_ms,c_ma,interleaved
5,0.23830363,0.0,s_ms,c_ms,c_ma,interleaved
5,2.7143898e-05,0.0,s_ma,c_ms,c_ms,interleaved
5,3.2887223e-05,0.0,s_ma,c_ms,c_ma,interleaved
5,1.4996762e-05,0.0,s_ma,c_ms,c_ms,interleaved
5,2.7914433e-05,0.0,s_ma,c_ms,c_ma,interleaved
5,2.27008e-05,0.0,s_ma,c_ms,c_ms,interleaved
5,1.6787042e-05,0.0,s_ma,c_ms,c_ma,interleaved
5,2.7393547e-05,0.0,s_ma,c_ms,c_ms,interleaved
5,0.00094587257,0.0,s_ma,c_ms,c_ma,interleaved
5,7.6132514e-05,0.0,s_ma,c_ms,c_ms,interleaved
5,0.00010613394,0.0,s_ma,c_ms,c_ms,interleaved
5,0.55678713,1.0,s_ms,c_ms,c_ms,interleaved
5,0.6584016,1.0,s_ms,c_ms,c_ma,interleaved
5,0.6721308,1.0,s_ms,c_ms,c_ma,interleaved
5,0.5637532,1.0,s_ms,c_ms,c_ms,interleaved
5,0.6716499,1.0,s_ms,c_ms,c_ma,interleaved
5,0.0011712565,0.0,s_ma,c_ma,c_ms,interleaved
5,0.00016188169,0.0,s_ma,c_ma,c_ms,interleaved
5,0.00056537555,0.0,s_ma,c_ma,c_ma,interleaved
5,0.00046657343,0.0,s_ma,c_ma,c_ma,interleaved
5,0.5012668,1.0,s_ms,c_ma,c_ms,interleaved
5,0.52944505,1.0,s_ms,c_ma,c_ma,interleaved
5,0.6080711,1.0,s_ms,c_ma,c_ms,interleaved
5,0.7394255,1.0,s_ms,c_ma,c_ma,interleaved
5,0.6963277,1.0,s_ms,c_ma,c_ms,interleaved
5,4.728595e-05,0.0,s_ma,c_ms,c_ms,interleaved
5,0.00010273161,0.0,s_ma,c_ms,c_ma,interleaved
5,7.194979e-05,0.0,s_ma,c_ms,c_ms,interleaved
5,2.7372243e-05,0.0,s_ma,c_ms,c_ma,interleaved
5,8.454688e-05,0.0,s_ma,c_ms,c_ma,interleaved
5,0.4887897,0.0,s_ms,c_ms,c_ma,interleaved
5,0.5880342,1.0,s_ms,c_ms,c_ms,interleaved
5,0.7068089,1.0,s_ms,c_ms,c_ms,interleaved
5,0.49541163,0.0,s_ms,c_ms,c_ma,interleaved
5,0.60133183,1.0,s_ms,c_ms,c_ms,interleaved
5,0.0010058784,0.0,s_ma,c_ma,c_ms,interleaved
5,0.00022226044,0.0,s_ma,c_ma,c_ma,interleaved
5,0.00016463833,0.0,s_ma,c_ma,c_ms,interleaved
5,4.17143e-05,0.0,s_ma,c_ma,c_ms,interleaved
5,0.49899843,0.0,s_ms,c_ma,c_ma,interleaved
5,0.539075,1.0,s_ms,c_ma,c_ms,interleaved
5,0.5126376,1.0,s_ms,c_ma,c_ma,interleaved
5,0.7092707,1.0,s_ms,c_ma,c_ms,interleaved
5,0.5784093,1.0,s_ms,c_ma,c_ma,interleaved
5,1.6247599e-05,0.0,s_ma,c_ms,c_ms,interleaved
5,4.065141e-05,0.0,s_ma,c_ms,c_ma,interleaved
5,0.00025200393,0.0,s_ma,c_ms,c_ms,interleaved
5,3.721181e-05,0.0,s_ma,c_ms,c_ma,interleaved
5,2.207224e-05,0.0,s_ma,c_ms,c_ma,interleaved
5,0.5241047,1.0,s_ms,c_ms,c_ma,interleaved
5,0.6221875,1.0,s_ms,c_ms,c_ms,interleaved
5,0.67121387,1.0,s_ms,c_ms,c_ms,interleaved
5,0.56899333,1.0,s_ms,c_ms,c_ma,interleaved
5,0.66556,1.0,s_ms,c_ms,c_ms,interleaved
5,0.000140584,0.0,s_ma,c_ma,c_ms,interleaved
5,0.00020789844,0.0,s_ma,c_ma,c_ma,interleaved
5,9.497217e-05,0.0,s_ma,c_ma,c_ms,interleaved
5,3.3817945e-05,0.0,s_ma,c_ma,c_ms,interleaved
5,0.658221,1.0,s_ms,c_ma,c_ma,interleaved
5,0.5876845,1.0,s_ms,c_ma,c_ms,interleaved
5,0.60863364,1.0,s_ms,c_ma,c_ma,interleaved
5,0.63560355,1.0,s_ms,c_ma,c_ms,interleaved
5,0.654009,1.0,s_ms,c_ma,c_ma,interleaved
5,1.9548344e-05,0.0,s_ma,c_ms,c_ma,interleaved
5,7.392553e-06,0.0,s_ma,c_ms,c_ms,interleaved
5,0.0002755368,0.0,s_ma,c_ms,c_ma,interleaved
5,2.242012e-05,0.0,s_ma,c_ms,c_ms,interleaved
5,2.3329849e-05,0.0,s_ma,c_ms,c_ms,interleaved
5,0.5650104,1.0,s_ms,c_ms,c_ms,interleaved
5,0.53994673,1.0,s_ms,c_ms,c_ma,interleaved
5,0.68777394,1.0,s_ms,c_ms,c_ma,interleaved
5,0.5012529,1.0,s_ms,c_ms,c_ms,interleaved
5,0.5895538,1.0,s_ms,c_ms,c_ma,interleaved
5,0.00046916376,0.0,s_ma,c_ma,c_ma,interleaved
5,0.00016470303,0.0,s_ma,c_ma,c_ms,interleaved
5,0.00010093955,0.0,s_ma,c_ma,c_ms,interleaved
5,4.9142687e-05,0.0,s_ma,c_ma,c_ma,interleaved
5,0.47437122,0.0,s_ms,c_ma,c_ms,interleaved
5,0.5785812,1.0,s_ms,c_ma,c_ma,interleaved
5,0.46183378,0.0,s_ms,c_ma,c_ms,interleaved
5,0.6968713,1.0,s_ms,c_ma,c_ma,interleaved
5,0.6276468,1.0,s_ms,c_ma,c_ms,interleaved
5,1.5221514e-05,0.0,s_ma,c_ms,c_ma,interleaved
5,5.8091773e-06,0.0,s_ma,c_ms,c_ms,interleaved
5,0.00018284658,0.0,s_ma,c_ms,c_ma,interleaved
5,5.1362455e-05,0.0,s_ma,c_ms,c_ms,interleaved
5,3.503535e-05,0.0,s_ma,c_ms,c_ms,interleaved
5,0.5087726,1.0,s_ms,c_ms,c_ms,interleaved
5,0.6237822,1.0,s_ms,c_ms,c_ma,interleaved
5,0.58594465,1.0,s_ms,c_ms,c_ma,interleaved
5,0.4868999,0.0,s_ms,c_ms,c_ms,interleaved
5,0.6428819,1.0,s_ms,c_ms,c_ma,interleaved
5,0.00044908377,0.0,s_ma,c_ma,c_ma,interleaved
5,4.013706e-05,0.0,s_ma,c_ma,c_ms,interleaved
5,3.432695e-05,0.0,s_ma,c_ma,c_ms,interleaved
5,5.1244762e-05,0.0,s_ma,c_ma,c_ma,interleaved
5,0.5825698,1.0,s_ms,c_ma,c_ms,interleaved
5,0.49737984,0.0,s_ms,c_ma,c_ma,interleaved
5,0.601349,1.0,s_ms,c_ma,c_ms,interleaved
5,0.5602664,1.0,s_ms,c_ma,c_ma,interleaved
5,0.636379,1.0,s_ms,c_ma,c_ms,interleaved
5,0.41184953,0.0,s_ms,c_ms,c_ms,interleaved
5,0.35787797,0.0,s_ms,c_ms,c_ma,interleaved
5,0.33863407,0.0,s_ms,c_ms,c_ms,interleaved
5,0.3552711,0.0,s_ms,c_ms,c_ma,interleaved
5,0.36272532,0.0,s_ms,c_ms,c_ma,interleaved
5,1.204892e-05,0.0,s_ma,c_ms,c_ma,interleaved
5,1.294715e-05,0.0,s_ma,c_ms,c_ms,interleaved
5,2.2850985e-05,0.0,s_ma,c_ms,c_ms,interleaved
5,4.9570685e-06,0.0,s_ma,c_ms,c_ma,interleaved
5,2.786368e-05,0.0,s_ma,c_ms,c_ms,interleaved
5,0.38056985,0.0,s_ms,c_ma,c_ms,interleaved
5,0.36185777,0.0,s_ms,c_ma,c_ma,interleaved
5,0.23580617,0.0,s_ms,c_ma,c_ma,interleaved
5,0.37465143,0.0,s_ms,c_ma,c_ms,interleaved
5,0.29023004,0.0,s_ms,c_ma,c_ms,interleaved
5,9.8427074e-05,0.0,s_ma,c_ma,c_ms,interleaved
5,3.355543e-05,0.0,s_ma,c_ma,c_ma,interleaved
5,6.4464134e-06,0.0,s_ma,c_ma,c_ms,interleaved
5,6.360814e-05,0.0,s_ma,c_ma,c_ma,interleaved
5,0.25671145,0.0,s_ms,c_ms,c_ma,interleaved
5,0.2401171,0.0,s_ms,c_ms,c_ms,interleaved
5,0.2960826,0.0,s_ms,c_ms,c_ma,interleaved
5,0.20033827,0.0,s_ms,c_ms,c_ms,interleaved
5,0.30225515,0.0,s_ms,c_ms,c_ms,interleaved
5,0.00020490574,0.0,s_ma,c_ms,c_ms,interleaved
5,1.0392199e-05,0.0,s_ma,c_ms,c_ma,interleaved
5,4.3097487e-05,0.0,s_ma,c_ms,c_ma,interleaved
5,2.1874162e-05,0.0,s_ma,c_ms,c_ms,interleaved
5,3.6473743e-05,0.0,s_ma,c_ms,c_ma,interleaved
5,0.35983023,0.0,s_ms,c_ma,c_ma,interleaved
5,0.34728378,0.0,s_ms,c_ma,c_ms,interleaved
5,0.29232132,0.0,s_ms,c_ma,c_ms,interleaved
5,0.3026318,0.0,s_ms,c_ma,c_ma,interleaved
5,0.36390918,0.0,s_ms,c_ma,c_ma,interleaved
5,0.00011357863,0.0,s_ma,c_ma,c_ms,interleaved
5,0.00017212844,0.0,s_ma,c_ma,c_ms,interleaved
5,0.00016408101,0.0,s_ma,c_ma,c_ma,interleaved
5,0.000553613,0.0,s_ma,c_ma,c_ms,interleaved
5,0.39064094,0.0,s_ms,c_ms,c_ms,interleaved
5,0.3543191,0.0,s_ms,c_ms,c_ma,interleaved
5,0.23999822,0.0,s_ms,c_ms,c_ms,interleaved
5,0.32630092,0.0,s_ms,c_ms,c_ma,interleaved
5,0.431181,0.0,s_ms,c_ms,c_ma,interleaved
5,5.3696276e-05,0.0,s_ma,c_ms,c_ma,interleaved
5,4.1817053e-05,0.0,s_ma,c_ms,c_ms,interleaved
5,3.8034366e-05,0.0,s_ma,c_ms,c_ms,interleaved
5,1.0590849e-05,0.0,s_ma,c_ms,c_ma,interleaved
5,1.3800438e-05,0.0,s_ma,c_ms,c_ms,interleaved
5,0.30363593,0.0,s_ms,c_ma,c_ms,interleaved
5,0.3892963,0.0,s_ms,c_ma,c_ma,interleaved
5,0.2691376,0.0,s_ms,c_ma,c_ma,interleaved
5,0.4058823,0.0,s_ms,c_ma,c_ms,interleaved
5,0.28434974,0.0,s_ms,c_ma,c_ms,interleaved
5,3.099096e-05,0.0,s_ma,c_ma,c_ma,interleaved
5,0.00015498392,0.0,s_ma,c_ma,c_ms,interleaved
5,0.00014193874,0.0,s_ma,c_ma,c_ms,interleaved
5,0.00028850927,0.0,s_ma,c_ma,c_ma,interleaved
5,0.16788462,0.0,s_ms,c_ms,c_ma,interleaved
5,0.112255074,0.0,s_ms,c_ms,c_ms,interleaved
5,0.2011168,0.0,s_ms,c_ms,c_ma,interleaved
5,0.21692502,0.0,s_ms,c_ms,c_ms,interleaved
5,0.19941562,0.0,s_ms,c_ms,c_ms,interleaved
5,3.4980436e-05,0.0,s_ma,c_ms,c_ms,interleaved
5,6.411239e-05,0.0,s_ma,c_ms,c_ma,interleaved
5,1.8569437e-05,0.0,s_ma,c_ms,c_ma,interleaved
5,1.7906035e-05,0.0,s_ma,c_ms,c_ms,interleaved
5,3.175925e-05,0.0,s_ma,c_ms,c_ma,interleaved
5,0.19381021,0.0,s_ms,c_ma,c_ma,interleaved
5,0.22121911,0.0,s_ms,c_ma,c_ms,interleaved
5,0.25428045,0.0,s_ms,c_ma,c_ms,interleaved
5,0.1899386,0.0,s_ms,c_ma,c_ma,interleaved
5,0.3247282,0.0,s_ms,c_ma,c_ma,interleaved
5,5.730336e-06,0.0,s_ma,c_ma,c_ms,interleaved
5,0.0001449571,0.0,s_ma,c_ma,c_ma,interleaved
5,0.0001460927,0.0,s_ma,c_ma,c_ms,interleaved
5,8.550468e-05,0.0,s_ma,c_ma,c_ms,interleaved
5,0.32930025,0.0,s_ms,c_ms,c_ms,interleaved
5,0.32436317,0.0,s_ms,c_ms,c_ma,interleaved
5,0.27293062,0.0,s_ms,c_ms,c_ms,interleaved
5,0.25940344,0.0,s_ms,c_ms,c_ma,interleaved
5,0.39059913,0.0,s_ms,c_ms,c_ma,interleaved
5,1.5254525e-05,0.0,s_ma,c_ms,c_ma,interleaved
5,6.348296e-06,0.0,s_ma,c_ms,c_ms,interleaved
5,2.8281396e-05,0.0,s_ma,c_ms,c_ms,interleaved
5,9.544524e-06,0.0,s_ma,c_ms,c_ma,interleaved
5,2.5561465e-05,0.0,s_ma,c_ms,c_ms,interleaved
5,0.20316294,0.0,s_ms,c_ma,c_ms,interleaved
5,0.29677546,0.0,s_ms,c_ma,c_ma,interleaved
5,0.22959265,0.0,s_ms,c_ma,c_ma,interleaved
5,0.24406928,0.0,s_ms,c_ma,c_ms,interleaved
5,0.24730347,0.0,s_ms,c_ma,c_ms,interleaved
5,6.785002e-05,0.0,s_ma,c_ma,c_ma,interleaved
5,0.00049149245,0.0,s_ma,c_ma,c_ms,interleaved
5,0.00028825738,0.0,s_ma,c_ma,c_ma,interleaved
5,9.144962e-05,0.0,s_ma,c_ma,c_ms,interleaved
5,0.0001670331,0.0,s_ma,c_ma,c_ms,random
5,0.00018515225,0.0,s_ma,c_ma,c_ma,random
5,2.3149603e-05,0.0,s_ma,c_ma,c_ms,random
5,6.7386405e-05,0.0,s_ma,c_ma,c_ms,random
5,0.580271,1.0,s_ms,c_ma,c_ms,random
5,0.5205421,1.0,s_ms,c_ma,c_ma,random
5,0.58698857,1.0,s_ms,c_ma,c_ma,random
5,0.5896344,1.0,s_ms,c_ma,c_ms,random
5,0.55977666,1.0,s_ms,c_ma,c_ma,random
5,1.5295695e-05,0.0,s_ma,c_ms,c_ma,random
5,4.403462e-05,0.0,s_ma,c_ms,c_ms,random
5,1.6776135e-05,0.0,s_ma,c_ms,c_ms,random
5,1.8696204e-05,0.0,s_ma,c_ms,c_ma,random
5,1.4854612e-05,0.0,s_ma,c_ms,c_ma,random
5,0.4514801,0.0,s_ms,c_ms,c_ms,random
5,0.6060736,1.0,s_ms,c_ms,c_ma,random
5,0.43661287,0.0,s_ms,c_ms,c_ms,random
5,0.68679917,1.0,s_ms,c_ms,c_ma,random
5,0.5471723,1.0,s_ms,c_ms,c_ms,random
5,0.00016840824,0.0,s_ma,c_ma,c_ms,random
5,7.6015895e-05,0.0,s_ma,c_ma,c_ms,random
5,6.711668e-05,0.0,s_ma,c_ma,c_ma,random
5,0.00020545095,0.0,s_ma,c_ma,c_ma,random
5,0.411896,0.0,s_ms,c_ma,c_ma,random
5,0.51635367,1.0,s_ms,c_ma,c_ms,random
5,0.6593979,1.0,s_ms,c_ma,c_ms,random
5,0.4793817,0.0,s_ms,c_ma,c_ma,random
5,0.5569971,1.0,s_ms,c_ma,c_ms,random
5,2.5488454e-05,0.0,s_ma,c_ms,c_ms,random
5,9.400757e-05,0.0,s_ma,c_ms,c_ma,random
5,4.3707547e-05,0.0,s_ma,c_ms,c_ma,random
5,6.8138133e-06,0.0,s_ma,c_ms,c_ms,random
5,5.6287995e-06,0.0,s_ma,c_ms,c_ms,random
5,0.48802784,0.0,s_ms,c_ms,c_ma,random
5,0.62384605,1.0,s_ms,c_ms,c_ms,random
5,0.46998346,0.0,s_ms,c_ms,c_ma,random
5,0.803002,1.0,s_ms,c_ms,c_ms,random
5,0.5630878,1.0,s_ms,c_ms,c_ma,random
5,0.00021821195,0.0,s_ma,c_ma,c_ma,random
5,8.8800094e-05,0.0,s_ma,c_ma,c_ms,random
5,0.00012620952,0.0,s_ma,c_ma,c_ms,random
5,0.00024063031,0.0,s_ma,c_ma,c_ms,random
5,0.63131547,1.0,s_ms,c_ma,c_ms,random
5,0.58872753,1.0,s_ms,c_ma,c_ma,random
5,0.70709074,1.0,s_ms,c_ma,c_ma,random
5,0.6357675,1.0,s_ms,c_ma,c_ms,random
5,0.6155691,1.0,s_ms,c_ma,c_ma,random
5,0.0010123051,0.0,s_ma,c_ms,c_ma,random
5,7.552063e-05,0.0,s_ma,c_ms,c_ms,random
5,0.00024047775,0.0,s_ma,c_ms,c_ms,random
5,0.000320323,0.0,s_ma,c_ms,c_ma,random
5,0.00020961651,0.0,s_ma,c_ms,c_ma,random
5,0.5369263,1.0,s_ms,c_ms,c_ms,random
5,0.5706591,1.0,s_ms,c_ms,c_ma,random
5,0.6404609,1.0,s_ms,c_ms,c_ms,random
5,0.69269586,1.0,s_ms,c_ms,c_ma,random
5,0.5379313,1.0,s_ms,c_ms,c_ms,random
5,2.6942305e-05,0.0,s_ma,c_ma,c_ms,random
5,6.9954025e-05,0.0,s_ma,c_ma,c_ma,random
5,0.00011335386,0.0,s_ma,c_ma,c_ms,random
5,5.4165856e-05,0.0,s_ma,c_ma,c_ma,random
5,0.5857849,1.0,s_ms,c_ma,c_ma,random
5,0.5495125,1.0,s_ms,c_ma,c_ms,random
5,0.70168114,1.0,s_ms,c_ma,c_ms,random
5,0.5934367,1.0,s_ms,c_ma,c_ma,random
5,0.56025565,1.0,s_ms,c_ma,c_ms,random
5,7.0746966e-05,0.0,s_ma,c_ms,c_ms,random
5,2.6646687e-05,0.0,s_ma,c_ms,c_ma,random
5,4.1037434e-05,0.0,s_ma,c_ms,c_ma,random
5,2.3917091e-05,0.0,s_ma,c_ms,c_ms,random
5,4.996591e-05,0.0,s_ma,c_ms,c_ms,random
5,0.51278406,1.0,s_ms,c_ms,c_ma,random
5,0.7153307,1.0,s_ms,c_ms,c_ms,random
5,0.5368387,1.0,s_ms,c_ms,c_ma,random
5,0.7116591,1.0,s_ms,c_ms,c_ms,random
5,0.6320611,1.0,s_ms,c_ms,c_ma,random
5,7.3087125e-05,0.0,s_ma,c_ma,c_ms,random
5,0.00021002095,0.0,s_ma,c_ma,c_ma,random
5,0.00020313321,0.0,s_ma,c_ma,c_ms,random
5,5.953504e-05,0.0,s_ma,c_ma,c_ma,random
5,0.5151012,1.0,s_ms,c_ma,c_ma,random
5,0.5970984,1.0,s_ms,c_ma,c_ms,random
5,0.53526366,1.0,s_ms,c_ma,c_ms,random
5,0.5223765,1.0,s_ms,c_ma,c_ma,random
5,0.54591113,1.0,s_ms,c_ma,c_ms,random
5,0.00010252936,0.0,s_ma,c_ms,c_ms,random
5,7.919916e-05,0.0,s_ma,c_ms,c_ma,random
5,2.2777078e-05,0.0,s_ma,c_ms,c_ma,random
5,2.4902274e-05,0.0,s_ma,c_ms,c_ms,random
5,4.1282736e-05,0.0,s_ma,c_ms,c_ms,random
5,0.49139026,0.0,s_ms,c_ms,c_ma,random
5,0.520652,1.0,s_ms,c_ms,c_ms,random
5,0.40548217,0.0,s_ms,c_ms,c_ma,random
5,0.64615715,1.0,s_ms,c_ms,c_ms,random
5,0.4640306,0.0,s_ms,c_ms,c_ma,random
5,0.30159828,0.0,s_ms,c_ma,c_ms,random
5,0.45320112,0.0,s_ms,c_ma,c_ma,random
5,0.2952022,0.0,s_ms,c_ma,c_ms,random
5,0.31019545,0.0,s_ms,c_ma,c_ma,random
5,0.35732186,0.0,s_ms,c_ma,c_ma,random
5,0.00014371087,0.0,s_ma,c_ma,c_ms,random
5,4.4350716e-05,0.0,s_ma,c_ma,c_ms,random
5,2.1286569e-05,0.0,s_ma,c_ma,c_ma,random
5,5.8101687e-05,0.0,s_ma,c_ma,c_ms,random
5,0.32233772,0.0,s_ms,c_ms,c_ms,random
5,0.37230426,0.0,s_ms,c_ms,c_ma,random
5,0.34354714,0.0,s_ms,c_ms,c_ma,random
5,0.33699703,0.0,s_ms,c_ms,c_ms,random
5,0.35453784,0.0,s_ms,c_ms,c_ms,random
5,1.1009071e-05,0.0,s_ma,c_ms,c_ma,random
5,0.00021755727,0.0,s_ma,c_ms,c_ms,random
5,6.529876e-05,0.0,s_ma,c_ms,c_ma,random
5,3.320877e-05,0.0,s_ma,c_ms,c_ms,random
5,1.37943525e-05,0.0,s_ma,c_ms,c_ma,random
5,0.37288982,0.0,s_ms,c_ma,c_ma,random
5,0.3682791,0.0,s_ms,c_ma,c_ms,random
5,0.29478163,0.0,s_ms,c_ma,c_ma,random
5,0.34024465,0.0,s_ms,c_ma,c_ms,random
5,0.2937658,0.0,s_ms,c_ma,c_ms,random
5,0.00014704205,0.0,s_ma,c_ma,c_ms,random
5,3.345706e-05,0.0,s_ma,c_ma,c_ma,random
5,3.6461668e-05,0.0,s_ma,c_ma,c_ms,random
5,0.00018426341,0.0,s_ma,c_ma,c_ma,random
5,0.23323487,0.0,s_ms,c_ms,c_ma,random
5,0.27791506,0.0,s_ms,c_ms,c_ms,random
5,0.25282082,0.0,s_ms,c_ms,c_ms,random
5,0.3644566,0.0,s_ms,c_ms,c_ma,random
5,0.2623492,0.0,s_ms,c_ms,c_ma,random
5,1.2172586e-05,0.0,s_ma,c_ms,c_ms,random
5,9.983269e-06,0.0,s_ma,c_ms,c_ma,random
5,5.0398925e-05,0.0,s_ma,c_ms,c_ms,random
5,7.106168e-05,0.0,s_ma,c_ms,c_ma,random
5,5.352659e-06,0.0,s_ma,c_ms,c_ms,random
5,0.30833668,0.0,s_ms,c_ma,c_ma,random
5,0.24786213,0.0,s_ms,c_ma,c_ms,random
5,0.20937325,0.0,s_ms,c_ma,c_ma,random
5,0.19630173,0.0,s_ms,c_ma,c_ms,random
5,0.3288176,0.0,s_ms,c_ma,c_ms,random
5,4.1440493e-05,0.0,s_ma,c_ma,c_ms,random
5,3.1668136e-05,0.0,s_ma,c_ma,c_ma,random
5,1.7053622e-05,0.0,s_ma,c_ma,c_ms,random
5,1.7796212e-05,0.0,s_ma,c_ma,c_ma,random
5,0.22454768,0.0,s_ms,c_ms,c_ma,random
5,0.17473534,0.0,s_ms,c_ms,c_ms,random
5,0.20780888,0.0,s_ms,c_ms,c_ms,random
5,0.20949364,0.0,s_ms,c_ms,c_ma,random
5,0.27357665,0.0,s_ms,c_ms,c_ma,random
5,2.255333e-05,0.0,s_ma,c_ms,c_ms,random
5,4.3807704e-05,0.0,s_ma,c_ms,c_ma,random
5,3.995119e-05,0.0,s_ma,c_ms,c_ms,random
5,1.6777685e-05,0.0,s_ma,c_ms,c_ma,random
5,2.685218e-05,0.0,s_ma,c_ms,c_ms,random
5,0.27586412,0.0,s_ms,c_ma,c_ms,random
5,0.3695535,0.0,s_ms,c_ma,c_ma,random
5,0.2725934,0.0,s_ms,c_ma,c_ms,random
5,0.30073947,0.0,s_ms,c_ma,c_ma,random
5,0.3445071,0.0,s_ms,c_ma,c_ma,random
5,1.9914016e-05,0.0,s_ma,c_ma,c_ma,random
5,2.95556e-05,0.0,s_ma,c_ma,c_ms,random
5,1.6350255e-05,0.0,s_ma,c_ma,c_ms,random
5,8.04907e-06,0.0,s_ma,c_ma,c_ms,random
5,0.29301664,0.0,s_ms,c_ms,c_ms,random
5,0.36591697,0.0,s_ms,c_ms,c_ma,random
5,0.27276236,0.0,s_ms,c_ms,c_ma,random
5,0.3334169,0.0,s_ms,c_ms,c_ms,random
5,0.36165327,0.0,s_ms,c_ms,c_ms,random
5,3.7639013e-06,0.0,s_ma,c_ms,c_ma,random
5,1.8037388e-05,0.0,s_ma,c_ms,c_ms,random
5,9.213295e-06,0.0,s_ma,c_ms,c_ma,random
5,1.5097639e-05,0.0,s_ma,c_ms,c_ms,random
5,7.636695e-06,0.0,s_ma,c_ms,c_ma,random
5,0.3020011,0.0,s_ms,c_ma,c_ma,random
5,0.30216017,0.0,s_ms,c_ma,c_ms,random
5,0.27333108,0.0,s_ms,c_ma,c_ma,random
5,0.3380069,0.0,s_ms,c_ma,c_ms,random
5,0.3156634,0.0,s_ms,c_ma,c_ms,random
5,5.977918e-05,0.0,s_ma,c_ma,c_ms,random
5,0.00016365902,0.0,s_ma,c_ma,c_ma,random
5,1.9639474e-05,0.0,s_ma,c_ma,c_ma,random
5,8.347142e-06,0.0,s_ma,c_ma,c_ms,random
5,0.23737139,0.0,s_ms,c_ms,c_ma,random
5,0.28603637,0.0,s_ms,c_ms,c_ms,random
5,0.19633552,0.0,s_ms,c_ms,c_ms,random
5,0.29278654,0.0,s_ms,c_ms,c_ma,random
5,0.2392465,0.0,s_ms,c_ms,c_ma,random
5,2.6904585e-05,0.0,s_ma,c_ms,c_ms,random
5,3.2349417e-05,0.0,s_ma,c_ms,c_ma,random
5,1.4267873e-05,0.0,s_ma,c_ms,c_ms,random
5,2.6299747e-05,0.0,s_ma,c_ms,c_ma,random
5,2.2383283e-05,0.0,s_ma,c_ms,c_ms,random
5,1.661026e-05,0.0,s_ma,c_ms,c_ma,random
5,2.73887e-05,0.0,s_ma,c_ms,c_ms,random
5,0.0009511581,0.0,s_ma,c_ms,c_ma,random
5,7.625783e-05,0.0,s_ma,c_ms,c_ms,random
5,0.00010670563,0.0,s_ma,c_ms,c_ms,random
5,0.5567932,1.0,s_ms,c_ms,c_ms,random
5,0.65789545,1.0,s_ms,c_ms,c_ma,random
5,0.67058957,1.0,s_ms,c_ms,c_ma,random
5,0.5627757,1.0,s_ms,c_ms,c_ms,random
5,0.6714283,1.0,s_ms,c_ms,c_ma,random
5,0.0012017556,0.0,s_ma,c_ma,c_ms,random
5,0.00015836598,0.0,s_ma,c_ma,c_ms,random
5,0.0005581503,0.0,s_ma,c_ma,c_ma,random
5,0.00045664568,0.0,s_ma,c_ma,c_ma,random
5,0.50049186,1.0,s_ms,c_ma,c_ms,random
5,0.52861035,1.0,s_ms,c_ma,c_ma,random
5,0.60503864,1.0,s_ms,c_ma,c_ms,random
5,0.73843277,1.0,s_ms,c_ma,c_ma,random
5,0.6945447,1.0,s_ms,c_ma,c_ms,random
5,4.5883797e-05,0.0,s_ma,c_ms,c_ms,random
5,0.000101523525,0.0,s_ma,c_ms,c_ma,random
5,7.053574e-05,0.0,s_ma,c_ms,c_ms,random
5,2.6994414e-05,0.0,s_ma,c_ms,c_ma,random
5,8.127762e-05,0.0,s_ma,c_ms,c_ma,random
5,0.48998713,0.0,s_ms,c_ms,c_ma,random
5,0.5878018,1.0,s_ms,c_ms,c_ms,random
5,0.7068444,1.0,s_ms,c_ms,c_ms,random
5,0.49502024,0.0,s_ms,c_ms,c_ma,random
5,0.60068655,1.0,s_ms,c_ms,c_ms,random
5,0.001040398,0.0,s_ma,c_ma,c_ms,random
5,0.00021647583,0.0,s_ma,c_ma,c_ma,random
5,0.00016182862,0.0,s_ma,c_ma,c_ms,random
5,4.1465926e-05,0.0,s_ma,c_ma,c_ms,random
5,0.49826366,0.0,s_ms,c_ma,c_ma,random
5,0.5398458,1.0,s_ms,c_ma,c_ms,random
5,0.51213473,1.0,s_ms,c_ma,c_ma,random
5,0.7091253,1.0,s_ms,c_ma,c_ms,random
5,0.5753846,1.0,s_ms,c_ma,c_ma,random
5,1.569652e-05,0.0,s_ma,c_ms,c_ms,random
5,3.9133687e-05,0.0,s_ma,c_ms,c_ma,random
5,0.00024735238,0.0,s_ma,c_ms,c_ms,random
5,3.6780948e-05,0.0,s_ma,c_ms,c_ma,random
5,2.0836356e-05,0.0,s_ma,c_ms,c_ma,random
5,0.52272356,1.0,s_ms,c_ms,c_ma,random
5,0.61763996,1.0,s_ms,c_ms,c_ms,random
5,0.6695703,1.0,s_ms,c_ms,c_ms,random
5,0.567592,1.0,s_ms,c_ms,c_ma,random
5,0.66370773,1.0,s_ms,c_ms,c_ms,random
5,0.00013734103,0.0,s_ma,c_ma,c_ms,random
5,0.00020254767,0.0,s_ma,c_ma,c_ma,random
5,9.4747156e-05,0.0,s_ma,c_ma,c_ms,random
5,3.3861765e-05,0.0,s_ma,c_ma,c_ms,random
5,0.6558193,1.0,s_ms,c_ma,c_ma,random
5,0.5856226,1.0,s_ms,c_ma,c_ms,random
5,0.607039,1.0,s_ms,c_ma,c_ma,random
5,0.63420063,1.0,s_ms,c_ma,c_ms,random
5,0.6511688,1.0,s_ms,c_ma,c_ma,random
5,1.9311283e-05,0.0,s_ma,c_ms,c_ma,random
5,7.3192778e-06,0.0,s_ma,c_ms,c_ms,random
5,0.00027682117,0.0,s_ma,c_ms,c_ma,random
5,2.223404e-05,0.0,s_ma,c_ms,c_ms,random
5,2.3198734e-05,0.0,s_ma,c_ms,c_ms,random
5,0.5645711,1.0,s_ms,c_ms,c_ms,random
5,0.53926444,1.0,s_ms,c_ms,c_ma,random
5,0.68654746,1.0,s_ms,c_ms,c_ma,random
5,0.49992535,0.0,s_ms,c_ms,c_ms,random
5,0.58954036,1.0,s_ms,c_ms,c_ma,random
5,0.0004630858,0.0,s_ma,c_ma,c_ma,random
5,0.00016194127,0.0,s_ma,c_ma,c_ms,random
5,0.00010060698,0.0,s_ma,c_ma,c_ms,random
5,4.848546e-05,0.0,s_ma,c_ma,c_ma,random
5,0.47207776,0.0,s_ms,c_ma,c_ms,random
5,0.5752319,1.0,s_ms,c_ma,c_ma,random
5,0.4578575,0.0,s_ms,c_ma,c_ms,random
5,0.695938,1.0,s_ms,c_ma,c_ma,random
5,0.6232751,1.0,s_ms,c_ma,c_ms,random
5,1.5013263e-05,0.0,s_ma,c_ms,c_ma,random
5,5.6749973e-06,0.0,s_ma,c_ms,c_ms,random
5,0.00018077003,0.0,s_ma,c_ms,c_ma,random
5,5.1362455e-05,0.0,s_ma,c_ms,c_ms,random
5,3.3996577e-05,0.0,s_ma,c_ms,c_ms,random
5,0.5078357,1.0,s_ms,c_ms,c_ms,random
5,0.6232402,1.0,s_ms,c_ms,c_ma,random
5,0.5843273,1.0,s_ms,c_ms,c_ma,random
5,0.4858466,0.0,s_ms,c_ms,c_ms,random
5,0.64134187,1.0,s_ms,c_ms,c_ma,random
5,0.0004398157,0.0,s_ma,c_ma,c_ma,random
5,4.003666e-05,0.0,s_ma,c_ma,c_ms,random
5,3.4306122e-05,0.0,s_ma,c_ma,c_ms,random
5,5.0623803e-05,0.0,s_ma,c_ma,c_ma,random
5,0.5812849,1.0,s_ms,c_ma,c_ms,random
5,0.49704146,0.0,s_ms,c_ma,c_ma,random
5,0.6006948,1.0,s_ms,c_ma,c_ms,random
5,0.5599973,1.0,s_ms,c_ma,c_ma,random
5,0.6347787,1.0,s_ms,c_ma,c_ms,random
5,0.41296527,0.0,s_ms,c_ms,c_ms,random
5,0.35878426,0.0,s_ms,c_ms,c_ma,random
5,0.3396753,0.0,s_ms,c_ms,c_ms,random
5,0.35601553,0.0,s_ms,c_ms,c_ma,random
5,0.36235154,0.0,s_ms,c_ms,c_ma,random
5,1.2035486e-05,0.0,s_ma,c_ms,c_ma,random
5,1.2784292e-05,0.0,s_ma,c_ms,c_ms,random
5,2.2672024e-05,0.0,s_ma,c_ms,c_ms,random
5,4.778147e-06,0.0,s_ma,c_ms,c_ma,random
5,2.762433e-05,0.0,s_ma,c_ms,c_ms,random
5,0.38143808,0.0,s_ms,c_ma,c_ms,random
5,0.36255217,0.0,s_ms,c_ma,c_ma,random
5,0.23762196,0.0,s_ms,c_ma,c_ma,random
5,0.3764992,0.0,s_ms,c_ma,c_ms,random
5,0.29140764,0.0,s_ms,c_ma,c_ms,random
5,9.65015e-05,0.0,s_ma,c_ma,c_ms,random
5,3.2183467e-05,0.0,s_ma,c_ma,c_ma,random
5,5.9095814e-06,0.0,s_ma,c_ma,c_ms,random
5,6.366683e-05,0.0,s_ma,c_ma,c_ma,random
5,0.25750726,0.0,s_ms,c_ms,c_ma,random
5,0.24043465,0.0,s_ms,c_ms,c_ms,random
5,0.29740763,0.0,s_ms,c_ms,c_ma,random
5,0.19864395,0.0,s_ms,c_ms,c_ms,random
5,0.30265963,0.0,s_ms,c_ms,c_ms,random
5,0.00021175038,0.0,s_ma,c_ms,c_ms,random
5,1.01691285e-05,0.0,s_ma,c_ms,c_ma,random
5,4.279367e-05,0.0,s_ma,c_ms,c_ma,random
5,2.1455462e-05,0.0,s_ma,c_ms,c_ms,random
5,3.5882305e-05,0.0,s_ma,c_ms,c_ma,random
5,0.36038846,0.0,s_ms,c_ma,c_ma,random
5,0.34691533,0.0,s_ms,c_ma,c_ms,random
5,0.29423386,0.0,s_ms,c_ma,c_ms,random
5,0.30516136,0.0,s_ms,c_ma,c_ma,random
5,0.36411726,0.0,s_ms,c_ma,c_ma,random
5,0.00011129498,0.0,s_ma,c_ma,c_ms,random
5,0.00016749743,0.0,s_ma,c_ma,c_ms,random
5,0.00015894964,0.0,s_ma,c_ma,c_ma,random
5,0.00055405975,0.0,s_ma,c_ma,c_ms,random
5,0.39076245,0.0,s_ms,c_ms,c_ms,random
5,0.35443515,0.0,s_ms,c_ms,c_ma,random
5,0.23999014,0.0,s_ms,c_ms,c_ms,random
5,0.32604578,0.0,s_ms,c_ms,c_ma,random
5,0.43002167,0.0,s_ms,c_ms,c_ma,random
5,5.3383283e-05,0.0,s_ma,c_ms,c_ma,random
5,4.1179883e-05,0.0,s_ma,c_ms,c_ms,random
5,3.761812e-05,0.0,s_ma,c_ms,c_ms,random
5,1.0112146e-05,0.0,s_ma,c_ms,c_ma,random
5,1.3133774e-05,0.0,s_ma,c_ms,c_ms,random
5,0.30649078,0.0,s_ms,c_ma,c_ms,random
5,0.38987428,0.0,s_ms,c_ma,c_ma,random
5,0.27057448,0.0,s_ms,c_ma,c_ma,random
5,0.40902233,0.0,s_ms,c_ma,c_ms,random
5,0.28495276,0.0,s_ms,c_ma,c_ms,random
5,2.9618861e-05,0.0,s_ma,c_ma,c_ma,random
5,0.0001509863,0.0,s_ma,c_ma,c_ms,random
5,0.00013620783,0.0,s_ma,c_ma,c_ms,random
5,0.00028589697,0.0,s_ma,c_ma,c_ma,random
5,0.16777831,0.0,s_ms,c_ms,c_ma,random
5,0.11185808,0.0,s_ms,c_ms,c_ms,random
5,0.20119162,0.0,s_ms,c_ms,c_ma,random
5,0.21570706,0.0,s_ms,c_ms,c_ms,random
5,0.19759005,0.0,s_ms,c_ms,c_ms,random
5,3.3598146e-05,0.0,s_ma,c_ms,c_ms,random
5,6.274393e-05,0.0,s_ma,c_ms,c_ma,random
5,1.8211758e-05,0.0,s_ma,c_ms,c_ma,random
5,1.7726026e-05,0.0,s_ma,c_ms,c_ms,random
5,3.0025083e-05,0.0,s_ma,c_ms,c_ma,random
5,0.19461083,0.0,s_ms,c_ma,c_ma,random
5,0.22120404,0.0,s_ms,c_ma,c_ms,random
5,0.25529137,0.0,s_ms,c_ma,c_ms,random
5,0.19046065,0.0,s_ms,c_ma,c_ma,random
5,0.32472324,0.0,s_ms,c_ma,c_ma,random
5,5.1934967e-06,0.0,s_ma,c_ma,c_ms,random
5,0.0001404226,0.0,s_ma,c_ma,c_ma,random
5,0.00014047806,0.0,s_ma,c_ma,c_ms,random
5,8.43706e-05,0.0,s_ma,c_ma,c_ms,random
5,0.32989195,0.0,s_ms,c_ms,c_ms,random
5,0.3248097,0.0,s_ms,c_ms,c_ma,random
5,0.27528495,0.0,s_ms,c_ms,c_ms,random
5,0.2600016,0.0,s_ms,c_ms,c_ma,random
5,0.3907503,0.0,s_ms,c_ms,c_ma,random
5,1.5141031e-05,0.0,s_ma,c_ms,c_ma,random
5,6.1483615e-06,0.0,s_ma,c_ms,c_ms,random
5,2.816156e-05,0.0,s_ma,c_ms,c_ms,random
5,9.425266e-06,0.0,s_ma,c_ms,c_ma,random
5,2.5189562e-05,0.0,s_ma,c_ms,c_ms,random
5,0.20415422,0.0,s_ms,c_ma,c_ms,random
5,0.2993477,0.0,s_ms,c_ma,c_ma,random
5,0.23191287,0.0,s_ms,c_ma,c_ma,random
5,0.24715817,0.0,s_ms,c_ma,c_ms,random
5,0.24860698,0.0,s_ms,c_ma,c_ms,random
5,6.796826e-05,0.0,s_ma,c_ma,c_ma,random
5,0.00049176515,0.0,s_ma,c_ma,c_ms,random
5,0.00028576373,0.0,s_ma,c_ma,c_ma,random
5,8.995762e-05,0.0,s_ma,c_ma,c_ms,random
6,1.999042e-05,0.0,s_ma,c_ma,c_ms,blocked
6,2.3403118e-05,0.0,s_ma,c_ma,c_ma,blocked
6,1.4263809e-05,0.0,s_ma,c_ma,c_ms,blocked
6,6.300765e-05,0.0,s_ma,c_ma,c_ms,blocked
6,0.46781033,0.0,s_ms,c_ma,c_ms,blocked
6,0.40147114,0.0,s_ms,c_ma,c_ma,blocked
6,0.51962245,1.0,s_ms,c_ma,c_ma,blocked
6,0.32251227,0.0,s_ms,c_ma,c_ms,blocked
6,0.37044126,0.0,s_ms,c_ma,c_ma,blocked
6,1.0280763e-05,0.0,s_ma,c_ms,c_ma,blocked
6,3.849007e-06,0.0,s_ma,c_ms,c_ms,blocked
6,1.5383933e-06,0.0,s_ma,c_ms,c_ms,blocked
6,1.5637572e-05,0.0,s_ma,c_ms,c_ma,blocked
6,2.3869625e-05,0.0,s_ma,c_ms,c_ma,blocked
6,0.34345704,0.0,s_ms,c_ms,c_ms,blocked
6,0.24388671,0.0,s_ms,c_ms,c_ma,blocked
6,0.22815461,0.0,s_ms,c_ms,c_ms,blocked
6,0.317852,0.0,s_ms,c_ms,c_ma,blocked
6,0.34203833,0.0,s_ms,c_ms,c_ms,blocked
6,1.9284853e-05,0.0,s_ma,c_ma,c_ms,blocked
6,2.6562291e-05,0.0,s_ma,c_ma,c_ms,blocked
6,2.8253992e-06,0.0,s_ma,c_ma,c_ma,blocked
6,2.5666798e-06,0.0,s_ma,c_ma,c_ma,blocked
6,0.41722977,0.0,s_ms,c_ma,c_ma,blocked
6,0.34145093,0.0,s_ms,c_ma,c_ms,blocked
6,0.41405585,0.0,s_ms,c_ma,c_ms,blocked
6,0.4179661,0.0,s_ms,c_ma,c_ma,blocked
6,0.4007877,0.0,s_ms,c_ma,c_ms,blocked
6,2.5354864e-06,0.0,s_ma,c_ms,c_ms,blocked
6,1.0661471e-05,0.0,s_ma,c_ms,c_ma,blocked
6,2.3378775e-06,0.0,s_ma,c_ms,c_ma,blocked
6,7.991278e-06,0.0,s_ma,c_ms,c_ms,blocked
6,3.314915e-05,0.0,s_ma,c_ms,c_ms,blocked
6,0.44156712,0.0,s_ms,c_ms,c_ma,blocked
6,0.30613244,0.0,s_ms,c_ms,c_ms,blocked
6,0.1803597,0.0,s_ms,c_ms,c_ma,blocked
6,0.26522917,0.0,s_ms,c_ms,c_ms,blocked
6,0.39872298,0.0,s_ms,c_ms,c_ma,blocked
6,2.1468275e-05,0.0,s_ma,c_ma,c_ma,blocked
6,2.8911081e-05,0.0,s_ma,c_ma,c_ms,blocked
6,4.5058445e-05,0.0,s_ma,c_ma,c_ms,blocked
6,1.8040233e-05,0.0,s_ma,c_ma,c_ms,blocked
6,0.26772538,0.0,s_ms,c_ma,c_ms,blocked
6,0.22214822,0.0,s_ms,c_ma,c_ma,blocked
6,0.21172933,0.0,s_ms,c_ma,c_ma,blocked
6,0.2662124,0.0,s_ms,c_ma,c_ms,blocked
6,0.22599547,0.0,s_ms,c_ma,c_ma,blocked
6,6.449006e-05,0.0,s_ma,c_ms,c_ma,blocked
6,7.117171e-05,0.0,s_ma,c_ms,c_ms,blocked
6,3.4910685e-05,0.0,s_ma,c_ms,c_ms,blocked
6,0.00013797577,0.0,s_ma,c_ms,c_ma,blocked
6,0.00015557927,0.0,s_ma,c_ms,c_ma,blocked
6,0.35740483,0.0,s_ms,c_ms,c_ms,blocked
6,0.22709292,0.0,s_ms,c_ms,c_ma,blocked
6,0.21834667,0.0,s_ms,c_ms,c_ms,blocked
6,0.28072804,0.0,s_ms,c_ms,c_ma,blocked
6,0.20841223,0.0,s_ms,c_ms,c_ms,blocked
6,1.2744359e-05,0.0,s_ma,c_ma,c_ms,blocked
6,2.6555379e-06,0.0,s_ma,c_ma,c_ma,blocked
6,4.411256e-05,0.0,s_ma,c_ma,c_ms,blocked
6,7.4375e-06,0.0,s_ma,c_ma,c_ma,blocked
6,0.27947056,0.0,s_ms,c_ma,c_ma,blocked
6,0.31274557,0.0,s_ms,c_ma,c_ms,blocked
6,0.32026,0.0,s_ms,c_ma,c_ms,blocked
6,0.39941978,0.0,s_ms,c_ma,c_ma,blocked
6,0.45080107,0.0,s_ms,c_ma,c_ms,blocked
6,8.111415e-05,0.0,s_ma,c_ms,c_ms,blocked
6,2.2863574e-06,0.0,s_ma,c_ms,c_ma,blocked
6,2.9163025e-06,0.0,s_ma,c_ms,c_ma,blocked
6,8.830182e-06,0.0,s_ma,c_ms,c_ms,blocked
6,7.661965e-06,0.0,s_ma,c_ms,c_ms,blocked
6,0.4129466,0.0,s_ms,c_ms,c_ma,blocked
6,0.3081935,0.0,s_ms,c_ms,c_ms,blocked
6,0.33959788,0.0,s_ms,c_ms,c_ma,blocked
6,0.5076062,1.0,s_ms,c_ms,c_ms,blocked
6,0.31903994,0.0,s_ms,c_ms,c_ma,blocked
6,6.411478e-05,0.0,s_ma,c_ma,c_ms,blocked
6,2.671676e-06,0.0,s_ma,c_ma,c_ma,blocked
6,1.694582e-05,0.0,s_ma,c_ma,c_ms,blocked
6,7.273508e-06,0.0,s_ma,c_ma,c_ma,blocked
6,0.33411098,0.0,s_ms,c_ma,c_ma,blocked
6,0.24169818,0.0,s_ms,c_ma,c_ms,blocked
6,0.23398256,0.0,s_ms,c_ma,c_ms,blocked
6,0.3267697,0.0,s_ms,c_ma,c_ma,blocked
6,0.25539207,0.0,s_ms,c_ma,c_ms,blocked
6,5.97852e-06,0.0,s_ma,c_ms,c_ms,blocked
6,3.9634274e-06,0.0,s_ma,c_ms,c_ma,blocked
6,1.3274159e-06,0.0,s_ma,c_ms,c_ma,blocked
6,6.946168e-06,0.0,s_ma,c_ms,c_ms,blocked
6,5.3543654e-06,0.0,s_ma,c_ms,c_ms,blocked
6,0.29411358,0.0,s_ms,c_ms,c_ma,blocked
6,0.1411669,0.0,s_ms,c_ms,c_ms,blocked
6,0.17362064,0.0,s_ms,c_ms,c_ma,blocked
6,0.24747528,0.0,s_ms,c_ms,c_ms,blocked
6,0.17483398,0.0,s_ms,c_ms,c_ma,blocked
6,0.3608309,0.0,s_ms,c_ma,c_ms,blocked
6,0.39976108,0.0,s_ms,c_ma,c_ma,blocked
6,0.56576884,1.0,s_ms,c_ma,c_ms,blocked
6,0.57963073,1.0,s_ms,c_ma,c_ma,blocked
6,0.50485015,1.0,s_ms,c_ma,c_ma,blocked
6,1.4506527e-06,0.0,s_ma,c_ma,c_ms,blocked
6,1.4581081e-05,0.0,s_ma,c_ma,c_ms,blocked
6,6.2195572e-06,0.0,s_ma,c_ma,c_ma,blocked
6,2.5076146e-05,0.0,s_ma,c_ma,c_ms,blocked
6,0.2874335,0.0,s_ms,c_ms,c_ms,blocked
6,0.28436112,0.0,s_ms,c_ms,c_ma,blocked
6,0.42513627,0.0,s_ms,c_ms,c_ma,blocked
6,0.3312965,0.0,s_ms,c_ms,c_ms,blocked
6,0.31193507,0.0,s_ms,c_ms,c_ms,blocked
6,3.4863895e-06,0.0,s_ma,c_ms,c_ma,blocked
6,0.00011737943,0.0,s_ma,c_ms,c_ms,blocked
6,1.5145505e-05,0.0,s_ma,c_ms,c_ma,blocked
6,1.1961802e-05,0.0,s_ma,c_ms,c_ms,blocked
6,8.041353e-06,0.0,s_ma,c_ms,c_ma,blocked
6,0.42282227,0.0,s_ms,c_ma,c_ma,blocked
6,0.4628407,0.0,s_ms,c_ma,c_ms,blocked
6,0.61451,1.0,s_ms,c_ma,c_ma,blocked
6,0.4819486,0.0,s_ms,c_ma,c_ms,blocked
6,0.5818763,1.0,s_ms,c_ma,c_ms,blocked
6,1.5215093e-06,0.0,s_ma,c_ma,c_ms,blocked
6,9.2727765e-05,0.0,s_ma,c_ma,c_ma,blocked
6,5.299509e-06,0.0,s_ma,c_ma,c_ms,blocked
6,8.4985644e-05,0.0,s_ma,c_ma,c_ma,blocked
6,0.33758035,0.0,s_ms,c_ms,c_ma,blocked
6,0.31058836,0.0,s_ms,c_ms,c_ms,blocked
6,0.4490171,0.0,s_ms,c_ms,c_ms,blocked
6,0.33193317,0.0,s_ms,c_ms,c_ma,blocked
6,0.40074837,0.0,s_ms,c_ms,c_ma,blocked
6,8.615229e-06,0.0,s_ma,c_ms,c_ms,blocked
6,0.00010495888,0.0,s_ma,c_ms,c_ma,blocked
6,1.3940044e-05,0.0,s_ma,c_ms,c_ms,blocked
6,9.982148e-05,0.0,s_ma,c_ms,c_ma,blocked
6,1.3285581e-05,0.0,s_ma,c_ms,c_ms,blocked
6,0.28559867,0.0,s_ms,c_ma,c_ma,blocked
6,0.4011039,0.0,s_ms,c_ma,c_ms,blocked
6,0.66826427,1.0,s_ms,c_ma,c_ma,blocked
6,0.48880416,0.0,s_ms,c_ma,c_ms,blocked
6,0.58444655,1.0,s_ms,c_ma,c_ms,blocked
6,1.34429e-05,0.0,s_ma,c_ma,c_ms,blocked
6,8.082578e-05,0.0,s_ma,c_ma,c_ma,blocked
6,4.1883495e-06,0.0,s_ma,c_ma,c_ms,blocked
6,1.5695412e-05,0.0,s_ma,c_ma,c_ma,blocked
6,0.30366004,0.0,s_ms,c_ms,c_ma,blocked
6,0.301987,0.0,s_ms,c_ms,c_ms,blocked
6,0.32676345,0.0,s_ms,c_ms,c_ms,blocked
6,0.18762766,0.0,s_ms,c_ms,c_ma,blocked
6,0.4420473,0.0,s_ms,c_ms,c_ma,blocked
6,1.5038835e-06,0.0,s_ma,c_ms,c_ms,blocked
6,2.6581414e-05,0.0,s_ma,c_ms,c_ma,blocked
6,2.6194477e-06,0.0,s_ma,c_ms,c_ms,blocked
6,2.0626508e-06,0.0,s_ma,c_ms,c_ma,blocked
6,1.9983236e-06,0.0,s_ma,c_ms,c_ms,blocked
6,0.5167284,1.0,s_ms,c_ma,c_ms,blocked
6,0.38863277,0.0,s_ms,c_ma,c_ma,blocked
6,0.5581912,1.0,s_ms,c_ma,c_ms,blocked
6,0.4727855,0.0,s_ms,c_ma,c_ma,blocked
6,0.5185088,1.0,s_ms,c_ma,c_ma,blocked
6,6.1593378e-06,0.0,s_ma,c_ma,c_ma,blocked
6,5.115649e-06,0.0,s_ma,c_ma,c_ms,blocked
6,4.069256e-06,0.0,s_ma,c_ma,c_ms,blocked
6,9.3072136e-05,0.0,s_ma,c_ma,c_ms,blocked
6,0.29587495,0.0,s_ms,c_ms,c_ms,blocked
6,0.31636286,0.0,s_ms,c_ms,c_ma,blocked
6,0.37479302,0.0,s_ms,c_ms,c_ma,blocked
6,0.26827514,0.0,s_ms,c_ms,c_ms,blocked
6,0.41593075,0.0,s_ms,c_ms,c_ms,blocked
6,1.1111135e-06,0.0,s_ma,c_ms,c_ma,blocked
6,6.6026034e-05,0.0,s_ma,c_ms,c_ms,blocked
6,0.00035804455,0.0,s_ma,c_ms,c_ma,blocked
6,0.00020036574,0.0,s_ma,c_ms,c_ms,blocked
6,2.2869333e-06,0.0,s_ma,c_ms,c_ma,blocked
6,0.44378603,0.0,s_ms,c_ma,c_ma,blocked
6,0.44829953,0.0,s_ms,c_ma,c_ms,blocked
6,0.6464864,1.0,s_ms,c_ma,c_ma,blocked
6,0.3904252,0.0,s_ms,c_ma,c_ms,blocked
6,0.600181,1.0,s_ms,c_ma,c_ms,blocked
6,2.7100737e-05,0.0,s_ma,c_ma,c_ms,blocked
6,9.641231e-05,0.0,s_ma,c_ma,c_ma,blocked
6,1.6607402e-05,0.0,s_ma,c_ma,c_ma,blocked
6,9.53618e-05,0.0,s_ma,c_ma,c_ms,blocked
6,0.2916336,0.0,s_ms,c_ms,c_ma,blocked
6,0.39340264,0.0,s_ms,c_ms,c_ms,blocked
6,0.43422538,0.0,s_ms,c_ms,c_ms,blocked
6,0.3755079,0.0,s_ms,c_ms,c_ma,blocked
6,0.38625497,0.0,s_ms,c_ms,c_ma,blocked
6,7.217391e-06,0.0,s_ma,c_ms,c_ms,blocked
6,1.1088071e-05,0.0,s_ma,c_ms,c_ma,blocked
6,6.940815e-05,0.0,s_ma,c_ms,c_ms,blocked
6,3.4990215e-05,0.0,s_ma,c_ms,c_ma,blocked
6,1.2210672e-05,0.0,s_ma,c_ms,c_ms,blocked
6,1.13607475e-05,0.0,s_ma,c_ms,c_ma,blocked
6,3.0248725e-06,0.0,s_ma,c_ms,c_ms,blocked
6,2.7370737e-05,0.0,s_ma,c_ms,c_ma,blocked
6,9.0873546e-05,0.0,s_ma,c_ms,c_ms,blocked
6,4.2481024e-06,0.0,s_ma,c_ms,c_ms,blocked
6,0.3700522,0.0,s_ms,c_ms,c_ms,blocked
6,0.4114297,0.0,s_ms,c_ms,c_ma,blocked
6,0.3807669,0.0,s_ms,c_ms,c_ma,blocked
6,0.4666084,0.0,s_ms,c_ms,c_ms,blocked
6,0.45897698,0.0,s_ms,c_ms,c_ma,blocked
6,1.0378913e-05,0.0,s_ma,c_ma,c_ms,blocked
6,3.8055373e-06,0.0,s_ma,c_ma,c_ms,blocked
6,3.6096753e-05,0.0,s_ma,c_ma,c_ma,blocked
6,5.4551696e-05,0.0,s_ma,c_ma,c_ma,blocked
6,0.4115818,0.0,s_ms,c_ma,c_ms,blocked
6,0.30394417,0.0,s_ms,c_ma,c_ma,blocked
6,0.37317458,0.0,s_ms,c_ma,c_ms,blocked
6,0.40637258,0.0,s_ms,c_ma,c_ma,blocked
6,0.37699836,0.0,s_ms,c_ma,c_ms,blocked
6,3.095124e-06,0.0,s_ma,c_ms,c_ms,blocked
6,9.715971e-06,0.0,s_ma,c_ms,c_ma,blocked
6,3.6630336e-05,0.0,s_ma,c_ms,c_ms,blocked
6,2.684463e-06,0.0,s_ma,c_ms,c_ma,blocked
6,2.8072711e-06,0.0,s_ma,c_ms,c_ma,blocked
6,0.4445258,0.0,s_ms,c_ms,c_ma,blocked
6,0.36950475,0.0,s_ms,c_ms,c_ms,blocked
6,0.39949048,0.0,s_ms,c_ms,c_ms,blocked
6,0.4918031,0.0,s_ms,c_ms,c_ma,blocked
6,0.43912134,0.0,s_ms,c_ms,c_ms,blocked
6,1.0801601e-05,0.0,s_ma,c_ma,c_ms,blocked
6,0.0002196723,0.0,s_ma,c_ma,c_ma,blocked
6,2.221078e-05,0.0,s_ma,c_ma,c_ms,blocked
6,0.0002889428,0.0,s_ma,c_ma,c_ms,blocked
6,0.42769307,0.0,s_ms,c_ma,c_ma,blocked
6,0.32456094,0.0,s_ms,c_ma,c_ms,blocked
6,0.29329005,0.0,s_ms,c_ma,c_ma,blocked
6,0.38458517,0.0,s_ms,c_ma,c_ms,blocked
6,0.39881897,0.0,s_ms,c_ma,c_ma,blocked
6,1.7201324e-06,0.0,s_ma,c_ms,c_ms,blocked
6,2.7005356e-06,0.0,s_ma,c_ms,c_ma,blocked
6,1.4710189e-05,0.0,s_ma,c_ms,c_ms,blocked
6,3.233894e-06,0.0,s_ma,c_ms,c_ma,blocked
6,1.1165658e-06,0.0,s_ma,c_ms,c_ma,blocked
6,0.34690028,0.0,s_ms,c_ms,c_ma,blocked
6,0.33635122,0.0,s_ms,c_ms,c_ms,blocked
6,0.3481525,0.0,s_ms,c_ms,c_ms,blocked
6,0.34160691,0.0,s_ms,c_ms,c_ma,blocked
6,0.3768465,0.0,s_ms,c_ms,c_ms,blocked
6,3.5379667e-06,0.0,s_ma,c_ma,c_ms,blocked
6,0.00022296698,0.0,s_ma,c_ma,c_ma,blocked
6,1.6595011e-05,0.0,s_ma,c_ma,c_ms,blocked
6,3.8922186e-05,0.0,s_ma,c_ma,c_ms,blocked
6,0.4606228,0.0,s_ms,c_ma,c_ma,blocked
6,0.341645,0.0,s_ms,c_ma,c_ms,blocked
6,0.2708808,0.0,s_ms,c_ma,c_ma,blocked
6,0.4673026,0.0,s_ms,c_ma,c_ms,blocked
6,0.36235273,0.0,s_ms,c_ma,c_ma,blocked
6,1.0356167e-05,0.0,s_ma,c_ms,c_ma,blocked
6,4.2132924e-06,0.0,s_ma,c_ms,c_ms,blocked
6,4.217193e-05,0.0,s_ma,c_ms,c_ma,blocked
6,8.88817e-06,0.0,s_ma,c_ms,c_ms,blocked
6,3.057544e-06,0.0,s_ma,c_ms,c_ms,blocked
6,0.43845612,0.0,s_ms,c_ms,c_ms,blocked
6,0.34810734,0.0,s_ms,c_ms,c_ma,blocked
6,0.5020896,1.0,s_ms,c_ms,c_ma,blocked
6,0.45396066,0.0,s_ms,c_ms,c_ms,blocked
6,0.37627906,0.0,s_ms,c_ms,c_ma,blocked
6,3.951794e-05,0.0,s_ma,c_ma,c_ma,blocked
6,2.1760956e-05,0.0,s_ma,c_ma,c_ms,blocked
6,1.640942e-05,0.0,s_ma,c_ma,c_ms,blocked
6,1.8653423e-05,0.0,s_ma,c_ma,c_ma,blocked
6,0.50882,1.0,s_ms,c_ma,c_ms,blocked
6,0.3970747,0.0,s_ms,c_ma,c_ma,blocked
6,0.28273562,0.0,s_ms,c_ma,c_ms,blocked
6,0.38751608,0.0,s_ms,c_ma,c_ma,blocked
6,0.48549652,0.0,s_ms,c_ma,c_ms,blocked
6,9.69685e-06,0.0,s_ma,c_ms,c_ma,blocked
6,2.2660028e-05,0.0,s_ma,c_ms,c_ms,blocked
6,0.00010586159,0.0,s_ma,c_ms,c_ma,blocked
6,4.3439723e-06,0.0,s_ma,c_ms,c_ms,blocked
6,5.2142723e-06,0.0,s_ma,c_ms,c_ms,blocked
6,0.44955042,0.0,s_ms,c_ms,c_ms,blocked
6,0.31388968,0.0,s_ms,c_ms,c_ma,blocked
6,0.35383135,0.0,s_ms,c_ms,c_ma,blocked
6,0.31485656,0.0,s_ms,c_ms,c_ms,blocked
6,0.36382943,0.0,s_ms,c_ms,c_ma,blocked
6,5.046512e-05,0.0,s_ma,c_ma,c_ma,blocked
6,0.00027629692,0.0,s_ma,c_ma,c_ms,blocked
6,3.9538318e-05,0.0,s_ma,c_ma,c_ms,blocked
6,1.9106346e-05,0.0,s_ma,c_ma,c_ma,blocked
6,0.38652936,0.0,s_ms,c_ma,c_ms,blocked
6,0.34810477,0.0,s_ms,c_ma,c_ma,blocked
6,0.27690458,0.0,s_ms,c_ma,c_ms,blocked
6,0.3388641,0.0,s_ms,c_ma,c_ma,blocked
6,0.39721626,0.0,s_ms,c_ma,c_ms,blocked
6,0.4131825,0.0,s_ms,c_ms,c_ms,blocked
6,0.3839589,0.0,s_ms,c_ms,c_ma,blocked
6,0.39193922,0.0,s_ms,c_ms,c_ms,blocked
6,0.3623607,0.0,s_ms,c_ms,c_ma,blocked
6,0.42047465,0.0,s_ms,c_ms,c_ma,blocked
6,2.9706107e-06,0.0,s_ma,c_ms,c_ma,blocked
6,7.40854e-06,0.0,s_ma,c_ms,c_ms,blocked
6,1.4645634e-06,0.0,s_ma,c_ms,c_ms,blocked
6,9.456258e-07,0.0,s_ma,c_ms,c_ma,blocked
6,8.23925e-06,0.0,s_ma,c_ms,c_ms,blocked
6,0.43995005,0.0,s_ms,c_ma,c_ms,blocked
6,0.4213106,0.0,s_ms,c_ma,c_ma,blocked
6,0.40053856,0.0,s_ms,c_ma,c_ma,blocked
6,0.30930746,0.0,s_ms,c_ma,c_ms,blocked
6,0.48917615,0.0,s_ms,c_ma,c_ms,blocked
6,2.6446507e-05,0.0,s_ma,c_ma,c_ms,blocked
6,3.839038e-07,0.0,s_ma,c_ma,c_ma,blocked
6,6.577133e-06,0.0,s_ma,c_ma,c_ms,blocked
6,6.008803e-07,0.0,s_ma,c_ma,c_ma,blocked
6,0.6004944,1.0,s_ms,c_ms,c_ma,blocked
6,0.5053201,1.0,s_ms,c_ms,c_ms,blocked
6,0.5602154,1.0,s_ms,c_ms,c_ma,blocked
6,0.5294472,1.0,s_ms,c_ms,c_ms,blocked
6,0.6388258,1.0,s_ms,c_ms,c_ms,blocked
6,0.00013772132,0.0,s_ma,c_ms,c_ms,blocked
6,0.000119202065,0.0,s_ma,c_ms,c_ma,blocked
6,2.730407e-05,0.0,s_ma,c_ms,c_ma,blocked
6,8.49615e-05,0.0,s_ma,c_ms,c_ms,blocked
6,1.4628487e-05,0.0,s_ma,c_ms,c_ma,blocked
6,0.56105137,1.0,s_ms,c_ma,c_ma,blocked
6,0.5424557,1.0,s_ms,c_ma,c_ms,blocked
6,0.48764205,0.0,s_ms,c_ma,c_ms,blocked
6,0.4683833,0.0,s_ms,c_ma,c_ma,blocked
6,0.49022362,0.0,s_ms,c_ma,c_ma,blocked
6,3.0534142e-05,0.0,s_ma,c_ma,c_ms,blocked
6,2.1141022e-05,0.0,s_ma,c_ma,c_ms,blocked
6,2.1285005e-05,0.0,s_ma,c_ma,c_ma,blocked
6,1.3612765e-05,0.0,s_ma,c_ma,c_ms,blocked
6,0.59053946,1.0,s_ms,c_ms,c_ms,blocked
6,0.634853,1.0,s_ms,c_ms,c_ma,blocked
6,0.6127504,1.0,s_ms,c_ms,c_ms,blocked
6,0.49978983,0.0,s_ms,c_ms,c_ma,blocked
6,0.6294295,1.0,s_ms,c_ms,c_ma,blocked
6,1.875249e-05,0.0,s_ma,c_ms,c_ma,blocked
6,1.4525369e-05,0.0,s_ma,c_ms,c_ms,blocked
6,2.4420558e-06,0.0,s_ma,c_ms,c_ms,blocked
6,0.00037085378,0.0,s_ma,c_ms,c_ma,blocked
6,7.056283e-05,0.0,s_ma,c_ms,c_ms,blocked
6,0.50171137,1.0,s_ms,c_ma,c_ms,blocked
6,0.5862625,1.0,s_ms,c_ma,c_ma,blocked
6,0.58646286,1.0,s_ms,c_ma,c_ma,blocked
6,0.58075833,1.0,s_ms,c_ma,c_ms,blocked
6,0.58886313,1.0,s_ms,c_ma,c_ms,blocked
6,4.442711e-07,0.0,s_ma,c_ma,c_ma,blocked
6,2.045113e-05,0.0,s_ma,c_ma,c_ms,blocked
6,5.499722e-05,0.0,s_ma,c_ma,c_ms,blocked
6,3.2945507e-06,0.0,s_ma,c_ma,c_ma,blocked
6,0.48992825,0.0,s_ms,c_ms,c_ma,blocked
6,0.50103754,1.0,s_ms,c_ms,c_ms,blocked
6,0.5166769,1.0,s_ms,c_ms,c_ma,blocked
6,0.34958237,0.0,s_ms,c_ms,c_ms,blocked
6,0.49853086,0.0,s_ms,c_ms,c_ms,blocked
6,1.5702848e-05,0.0,s_ma,c_ms,c_ms,blocked
6,9.7058284e-05,0.0,s_ma,c_ms,c_ma,blocked
6,2.0045345e-06,0.0,s_ma,c_ms,c_ma,blocked
6,0.00020980838,0.0,s_ma,c_ms,c_ms,blocked
6,3.3411103e-05,0.0,s_ma,c_ms,c_ma,blocked
6,0.4542094,0.0,s_ms,c_ma,c_ma,blocked
6,0.46924728,0.0,s_ms,c_ma,c_ms,blocked
6,0.39234406,0.0,s_ms,c_ma,c_ms,blocked
6,0.48341906,0.0,s_ms,c_ma,c_ma,blocked
6,0.51147294,1.0,s_ms,c_ma,c_ma,blocked
6,6.6696375e-06,0.0,s_ma,c_ma,c_ms,blocked
6,2.2148262e-05,0.0,s_ma,c_ma,c_ma,blocked
6,5.7731446e-05,0.0,s_ma,c_ma,c_ms,blocked
6,2.3276975e-06,0.0,s_ma,c_ma,c_ms,blocked
6,0.48462105,0.0,s_ms,c_ms,c_ms,blocked
6,0.4544454,0.0,s_ms,c_ms,c_ma,blocked
6,0.5929216,1.0,s_ms,c_ms,c_ms,blocked
6,0.44698137,0.0,s_ms,c_ms,c_ma,blocked
6,0.65581644,1.0,s_ms,c_ms,c_ma,blocked
6,9.046335e-06,0.0,s_ma,c_ms,c_ma,blocked
6,1.4860506e-05,0.0,s_ma,c_ms,c_ms,blocked
6,1.460158e-06,0.0,s_ma,c_ms,c_ms,blocked
6,2.4058136e-06,0.0,s_ma,c_ms,c_ma,blocked
6,1.3426283e-05,0.0,s_ma,c_ms,c_ms,blocked
6,0.4707837,0.0,s_ms,c_ma,c_ms,blocked
6,0.4704256,0.0,s_ms,c_ma,c_ma,blocked
6,0.49289393,0.0,s_ms,c_ma,c_ma,blocked
6,0.34814352,0.0,s_ms,c_ma,c_ms,blocked
6,0.45485556,0.0,s_ms,c_ma,c_ms,blocked
6,5.940997e-07,0.0,s_ma,c_ma,c_ma,blocked
6,1.2919561e-05,0.0,s_ma,c_ma,c_ms,blocked
6,3.031329e-06,0.0,s_ma,c_ma,c_ma,blocked
6,2.1156923e-06,0.0,s_ma,c_ma,c_ms,blocked
6,2.116406e-05,0.0,s_ma,c_ma,c_ms,interleaved
6,2.3083452e-05,0.0,s_ma,c_ma,c_ma,interleaved
6,1.4039218e-05,0.0,s_ma,c_ma,c_ms,interleaved
6,5.8789894e-05,0.0,s_ma,c_ma,c_ms,interleaved
6,0.46699488,0.0,s_ms,c_ma,c_ms,interleaved
6,0.40302193,0.0,s_ms,c_ma,c_ma,interleaved
6,0.49698752,0.0,s_ms,c_ma,c_ma,interleaved
6,0.33255196,0.0,s_ms,c_ma,c_ms,interleaved
6,0.3722657,0.0,s_ms,c_ma,c_ma,interleaved
6,1.0266541e-05,0.0,s_ma,c_ms,c_ma,interleaved
6,3.0946599e-06,0.0,s_ma,c_ms,c_ms,interleaved
6,1.5950885e-06,0.0,s_ma,c_ms,c_ms,interleaved
6,1.1312331e-05,0.0,s_ma,c_ms,c_ma,interleaved
6,1.6404418e-05,0.0,s_ma,c_ms,c_ma,interleaved
6,0.38604265,0.0,s_ms,c_ms,c_ms,interleaved
6,0.25742194,0.0,s_ms,c_ms,c_ma,interleaved
6,0.24814299,0.0,s_ms,c_ms,c_ms,interleaved
6,0.33987534,0.0,s_ms,c_ms,c_ma,interleaved
6,0.3619274,0.0,s_ms,c_ms,c_ms,interleaved
6,2.0265403e-05,0.0,s_ma,c_ma,c_ms,interleaved
6,2.5940622e-05,0.0,s_ma,c_ma,c_ms,interleaved
6,2.5590944e-06,0.0,s_ma,c_ma,c_ma,interleaved
6,2.5065037e-06,0.0,s_ma,c_ma,c_ma,interleaved
6,0.42466617,0.0,s_ms,c_ma,c_ma,interleaved
6,0.3315959,0.0,s_ms,c_ma,c_ms,interleaved
6,0.40360922,0.0,s_ms,c_ma,c_ms,interleaved
6,0.43674043,0.0,s_ms,c_ma,c_ma,interleaved
6,0.40732282,0.0,s_ms,c_ma,c_ms,interleaved
6,2.2948868e-06,0.0,s_ma,c_ms,c_ms,interleaved
6,7.552716e-06,0.0,s_ma,c_ms,c_ma,interleaved
6,2.2338468e-06,0.0,s_ma,c_ms,c_ma,interleaved
6,5.415e-06,0.0,s_ma,c_ms,c_ms,interleaved
6,2.9634426e-05,0.0,s_ma,c_ms,c_ms,interleaved
6,0.4777338,0.0,s_ms,c_ms,c_ma,interleaved
6,0.3121224,0.0,s_ms,c_ms,c_ms,interleaved
6,0.19388223,0.0,s_ms,c_ms,c_ma,interleaved
6,0.29721978,0.0,s_ms,c_ms,c_ms,interleaved
6,0.4062797,0.0,s_ms,c_ms,c_ma,interleaved
6,2.1105705e-05,0.0,s_ma,c_ma,c_ma,interleaved
6,2.8217859e-05,0.0,s_ma,c_ma,c_ms,interleaved
6,4.4378598e-05,0.0,s_ma,c_ma,c_ms,interleaved
6,1.820296e-05,0.0,s_ma,c_ma,c_ms,interleaved
6,0.27957958,0.0,s_ms,c_ma,c_ms,interleaved
6,0.23121653,0.0,s_ms,c_ma,c_ma,interleaved
6,0.21733418,0.0,s_ms,c_ma,c_ma,interleaved
6,0.27012247,0.0,s_ms,c_ma,c_ms,interleaved
6,0.24642918,0.0,s_ms,c_ma,c_ma,interleaved
6,3.5772624e-05,0.0,s_ma,c_ms,c_ma,interleaved
6,5.0969073e-05,0.0,s_ma,c_ms,c_ms,interleaved
6,2.1485152e-05,0.0,s_ma,c_ms,c_ms,interleaved
6,8.381499e-05,0.0,s_ma,c_ms,c_ma,interleaved
6,0.00013527072,0.0,s_ma,c_ms,c_ma,interleaved
6,0.40295506,0.0,s_ms,c_ms,c_ms,interleaved
6,0.2519747,0.0,s_ms,c_ms,c_ma,interleaved
6,0.22883008,0.0,s_ms,c_ms,c_ms,interleaved
6,0.2961488,0.0,s_ms,c_ms,c_ma,interleaved
6,0.22071916,0.0,s_ms,c_ms,c_ms,interleaved
6,1.2524683e-05,0.0,s_ma,c_ma,c_ms,interleaved
6,2.3991774e-06,0.0,s_ma,c_ma,c_ma,interleaved
6,4.3317195e-05,0.0,s_ma,c_ma,c_ms,interleaved
6,7.770308e-06,0.0,s_ma,c_ma,c_ma,interleaved
6,0.28958327,0.0,s_ms,c_ma,c_ma,interleaved
6,0.33212775,0.0,s_ms,c_ma,c_ms,interleaved
6,0.31823802,0.0,s_ms,c_ma,c_ms,interleaved
6,0.41895851,0.0,s_ms,c_ma,c_ma,interleaved
6,0.4790904,0.0,s_ms,c_ma,c_ms,interleaved
6,8.398614e-05,0.0,s_ma,c_ms,c_ms,interleaved
6,2.2951738e-06,0.0,s_ma,c_ms,c_ma,interleaved
6,2.8674035e-06,0.0,s_ma,c_ms,c_ma,interleaved
6,8.333055e-06,0.0,s_ma,c_ms,c_ms,interleaved
6,4.9256755e-06,0.0,s_ma,c_ms,c_ms,interleaved
6,0.4345699,0.0,s_ms,c_ms,c_ma,interleaved
6,0.31884155,0.0,s_ms,c_ms,c_ms,interleaved
6,0.35422558,0.0,s_ms,c_ms,c_ma,interleaved
6,0.51574385,1.0,s_ms,c_ms,c_ms,interleaved
6,0.33960718,0.0,s_ms,c_ms,c_ma,interleaved
6,5.9686794e-05,0.0,s_ma,c_ma,c_ms,interleaved
6,2.6072044e-06,0.0,s_ma,c_ma,c_ma,interleaved
6,1.7166098e-05,0.0,s_ma,c_ma,c_ms,interleaved
6,7.634973e-06,0.0,s_ma,c_ma,c_ma,interleaved
6,0.342732,0.0,s_ms,c_ma,c_ma,interleaved
6,0.2455072,0.0,s_ms,c_ma,c_ms,interleaved
6,0.23833376,0.0,s_ms,c_ma,c_ms,interleaved
6,0.31720138,0.0,s_ms,c_ma,c_ma,interleaved
6,0.2596467,0.0,s_ms,c_ma,c_ms,interleaved
6,4.5406605e-06,0.0,s_ma,c_ms,c_ms,interleaved
6,2.5453926e-06,0.0,s_ma,c_ms,c_ma,interleaved
6,1.1146262e-06,0.0,s_ma,c_ms,c_ma,interleaved
6,5.0289113e-06,0.0,s_ma,c_ms,c_ms,interleaved
6,5.6370163e-06,0.0,s_ma,c_ms,c_ms,interleaved
6,0.35346413,0.0,s_ms,c_ms,c_ma,interleaved
6,0.16436343,0.0,s_ms,c_ms,c_ms,interleaved
6,0.18683623,0.0,s_ms,c_ms,c_ma,interleaved
6,0.27320206,0.0,s_ms,c_ms,c_ms,interleaved
6,0.19680092,0.0,s_ms,c_ms,c_ma,interleaved
6,0.3672365,0.0,s_ms,c_ma,c_ms,interleaved
6,0.39384753,0.0,s_ms,c_ma,c_ma,interleaved
6,0.5485491,1.0,s_ms,c_ma,c_ms,interleaved
6,0.56466675,1.0,s_ms,c_ma,c_ma,interleaved
6,0.49505728,0.0,s_ms,c_ma,c_ma,interleaved
6,1.5524431e-06,0.0,s_ma,c_ma,c_ms,interleaved
6,1.2669689e-05,0.0,s_ma,c_ma,c_ms,interleaved
6,6.097305e-06,0.0,s_ma,c_ma,c_ma,interleaved
6,2.5675661e-05,0.0,s_ma,c_ma,c_ms,interleaved
6,0.34091002,0.0,s_ms,c_ms,c_ms,interleaved
6,0.32053903,0.0,s_ms,c_ms,c_ma,interleaved
6,0.4633534,0.0,s_ms,c_ms,c_ma,interleaved
6,0.343171,0.0,s_ms,c_ms,c_ms,interleaved
6,0.32812697,0.0,s_ms,c_ms,c_ms,interleaved
6,3.0704614e-06,0.0,s_ma,c_ms,c_ma,interleaved
6,0.000119178236,0.0,s_ma,c_ms,c_ms,interleaved
6,1.5917953e-05,0.0,s_ma,c_ms,c_ma,interleaved
6,1.262659e-05,0.0,s_ma,c_ms,c_ms,interleaved
6,8.13393e-06,0.0,s_ma,c_ms,c_ma,interleaved
6,0.42848322,0.0,s_ms,c_ma,c_ma,interleaved
6,0.46699673,0.0,s_ms,c_ma,c_ms,interleaved
6,0.6057111,1.0,s_ms,c_ma,c_ma,interleaved
6,0.45708218,0.0,s_ms,c_ma,c_ms,interleaved
6,0.5794276,1.0,s_ms,c_ma,c_ms,interleaved
6,1.6803422e-06,0.0,s_ma,c_ma,c_ms,interleaved
6,9.463878e-05,0.0,s_ma,c_ma,c_ma,interleaved
6,5.476223e-06,0.0,s_ma,c_ma,c_ms,interleaved
6,8.525255e-05,0.0,s_ma,c_ma,c_ma,interleaved
6,0.39053553,0.0,s_ms,c_ms,c_ma,interleaved
6,0.3773749,0.0,s_ms,c_ms,c_ms,interleaved
6,0.48062497,0.0,s_ms,c_ms,c_ms,interleaved
6,0.37908974,0.0,s_ms,c_ms,c_ma,interleaved
6,0.41746473,0.0,s_ms,c_ms,c_ma,interleaved
6,7.971392e-06,0.0,s_ma,c_ms,c_ms,interleaved
6,0.00010215734,0.0,s_ma,c_ms,c_ma,interleaved
6,1.3463611e-05,0.0,s_ma,c_ms,c_ms,interleaved
6,9.4497744e-05,0.0,s_ma,c_ms,c_ma,interleaved
6,1.3132706e-05,0.0,s_ma,c_ms,c_ms,interleaved
6,0.3044523,0.0,s_ms,c_ma,c_ma,interleaved
6,0.41057158,0.0,s_ms,c_ma,c_ms,interleaved
6,0.6582365,1.0,s_ms,c_ma,c_ma,interleaved
6,0.4954763,0.0,s_ms,c_ma,c_ms,interleaved
6,0.57914615,1.0,s_ms,c_ma,c_ms,interleaved
6,1.1472459e-05,0.0,s_ma,c_ma,c_ms,interleaved
6,8.0460486e-05,0.0,s_ma,c_ma,c_ma,interleaved
6,3.5915884e-06,0.0,s_ma,c_ma,c_ms,interleaved
6,1.3425606e-05,0.0,s_ma,c_ma,c_ma,interleaved
6,0.3600263,0.0,s_ms,c_ms,c_ma,interleaved
6,0.32436875,0.0,s_ms,c_ms,c_ms,interleaved
6,0.37773693,0.0,s_ms,c_ms,c_ms,interleaved
6,0.2064714,0.0,s_ms,c_ms,c_ma,interleaved
6,0.44056815,0.0,s_ms,c_ms,c_ma,interleaved
6,1.496416e-06,0.0,s_ma,c_ms,c_ms,interleaved
6,2.4003855e-05,0.0,s_ma,c_ms,c_ma,interleaved
6,2.256104e-06,0.0,s_ma,c_ms,c_ms,interleaved
6,1.7524486e-06,0.0,s_ma,c_ms,c_ma,interleaved
6,1.6952985e-06,0.0,s_ma,c_ms,c_ms,interleaved
6,0.50659394,1.0,s_ms,c_ma,c_ms,interleaved
6,0.37017733,0.0,s_ms,c_ma,c_ma,interleaved
6,0.5529468,1.0,s_ms,c_ma,c_ms,interleaved
6,0.45258018,0.0,s_ms,c_ma,c_ma,interleaved
6,0.5242765,1.0,s_ms,c_ma,c_ma,interleaved
6,6.096555e-06,0.0,s_ma,c_ma,c_ma,interleaved
6,5.232531e-06,0.0,s_ma,c_ma,c_ms,interleaved
6,3.5321243e-06,0.0,s_ma,c_ma,c_ms,interleaved
6,9.526869e-05,0.0,s_ma,c_ma,c_ms,interleaved
6,0.34337407,0.0,s_ms,c_ms,c_ms,interleaved
6,0.31151205,0.0,s_ms,c_ms,c_ma,interleaved
6,0.4148439,0.0,s_ms,c_ms,c_ma,interleaved
6,0.2949632,0.0,s_ms,c_ms,c_ms,interleaved
6,0.4316529,0.0,s_ms,c_ms,c_ms,interleaved
6,9.854132e-07,0.0,s_ma,c_ms,c_ma,interleaved
6,7.0325856e-05,0.0,s_ma,c_ms,c_ms,interleaved
6,0.00035711864,0.0,s_ma,c_ms,c_ma,interleaved
6,0.00020530513,0.0,s_ma,c_ms,c_ms,interleaved
6,2.2863073e-06,0.0,s_ma,c_ms,c_ma,interleaved
6,0.43706274,0.0,s_ms,c_ma,c_ma,interleaved
6,0.44418043,0.0,s_ms,c_ma,c_ms,interleaved
6,0.6204854,1.0,s_ms,c_ma,c_ma,interleaved
6,0.36066583,0.0,s_ms,c_ma,c_ms,interleaved
6,0.5875989,1.0,s_ms,c_ma,c_ms,interleaved
6,2.7700211e-05,0.0,s_ma,c_ma,c_ms,interleaved
6,9.640128e-05,0.0,s_ma,c_ma,c_ma,interleaved
6,1.439783e-05,0.0,s_ma,c_ma,c_ma,interleaved
6,9.758847e-05,0.0,s_ma,c_ma,c_ms,interleaved
6,0.3000921,0.0,s_ms,c_ms,c_ma,interleaved
6,0.39496952,0.0,s_ms,c_ms,c_ms,interleaved
6,0.42886287,0.0,s_ms,c_ms,c_ms,interleaved
6,0.3920182,0.0,s_ms,c_ms,c_ma,interleaved
6,0.39721015,0.0,s_ms,c_ms,c_ma,interleaved
6,7.633902e-06,0.0,s_ma,c_ms,c_ms,interleaved
6,1.182803e-05,0.0,s_ma,c_ms,c_ma,interleaved
6,6.8773625e-05,0.0,s_ma,c_ms,c_ms,interleaved
6,3.51124e-05,0.0,s_ma,c_ms,c_ma,interleaved
6,1.2877806e-05,0.0,s_ma,c_ms,c_ms,interleaved
6,9.663567e-06,0.0,s_ma,c_ms,c_ma,interleaved
6,2.533772e-06,0.0,s_ma,c_ms,c_ms,interleaved
6,3.5956687e-05,0.0,s_ma,c_ms,c_ma,interleaved
6,9.0060734e-05,0.0,s_ma,c_ms,c_ms,interleaved
6,4.2177603e-06,0.0,s_ma,c_ms,c_ms,interleaved
6,0.4573689,0.0,s_ms,c_ms,c_ms,interleaved
6,0.4345454,0.0,s_ms,c_ms,c_ma,interleaved
6,0.43240148,0.0,s_ms,c_ms,c_ma,interleaved
6,0.50889385,1.0,s_ms,c_ms,c_ms,interleaved
6,0.536955,1.0,s_ms,c_ms,c_ma,interleaved
6,8.521285e-06,0.0,s_ma,c_ma,c_ms,interleaved
6,3.3616052e-06,0.0,s_ma,c_ma,c_ms,interleaved
6,3.1127467e-05,0.0,s_ma,c_ma,c_ma,interleaved
6,4.9463335e-05,0.0,s_ma,c_ma,c_ma,interleaved
6,0.4064166,0.0,s_ms,c_ma,c_ms,interleaved
6,0.3322677,0.0,s_ms,c_ma,c_ma,interleaved
6,0.40595388,0.0,s_ms,c_ma,c_ms,interleaved
6,0.40061116,0.0,s_ms,c_ma,c_ma,interleaved
6,0.40717757,0.0,s_ms,c_ma,c_ms,interleaved
6,2.9330258e-06,0.0,s_ma,c_ms,c_ms,interleaved
6,8.926715e-06,0.0,s_ma,c_ms,c_ma,interleaved
6,4.82455e-05,0.0,s_ma,c_ms,c_ms,interleaved
6,2.553174e-06,0.0,s_ma,c_ms,c_ma,interleaved
6,2.7105318e-06,0.0,s_ma,c_ms,c_ma,interleaved
6,0.5075835,1.0,s_ms,c_ms,c_ma,interleaved
6,0.4297072,0.0,s_ms,c_ms,c_ms,interleaved
6,0.46470845,0.0,s_ms,c_ms,c_ms,interleaved
6,0.53422904,1.0,s_ms,c_ms,c_ma,interleaved
6,0.46888986,0.0,s_ms,c_ms,c_ms,interleaved
6,8.859353e-06,0.0,s_ma,c_ma,c_ms,interleaved
6,0.00022284331,0.0,s_ma,c_ma,c_ma,interleaved
6,1.9644283e-05,0.0,s_ma,c_ma,c_ms,interleaved
6,0.00025776104,0.0,s_ma,c_ma,c_ms,interleaved
6,0.46274027,0.0,s_ms,c_ma,c_ma,interleaved
6,0.3468514,0.0,s_ms,c_ma,c_ms,interleaved
6,0.35528138,0.0,s_ms,c_ma,c_ma,interleaved
6,0.40383703,0.0,s_ms,c_ma,c_ms,interleaved
6,0.40315163,0.0,s_ms,c_ma,c_ma,interleaved
6,1.5118917e-06,0.0,s_ma,c_ms,c_ms,interleaved
6,2.4700678e-06,0.0,s_ma,c_ms,c_ma,interleaved
6,1.8508337e-05,0.0,s_ma,c_ms,c_ms,interleaved
6,3.0877895e-06,0.0,s_ma,c_ms,c_ma,interleaved
6,1.0831913e-06,0.0,s_ma,c_ms,c_ma,interleaved
6,0.3587883,0.0,s_ms,c_ms,c_ma,interleaved
6,0.34594202,0.0,s_ms,c_ms,c_ms,interleaved
6,0.39159817,0.0,s_ms,c_ms,c_ms,interleaved
6,0.40631747,0.0,s_ms,c_ms,c_ma,interleaved
6,0.42151612,0.0,s_ms,c_ms,c_ms,interleaved
6,3.0921428e-06,0.0,s_ma,c_ma,c_ms,interleaved
6,0.00022490164,0.0,s_ma,c_ma,c_ma,interleaved
6,1.4745558e-05,0.0,s_ma,c_ma,c_ms,interleaved
6,3.2721833e-05,0.0,s_ma,c_ma,c_ms,interleaved
6,0.4442904,0.0,s_ms,c_ma,c_ma,interleaved
6,0.328929,0.0,s_ms,c_ma,c_ms,interleaved
6,0.29047966,0.0,s_ms,c_ma,c_ma,interleaved
6,0.46274108,0.0,s_ms,c_ma,c_ms,interleaved
6,0.33742702,0.0,s_ms,c_ma,c_ma,interleaved
6,1.0583068e-05,0.0,s_ma,c_ms,c_ma,interleaved
6,5.526633e-06,0.0,s_ma,c_ms,c_ms,interleaved
6,7.225617e-05,0.0,s_ma,c_ms,c_ma,interleaved
6,8.671327e-06,0.0,s_ma,c_ms,c_ms,interleaved
6,4.328873e-06,0.0,s_ma,c_ms,c_ms,interleaved
6,0.51239276,1.0,s_ms,c_ms,c_ms,interleaved
6,0.41382456,0.0,s_ms,c_ms,c_ma,interleaved
6,0.5960149,1.0,s_ms,c_ms,c_ma,interleaved
6,0.5267223,1.0,s_ms,c_ms,c_ms,interleaved
6,0.44098237,0.0,s_ms,c_ms,c_ma,interleaved
6,3.4016248e-05,0.0,s_ma,c_ma,c_ma,interleaved
6,1.913616e-05,0.0,s_ma,c_ma,c_ms,interleaved
6,1.4550634e-05,0.0,s_ma,c_ma,c_ms,interleaved
6,1.5791236e-05,0.0,s_ma,c_ma,c_ma,interleaved
6,0.51932013,1.0,s_ms,c_ma,c_ms,interleaved
6,0.42443842,0.0,s_ms,c_ma,c_ma,interleaved
6,0.3321516,0.0,s_ms,c_ma,c_ms,interleaved
6,0.36428967,0.0,s_ms,c_ma,c_ma,interleaved
6,0.48800018,0.0,s_ms,c_ma,c_ms,interleaved
6,1.4856532e-05,0.0,s_ma,c_ms,c_ma,interleaved
6,3.2407916e-05,0.0,s_ma,c_ms,c_ms,interleaved
6,0.00013856396,0.0,s_ma,c_ms,c_ma,interleaved
6,5.2743003e-06,0.0,s_ma,c_ms,c_ms,interleaved
6,5.8185074e-06,0.0,s_ma,c_ms,c_ms,interleaved
6,0.48282498,0.0,s_ms,c_ms,c_ms,interleaved
6,0.36050174,0.0,s_ms,c_ms,c_ma,interleaved
6,0.35870418,0.0,s_ms,c_ms,c_ma,interleaved
6,0.37245953,0.0,s_ms,c_ms,c_ms,interleaved
6,0.40734142,0.0,s_ms,c_ms,c_ma,interleaved
6,4.5709974e-05,0.0,s_ma,c_ma,c_ma,interleaved
6,0.00024411798,0.0,s_ma,c_ma,c_ms,interleaved
6,3.3413846e-05,0.0,s_ma,c_ma,c_ms,interleaved
6,1.6113674e-05,0.0,s_ma,c_ma,c_ma,interleaved
6,0.4348148,0.0,s_ms,c_ma,c_ms,interleaved
6,0.36948144,0.0,s_ms,c_ma,c_ma,interleaved
6,0.32097363,0.0,s_ms,c_ma,c_ms,interleaved
6,0.3544379,0.0,s_ms,c_ma,c_ma,interleaved
6,0.40484476,0.0,s_ms,c_ma,c_ms,interleaved
6,0.4483733,0.0,s_ms,c_ms,c_ms,interleaved
6,0.39773566,0.0,s_ms,c_ms,c_ma,interleaved
6,0.41296303,0.0,s_ms,c_ms,c_ms,interleaved
6,0.38466892,0.0,s_ms,c_ms,c_ma,interleaved
6,0.47546744,0.0,s_ms,c_ms,c_ma,interleaved
6,2.9581042e-06,0.0,s_ma,c_ms,c_ma,interleaved
6,7.8599205e-06,0.0,s_ma,c_ms,c_ms,interleaved
6,1.4610594e-06,0.0,s_ma,c_ms,c_ms,interleaved
6,9.959505e-07,0.0,s_ma,c_ms,c_ma,interleaved
6,7.282467e-06,0.0,s_ma,c_ms,c_ms,interleaved
6,0.4427041,0.0,s_ms,c_ma,c_ms,interleaved
6,0.37532753,0.0,s_ms,c_ma,c_ma,interleaved
6,0.40649444,0.0,s_ms,c_ma,c_ma,interleaved
6,0.28739342,0.0,s_ms,c_ma,c_ms,interleaved
6,0.43002507,0.0,s_ms,c_ma,c_ms,interleaved
6,2.2896102e-05,0.0,s_ma,c_ma,c_ms,interleaved
6,3.2140775e-07,0.0,s_ma,c_ma,c_ma,interleaved
6,5.224747e-06,0.0,s_ma,c_ma,c_ms,interleaved
6,4.801401e-07,0.0,s_ma,c_ma,c_ma,interleaved
6,0.6136952,1.0,s_ms,c_ms,c_ma,interleaved
6,0.5173066,1.0,s_ms,c_ms,c_ms,interleaved
6,0.5807671,1.0,s_ms,c_ms,c_ma,interleaved
6,0.53059024,1.0,s_ms,c_ms,c_ms,interleaved
6,0.6853601,1.0,s_ms,c_ms,c_ms,interleaved
6,0.00013460388,0.0,s_ma,c_ms,c_ms,interleaved
6,0.0001208423,0.0,s_ma,c_ms,c_ma,interleaved
6,2.7360713e-05,0.0,s_ma,c_ms,c_ma,interleaved
6,7.748083e-05,0.0,s_ma,c_ms,c_ms,interleaved
6,1.1676128e-05,0.0,s_ma,c_ms,c_ma,interleaved
6,0.52219665,1.0,s_ms,c_ma,c_ma,interleaved
6,0.50987595,1.0,s_ms,c_ma,c_ms,interleaved
6,0.4895275,0.0,s_ms,c_ma,c_ms,interleaved
6,0.44350386,0.0,s_ms,c_ma,c_ma,interleaved
6,0.45050508,0.0,s_ms,c_ma,c_ma,interleaved
6,2.6668446e-05,0.0,s_ma,c_ma,c_ms,interleaved
6,1.9760002e-05,0.0,s_ma,c_ma,c_ms,interleaved
6,2.0414227e-05,0.0,s_ma,c_ma,c_ma,interleaved
6,1.21472085e-05,0.0,s_ma,c_ma,c_ms,interleaved
6,0.6151981,1.0,s_ms,c_ms,c_ms,interleaved
6,0.6551553,1.0,s_ms,c_ms,c_ma,interleaved
6,0.61763966,1.0,s_ms,c_ms,c_ms,interleaved
6,0.50861937,1.0,s_ms,c_ms,c_ma,interleaved
6,0.67462134,1.0,s_ms,c_ms,c_ma,interleaved
6,1.736205e-05,0.0,s_ma,c_ms,c_ma,interleaved
6,1.4636306e-05,0.0,s_ma,c_ms,c_ms,interleaved
6,2.384694e-06,0.0,s_ma,c_ms,c_ms,interleaved
6,0.00036088045,0.0,s_ma,c_ms,c_ma,interleaved
6,6.932298e-05,0.0,s_ma,c_ms,c_ms,interleaved
6,0.45393753,0.0,s_ms,c_ma,c_ms,interleaved
6,0.4979322,0.0,s_ms,c_ma,c_ma,interleaved
6,0.540833,1.0,s_ms,c_ma,c_ma,interleaved
6,0.50301754,1.0,s_ms,c_ma,c_ms,interleaved
6,0.53388524,1.0,s_ms,c_ma,c_ms,interleaved
6,3.8157063e-07,0.0,s_ma,c_ma,c_ma,interleaved
6,1.923638e-05,0.0,s_ma,c_ma,c_ms,interleaved
6,5.483417e-05,0.0,s_ma,c_ma,c_ms,interleaved
6,2.965795e-06,0.0,s_ma,c_ma,c_ma,interleaved
6,0.5103286,1.0,s_ms,c_ms,c_ma,interleaved
6,0.55117166,1.0,s_ms,c_ms,c_ms,interleaved
6,0.52081525,1.0,s_ms,c_ms,c_ma,interleaved
6,0.34681827,0.0,s_ms,c_ms,c_ms,interleaved
6,0.56798494,1.0,s_ms,c_ms,c_ms,interleaved
6,1.3950415e-05,0.0,s_ma,c_ms,c_ms,interleaved
6,9.994514e-05,0.0,s_ma,c_ms,c_ma,interleaved
6,2.0197472e-06,0.0,s_ma,c_ms,c_ma,interleaved
6,0.00020452605,0.0,s_ma,c_ms,c_ms,interleaved
6,3.28754e-05,0.0,s_ma,c_ms,c_ma,interleaved
6,0.4599677,0.0,s_ms,c_ma,c_ma,interleaved
6,0.44572058,0.0,s_ms,c_ma,c_ms,interleaved
6,0.396601,0.0,s_ms,c_ma,c_ms,interleaved
6,0.5077339,1.0,s_ms,c_ma,c_ma,interleaved
6,0.48569772,0.0,s_ms,c_ma,c_ma,interleaved
6,5.344401e-06,0.0,s_ma,c_ma,c_ms,interleaved
6,2.1418538e-05,0.0,s_ma,c_ma,c_ma,interleaved
6,5.7265654e-05,0.0,s_ma,c_ma,c_ms,interleaved
6,1.8690723e-06,0.0,s_ma,c_ma,c_ms,interleaved
6,0.48033085,0.0,s_ms,c_ms,c_ms,interleaved
6,0.4573977,0.0,s_ms,c_ms,c_ma,interleaved
6,0.6192674,1.0,s_ms,c_ms,c_ms,interleaved
6,0.46459216,0.0,s_ms,c_ms,c_ma,interleaved
6,0.678823,1.0,s_ms,c_ms,c_ma,interleaved
6,8.121573e-06,0.0,s_ma,c_ms,c_ma,interleaved
6,1.38099485e-05,0.0,s_ma,c_ms,c_ms,interleaved
6,1.6421383e-06,0.0,s_ma,c_ms,c_ms,interleaved
6,2.2271454e-06,0.0,s_ma,c_ms,c_ma,interleaved
6,1.1558053e-05,0.0,s_ma,c_ms,c_ms,interleaved
6,0.4385885,0.0,s_ms,c_ma,c_ms,interleaved
6,0.46547246,0.0,s_ms,c_ma,c_ma,interleaved
6,0.5183292,1.0,s_ms,c_ma,c_ma,interleaved
6,0.34253895,0.0,s_ms,c_ma,c_ms,interleaved
6,0.43958253,0.0,s_ms,c_ma,c_ms,interleaved
6,4.7352015e-07,0.0,s_ma,c_ma,c_ma,interleaved
6,1.1546276e-05,0.0,s_ma,c_ma,c_ms,interleaved
6,2.7641922e-06,0.0,s_ma,c_ma,c_ma,interleaved
6,1.7274741e-06,0.0,s_ma,c_ma,c_ms,interleaved
6,2.0832867e-05,0.0,s_ma,c_ma,c_ms,random
6,2.2944385e-05,0.0,s_ma,c_ma,c_ma,random
6,1.4039867e-05,0.0,s_ma,c_ma,c_ms,random
6,5.6928133e-05,0.0,s_ma,c_ma,c_ms,random
6,0.46641156,0.0,s_ms,c_ma,c_ms,random
6,0.40266266,0.0,s_ms,c_ma,c_ma,random
6,0.50179714,1.0,s_ms,c_ma,c_ma,random
6,0.33481526,0.0,s_ms,c_ma,c_ms,random
6,0.374125,0.0,s_ms,c_ma,c_ma,random
6,9.993279e-06,0.0,s_ma,c_ms,c_ma,random
6,3.0439478e-06,0.0,s_ma,c_ms,c_ms,random
6,1.5584696e-06,0.0,s_ma,c_ms,c_ms,random
6,1.1093296e-05,0.0,s_ma,c_ms,c_ma,random
6,1.6099184e-05,0.0,s_ma,c_ms,c_ma,random
6,0.38675302,0.0,s_ms,c_ms,c_ms,random
6,0.25700504,0.0,s_ms,c_ms,c_ma,random
6,0.24787521,0.0,s_ms,c_ms,c_ms,random
6,0.34096983,0.0,s_ms,c_ms,c_ma,random
6,0.3630966,0.0,s_ms,c_ms,c_ms,random
6,1.9859646e-05,0.0,s_ma,c_ma,c_ms,random
6,2.5689083e-05,0.0,s_ma,c_ma,c_ms,random
6,2.566834e-06,0.0,s_ma,c_ma,c_ma,random
6,2.3804894e-06,0.0,s_ma,c_ma,c_ma,random
6,0.4243052,0.0,s_ms,c_ma,c_ma,random
6,0.33167285,0.0,s_ms,c_ma,c_ms,random
6,0.40610394,0.0,s_ms,c_ma,c_ms,random
6,0.44053024,0.0,s_ms,c_ma,c_ma,random
6,0.40767804,0.0,s_ms,c_ma,c_ms,random
6,2.2133736e-06,0.0,s_ma,c_ms,c_ms,random
6,7.2984003e-06,0.0,s_ma,c_ms,c_ma,random
6,2.2014851e-06,0.0,s_ma,c_ms,c_ma,random
6,5.287699e-06,0.0,s_ma,c_ms,c_ms,random
6,2.9302106e-05,0.0,s_ma,c_ms,c_ms,random
6,0.47876552,0.0,s_ms,c_ms,c_ma,random
6,0.31285655,0.0,s_ms,c_ms,c_ms,random
6,0.19440918,0.0,s_ms,c_ms,c_ma,random
6,0.29715046,0.0,s_ms,c_ms,c_ms,random
6,0.40610278,0.0,s_ms,c_ms,c_ma,random
6,2.1026795e-05,0.0,s_ma,c_ma,c_ma,random
6,2.8063525e-05,0.0,s_ma,c_ma,c_ms,random
6,4.4106488e-05,0.0,s_ma,c_ma,c_ms,random
6,1.8113946e-05,0.0,s_ma,c_ma,c_ms,random
6,0.27956834,0.0,s_ms,c_ma,c_ms,random
6,0.23110232,0.0,s_ms,c_ma,c_ma,random
6,0.21803787,0.0,s_ms,c_ma,c_ma,random
6,0.27061468,0.0,s_ms,c_ma,c_ms,random
6,0.24691126,0.0,s_ms,c_ma,c_ma,random
6,3.572415e-05,0.0,s_ma,c_ms,c_ma,random
6,5.1041472e-05,0.0,s_ma,c_ms,c_ms,random
6,2.124546e-05,0.0,s_ma,c_ms,c_ms,random
6,8.3423256e-05,0.0,s_ma,c_ms,c_ma,random
6,0.0001342129,0.0,s_ma,c_ms,c_ma,random
6,0.40310705,0.0,s_ms,c_ms,c_ms,random
6,0.25265533,0.0,s_ms,c_ms,c_ma,random
6,0.22923997,0.0,s_ms,c_ms,c_ms,random
6,0.2978302,0.0,s_ms,c_ms,c_ma,random
6,0.22208135,0.0,s_ms,c_ms,c_ms,random
6,1.2459165e-05,0.0,s_ma,c_ma,c_ms,random
6,2.4069836e-06,0.0,s_ma,c_ma,c_ma,random
6,4.295991e-05,0.0,s_ma,c_ma,c_ms,random
6,7.5845333e-06,0.0,s_ma,c_ma,c_ma,random
6,0.28921714,0.0,s_ms,c_ma,c_ma,random
6,0.33169758,0.0,s_ms,c_ma,c_ms,random
6,0.3191175,0.0,s_ms,c_ma,c_ms,random
6,0.41969794,0.0,s_ms,c_ma,c_ma,random
6,0.47943074,0.0,s_ms,c_ma,c_ms,random
6,8.468295e-05,0.0,s_ma,c_ms,c_ms,random
6,2.3004022e-06,0.0,s_ma,c_ms,c_ma,random
6,2.7874096e-06,0.0,s_ma,c_ms,c_ma,random
6,8.354506e-06,0.0,s_ma,c_ms,c_ms,random
6,4.888852e-06,0.0,s_ma,c_ms,c_ms,random
6,0.43673116,0.0,s_ms,c_ms,c_ma,random
6,0.31996328,0.0,s_ms,c_ms,c_ms,random
6,0.3547395,0.0,s_ms,c_ms,c_ma,random
6,0.5167856,1.0,s_ms,c_ms,c_ms,random
6,0.34039938,0.0,s_ms,c_ms,c_ma,random
6,5.7506157e-05,0.0,s_ma,c_ma,c_ms,random
6,2.475979e-06,0.0,s_ma,c_ma,c_ma,random
6,1.7070348e-05,0.0,s_ma,c_ma,c_ms,random
6,7.505796e-06,0.0,s_ma,c_ma,c_ma,random
6,0.34270424,0.0,s_ms,c_ma,c_ma,random
6,0.24591687,0.0,s_ms,c_ma,c_ms,random
6,0.23959781,0.0,s_ms,c_ma,c_ms,random
6,0.3203407,0.0,s_ms,c_ma,c_ma,random
6,0.26091138,0.0,s_ms,c_ma,c_ms,random
6,4.48709e-06,0.0,s_ma,c_ms,c_ms,random
6,2.4484123e-06,0.0,s_ma,c_ms,c_ma,random
6,1.0894735e-06,0.0,s_ma,c_ms,c_ma,random
6,4.8620805e-06,0.0,s_ma,c_ms,c_ms,random
6,5.498857e-06,0.0,s_ma,c_ms,c_ms,random
6,0.35512924,0.0,s_ms,c_ms,c_ma,random
6,0.1651313,0.0,s_ms,c_ms,c_ms,random
6,0.18708529,0.0,s_ms,c_ms,c_ma,random
6,0.2736966,0.0,s_ms,c_ms,c_ms,random
6,0.19690299,0.0,s_ms,c_ms,c_ma,random
6,0.36725336,0.0,s_ms,c_ma,c_ms,random
6,0.393937,0.0,s_ms,c_ma,c_ma,random
6,0.54871565,1.0,s_ms,c_ma,c_ms,random
6,0.56516886,1.0,s_ms,c_ma,c_ma,random
6,0.4946446,0.0,s_ms,c_ma,c_ma,random
6,1.5468814e-06,0.0,s_ma,c_ma,c_ms,random
6,1.2550535e-05,0.0,s_ma,c_ma,c_ms,random
6,6.0374578e-06,0.0,s_ma,c_ma,c_ma,random
6,2.4721396e-05,0.0,s_ma,c_ma,c_ms,random
6,0.33686453,0.0,s_ms,c_ms,c_ms,random
6,0.319233,0.0,s_ms,c_ms,c_ma,random
6,0.46188414,0.0,s_ms,c_ms,c_ma,random
6,0.34158158,0.0,s_ms,c_ms,c_ms,random
6,0.3254577,0.0,s_ms,c_ms,c_ms,random
6,3.0085369e-06,0.0,s_ma,c_ms,c_ma,random
6,0.00011818833,0.0,s_ma,c_ms,c_ms,random
6,1.5611484e-05,0.0,s_ma,c_ms,c_ma,random
6,1.2323074e-05,0.0,s_ma,c_ms,c_ms,random
6,8.001118e-06,0.0,s_ma,c_ms,c_ma,random
6,0.42848104,0.0,s_ms,c_ma,c_ma,random
6,0.46743014,0.0,s_ms,c_ma,c_ms,random
6,0.6058966,1.0,s_ms,c_ma,c_ma,random
6,0.4580015,0.0,s_ms,c_ma,c_ms,random
6,0.5785866,1.0,s_ms,c_ma,c_ms,random
6,1.6163316e-06,0.0,s_ma,c_ma,c_ms,random
6,9.1886446e-05,0.0,s_ma,c_ma,c_ma,random
6,5.3556823e-06,0.0,s_ma,c_ma,c_ms,random
6,8.4951265e-05,0.0,s_ma,c_ma,c_ma,random
6,0.3882221,0.0,s_ms,c_ms,c_ma,random
6,0.37513983,0.0,s_ms,c_ms,c_ms,random
6,0.47868103,0.0,s_ms,c_ms,c_ms,random
6,0.37600794,0.0,s_ms,c_ms,c_ma,random
6,0.41506052,0.0,s_ms,c_ms,c_ma,random
6,7.850093e-06,0.0,s_ma,c_ms,c_ms,random
6,0.000102076374,0.0,s_ma,c_ms,c_ma,random
6,1.3401895e-05,0.0,s_ma,c_ms,c_ms,random
6,9.38423e-05,0.0,s_ma,c_ms,c_ma,random
6,1.2825307e-05,0.0,s_ma,c_ms,c_ms,random
6,0.30029985,0.0,s_ms,c_ma,c_ma,random
6,0.40844458,0.0,s_ms,c_ma,c_ms,random
6,0.6579796,1.0,s_ms,c_ma,c_ma,random
6,0.49421248,0.0,s_ms,c_ma,c_ms,random
6,0.57744145,1.0,s_ms,c_ma,c_ms,random
6,1.1353304e-05,0.0,s_ma,c_ma,c_ms,random
6,7.788707e-05,0.0,s_ma,c_ma,c_ma,random
6,3.531884e-06,0.0,s_ma,c_ma,c_ms,random
6,1.3187512e-05,0.0,s_ma,c_ma,c_ma,random
6,0.35813653,0.0,s_ms,c_ms,c_ma,random
6,0.32137156,0.0,s_ms,c_ms,c_ms,random
6,0.37201968,0.0,s_ms,c_ms,c_ms,random
6,0.20326096,0.0,s_ms,c_ms,c_ma,random
6,0.43665293,0.0,s_ms,c_ms,c_ma,random
6,1.4944249e-06,0.0,s_ma,c_ms,c_ms,random
6,2.357e-05,0.0,s_ma,c_ms,c_ma,random
6,2.195226e-06,0.0,s_ma,c_ms,c_ms,random
6,1.6924608e-06,0.0,s_ma,c_ms,c_ma,random
6,1.6354435e-06,0.0,s_ma,c_ms,c_ms,random
6,0.5034342,1.0,s_ms,c_ma,c_ms,random
6,0.36695594,0.0,s_ms,c_ma,c_ma,random
6,0.5523249,1.0,s_ms,c_ma,c_ms,random
6,0.4519438,0.0,s_ms,c_ma,c_ma,random
6,0.52085924,1.0,s_ms,c_ma,c_ma,random
6,5.9771173e-06,0.0,s_ma,c_ma,c_ma,random
6,5.0522326e-06,0.0,s_ma,c_ma,c_ms,random
6,3.472407e-06,0.0,s_ma,c_ma,c_ms,random
6,9.415199e-05,0.0,s_ma,c_ma,c_ms,random
6,0.34154207,0.0,s_ms,c_ms,c_ms,random
6,0.31053436,0.0,s_ms,c_ms,c_ma,random
6,0.41196054,0.0,s_ms,c_ms,c_ma,random
6,0.293742,0.0,s_ms,c_ms,c_ms,random
6,0.42926168,0.0,s_ms,c_ms,c_ms,random
6,9.813742e-07,0.0,s_ma,c_ms,c_ma,random
6,6.915264e-05,0.0,s_ma,c_ms,c_ms,random
6,0.00035307245,0.0,s_ma,c_ms,c_ma,random
6,0.00020308704,0.0,s_ma,c_ms,c_ms,random
6,2.2264924e-06,0.0,s_ma,c_ms,c_ma,random
6,0.43549323,0.0,s_ms,c_ma,c_ma,random
6,0.4435794,0.0,s_ms,c_ma,c_ms,random
6,0.62053114,1.0,s_ms,c_ma,c_ma,random
6,0.36031255,0.0,s_ms,c_ma,c_ms,random
6,0.5872475,1.0,s_ms,c_ma,c_ms,random
6,2.6746051e-05,0.0,s_ma,c_ma,c_ms,random
6,9.598174e-05,0.0,s_ma,c_ma,c_ma,random
6,1.4159856e-05,0.0,s_ma,c_ma,c_ma,random
6,9.6594194e-05,0.0,s_ma,c_ma,c_ms,random
6,0.2991109,0.0,s_ms,c_ms,c_ma,random
6,0.3941587,0.0,s_ms,c_ms,c_ms,random
6,0.42832136,0.0,s_ms,c_ms,c_ms,random
6,0.39200908,0.0,s_ms,c_ms,c_ma,random
6,0.3951161,0.0,s_ms,c_ms,c_ma,random
6,7.3950882e-06,0.0,s_ma,c_ms,c_ms,random
6,1.1258624e-05,0.0,s_ma,c_ms,c_ma,random
6,6.824416e-05,0.0,s_ma,c_ms,c_ms,random
6,3.487349e-05,0.0,s_ma,c_ms,c_ma,random
6,1.263791e-05,0.0,s_ma,c_ms,c_ms,random
6,9.34349e-06,0.0,s_ma,c_ms,c_ma,random
6,2.4559909e-06,0.0,s_ma,c_ms,c_ms,random
6,3.5876787e-05,0.0,s_ma,c_ms,c_ma,random
6,9.073729e-05,0.0,s_ma,c_ms,c_ms,random
6,4.1666217e-06,0.0,s_ma,c_ms,c_ms,random
6,0.4618448,0.0,s_ms,c_ms,c_ms,random
6,0.436216,0.0,s_ms,c_ms,c_ma,random
6,0.43438792,0.0,s_ms,c_ms,c_ma,random
6,0.5107204,1.0,s_ms,c_ms,c_ms,random
6,0.53842527,1.0,s_ms,c_ms,c_ma,random
6,8.237705e-06,0.0,s_ma,c_ma,c_ms,random
6,3.3020033e-06,0.0,s_ma,c_ma,c_ms,random
6,3.0223076e-05,0.0,s_ma,c_ma,c_ma,random
6,4.8683683e-05,0.0,s_ma,c_ma,c_ma,random
6,0.40768868,0.0,s_ms,c_ma,c_ms,random
6,0.3335344,0.0,s_ms,c_ma,c_ma,random
6,0.4078753,0.0,s_ms,c_ma,c_ms,random
6,0.40093577,0.0,s_ms,c_ma,c_ma,random
6,0.40973657,0.0,s_ms,c_ma,c_ms,random
6,2.880341e-06,0.0,s_ma,c_ms,c_ms,random
6,8.62434e-06,0.0,s_ma,c_ms,c_ma,random
6,4.8385104e-05,0.0,s_ma,c_ms,c_ms,random
6,2.557876e-06,0.0,s_ma,c_ms,c_ma,random
6,2.6061844e-06,0.0,s_ma,c_ms,c_ma,random
6,0.50928307,1.0,s_ms,c_ms,c_ma,random
6,0.43189704,0.0,s_ms,c_ms,c_ms,random
6,0.46789894,0.0,s_ms,c_ms,c_ms,random
6,0.53568935,1.0,s_ms,c_ms,c_ma,random
6,0.46997365,0.0,s_ms,c_ms,c_ms,random
6,8.534687e-06,0.0,s_ma,c_ma,c_ms,random
6,0.00021758507,0.0,s_ma,c_ma,c_ma,random
6,1.8888633e-05,0.0,s_ma,c_ma,c_ms,random
6,0.0002560987,0.0,s_ma,c_ma,c_ms,random
6,0.4633038,0.0,s_ms,c_ma,c_ma,random
6,0.3475864,0.0,s_ms,c_ma,c_ms,random
6,0.3564629,0.0,s_ms,c_ma,c_ma,random
6,0.4035818,0.0,s_ms,c_ma,c_ms,random
6,0.403679,0.0,s_ms,c_ma,c_ma,random
6,1.472901e-06,0.0,s_ma,c_ms,c_ms,random
6,2.4320643e-06,0.0,s_ma,c_ms,c_ma,random
6,1.8336666e-05,0.0,s_ma,c_ms,c_ms,random
6,3.062758e-06,0.0,s_ma,c_ms,c_ma,random
6,1.0600637e-06,0.0,s_ma,c_ms,c_ma,random
6,0.36018932,0.0,s_ms,c_ms,c_ma,random
6,0.34725952,0.0,s_ms,c_ms,c_ms,random
6,0.398322,0.0,s_ms,c_ms,c_ms,random
6,0.4095739,0.0,s_ms,c_ms,c_ma,random
6,0.422643,0.0,s_ms,c_ms,c_ms,random
6,3.03127e-06,0.0,s_ma,c_ma,c_ms,random
6,0.00021946942,0.0,s_ma,c_ma,c_ma,random
6,1.4347717e-05,0.0,s_ma,c_ma,c_ms,random
6,3.2394724e-05,0.0,s_ma,c_ma,c_ms,random
6,0.44505748,0.0,s_ms,c_ma,c_ma,random
6,0.33080602,0.0,s_ms,c_ma,c_ms,random
6,0.2927133,0.0,s_ms,c_ma,c_ma,random
6,0.4637807,0.0,s_ms,c_ma,c_ms,random
6,0.3385367,0.0,s_ms,c_ma,c_ma,random
6,1.0428877e-05,0.0,s_ma,c_ms,c_ma,random
6,5.402288e-06,0.0,s_ma,c_ms,c_ms,random
6,7.178241e-05,0.0,s_ma,c_ms,c_ma,random
6,8.687824e-06,0.0,s_ma,c_ms,c_ms,random
6,4.2384927e-06,0.0,s_ma,c_ms,c_ms,random
6,0.5145259,1.0,s_ms,c_ms,c_ms,random
6,0.41754103,0.0,s_ms,c_ms,c_ma,random
6,0.60069776,1.0,s_ms,c_ms,c_ma,random
6,0.5286547,1.0,s_ms,c_ms,c_ms,random
6,0.44121778,0.0,s_ms,c_ms,c_ma,random
6,3.2943855e-05,0.0,s_ma,c_ma,c_ma,random
6,1.8459712e-05,0.0,s_ma,c_ma,c_ms,random
6,1.4164807e-05,0.0,s_ma,c_ma,c_ms,random
6,1.5285146e-05,0.0,s_ma,c_ma,c_ma,random
6,0.5174593,1.0,s_ms,c_ma,c_ms,random
6,0.42461288,0.0,s_ms,c_ma,c_ma,random
6,0.33393842,0.0,s_ms,c_ma,c_ms,random
6,0.36539263,0.0,s_ms,c_ma,c_ma,random
6,0.48730814,0.0,s_ms,c_ma,c_ms,random
6,1.4600208e-05,0.0,s_ma,c_ms,c_ma,random
6,3.2104792e-05,0.0,s_ma,c_ms,c_ms,random
6,0.00013745802,0.0,s_ma,c_ms,c_ma,random
6,5.3001854e-06,0.0,s_ma,c_ms,c_ms,random
6,5.700953e-06,0.0,s_ma,c_ms,c_ms,random
6,0.48515302,0.0,s_ms,c_ms,c_ms,random
6,0.36229056,0.0,s_ms,c_ms,c_ma,random
6,0.361825,0.0,s_ms,c_ms,c_ma,random
6,0.37550437,0.0,s_ms,c_ms,c_ms,random
6,0.40994346,0.0,s_ms,c_ms,c_ma,random
6,4.4972636e-05,0.0,s_ma,c_ma,c_ma,random
6,0.00024246586,0.0,s_ma,c_ma,c_ms,random
6,3.3046752e-05,0.0,s_ma,c_ma,c_ms,random
6,1.5590525e-05,0.0,s_ma,c_ma,c_ma,random
6,0.4347397,0.0,s_ms,c_ma,c_ms,random
6,0.37158203,0.0,s_ms,c_ma,c_ma,random
6,0.3217382,0.0,s_ms,c_ma,c_ms,random
6,0.35564485,0.0,s_ms,c_ma,c_ma,random
6,0.40588558,0.0,s_ms,c_ma,c_ms,random
6,0.44701743,0.0,s_ms,c_ms,c_ms,random
6,0.39691174,0.0,s_ms,c_ms,c_ma,random
6,0.41257444,0.0,s_ms,c_ms,c_ms,random
6,0.3822221,0.0,s_ms,c_ms,c_ma,random
6,0.47382146,0.0,s_ms,c_ms,c_ma,random
6,2.836532e-06,0.0,s_ma,c_ms,c_ma,random
6,7.738094e-06,0.0,s_ma,c_ms,c_ms,random
6,1.4588104e-06,0.0,s_ma,c_ms,c_ms,random
6,9.321411e-07,0.0,s_ma,c_ms,c_ma,random
6,6.9838366e-06,0.0,s_ma,c_ms,c_ms,random
6,0.43987143,0.0,s_ms,c_ma,c_ms,random
6,0.37470573,0.0,s_ms,c_ma,c_ma,random
6,0.40564424,0.0,s_ms,c_ma,c_ma,random
6,0.28822243,0.0,s_ms,c_ma,c_ms,random
6,0.42948282,0.0,s_ms,c_ma,c_ms,random
6,2.2376858e-05,0.0,s_ma,c_ma,c_ms,random
6,3.2092984e-07,0.0,s_ma,c_ma,c_ma,random
6,5.0254853e-06,0.0,s_ma,c_ma,c_ms,random
6,4.7505063e-07,0.0,s_ma,c_ma,c_ma,random
6,0.6136514,1.0,s_ms,c_ms,c_ma,random
6,0.5167716,1.0,s_ms,c_ms,c_ms,random
6,0.57965326,1.0,s_ms,c_ms,c_ma,random
6,0.52956724,1.0,s_ms,c_ms,c_ms,random
6,0.68364733,1.0,s_ms,c_ms,c_ms,random
6,0.00013353297,0.0,s_ma,c_ms,c_ms,random
6,0.00012073801,0.0,s_ma,c_ms,c_ma,random
6,2.6863554e-05,0.0,s_ma,c_ms,c_ma,random
6,7.6360026e-05,0.0,s_ma,c_ms,c_ms,random
6,1.1090382e-05,0.0,s_ma,c_ms,c_ma,random
6,0.5202896,1.0,s_ms,c_ma,c_ma,random
6,0.5085122,1.0,s_ms,c_ma,c_ms,random
6,0.48724696,0.0,s_ms,c_ma,c_ms,random
6,0.4433146,0.0,s_ms,c_ma,c_ma,random
6,0.4474883,0.0,s_ms,c_ma,c_ma,random
6,2.6186195e-05,0.0,s_ma,c_ma,c_ms,random
6,1.9314162e-05,0.0,s_ma,c_ma,c_ms,random
6,1.9748184e-05,0.0,s_ma,c_ma,c_ma,random
6,1.1585683e-05,0.0,s_ma,c_ma,c_ms,random
6,0.6153172,1.0,s_ms,c_ms,c_ms,random
6,0.65470076,1.0,s_ms,c_ms,c_ma,random
6,0.6171894,1.0,s_ms,c_ms,c_ms,random
6,0.5080352,1.0,s_ms,c_ms,c_ma,random
6,0.6738609,1.0,s_ms,c_ms,c_ma,random
6,1.7114698e-05,0.0,s_ma,c_ms,c_ma,random
6,1.4574006e-05,0.0,s_ma,c_ms,c_ms,random
6,2.323521e-06,0.0,s_ma,c_ms,c_ms,random
6,0.00035700807,0.0,s_ma,c_ms,c_ma,random
6,6.879376e-05,0.0,s_ma,c_ms,c_ms,random
6,0.4517095,0.0,s_ms,c_ma,c_ms,random
6,0.49617246,0.0,s_ms,c_ma,c_ma,random
6,0.5376893,1.0,s_ms,c_ma,c_ma,random
6,0.50049573,1.0,s_ms,c_ma,c_ms,random
6,0.5325521,1.0,s_ms,c_ma,c_ms,random
6,3.8108513e-07,0.0,s_ma,c_ma,c_ma,random
6,1.8743815e-05,0.0,s_ma,c_ma,c_ms,random
6,5.4064127e-05,0.0,s_ma,c_ma,c_ms,random
6,2.903218e-06,0.0,s_ma,c_ma,c_ma,random
6,0.5089193,1.0,s_ms,c_ms,c_ma,random
6,0.55131817,1.0,s_ms,c_ms,c_ms,random
6,0.51909196,1.0,s_ms,c_ms,c_ma,random
6,0.3460062,0.0,s_ms,c_ms,c_ms,random
6,0.56773406,1.0,s_ms,c_ms,c_ms,random
6,1.3646939e-05,0.0,s_ma,c_ms,c_ms,random
6,9.923304e-05,0.0,s_ma,c_ms,c_ma,random
6,1.9596328e-06,0.0,s_ma,c_ms,c_ma,random
6,0.0002024302,0.0,s_ma,c_ms,c_ms,random
6,3.2695807e-05,0.0,s_ma,c_ms,c_ma,random
6,0.4593343,0.0,s_ms,c_ma,c_ma,random
6,0.4457801,0.0,s_ms,c_ma,c_ms,random
6,0.3957651,0.0,s_ms,c_ma,c_ms,random
6,0.5062779,1.0,s_ms,c_ma,c_ma,random
6,0.48418897,0.0,s_ms,c_ma,c_ma,random
6,5.148613e-06,0.0,s_ma,c_ma,c_ms,random
6,2.0701762e-05,0.0,s_ma,c_ma,c_ma,random
6,5.6523415e-05,0.0,s_ma,c_ma,c_ms,random
6,1.8016401e-06,0.0,s_ma,c_ma,c_ms,random
6,0.47828537,0.0,s_ms,c_ms,c_ms,random
6,0.4575532,0.0,s_ms,c_ms,c_ma,random
6,0.6172766,1.0,s_ms,c_ms,c_ms,random
6,0.4638815,0.0,s_ms,c_ms,c_ma,random
6,0.6785655,1.0,s_ms,c_ms,c_ma,random
6,7.988476e-06,0.0,s_ma,c_ms,c_ma,random
6,1.3498409e-05,0.0,s_ma,c_ms,c_ms,random
6,1.6418664e-06,0.0,s_ma,c_ms,c_ms,random
6,2.2269528e-06,0.0,s_ma,c_ms,c_ma,random
6,1.1317776e-05,0.0,s_ma,c_ms,c_ms,random
6,0.43560916,0.0,s_ms,c_ma,c_ms,random
6,0.46462268,0.0,s_ms,c_ma,c_ma,random
6,0.51681167,1.0,s_ms,c_ma,c_ma,random
6,0.34212756,0.0,s_ms,c_ma,c_ms,random
6,0.4377506,0.0,s_ms,c_ma,c_ms,random
6,4.6871185e-07,0.0,s_ma,c_ma,c_ma,random
6,1.094096e-05,0.0,s_ma,c_ma,c_ms,random
6,2.6421094e-06,0.0,s_ma,c_ma,c_ma,random
6,1.660139e-06,0.0,s_ma,c_ma,c_ms,random
7,1.8014365e-06,0.0,s_ma,c_ma,c_ms,blocked
7,1.14274735e-05,0.0,s_ma,c_ma,c_ma,blocked
7,2.9077428e-05,0.0,s_ma,c_ma,c_ms,blocked
7,8.025255e-05,0.0,s_ma,c_ma,c_ms,blocked
7,0.28138363,0.0,s_ms,c_ma,c_ms,blocked
7,0.50877833,1.0,s_ms,c_ma,c_ma,blocked
7,0.31224555,0.0,s_ms,c_ma,c_ma,blocked
7,0.29768234,0.0,s_ms,c_ma,c_ms,blocked
7,0.25810573,0.0,s_ms,c_ma,c_ma,blocked
7,6.8529157e-06,0.0,s_ma,c_ms,c_ma,blocked
7,4.2563483e-06,0.0,s_ma,c_ms,c_ms,blocked
7,6.212422e-05,0.0,s_ma,c_ms,c_ms,blocked
7,1.1246693e-06,0.0,s_ma,c_ms,c_ma,blocked
7,6.3464818e-06,0.0,s_ma,c_ms,c_ma,blocked
7,0.25642335,0.0,s_ms,c_ms,c_ms,blocked
7,0.24400663,0.0,s_ms,c_ms,c_ma,blocked
7,0.18482672,0.0,s_ms,c_ms,c_ms,blocked
7,0.17852971,0.0,s_ms,c_ms,c_ma,blocked
7,0.33251202,0.0,s_ms,c_ms,c_ms,blocked
7,1.8573344e-06,0.0,s_ma,c_ma,c_ms,blocked
7,5.161714e-06,0.0,s_ma,c_ma,c_ms,blocked
7,7.2874245e-06,0.0,s_ma,c_ma,c_ma,blocked
7,0.00011607304,0.0,s_ma,c_ma,c_ma,blocked
7,0.42282826,0.0,s_ms,c_ma,c_ma,blocked
7,0.54064095,1.0,s_ms,c_ma,c_ms,blocked
7,0.2903254,0.0,s_ms,c_ma,c_ms,blocked
7,0.2848916,0.0,s_ms,c_ma,c_ma,blocked
7,0.2403209,0.0,s_ms,c_ma,c_ms,blocked
7,4.797463e-06,0.0,s_ma,c_ms,c_ms,blocked
7,5.8802225e-06,0.0,s_ma,c_ms,c_ma,blocked
7,1.8212326e-05,0.0,s_ma,c_ms,c_ma,blocked
7,2.2044294e-06,0.0,s_ma,c_ms,c_ms,blocked
7,1.2339169e-05,0.0,s_ma,c_ms,c_ms,blocked
7,0.24262542,0.0,s_ms,c_ms,c_ma,blocked
7,0.3418367,0.0,s_ms,c_ms,c_ms,blocked
7,0.19170198,0.0,s_ms,c_ms,c_ma,blocked
7,0.26174808,0.0,s_ms,c_ms,c_ms,blocked
7,0.34034052,0.0,s_ms,c_ms,c_ma,blocked
7,1.22413e-05,0.0,s_ma,c_ma,c_ma,blocked
7,5.9109534e-06,0.0,s_ma,c_ma,c_ms,blocked
7,8.4923704e-05,0.0,s_ma,c_ma,c_ms,blocked
7,5.8361504e-05,0.0,s_ma,c_ma,c_ms,blocked
7,0.33301052,0.0,s_ms,c_ma,c_ms,blocked
7,0.38371217,0.0,s_ms,c_ma,c_ma,blocked
7,0.27810022,0.0,s_ms,c_ma,c_ma,blocked
7,0.40715843,0.0,s_ms,c_ma,c_ms,blocked
7,0.33858004,0.0,s_ms,c_ma,c_ma,blocked
7,9.919174e-05,0.0,s_ma,c_ms,c_ma,blocked
7,4.9785664e-05,0.0,s_ma,c_ms,c_ms,blocked
7,4.8633297e-05,0.0,s_ma,c_ms,c_ms,blocked
7,3.4288987e-05,0.0,s_ma,c_ms,c_ma,blocked
7,4.013739e-05,0.0,s_ma,c_ms,c_ma,blocked
7,0.286605,0.0,s_ms,c_ms,c_ms,blocked
7,0.38644487,0.0,s_ms,c_ms,c_ma,blocked
7,0.247291,0.0,s_ms,c_ms,c_ms,blocked
7,0.23090059,0.0,s_ms,c_ms,c_ma,blocked
7,0.3414427,0.0,s_ms,c_ms,c_ms,blocked
7,3.076948e-05,0.0,s_ma,c_ma,c_ms,blocked
7,6.9828866e-06,0.0,s_ma,c_ma,c_ma,blocked
7,8.544125e-05,0.0,s_ma,c_ma,c_ms,blocked
7,4.185206e-05,0.0,s_ma,c_ma,c_ma,blocked
7,0.36095655,0.0,s_ms,c_ma,c_ma,blocked
7,0.48661405,0.0,s_ms,c_ma,c_ms,blocked
7,0.30061936,0.0,s_ms,c_ma,c_ms,blocked
7,0.35703415,0.0,s_ms,c_ma,c_ma,blocked
7,0.30487722,0.0,s_ms,c_ma,c_ms,blocked
7,3.9772247e-05,0.0,s_ma,c_ms,c_ms,blocked
7,8.22591e-06,0.0,s_ma,c_ms,c_ma,blocked
7,2.6148893e-05,0.0,s_ma,c_ms,c_ma,blocked
7,1.3268312e-05,0.0,s_ma,c_ms,c_ms,blocked
7,3.2214688e-05,0.0,s_ma,c_ms,c_ms,blocked
7,0.33818716,0.0,s_ms,c_ms,c_ma,blocked
7,0.3605978,0.0,s_ms,c_ms,c_ms,blocked
7,0.25343084,0.0,s_ms,c_ms,c_ma,blocked
7,0.36155534,0.0,s_ms,c_ms,c_ms,blocked
7,0.38762432,0.0,s_ms,c_ms,c_ma,blocked
7,9.42371e-05,0.0,s_ma,c_ma,c_ms,blocked
7,0.0001171726,0.0,s_ma,c_ma,c_ma,blocked
7,6.319804e-05,0.0,s_ma,c_ma,c_ms,blocked
7,4.7018653e-05,0.0,s_ma,c_ma,c_ma,blocked
7,0.35334376,0.0,s_ms,c_ma,c_ma,blocked
7,0.57726705,1.0,s_ms,c_ma,c_ms,blocked
7,0.16760038,0.0,s_ms,c_ma,c_ms,blocked
7,0.30929095,0.0,s_ms,c_ma,c_ma,blocked
7,0.2368621,0.0,s_ms,c_ma,c_ms,blocked
7,0.000121964826,0.0,s_ma,c_ms,c_ms,blocked
7,3.3380624e-05,0.0,s_ma,c_ms,c_ma,blocked
7,5.855634e-05,0.0,s_ma,c_ms,c_ma,blocked
7,2.2167242e-05,0.0,s_ma,c_ms,c_ms,blocked
7,1.4075225e-05,0.0,s_ma,c_ms,c_ms,blocked
7,0.24589393,0.0,s_ms,c_ms,c_ma,blocked
7,0.251462,0.0,s_ms,c_ms,c_ms,blocked
7,0.16973925,0.0,s_ms,c_ms,c_ma,blocked
7,0.2218551,0.0,s_ms,c_ms,c_ms,blocked
7,0.25493872,0.0,s_ms,c_ms,c_ma,blocked
7,0.5512775,1.0,s_ms,c_ma,c_ms,blocked
7,0.38607883,0.0,s_ms,c_ma,c_ma,blocked
7,0.45715994,0.0,s_ms,c_ma,c_ms,blocked
7,0.4125839,0.0,s_ms,c_ma,c_ma,blocked
7,0.50339967,1.0,s_ms,c_ma,c_ma,blocked
7,7.407395e-05,0.0,s_ma,c_ma,c_ms,blocked
7,3.7362795e-05,0.0,s_ma,c_ma,c_ms,blocked
7,2.3684559e-05,0.0,s_ma,c_ma,c_ma,blocked
7,0.00017551819,0.0,s_ma,c_ma,c_ms,blocked
7,0.17837259,0.0,s_ms,c_ms,c_ms,blocked
7,0.27140373,0.0,s_ms,c_ms,c_ma,blocked
7,0.28721356,0.0,s_ms,c_ms,c_ma,blocked
7,0.2897005,0.0,s_ms,c_ms,c_ms,blocked
7,0.3170183,0.0,s_ms,c_ms,c_ms,blocked
7,4.744961e-05,0.0,s_ma,c_ms,c_ma,blocked
7,5.7281004e-06,0.0,s_ma,c_ms,c_ms,blocked
7,0.0001500459,0.0,s_ma,c_ms,c_ma,blocked
7,5.7414007e-05,0.0,s_ma,c_ms,c_ms,blocked
7,1.6952312e-05,0.0,s_ma,c_ms,c_ma,blocked
7,0.2904041,0.0,s_ms,c_ma,c_ma,blocked
7,0.25507453,0.0,s_ms,c_ma,c_ms,blocked
7,0.4101544,0.0,s_ms,c_ma,c_ma,blocked
7,0.28784406,0.0,s_ms,c_ma,c_ms,blocked
7,0.2505538,0.0,s_ms,c_ma,c_ms,blocked
7,6.927918e-05,0.0,s_ma,c_ma,c_ms,blocked
7,3.4168017e-05,0.0,s_ma,c_ma,c_ma,blocked
7,3.8587565e-05,0.0,s_ma,c_ma,c_ms,blocked
7,8.526936e-05,0.0,s_ma,c_ma,c_ma,blocked
7,0.13358226,0.0,s_ms,c_ms,c_ma,blocked
7,0.23876944,0.0,s_ms,c_ms,c_ms,blocked
7,0.16984756,0.0,s_ms,c_ms,c_ms,blocked
7,0.20000076,0.0,s_ms,c_ms,c_ma,blocked
7,0.19722614,0.0,s_ms,c_ms,c_ma,blocked
7,1.472564e-05,0.0,s_ma,c_ms,c_ms,blocked
7,9.129958e-06,0.0,s_ma,c_ms,c_ma,blocked
7,3.2458578e-05,0.0,s_ma,c_ms,c_ms,blocked
7,1.2506917e-05,0.0,s_ma,c_ms,c_ma,blocked
7,1.6680353e-05,0.0,s_ma,c_ms,c_ms,blocked
7,0.50811124,1.0,s_ms,c_ma,c_ma,blocked
7,0.5191279,1.0,s_ms,c_ma,c_ms,blocked
7,0.5552442,1.0,s_ms,c_ma,c_ma,blocked
7,0.4613729,0.0,s_ms,c_ma,c_ms,blocked
7,0.6066513,1.0,s_ms,c_ma,c_ms,blocked
7,3.8152128e-05,0.0,s_ma,c_ma,c_ms,blocked
7,3.3952776e-05,0.0,s_ma,c_ma,c_ma,blocked
7,7.801962e-06,0.0,s_ma,c_ma,c_ms,blocked
7,5.8646838e-05,0.0,s_ma,c_ma,c_ma,blocked
7,0.35923058,0.0,s_ms,c_ms,c_ma,blocked
7,0.3923605,0.0,s_ms,c_ms,c_ms,blocked
7,0.5038508,1.0,s_ms,c_ms,c_ms,blocked
7,0.46376735,0.0,s_ms,c_ms,c_ma,blocked
7,0.3635545,0.0,s_ms,c_ms,c_ma,blocked
7,5.5678497e-06,0.0,s_ma,c_ms,c_ms,blocked
7,1.0227599e-06,0.0,s_ma,c_ms,c_ma,blocked
7,4.4526205e-05,0.0,s_ma,c_ms,c_ms,blocked
7,1.6085585e-06,0.0,s_ma,c_ms,c_ma,blocked
7,4.6724276e-06,0.0,s_ma,c_ms,c_ms,blocked
7,0.52919424,1.0,s_ms,c_ma,c_ms,blocked
7,0.53959316,1.0,s_ms,c_ma,c_ma,blocked
7,0.43708244,0.0,s_ms,c_ma,c_ms,blocked
7,0.4999906,0.0,s_ms,c_ma,c_ma,blocked
7,0.45969296,0.0,s_ms,c_ma,c_ma,blocked
7,2.6154949e-05,0.0,s_ma,c_ma,c_ma,blocked
7,3.528745e-05,0.0,s_ma,c_ma,c_ms,blocked
7,8.037033e-06,0.0,s_ma,c_ma,c_ms,blocked
7,7.033141e-05,0.0,s_ma,c_ma,c_ms,blocked
7,0.44788754,0.0,s_ms,c_ms,c_ms,blocked
7,0.52852213,1.0,s_ms,c_ms,c_ma,blocked
7,0.46081588,0.0,s_ms,c_ms,c_ma,blocked
7,0.49157256,0.0,s_ms,c_ms,c_ms,blocked
7,0.51704913,1.0,s_ms,c_ms,c_ms,blocked
7,7.416782e-06,0.0,s_ma,c_ms,c_ma,blocked
7,3.177567e-06,0.0,s_ma,c_ms,c_ms,blocked
7,7.746703e-06,0.0,s_ma,c_ms,c_ma,blocked
7,2.2298632e-06,0.0,s_ma,c_ms,c_ms,blocked
7,2.7259166e-06,0.0,s_ma,c_ms,c_ma,blocked
7,0.53313476,1.0,s_ms,c_ma,c_ma,blocked
7,0.6224024,1.0,s_ms,c_ma,c_ms,blocked
7,0.5076783,1.0,s_ms,c_ma,c_ma,blocked
7,0.55897933,1.0,s_ms,c_ma,c_ms,blocked
7,0.6396113,1.0,s_ms,c_ma,c_ms,blocked
7,0.00017674724,0.0,s_ma,c_ma,c_ms,blocked
7,8.977897e-05,0.0,s_ma,c_ma,c_ma,blocked
7,6.468681e-05,0.0,s_ma,c_ma,c_ma,blocked
7,8.121329e-05,0.0,s_ma,c_ma,c_ms,blocked
7,0.384629,0.0,s_ms,c_ms,c_ma,blocked
7,0.54753876,1.0,s_ms,c_ms,c_ms,blocked
7,0.50201046,1.0,s_ms,c_ms,c_ms,blocked
7,0.5237831,1.0,s_ms,c_ms,c_ma,blocked
7,0.58124685,1.0,s_ms,c_ms,c_ma,blocked
7,2.3919014e-05,0.0,s_ma,c_ms,c_ms,blocked
7,3.067379e-05,0.0,s_ma,c_ms,c_ma,blocked
7,1.9561186e-05,0.0,s_ma,c_ms,c_ms,blocked
7,1.3629976e-05,0.0,s_ma,c_ms,c_ma,blocked
7,9.7755124e-05,0.0,s_ma,c_ms,c_ms,blocked
7,8.188553e-06,0.0,s_ma,c_ms,c_ma,blocked
7,5.226535e-06,0.0,s_ma,c_ms,c_ms,blocked
7,8.097116e-05,0.0,s_ma,c_ms,c_ma,blocked
7,3.4207806e-05,0.0,s_ma,c_ms,c_ms,blocked
7,0.00016169302,0.0,s_ma,c_ms,c_ms,blocked
7,0.3023641,0.0,s_ms,c_ms,c_ms,blocked
7,0.49558026,0.0,s_ms,c_ms,c_ma,blocked
7,0.3115945,0.0,s_ms,c_ms,c_ma,blocked
7,0.3678758,0.0,s_ms,c_ms,c_ms,blocked
7,0.33217484,0.0,s_ms,c_ms,c_ma,blocked
7,6.409413e-05,0.0,s_ma,c_ma,c_ms,blocked
7,3.3076312e-06,0.0,s_ma,c_ma,c_ms,blocked
7,6.145712e-06,0.0,s_ma,c_ma,c_ma,blocked
7,2.2017019e-05,0.0,s_ma,c_ma,c_ma,blocked
7,0.29840946,0.0,s_ms,c_ma,c_ms,blocked
7,0.36616302,0.0,s_ms,c_ma,c_ma,blocked
7,0.23462158,0.0,s_ms,c_ma,c_ms,blocked
7,0.26660013,0.0,s_ms,c_ma,c_ma,blocked
7,0.41907644,0.0,s_ms,c_ma,c_ms,blocked
7,6.250337e-06,0.0,s_ma,c_ms,c_ms,blocked
7,3.8998496e-06,0.0,s_ma,c_ms,c_ma,blocked
7,2.9820116e-05,0.0,s_ma,c_ms,c_ms,blocked
7,8.351513e-06,0.0,s_ma,c_ms,c_ma,blocked
7,8.091918e-05,0.0,s_ma,c_ms,c_ma,blocked
7,0.21628483,0.0,s_ms,c_ms,c_ma,blocked
7,0.27627364,0.0,s_ms,c_ms,c_ms,blocked
7,0.25782216,0.0,s_ms,c_ms,c_ms,blocked
7,0.22253262,0.0,s_ms,c_ms,c_ma,blocked
7,0.23691353,0.0,s_ms,c_ms,c_ms,blocked
7,6.170511e-05,0.0,s_ma,c_ma,c_ms,blocked
7,1.6425797e-06,0.0,s_ma,c_ma,c_ma,blocked
7,6.3538096e-06,0.0,s_ma,c_ma,c_ms,blocked
7,7.506897e-06,0.0,s_ma,c_ma,c_ms,blocked
7,0.26325017,0.0,s_ms,c_ma,c_ma,blocked
7,0.27757066,0.0,s_ms,c_ma,c_ms,blocked
7,0.1759907,0.0,s_ms,c_ma,c_ma,blocked
7,0.2869715,0.0,s_ms,c_ma,c_ms,blocked
7,0.26898268,0.0,s_ms,c_ma,c_ma,blocked
7,8.509625e-05,0.0,s_ma,c_ms,c_ms,blocked
7,2.1385611e-05,0.0,s_ma,c_ms,c_ma,blocked
7,3.4074204e-05,0.0,s_ma,c_ms,c_ms,blocked
7,2.380693e-05,0.0,s_ma,c_ms,c_ma,blocked
7,5.6095065e-05,0.0,s_ma,c_ms,c_ma,blocked
7,0.16102152,0.0,s_ms,c_ms,c_ma,blocked
7,0.3121065,0.0,s_ms,c_ms,c_ms,blocked
7,0.13349985,0.0,s_ms,c_ms,c_ms,blocked
7,0.23634747,0.0,s_ms,c_ms,c_ma,blocked
7,0.25641704,0.0,s_ms,c_ms,c_ms,blocked
7,3.214615e-06,0.0,s_ma,c_ma,c_ms,blocked
7,1.5928595e-06,0.0,s_ma,c_ma,c_ma,blocked
7,4.991371e-06,0.0,s_ma,c_ma,c_ms,blocked
7,1.3513376e-05,0.0,s_ma,c_ma,c_ms,blocked
7,0.23070996,0.0,s_ms,c_ma,c_ma,blocked
7,0.3138277,0.0,s_ms,c_ma,c_ms,blocked
7,0.20752686,0.0,s_ms,c_ma,c_ma,blocked
7,0.32680437,0.0,s_ms,c_ma,c_ms,blocked
7,0.3223793,0.0,s_ms,c_ma,c_ma,blocked
7,1.5584156e-06,0.0,s_ma,c_ms,c_ma,blocked
7,3.2959138e-06,0.0,s_ma,c_ms,c_ms,blocked
7,1.7526707e-05,0.0,s_ma,c_ms,c_ma,blocked
7,1.3289571e-05,0.0,s_ma,c_ms,c_ms,blocked
7,5.6015957e-05,0.0,s_ma,c_ms,c_ms,blocked
7,0.2027506,0.0,s_ms,c_ms,c_ms,blocked
7,0.39280596,0.0,s_ms,c_ms,c_ma,blocked
7,0.22834012,0.0,s_ms,c_ms,c_ma,blocked
7,0.2958368,0.0,s_ms,c_ms,c_ms,blocked
7,0.2142336,0.0,s_ms,c_ms,c_ma,blocked
7,6.062213e-06,0.0,s_ma,c_ma,c_ma,blocked
7,6.3640996e-06,0.0,s_ma,c_ma,c_ms,blocked
7,4.8736715e-06,0.0,s_ma,c_ma,c_ms,blocked
7,1.3113207e-05,0.0,s_ma,c_ma,c_ma,blocked
7,0.37169054,0.0,s_ms,c_ma,c_ms,blocked
7,0.42521924,0.0,s_ms,c_ma,c_ma,blocked
7,0.23887753,0.0,s_ms,c_ma,c_ms,blocked
7,0.33497733,0.0,s_ms,c_ma,c_ma,blocked
7,0.37185174,0.0,s_ms,c_ma,c_ms,blocked
7,8.842018e-06,0.0,s_ma,c_ms,c_ma,blocked
7,3.642198e-05,0.0,s_ma,c_ms,c_ms,blocked
7,2.3607563e-05,0.0,s_ma,c_ms,c_ma,blocked
7,5.5661214e-05,0.0,s_ma,c_ms,c_ms,blocked
7,1.9642608e-05,0.0,s_ma,c_ms,c_ms,blocked
7,0.2984799,0.0,s_ms,c_ms,c_ms,blocked
7,0.41463438,0.0,s_ms,c_ms,c_ma,blocked
7,0.25619352,0.0,s_ms,c_ms,c_ma,blocked
7,0.29001436,0.0,s_ms,c_ms,c_ms,blocked
7,0.30329946,0.0,s_ms,c_ms,c_ma,blocked
7,2.2059872e-05,0.0,s_ma,c_ma,c_ma,blocked
7,8.766448e-06,0.0,s_ma,c_ma,c_ms,blocked
7,1.4184757e-05,0.0,s_ma,c_ma,c_ms,blocked
7,1.4288013e-05,0.0,s_ma,c_ma,c_ma,blocked
7,0.3195565,0.0,s_ms,c_ma,c_ms,blocked
7,0.39047784,0.0,s_ms,c_ma,c_ma,blocked
7,0.22191164,0.0,s_ms,c_ma,c_ms,blocked
7,0.3390535,0.0,s_ms,c_ma,c_ma,blocked
7,0.49735677,0.0,s_ms,c_ma,c_ms,blocked
7,0.49304917,0.0,s_ms,c_ms,c_ms,blocked
7,0.3863067,0.0,s_ms,c_ms,c_ma,blocked
7,0.55881107,1.0,s_ms,c_ms,c_ms,blocked
7,0.53380734,1.0,s_ms,c_ms,c_ma,blocked
7,0.43359286,0.0,s_ms,c_ms,c_ma,blocked
7,8.515635e-05,0.0,s_ma,c_ms,c_ma,blocked
7,2.8614655e-05,0.0,s_ma,c_ms,c_ms,blocked
7,8.218838e-06,0.0,s_ma,c_ms,c_ms,blocked
7,8.517362e-06,0.0,s_ma,c_ms,c_ma,blocked
7,2.8554874e-05,0.0,s_ma,c_ms,c_ms,blocked
7,0.56216395,1.0,s_ms,c_ma,c_ms,blocked
7,0.574376,1.0,s_ms,c_ma,c_ma,blocked
7,0.6386745,1.0,s_ms,c_ma,c_ma,blocked
7,0.45965454,0.0,s_ms,c_ma,c_ms,blocked
7,0.5584525,1.0,s_ms,c_ma,c_ms,blocked
7,0.00015233674,0.0,s_ma,c_ma,c_ms,blocked
7,4.201141e-05,0.0,s_ma,c_ma,c_ma,blocked
7,9.337133e-06,0.0,s_ma,c_ma,c_ms,blocked
7,2.4677613e-05,0.0,s_ma,c_ma,c_ma,blocked
7,0.39661258,0.0,s_ms,c_ms,c_ma,blocked
7,0.42939433,0.0,s_ms,c_ms,c_ms,blocked
7,0.4659856,0.0,s_ms,c_ms,c_ma,blocked
7,0.46711552,0.0,s_ms,c_ms,c_ms,blocked
7,0.35665932,0.0,s_ms,c_ms,c_ms,blocked
7,1.18326725e-05,0.0,s_ma,c_ms,c_ms,blocked
7,1.8544923e-05,0.0,s_ma,c_ms,c_ma,blocked
7,1.4418475e-06,0.0,s_ma,c_ms,c_ma,blocked
7,3.185699e-06,0.0,s_ma,c_ms,c_ms,blocked
7,2.9133116e-05,0.0,s_ma,c_ms,c_ma,blocked
7,0.50976336,1.0,s_ms,c_ma,c_ma,blocked
7,0.57418776,1.0,s_ms,c_ma,c_ms,blocked
7,0.57616305,1.0,s_ms,c_ma,c_ms,blocked
7,0.46946824,0.0,s_ms,c_ma,c_ma,blocked
7,0.49585724,0.0,s_ms,c_ma,c_ma,blocked
7,0.00014681187,0.0,s_ma,c_ma,c_ms,blocked
7,4.4300337e-05,0.0,s_ma,c_ma,c_ms,blocked
7,7.9469655e-06,0.0,s_ma,c_ma,c_ma,blocked
7,5.6540084e-05,0.0,s_ma,c_ma,c_ms,blocked
7,0.47083566,0.0,s_ms,c_ms,c_ms,blocked
7,0.5832788,1.0,s_ms,c_ms,c_ma,blocked
7,0.61193043,1.0,s_ms,c_ms,c_ms,blocked
7,0.5930222,1.0,s_ms,c_ms,c_ma,blocked
7,0.4079578,0.0,s_ms,c_ms,c_ma,blocked
7,0.00024504232,0.0,s_ma,c_ms,c_ma,blocked
7,4.9874023e-05,0.0,s_ma,c_ms,c_ms,blocked
7,6.9805385e-05,0.0,s_ma,c_ms,c_ms,blocked
7,8.942077e-06,0.0,s_ma,c_ms,c_ma,blocked
7,2.4251014e-05,0.0,s_ma,c_ms,c_ms,blocked
7,0.6389074,1.0,s_ms,c_ma,c_ms,blocked
7,0.70278156,1.0,s_ms,c_ma,c_ma,blocked
7,0.64613044,1.0,s_ms,c_ma,c_ma,blocked
7,0.57458365,1.0,s_ms,c_ma,c_ms,blocked
7,0.63819087,1.0,s_ms,c_ma,c_ms,blocked
7,4.4319975e-05,0.0,s_ma,c_ma,c_ma,blocked
7,4.4115215e-05,0.0,s_ma,c_ma,c_ms,blocked
7,1.4983846e-05,0.0,s_ma,c_ma,c_ms,blocked
7,2.0078105e-05,0.0,s_ma,c_ma,c_ma,blocked
7,0.46562308,0.0,s_ms,c_ms,c_ma,blocked
7,0.45721865,0.0,s_ms,c_ms,c_ms,blocked
7,0.6113483,1.0,s_ms,c_ms,c_ma,blocked
7,0.43477857,0.0,s_ms,c_ms,c_ms,blocked
7,0.31109172,0.0,s_ms,c_ms,c_ms,blocked
7,0.00012356933,0.0,s_ma,c_ms,c_ms,blocked
7,1.5041733e-05,0.0,s_ma,c_ms,c_ma,blocked
7,1.7668199e-06,0.0,s_ma,c_ms,c_ma,blocked
7,2.3055852e-06,0.0,s_ma,c_ms,c_ms,blocked
7,1.4158743e-05,0.0,s_ma,c_ms,c_ma,blocked
7,0.5807519,1.0,s_ms,c_ma,c_ma,blocked
7,0.55952364,1.0,s_ms,c_ma,c_ms,blocked
7,0.52107215,1.0,s_ms,c_ma,c_ms,blocked
7,0.5215249,1.0,s_ms,c_ma,c_ma,blocked
7,0.5249572,1.0,s_ms,c_ma,c_ma,blocked
7,9.060319e-06,0.0,s_ma,c_ma,c_ms,blocked
7,7.980242e-06,0.0,s_ma,c_ma,c_ma,blocked
7,1.5396621e-05,0.0,s_ma,c_ma,c_ms,blocked
7,1.0973934e-06,0.0,s_ma,c_ma,c_ms,blocked
7,0.33641905,0.0,s_ms,c_ms,c_ms,blocked
7,0.2598476,0.0,s_ms,c_ms,c_ma,blocked
7,0.46920294,0.0,s_ms,c_ms,c_ms,blocked
7,0.43653178,0.0,s_ms,c_ms,c_ma,blocked
7,0.28651357,0.0,s_ms,c_ms,c_ma,blocked
7,2.8961673e-05,0.0,s_ma,c_ms,c_ma,blocked
7,3.18589e-05,0.0,s_ma,c_ms,c_ms,blocked
7,6.3294683e-06,0.0,s_ma,c_ms,c_ms,blocked
7,2.8140337e-06,0.0,s_ma,c_ms,c_ma,blocked
7,9.6155876e-05,0.0,s_ma,c_ms,c_ms,blocked
7,0.3948969,0.0,s_ms,c_ma,c_ms,blocked
7,0.6204974,1.0,s_ms,c_ma,c_ma,blocked
7,0.51447356,1.0,s_ms,c_ma,c_ma,blocked
7,0.47148472,0.0,s_ms,c_ma,c_ms,blocked
7,0.36419302,0.0,s_ms,c_ma,c_ms,blocked
7,2.4750816e-05,0.0,s_ma,c_ma,c_ma,blocked
7,5.7108507e-05,0.0,s_ma,c_ma,c_ms,blocked
7,2.0324054e-05,0.0,s_ma,c_ma,c_ma,blocked
7,1.0658008e-06,0.0,s_ma,c_ma,c_ms,blocked
7,1.8686871e-06,0.0,s_ma,c_ma,c_ms,interleaved
7,1.3669297e-05,0.0,s_ma,c_ma,c_ma,interleaved
7,2.9568444e-05,0.0,s_ma,c_ma,c_ms,interleaved
7,7.2541174e-05,0.0,s_ma,c_ma,c_ms,interleaved
7,0.27251294,0.0,s_ms,c_ma,c_ms,interleaved
7,0.4678355,0.0,s_ms,c_ma,c_ma,interleaved
7,0.30569607,0.0,s_ms,c_ma,c_ma,interleaved
7,0.28550112,0.0,s_ms,c_ma,c_ms,interleaved
7,0.24694929,0.0,s_ms,c_ma,c_ma,interleaved
7,6.934479e-06,0.0,s_ma,c_ms,c_ma,interleaved
7,4.6653945e-06,0.0,s_ma,c_ms,c_ms,interleaved
7,6.843654e-05,0.0,s_ma,c_ms,c_ms,interleaved
7,1.0853382e-06,0.0,s_ma,c_ms,c_ma,interleaved
7,6.5978347e-06,0.0,s_ma,c_ms,c_ma,interleaved
7,0.26985076,0.0,s_ms,c_ms,c_ms,interleaved
7,0.32909834,0.0,s_ms,c_ms,c_ma,interleaved
7,0.2163626,0.0,s_ms,c_ms,c_ms,interleaved
7,0.22102368,0.0,s_ms,c_ms,c_ma,interleaved
7,0.38932207,0.0,s_ms,c_ms,c_ms,interleaved
7,1.8951766e-06,0.0,s_ma,c_ma,c_ms,interleaved
7,6.4894566e-06,0.0,s_ma,c_ma,c_ms,interleaved
7,7.03514e-06,0.0,s_ma,c_ma,c_ma,interleaved
7,0.00011834701,0.0,s_ma,c_ma,c_ma,interleaved
7,0.36624506,0.0,s_ms,c_ma,c_ma,interleaved
7,0.48542702,0.0,s_ms,c_ma,c_ms,interleaved
7,0.28631067,0.0,s_ms,c_ma,c_ms,interleaved
7,0.25709718,0.0,s_ms,c_ma,c_ma,interleaved
7,0.26692688,0.0,s_ms,c_ma,c_ms,interleaved
7,5.710128e-06,0.0,s_ma,c_ms,c_ms,interleaved
7,5.201629e-06,0.0,s_ma,c_ms,c_ma,interleaved
7,2.342299e-05,0.0,s_ma,c_ms,c_ma,interleaved
7,3.349773e-06,0.0,s_ma,c_ms,c_ms,interleaved
7,1.9381852e-05,0.0,s_ma,c_ms,c_ms,interleaved
7,0.32027143,0.0,s_ms,c_ms,c_ma,interleaved
7,0.37668362,0.0,s_ms,c_ms,c_ms,interleaved
7,0.2244303,0.0,s_ms,c_ms,c_ma,interleaved
7,0.29764116,0.0,s_ms,c_ms,c_ms,interleaved
7,0.4435504,0.0,s_ms,c_ms,c_ma,interleaved
7,1.4491782e-05,0.0,s_ma,c_ma,c_ma,interleaved
7,7.350595e-06,0.0,s_ma,c_ma,c_ms,interleaved
7,0.00011204813,0.0,s_ma,c_ma,c_ms,interleaved
7,6.3529165e-05,0.0,s_ma,c_ma,c_ms,interleaved
7,0.2753352,0.0,s_ms,c_ma,c_ms,interleaved
7,0.34694076,0.0,s_ms,c_ma,c_ma,interleaved
7,0.2592264,0.0,s_ms,c_ma,c_ma,interleaved
7,0.41078532,0.0,s_ms,c_ma,c_ms,interleaved
7,0.34068012,0.0,s_ms,c_ma,c_ma,interleaved
7,9.072662e-05,0.0,s_ma,c_ms,c_ma,interleaved
7,3.6646717e-05,0.0,s_ma,c_ms,c_ms,interleaved
7,4.1975916e-05,0.0,s_ma,c_ms,c_ms,interleaved
7,2.4303556e-05,0.0,s_ma,c_ms,c_ma,interleaved
7,3.3877823e-05,0.0,s_ma,c_ms,c_ma,interleaved
7,0.28485125,0.0,s_ms,c_ms,c_ms,interleaved
7,0.39395398,0.0,s_ms,c_ms,c_ma,interleaved
7,0.24874178,0.0,s_ms,c_ms,c_ms,interleaved
7,0.23714404,0.0,s_ms,c_ms,c_ma,interleaved
7,0.35224026,0.0,s_ms,c_ms,c_ms,interleaved
7,3.1146883e-05,0.0,s_ma,c_ma,c_ms,interleaved
7,6.7285946e-06,0.0,s_ma,c_ma,c_ma,interleaved
7,0.000111510555,0.0,s_ma,c_ma,c_ms,interleaved
7,4.989728e-05,0.0,s_ma,c_ma,c_ma,interleaved
7,0.29736233,0.0,s_ms,c_ma,c_ma,interleaved
7,0.3906405,0.0,s_ms,c_ma,c_ms,interleaved
7,0.2769686,0.0,s_ms,c_ma,c_ms,interleaved
7,0.3536545,0.0,s_ms,c_ma,c_ma,interleaved
7,0.32129076,0.0,s_ms,c_ma,c_ms,interleaved
7,3.8058082e-05,0.0,s_ma,c_ms,c_ms,interleaved
7,9.371966e-06,0.0,s_ma,c_ms,c_ma,interleaved
7,2.6986458e-05,0.0,s_ma,c_ms,c_ma,interleaved
7,1.3282055e-05,0.0,s_ma,c_ms,c_ms,interleaved
7,4.128864e-05,0.0,s_ma,c_ms,c_ms,interleaved
7,0.32996744,0.0,s_ms,c_ms,c_ma,interleaved
7,0.38672462,0.0,s_ms,c_ms,c_ms,interleaved
7,0.24634948,0.0,s_ms,c_ms,c_ma,interleaved
7,0.37353933,0.0,s_ms,c_ms,c_ms,interleaved
7,0.39524958,0.0,s_ms,c_ms,c_ma,interleaved
7,8.4848434e-05,0.0,s_ma,c_ma,c_ms,interleaved
7,0.0001189933,0.0,s_ma,c_ma,c_ma,interleaved
7,7.061889e-05,0.0,s_ma,c_ma,c_ms,interleaved
7,5.198912e-05,0.0,s_ma,c_ma,c_ma,interleaved
7,0.34085542,0.0,s_ms,c_ma,c_ma,interleaved
7,0.5441777,1.0,s_ms,c_ma,c_ms,interleaved
7,0.18436602,0.0,s_ms,c_ma,c_ms,interleaved
7,0.40125573,0.0,s_ms,c_ma,c_ma,interleaved
7,0.26023147,0.0,s_ms,c_ma,c_ms,interleaved
7,0.0001510079,0.0,s_ma,c_ms,c_ms,interleaved
7,4.7712623e-05,0.0,s_ma,c_ms,c_ma,interleaved
7,7.07358e-05,0.0,s_ma,c_ms,c_ma,interleaved
7,3.372428e-05,0.0,s_ma,c_ms,c_ms,interleaved
7,1.4215889e-05,0.0,s_ma,c_ms,c_ms,interleaved
7,0.2916432,0.0,s_ms,c_ms,c_ma,interleaved
7,0.37246367,0.0,s_ms,c_ms,c_ms,interleaved
7,0.2505188,0.0,s_ms,c_ms,c_ma,interleaved
7,0.27668008,0.0,s_ms,c_ms,c_ms,interleaved
7,0.38119552,0.0,s_ms,c_ms,c_ma,interleaved
7,0.56756115,1.0,s_ms,c_ma,c_ms,interleaved
7,0.46611366,0.0,s_ms,c_ma,c_ma,interleaved
7,0.55163014,1.0,s_ms,c_ma,c_ms,interleaved
7,0.5112335,1.0,s_ms,c_ma,c_ma,interleaved
7,0.5298333,1.0,s_ms,c_ma,c_ma,interleaved
7,7.445535e-05,0.0,s_ma,c_ma,c_ms,interleaved
7,3.5255955e-05,0.0,s_ma,c_ma,c_ms,interleaved
7,2.1934615e-05,0.0,s_ma,c_ma,c_ma,interleaved
7,0.0001577683,0.0,s_ma,c_ma,c_ms,interleaved
7,0.31035528,0.0,s_ms,c_ms,c_ms,interleaved
7,0.42310205,0.0,s_ms,c_ms,c_ma,interleaved
7,0.44261461,0.0,s_ms,c_ms,c_ma,interleaved
7,0.42303717,0.0,s_ms,c_ms,c_ms,interleaved
7,0.4141716,0.0,s_ms,c_ms,c_ms,interleaved
7,5.2258318e-05,0.0,s_ma,c_ms,c_ma,interleaved
7,7.0528927e-06,0.0,s_ma,c_ms,c_ms,interleaved
7,0.00016294891,0.0,s_ma,c_ms,c_ma,interleaved
7,6.72419e-05,0.0,s_ma,c_ms,c_ms,interleaved
7,2.0969586e-05,0.0,s_ma,c_ms,c_ma,interleaved
7,0.31439173,0.0,s_ms,c_ma,c_ma,interleaved
7,0.30063662,0.0,s_ms,c_ma,c_ms,interleaved
7,0.45783,0.0,s_ms,c_ma,c_ma,interleaved
7,0.38202745,0.0,s_ms,c_ma,c_ms,interleaved
7,0.2744257,0.0,s_ms,c_ma,c_ms,interleaved
7,6.9498485e-05,0.0,s_ma,c_ma,c_ms,interleaved
7,3.257906e-05,0.0,s_ma,c_ma,c_ma,interleaved
7,3.5296238e-05,0.0,s_ma,c_ma,c_ms,interleaved
7,7.627888e-05,0.0,s_ma,c_ma,c_ma,interleaved
7,0.20725593,0.0,s_ms,c_ms,c_ma,interleaved
7,0.34437308,0.0,s_ms,c_ms,c_ms,interleaved
7,0.26920348,0.0,s_ms,c_ms,c_ms,interleaved
7,0.28980488,0.0,s_ms,c_ms,c_ma,interleaved
7,0.27136034,0.0,s_ms,c_ms,c_ma,interleaved
7,1.6453954e-05,0.0,s_ma,c_ms,c_ms,interleaved
7,1.0858073e-05,0.0,s_ma,c_ms,c_ma,interleaved
7,3.896899e-05,0.0,s_ma,c_ms,c_ms,interleaved
7,1.1897993e-05,0.0,s_ma,c_ms,c_ma,interleaved
7,2.0884234e-05,0.0,s_ma,c_ms,c_ms,interleaved
7,0.51390624,1.0,s_ms,c_ma,c_ma,interleaved
7,0.5118499,1.0,s_ms,c_ma,c_ms,interleaved
7,0.5939349,1.0,s_ms,c_ma,c_ma,interleaved
7,0.47490007,0.0,s_ms,c_ma,c_ms,interleaved
7,0.56959426,1.0,s_ms,c_ma,c_ms,interleaved
7,3.4503668e-05,0.0,s_ma,c_ma,c_ms,interleaved
7,3.212718e-05,0.0,s_ma,c_ma,c_ma,interleaved
7,6.5480003e-06,0.0,s_ma,c_ma,c_ms,interleaved
7,6.185188e-05,0.0,s_ma,c_ma,c_ma,interleaved
7,0.44956,0.0,s_ms,c_ms,c_ma,interleaved
7,0.48309106,0.0,s_ms,c_ms,c_ms,interleaved
7,0.6251831,1.0,s_ms,c_ms,c_ms,interleaved
7,0.5309793,1.0,s_ms,c_ms,c_ma,interleaved
7,0.43845874,0.0,s_ms,c_ms,c_ma,interleaved
7,5.8590404e-06,0.0,s_ma,c_ms,c_ms,interleaved
7,1.0869035e-06,0.0,s_ma,c_ms,c_ma,interleaved
7,4.9302937e-05,0.0,s_ma,c_ms,c_ms,interleaved
7,1.5125299e-06,0.0,s_ma,c_ms,c_ma,interleaved
7,4.8471493e-06,0.0,s_ma,c_ms,c_ms,interleaved
7,0.524591,1.0,s_ms,c_ma,c_ms,interleaved
7,0.5544162,1.0,s_ms,c_ma,c_ma,interleaved
7,0.43670976,0.0,s_ms,c_ma,c_ms,interleaved
7,0.5090414,1.0,s_ms,c_ma,c_ma,interleaved
7,0.3515484,0.0,s_ms,c_ma,c_ma,interleaved
7,2.3935665e-05,0.0,s_ma,c_ma,c_ma,interleaved
7,3.361442e-05,0.0,s_ma,c_ma,c_ms,interleaved
7,6.7236706e-06,0.0,s_ma,c_ma,c_ms,interleaved
7,7.279761e-05,0.0,s_ma,c_ma,c_ms,interleaved
7,0.45110935,0.0,s_ms,c_ms,c_ms,interleaved
7,0.5827246,1.0,s_ms,c_ms,c_ma,interleaved
7,0.5150023,1.0,s_ms,c_ms,c_ma,interleaved
7,0.52077377,1.0,s_ms,c_ms,c_ms,interleaved
7,0.53007746,1.0,s_ms,c_ms,c_ms,interleaved
7,6.755934e-06,0.0,s_ma,c_ms,c_ma,interleaved
7,3.0023114e-06,0.0,s_ma,c_ms,c_ms,interleaved
7,7.246741e-06,0.0,s_ma,c_ms,c_ma,interleaved
7,2.2964718e-06,0.0,s_ma,c_ms,c_ms,interleaved
7,2.2862318e-06,0.0,s_ma,c_ms,c_ma,interleaved
7,0.53657275,1.0,s_ms,c_ma,c_ma,interleaved
7,0.5824313,1.0,s_ms,c_ma,c_ms,interleaved
7,0.50681424,1.0,s_ms,c_ma,c_ma,interleaved
7,0.5389229,1.0,s_ms,c_ma,c_ms,interleaved
7,0.5889592,1.0,s_ms,c_ma,c_ms,interleaved
7,0.0001535669,0.0,s_ma,c_ma,c_ms,interleaved
7,8.017812e-05,0.0,s_ma,c_ma,c_ma,interleaved
7,6.8146925e-05,0.0,s_ma,c_ma,c_ma,interleaved
7,8.517904e-05,0.0,s_ma,c_ma,c_ms,interleaved
7,0.4449683,0.0,s_ms,c_ms,c_ma,interleaved
7,0.5846127,1.0,s_ms,c_ms,c_ms,interleaved
7,0.561533,1.0,s_ms,c_ms,c_ms,interleaved
7,0.57923394,1.0,s_ms,c_ms,c_ma,interleaved
7,0.5760814,1.0,s_ms,c_ms,c_ma,interleaved
7,2.455413e-05,0.0,s_ma,c_ms,c_ms,interleaved
7,3.0774394e-05,0.0,s_ma,c_ms,c_ma,interleaved
7,1.9942949e-05,0.0,s_ma,c_ms,c_ms,interleaved
7,1.4203188e-05,0.0,s_ma,c_ms,c_ma,interleaved
7,9.6289674e-05,0.0,s_ma,c_ms,c_ms,interleaved
7,7.884534e-06,0.0,s_ma,c_ms,c_ma,interleaved
7,6.3418934e-06,0.0,s_ma,c_ms,c_ms,interleaved
7,8.830651e-05,0.0,s_ma,c_ms,c_ma,interleaved
7,3.5553465e-05,0.0,s_ma,c_ms,c_ms,interleaved
7,0.00017959515,0.0,s_ma,c_ms,c_ms,interleaved
7,0.41683236,0.0,s_ms,c_ms,c_ms,interleaved
7,0.585052,1.0,s_ms,c_ms,c_ma,interleaved
7,0.38253045,0.0,s_ms,c_ms,c_ma,interleaved
7,0.38670373,0.0,s_ms,c_ms,c_ms,interleaved
7,0.3907926,0.0,s_ms,c_ms,c_ma,interleaved
7,6.474476e-05,0.0,s_ma,c_ma,c_ms,interleaved
7,3.0103358e-06,0.0,s_ma,c_ma,c_ms,interleaved
7,6.3312173e-06,0.0,s_ma,c_ma,c_ma,interleaved
7,2.6505153e-05,0.0,s_ma,c_ma,c_ma,interleaved
7,0.346613,0.0,s_ms,c_ma,c_ms,interleaved
7,0.42608553,0.0,s_ms,c_ma,c_ma,interleaved
7,0.27551374,0.0,s_ms,c_ma,c_ms,interleaved
7,0.31729603,0.0,s_ms,c_ma,c_ma,interleaved
7,0.52108705,1.0,s_ms,c_ma,c_ms,interleaved
7,5.0493563e-06,0.0,s_ma,c_ms,c_ms,interleaved
7,5.112415e-06,0.0,s_ma,c_ms,c_ma,interleaved
7,3.8212715e-05,0.0,s_ma,c_ms,c_ms,interleaved
7,9.30075e-06,0.0,s_ma,c_ms,c_ma,interleaved
7,5.3241187e-05,0.0,s_ma,c_ms,c_ma,interleaved
7,0.34355214,0.0,s_ms,c_ms,c_ma,interleaved
7,0.416777,0.0,s_ms,c_ms,c_ms,interleaved
7,0.33459803,0.0,s_ms,c_ms,c_ms,interleaved
7,0.25525475,0.0,s_ms,c_ms,c_ma,interleaved
7,0.28679633,0.0,s_ms,c_ms,c_ms,interleaved
7,6.1174884e-05,0.0,s_ma,c_ma,c_ms,interleaved
7,1.6508613e-06,0.0,s_ma,c_ma,c_ma,interleaved
7,6.6277066e-06,0.0,s_ma,c_ma,c_ms,interleaved
7,1.0028158e-05,0.0,s_ma,c_ma,c_ms,interleaved
7,0.31184828,0.0,s_ms,c_ma,c_ma,interleaved
7,0.32183832,0.0,s_ms,c_ma,c_ms,interleaved
7,0.23948267,0.0,s_ms,c_ma,c_ma,interleaved
7,0.32579744,0.0,s_ms,c_ma,c_ms,interleaved
7,0.29223204,0.0,s_ms,c_ma,c_ma,interleaved
7,8.246162e-05,0.0,s_ma,c_ms,c_ms,interleaved
7,2.5106561e-05,0.0,s_ma,c_ms,c_ma,interleaved
7,4.1288797e-05,0.0,s_ma,c_ms,c_ms,interleaved
7,2.6151136e-05,0.0,s_ma,c_ms,c_ma,interleaved
7,7.0528724e-05,0.0,s_ma,c_ms,c_ma,interleaved
7,0.28881925,0.0,s_ms,c_ms,c_ma,interleaved
7,0.44259614,0.0,s_ms,c_ms,c_ms,interleaved
7,0.18915257,0.0,s_ms,c_ms,c_ms,interleaved
7,0.27743196,0.0,s_ms,c_ms,c_ma,interleaved
7,0.28894466,0.0,s_ms,c_ms,c_ms,interleaved
7,2.9514547e-06,0.0,s_ma,c_ma,c_ms,interleaved
7,1.5946307e-06,0.0,s_ma,c_ma,c_ma,interleaved
7,4.626445e-06,0.0,s_ma,c_ma,c_ms,interleaved
7,1.2314853e-05,0.0,s_ma,c_ma,c_ms,interleaved
7,0.25320703,0.0,s_ms,c_ma,c_ma,interleaved
7,0.31186324,0.0,s_ms,c_ma,c_ms,interleaved
7,0.22703055,0.0,s_ms,c_ma,c_ma,interleaved
7,0.3419793,0.0,s_ms,c_ma,c_ms,interleaved
7,0.35511577,0.0,s_ms,c_ma,c_ma,interleaved
7,1.3128725e-06,0.0,s_ma,c_ms,c_ma,interleaved
7,3.652923e-06,0.0,s_ma,c_ms,c_ms,interleaved
7,2.2184706e-05,0.0,s_ma,c_ms,c_ma,interleaved
7,1.3318743e-05,0.0,s_ma,c_ms,c_ms,interleaved
7,3.9149912e-05,0.0,s_ma,c_ms,c_ms,interleaved
7,0.33980274,0.0,s_ms,c_ms,c_ms,interleaved
7,0.47647113,0.0,s_ms,c_ms,c_ma,interleaved
7,0.28156942,0.0,s_ms,c_ms,c_ma,interleaved
7,0.32238752,0.0,s_ms,c_ms,c_ms,interleaved
7,0.26809072,0.0,s_ms,c_ms,c_ma,interleaved
7,6.296733e-06,0.0,s_ma,c_ma,c_ma,interleaved
7,6.620585e-06,0.0,s_ma,c_ma,c_ms,interleaved
7,4.5032243e-06,0.0,s_ma,c_ma,c_ms,interleaved
7,1.4151322e-05,0.0,s_ma,c_ma,c_ma,interleaved
7,0.4107549,0.0,s_ms,c_ma,c_ms,interleaved
7,0.44556862,0.0,s_ms,c_ma,c_ma,interleaved
7,0.2917516,0.0,s_ms,c_ma,c_ms,interleaved
7,0.35765162,0.0,s_ms,c_ma,c_ma,interleaved
7,0.41358417,0.0,s_ms,c_ma,c_ms,interleaved
7,7.9044385e-06,0.0,s_ma,c_ms,c_ma,interleaved
7,2.1727841e-05,0.0,s_ma,c_ms,c_ms,interleaved
7,3.3252785e-05,0.0,s_ma,c_ms,c_ma,interleaved
7,4.5304005e-05,0.0,s_ma,c_ms,c_ms,interleaved
7,1.541519e-05,0.0,s_ma,c_ms,c_ms,interleaved
7,0.3682555,0.0,s_ms,c_ms,c_ms,interleaved
7,0.495911,0.0,s_ms,c_ms,c_ma,interleaved
7,0.3631035,0.0,s_ms,c_ms,c_ma,interleaved
7,0.3129341,0.0,s_ms,c_ms,c_ms,interleaved
7,0.30266666,0.0,s_ms,c_ms,c_ma,interleaved
7,2.6827083e-05,0.0,s_ma,c_ma,c_ma,interleaved
7,1.1904239e-05,0.0,s_ma,c_ma,c_ms,interleaved
7,1.2886876e-05,0.0,s_ma,c_ma,c_ms,interleaved
7,1.5522335e-05,0.0,s_ma,c_ma,c_ma,interleaved
7,0.36713177,0.0,s_ms,c_ma,c_ms,interleaved
7,0.38594925,0.0,s_ms,c_ma,c_ma,interleaved
7,0.23799491,0.0,s_ms,c_ma,c_ms,interleaved
7,0.32861626,0.0,s_ms,c_ma,c_ma,interleaved
7,0.50956017,1.0,s_ms,c_ma,c_ms,interleaved
7,0.516338,1.0,s_ms,c_ms,c_ms,interleaved
7,0.4784911,0.0,s_ms,c_ms,c_ma,interleaved
7,0.5450844,1.0,s_ms,c_ms,c_ms,interleaved
7,0.5077314,1.0,s_ms,c_ms,c_ma,interleaved
7,0.4910002,0.0,s_ms,c_ms,c_ma,interleaved
7,6.101408e-05,0.0,s_ma,c_ms,c_ma,interleaved
7,2.1341915e-05,0.0,s_ma,c_ms,c_ms,interleaved
7,6.308999e-06,0.0,s_ma,c_ms,c_ms,interleaved
7,8.120753e-06,0.0,s_ma,c_ms,c_ma,interleaved
7,2.5197302e-05,0.0,s_ma,c_ms,c_ms,interleaved
7,0.52593166,1.0,s_ms,c_ma,c_ms,interleaved
7,0.5126444,1.0,s_ms,c_ma,c_ma,interleaved
7,0.61042964,1.0,s_ms,c_ma,c_ma,interleaved
7,0.42272773,0.0,s_ms,c_ma,c_ms,interleaved
7,0.5046674,1.0,s_ms,c_ma,c_ms,interleaved
7,7.987815e-05,0.0,s_ma,c_ma,c_ms,interleaved
7,3.1909174e-05,0.0,s_ma,c_ma,c_ma,interleaved
7,8.163624e-06,0.0,s_ma,c_ma,c_ms,interleaved
7,1.45821e-05,0.0,s_ma,c_ma,c_ma,interleaved
7,0.44722348,0.0,s_ms,c_ms,c_ma,interleaved
7,0.4516049,0.0,s_ms,c_ms,c_ms,interleaved
7,0.46910217,0.0,s_ms,c_ms,c_ma,interleaved
7,0.47381938,0.0,s_ms,c_ms,c_ms,interleaved
7,0.39437363,0.0,s_ms,c_ms,c_ms,interleaved
7,7.469176e-06,0.0,s_ma,c_ms,c_ms,interleaved
7,1.2108724e-05,0.0,s_ma,c_ms,c_ma,interleaved
7,1.0830615e-06,0.0,s_ma,c_ms,c_ma,interleaved
7,2.9475207e-06,0.0,s_ma,c_ms,c_ms,interleaved
7,2.5814206e-05,0.0,s_ma,c_ms,c_ma,interleaved
7,0.45524687,0.0,s_ms,c_ma,c_ma,interleaved
7,0.5373062,1.0,s_ms,c_ma,c_ms,interleaved
7,0.5762706,1.0,s_ms,c_ma,c_ms,interleaved
7,0.45243037,0.0,s_ms,c_ma,c_ma,interleaved
7,0.49905494,0.0,s_ms,c_ma,c_ma,interleaved
7,7.90364e-05,0.0,s_ma,c_ma,c_ms,interleaved
7,2.6504926e-05,0.0,s_ma,c_ma,c_ms,interleaved
7,5.000208e-06,0.0,s_ma,c_ma,c_ma,interleaved
7,3.644752e-05,0.0,s_ma,c_ma,c_ms,interleaved
7,0.54088104,1.0,s_ms,c_ms,c_ms,interleaved
7,0.6136284,1.0,s_ms,c_ms,c_ma,interleaved
7,0.61151266,1.0,s_ms,c_ms,c_ms,interleaved
7,0.59618974,1.0,s_ms,c_ms,c_ma,interleaved
7,0.50704694,1.0,s_ms,c_ms,c_ma,interleaved
7,0.00018782771,0.0,s_ma,c_ms,c_ma,interleaved
7,4.194888e-05,0.0,s_ma,c_ms,c_ms,interleaved
7,5.6809607e-05,0.0,s_ma,c_ms,c_ms,interleaved
7,7.662182e-06,0.0,s_ma,c_ms,c_ma,interleaved
7,1.8635727e-05,0.0,s_ma,c_ms,c_ms,interleaved
7,0.5627613,1.0,s_ms,c_ma,c_ms,interleaved
7,0.6068934,1.0,s_ms,c_ma,c_ma,interleaved
7,0.6024103,1.0,s_ms,c_ma,c_ma,interleaved
7,0.5038128,1.0,s_ms,c_ma,c_ms,interleaved
7,0.6077112,1.0,s_ms,c_ma,c_ms,interleaved
7,3.337993e-05,0.0,s_ma,c_ma,c_ma,interleaved
7,2.5846752e-05,0.0,s_ma,c_ma,c_ms,interleaved
7,1.0999439e-05,0.0,s_ma,c_ma,c_ms,interleaved
7,1.4173981e-05,0.0,s_ma,c_ma,c_ma,interleaved
7,0.53233904,1.0,s_ms,c_ms,c_ma,interleaved
7,0.4783495,0.0,s_ms,c_ms,c_ms,interleaved
7,0.61998534,1.0,s_ms,c_ms,c_ma,interleaved
7,0.45834607,0.0,s_ms,c_ms,c_ms,interleaved
7,0.44996625,0.0,s_ms,c_ms,c_ms,interleaved
7,7.2976116e-05,0.0,s_ma,c_ms,c_ms,interleaved
7,1.21968915e-05,0.0,s_ma,c_ms,c_ma,interleaved
7,1.5403128e-06,0.0,s_ma,c_ms,c_ma,interleaved
7,2.182551e-06,0.0,s_ma,c_ms,c_ms,interleaved
7,1.2025918e-05,0.0,s_ma,c_ms,c_ma,interleaved
7,0.52105105,1.0,s_ms,c_ma,c_ma,interleaved
7,0.52013713,1.0,s_ms,c_ma,c_ms,interleaved
7,0.504199,1.0,s_ms,c_ma,c_ms,interleaved
7,0.50637645,1.0,s_ms,c_ma,c_ma,interleaved
7,0.5392039,1.0,s_ms,c_ma,c_ma,interleaved
7,7.812225e-06,0.0,s_ma,c_ma,c_ms,interleaved
7,5.0404324e-06,0.0,s_ma,c_ma,c_ma,interleaved
7,1.1299755e-05,0.0,s_ma,c_ma,c_ms,interleaved
7,8.685551e-07,0.0,s_ma,c_ma,c_ms,interleaved
7,0.3828709,0.0,s_ms,c_ms,c_ms,interleaved
7,0.30672035,0.0,s_ms,c_ms,c_ma,interleaved
7,0.4786151,0.0,s_ms,c_ms,c_ms,interleaved
7,0.45158523,0.0,s_ms,c_ms,c_ma,interleaved
7,0.35014307,0.0,s_ms,c_ms,c_ma,interleaved
7,2.0849602e-05,0.0,s_ma,c_ms,c_ma,interleaved
7,2.257183e-05,0.0,s_ma,c_ms,c_ms,interleaved
7,4.902248e-06,0.0,s_ma,c_ms,c_ms,interleaved
7,2.445977e-06,0.0,s_ma,c_ms,c_ma,interleaved
7,9.112507e-05,0.0,s_ma,c_ms,c_ms,interleaved
7,0.3139434,0.0,s_ms,c_ma,c_ms,interleaved
7,0.58120763,1.0,s_ms,c_ma,c_ma,interleaved
7,0.47595757,0.0,s_ms,c_ma,c_ma,interleaved
7,0.44198078,0.0,s_ms,c_ma,c_ms,interleaved
7,0.3427251,0.0,s_ms,c_ma,c_ms,interleaved
7,1.460022e-05,0.0,s_ma,c_ma,c_ma,interleaved
7,3.672705e-05,0.0,s_ma,c_ma,c_ms,interleaved
7,1.4486273e-05,0.0,s_ma,c_ma,c_ma,interleaved
7,8.3602697e-07,0.0,s_ma,c_ma,c_ms,interleaved
7,1.8659705e-06,0.0,s_ma,c_ma,c_ms,random
7,1.3602896e-05,0.0,s_ma,c_ma,c_ma,random
7,2.9665152e-05,0.0,s_ma,c_ma,c_ms,random
7,7.2741386e-05,0.0,s_ma,c_ma,c_ms,random
7,0.27372324,0.0,s_ms,c_ma,c_ms,random
7,0.4702814,0.0,s_ms,c_ma,c_ma,random
7,0.3076644,0.0,s_ms,c_ma,c_ma,random
7,0.28656852,0.0,s_ms,c_ma,c_ms,random
7,0.24955176,0.0,s_ms,c_ma,c_ma,random
7,6.9066527e-06,0.0,s_ma,c_ms,c_ma,random
7,4.6447253e-06,0.0,s_ma,c_ms,c_ms,random
7,6.635834e-05,0.0,s_ma,c_ms,c_ms,random
7,1.0618601e-06,0.0,s_ma,c_ms,c_ma,random
7,6.5346653e-06,0.0,s_ma,c_ms,c_ma,random
7,0.2699953,0.0,s_ms,c_ms,c_ms,random
7,0.32831964,0.0,s_ms,c_ms,c_ma,random
7,0.2166534,0.0,s_ms,c_ms,c_ms,random
7,0.22037965,0.0,s_ms,c_ms,c_ma,random
7,0.38843265,0.0,s_ms,c_ms,c_ms,random
7,1.8936512e-06,0.0,s_ma,c_ma,c_ms,random
7,6.467502e-06,0.0,s_ma,c_ma,c_ms,random
7,7.0476012e-06,0.0,s_ma,c_ma,c_ma,random
7,0.00011848465,0.0,s_ma,c_ma,c_ma,random
7,0.36758858,0.0,s_ms,c_ma,c_ma,random
7,0.48640916,0.0,s_ms,c_ma,c_ms,random
7,0.28733146,0.0,s_ms,c_ma,c_ms,random
7,0.25672913,0.0,s_ms,c_ma,c_ma,random
7,0.26800898,0.0,s_ms,c_ma,c_ms,random
7,5.670381e-06,0.0,s_ma,c_ms,c_ms,random
7,5.133154e-06,0.0,s_ma,c_ms,c_ma,random
7,2.3479368e-05,0.0,s_ma,c_ms,c_ma,random
7,3.3331687e-06,0.0,s_ma,c_ms,c_ms,random
7,1.9360145e-05,0.0,s_ma,c_ms,c_ms,random
7,0.3195542,0.0,s_ms,c_ms,c_ma,random
7,0.37714037,0.0,s_ms,c_ms,c_ms,random
7,0.22354679,0.0,s_ms,c_ms,c_ma,random
7,0.29500002,0.0,s_ms,c_ms,c_ms,random
7,0.43928266,0.0,s_ms,c_ms,c_ma,random
7,1.4417995e-05,0.0,s_ma,c_ma,c_ma,random
7,7.351788e-06,0.0,s_ma,c_ma,c_ms,random
7,0.00011278779,0.0,s_ma,c_ma,c_ms,random
7,6.365293e-05,0.0,s_ma,c_ma,c_ms,random
7,0.2765238,0.0,s_ms,c_ma,c_ms,random
7,0.34843868,0.0,s_ms,c_ma,c_ma,random
7,0.2604497,0.0,s_ms,c_ma,c_ma,random
7,0.41171935,0.0,s_ms,c_ma,c_ms,random
7,0.34216112,0.0,s_ms,c_ma,c_ma,random
7,8.945693e-05,0.0,s_ma,c_ms,c_ma,random
7,3.7057227e-05,0.0,s_ma,c_ms,c_ms,random
7,4.1271785e-05,0.0,s_ma,c_ms,c_ms,random
7,2.4134431e-05,0.0,s_ma,c_ms,c_ma,random
7,3.378414e-05,0.0,s_ma,c_ms,c_ma,random
7,0.28608721,0.0,s_ms,c_ms,c_ms,random
7,0.3949282,0.0,s_ms,c_ms,c_ma,random
7,0.24930286,0.0,s_ms,c_ms,c_ms,random
7,0.23737934,0.0,s_ms,c_ms,c_ma,random
7,0.35298592,0.0,s_ms,c_ms,c_ms,random
7,3.122074e-05,0.0,s_ma,c_ma,c_ms,random
7,6.741467e-06,0.0,s_ma,c_ma,c_ma,random
7,0.00011243231,0.0,s_ma,c_ma,c_ms,random
7,4.987282e-05,0.0,s_ma,c_ma,c_ma,random
7,0.29942325,0.0,s_ms,c_ma,c_ma,random
7,0.39264607,0.0,s_ms,c_ma,c_ms,random
7,0.27939966,0.0,s_ms,c_ma,c_ms,random
7,0.3571058,0.0,s_ms,c_ma,c_ma,random
7,0.3216012,0.0,s_ms,c_ma,c_ms,random
7,3.810518e-05,0.0,s_ma,c_ms,c_ms,random
7,9.436896e-06,0.0,s_ma,c_ms,c_ma,random
7,2.685337e-05,0.0,s_ma,c_ms,c_ma,random
7,1.3265586e-05,0.0,s_ma,c_ms,c_ms,random
7,4.1458876e-05,0.0,s_ma,c_ms,c_ms,random
7,0.33316207,0.0,s_ms,c_ms,c_ma,random
7,0.38790828,0.0,s_ms,c_ms,c_ms,random
7,0.24770541,0.0,s_ms,c_ms,c_ma,random
7,0.3749752,0.0,s_ms,c_ms,c_ms,random
7,0.39673322,0.0,s_ms,c_ms,c_ma,random
7,8.4827116e-05,0.0,s_ma,c_ma,c_ms,random
7,0.00011911118,0.0,s_ma,c_ma,c_ma,random
7,7.08472e-05,0.0,s_ma,c_ma,c_ms,random
7,5.208487e-05,0.0,s_ma,c_ma,c_ma,random
7,0.34101537,0.0,s_ms,c_ma,c_ma,random
7,0.54539394,1.0,s_ms,c_ma,c_ms,random
7,0.18459675,0.0,s_ms,c_ma,c_ms,random
7,0.40273088,0.0,s_ms,c_ma,c_ma,random
7,0.2605058,0.0,s_ms,c_ma,c_ms,random
7,0.00014980532,0.0,s_ma,c_ms,c_ms,random
7,4.726614e-05,0.0,s_ma,c_ms,c_ma,random
7,6.951728e-05,0.0,s_ma,c_ms,c_ma,random
7,3.3415075e-05,0.0,s_ma,c_ms,c_ms,random
7,1.4056086e-05,0.0,s_ma,c_ms,c_ms,random
7,0.2918034,0.0,s_ms,c_ms,c_ma,random
7,0.37237975,0.0,s_ms,c_ms,c_ms,random
7,0.2503069,0.0,s_ms,c_ms,c_ma,random
7,0.2767203,0.0,s_ms,c_ms,c_ms,random
7,0.38067964,0.0,s_ms,c_ms,c_ma,random
7,0.56623846,1.0,s_ms,c_ma,c_ms,random
7,0.46462148,0.0,s_ms,c_ma,c_ma,random
7,0.55041635,1.0,s_ms,c_ma,c_ms,random
7,0.5087924,1.0,s_ms,c_ma,c_ma,random
7,0.5292904,1.0,s_ms,c_ma,c_ma,random
7,7.350214e-05,0.0,s_ma,c_ma,c_ms,random
7,3.471681e-05,0.0,s_ma,c_ma,c_ms,random
7,2.1393995e-05,0.0,s_ma,c_ma,c_ma,random
7,0.00015438013,0.0,s_ma,c_ma,c_ms,random
7,0.3081777,0.0,s_ms,c_ms,c_ms,random
7,0.42091137,0.0,s_ms,c_ms,c_ma,random
7,0.44085205,0.0,s_ms,c_ms,c_ma,random
7,0.42218968,0.0,s_ms,c_ms,c_ms,random
7,0.41226846,0.0,s_ms,c_ms,c_ms,random
7,5.1129686e-05,0.0,s_ma,c_ms,c_ma,random
7,6.8145378e-06,0.0,s_ma,c_ms,c_ms,random
7,0.00015808358,0.0,s_ma,c_ms,c_ma,random
7,6.592127e-05,0.0,s_ma,c_ms,c_ms,random
7,2.0319836e-05,0.0,s_ma,c_ms,c_ma,random
7,0.31246638,0.0,s_ms,c_ma,c_ma,random
7,0.3002948,0.0,s_ms,c_ma,c_ms,random
7,0.45581907,0.0,s_ms,c_ma,c_ma,random
7,0.378608,0.0,s_ms,c_ma,c_ms,random
7,0.27300385,0.0,s_ms,c_ma,c_ms,random
7,6.837576e-05,0.0,s_ma,c_ma,c_ms,random
7,3.1807147e-05,0.0,s_ma,c_ma,c_ma,random
7,3.4691126e-05,0.0,s_ma,c_ma,c_ms,random
7,7.455456e-05,0.0,s_ma,c_ma,c_ma,random
7,0.20659897,0.0,s_ms,c_ms,c_ma,random
7,0.34252352,0.0,s_ms,c_ms,c_ms,random
7,0.26777676,0.0,s_ms,c_ms,c_ms,random
7,0.28774428,0.0,s_ms,c_ms,c_ma,random
7,0.27009234,0.0,s_ms,c_ms,c_ma,random
7,1.6155867e-05,0.0,s_ma,c_ms,c_ms,random
7,1.0381445e-05,0.0,s_ma,c_ms,c_ma,random
7,3.7419693e-05,0.0,s_ma,c_ms,c_ms,random
7,1.1481954e-05,0.0,s_ma,c_ms,c_ma,random
7,2.0227266e-05,0.0,s_ma,c_ms,c_ms,random
7,0.5122409,1.0,s_ms,c_ma,c_ma,random
7,0.51061934,1.0,s_ms,c_ma,c_ms,random
7,0.59199727,1.0,s_ms,c_ma,c_ma,random
7,0.4717588,0.0,s_ms,c_ma,c_ms,random
7,0.56895673,1.0,s_ms,c_ma,c_ms,random
7,3.3904562e-05,0.0,s_ma,c_ma,c_ms,random
7,3.135447e-05,0.0,s_ma,c_ma,c_ma,random
7,6.310139e-06,0.0,s_ma,c_ma,c_ms,random
7,6.0418355e-05,0.0,s_ma,c_ma,c_ma,random
7,0.44493762,0.0,s_ms,c_ms,c_ma,random
7,0.4815001,0.0,s_ms,c_ms,c_ms,random
7,0.6236707,1.0,s_ms,c_ms,c_ms,random
7,0.52966356,1.0,s_ms,c_ms,c_ma,random
7,0.43617353,0.0,s_ms,c_ms,c_ma,random
7,5.68635e-06,0.0,s_ma,c_ms,c_ms,random
7,1.0288957e-06,0.0,s_ma,c_ms,c_ma,random
7,4.757413e-05,0.0,s_ma,c_ms,c_ms,random
7,1.4559857e-06,0.0,s_ma,c_ms,c_ma,random
7,4.669831e-06,0.0,s_ma,c_ms,c_ms,random
7,0.5241687,1.0,s_ms,c_ma,c_ms,random
7,0.55431557,1.0,s_ms,c_ma,c_ma,random
7,0.43560264,0.0,s_ms,c_ma,c_ms,random
7,0.5046272,1.0,s_ms,c_ma,c_ma,random
7,0.3497131,0.0,s_ms,c_ma,c_ma,random
7,2.3389686e-05,0.0,s_ma,c_ma,c_ma,random
7,3.3010318e-05,0.0,s_ma,c_ma,c_ms,random
7,6.485777e-06,0.0,s_ma,c_ma,c_ms,random
7,7.0566406e-05,0.0,s_ma,c_ma,c_ms,random
7,0.44782645,0.0,s_ms,c_ms,c_ms,random
7,0.5783965,1.0,s_ms,c_ms,c_ma,random
7,0.51128423,1.0,s_ms,c_ms,c_ma,random
7,0.5172573,1.0,s_ms,c_ms,c_ms,random
7,0.5262626,1.0,s_ms,c_ms,c_ms,random
7,6.6024895e-06,0.0,s_ma,c_ms,c_ma,random
7,2.8842717e-06,0.0,s_ma,c_ms,c_ms,random
7,7.009794e-06,0.0,s_ma,c_ms,c_ma,random
7,2.2376516e-06,0.0,s_ma,c_ms,c_ms,random
7,2.170129e-06,0.0,s_ma,c_ms,c_ma,random
7,0.53377676,1.0,s_ms,c_ma,c_ma,random
7,0.5810952,1.0,s_ms,c_ma,c_ms,random
7,0.50599885,1.0,s_ms,c_ma,c_ma,random
7,0.5385242,1.0,s_ms,c_ma,c_ms,random
7,0.5891175,1.0,s_ms,c_ma,c_ms,random
7,0.00015026188,0.0,s_ma,c_ma,c_ms,random
7,7.856854e-05,0.0,s_ma,c_ma,c_ma,random
7,6.6655666e-05,0.0,s_ma,c_ma,c_ma,random
7,8.221861e-05,0.0,s_ma,c_ma,c_ms,random
7,0.4443942,0.0,s_ms,c_ms,c_ma,random
7,0.5824682,1.0,s_ms,c_ms,c_ms,random
7,0.5595443,1.0,s_ms,c_ms,c_ms,random
7,0.5779536,1.0,s_ms,c_ms,c_ma,random
7,0.57450104,1.0,s_ms,c_ms,c_ma,random
7,2.4138975e-05,0.0,s_ma,c_ms,c_ms,random
7,2.9772153e-05,0.0,s_ma,c_ms,c_ma,random
7,1.9244364e-05,0.0,s_ma,c_ms,c_ms,random
7,1.3567802e-05,0.0,s_ma,c_ms,c_ma,random
7,9.5257936e-05,0.0,s_ma,c_ms,c_ms,random
7,7.847868e-06,0.0,s_ma,c_ms,c_ma,random
7,6.307621e-06,0.0,s_ma,c_ms,c_ms,random
7,8.721671e-05,0.0,s_ma,c_ms,c_ma,random
7,3.575509e-05,0.0,s_ma,c_ms,c_ms,random
7,0.00017784396,0.0,s_ma,c_ms,c_ms,random
7,0.42001367,0.0,s_ms,c_ms,c_ms,random
7,0.58602226,1.0,s_ms,c_ms,c_ma,random
7,0.38702717,0.0,s_ms,c_ms,c_ma,random
7,0.39042276,0.0,s_ms,c_ms,c_ms,random
7,0.39221716,0.0,s_ms,c_ms,c_ma,random
7,6.3148764e-05,0.0,s_ma,c_ma,c_ms,random
7,2.9895932e-06,0.0,s_ma,c_ma,c_ms,random
7,6.11791e-06,0.0,s_ma,c_ma,c_ma,random
7,2.6049462e-05,0.0,s_ma,c_ma,c_ma,random
7,0.34840798,0.0,s_ms,c_ma,c_ms,random
7,0.42643306,0.0,s_ms,c_ma,c_ma,random
7,0.27742904,0.0,s_ms,c_ma,c_ms,random
7,0.31824392,0.0,s_ms,c_ma,c_ma,random
7,0.5213952,1.0,s_ms,c_ma,c_ms,random
7,5.0261965e-06,0.0,s_ma,c_ms,c_ms,random
7,4.978393e-06,0.0,s_ma,c_ms,c_ma,random
7,3.858704e-05,0.0,s_ma,c_ms,c_ms,random
7,9.358477e-06,0.0,s_ma,c_ms,c_ma,random
7,5.2709493e-05,0.0,s_ma,c_ms,c_ma,random
7,0.3450765,0.0,s_ms,c_ms,c_ma,random
7,0.4177934,0.0,s_ms,c_ms,c_ms,random
7,0.3354451,0.0,s_ms,c_ms,c_ms,random
7,0.25816894,0.0,s_ms,c_ms,c_ma,random
7,0.28853697,0.0,s_ms,c_ms,c_ms,random
7,5.9650913e-05,0.0,s_ma,c_ma,c_ms,random
7,1.6509108e-06,0.0,s_ma,c_ma,c_ma,random
7,6.4393507e-06,0.0,s_ma,c_ma,c_ms,random
7,9.756015e-06,0.0,s_ma,c_ma,c_ms,random
7,0.31253108,0.0,s_ms,c_ma,c_ma,random
7,0.32207257,0.0,s_ms,c_ma,c_ms,random
7,0.24008447,0.0,s_ms,c_ma,c_ma,random
7,0.3259791,0.0,s_ms,c_ma,c_ms,random
7,0.29182088,0.0,s_ms,c_ma,c_ma,random
7,8.005232e-05,0.0,s_ma,c_ms,c_ms,random
7,2.5111745e-05,0.0,s_ma,c_ms,c_ma,random
7,4.0593946e-05,0.0,s_ma,c_ms,c_ms,random
7,2.5961135e-05,0.0,s_ma,c_ms,c_ma,random
7,6.964531e-05,0.0,s_ma,c_ms,c_ma,random
7,0.28923616,0.0,s_ms,c_ms,c_ma,random
7,0.4426871,0.0,s_ms,c_ms,c_ms,random
7,0.18953112,0.0,s_ms,c_ms,c_ms,random
7,0.28016946,0.0,s_ms,c_ms,c_ma,random
7,0.29016742,0.0,s_ms,c_ms,c_ms,random
7,2.9205928e-06,0.0,s_ma,c_ma,c_ms,random
7,1.5987708e-06,0.0,s_ma,c_ma,c_ma,random
7,4.665456e-06,0.0,s_ma,c_ma,c_ms,random
7,1.2435395e-05,0.0,s_ma,c_ma,c_ms,random
7,0.2546458,0.0,s_ms,c_ma,c_ma,random
7,0.3119019,0.0,s_ms,c_ma,c_ms,random
7,0.22788426,0.0,s_ms,c_ma,c_ma,random
7,0.3404187,0.0,s_ms,c_ma,c_ms,random
7,0.35616142,0.0,s_ms,c_ma,c_ma,random
7,1.2814608e-06,0.0,s_ma,c_ms,c_ma,random
7,3.6452177e-06,0.0,s_ma,c_ms,c_ms,random
7,2.2053016e-05,0.0,s_ma,c_ms,c_ma,random
7,1.33225085e-05,0.0,s_ma,c_ms,c_ms,random
7,3.866836e-05,0.0,s_ma,c_ms,c_ms,random
7,0.3405372,0.0,s_ms,c_ms,c_ms,random
7,0.47800392,0.0,s_ms,c_ms,c_ma,random
7,0.28295535,0.0,s_ms,c_ms,c_ma,random
7,0.32578504,0.0,s_ms,c_ms,c_ms,random
7,0.2692101,0.0,s_ms,c_ms,c_ma,random
7,6.087237e-06,0.0,s_ma,c_ma,c_ma,random
7,6.368081e-06,0.0,s_ma,c_ma,c_ms,random
7,4.543298e-06,0.0,s_ma,c_ma,c_ms,random
7,1.4044159e-05,0.0,s_ma,c_ma,c_ma,random
7,0.41441697,0.0,s_ms,c_ma,c_ms,random
7,0.44544128,0.0,s_ms,c_ma,c_ma,random
7,0.29364777,0.0,s_ms,c_ma,c_ms,random
7,0.35898808,0.0,s_ms,c_ma,c_ma,random
7,0.41552407,0.0,s_ms,c_ma,c_ms,random
7,7.838243e-06,0.0,s_ma,c_ms,c_ma,random
7,2.1853788e-05,0.0,s_ma,c_ms,c_ms,random
7,3.31481e-05,0.0,s_ma,c_ms,c_ma,random
7,4.564841e-05,0.0,s_ma,c_ms,c_ms,random
7,1.524504e-05,0.0,s_ma,c_ms,c_ms,random
7,0.36897793,0.0,s_ms,c_ms,c_ms,random
7,0.49636188,0.0,s_ms,c_ms,c_ma,random
7,0.36523497,0.0,s_ms,c_ms,c_ma,random
7,0.31688344,0.0,s_ms,c_ms,c_ms,random
7,0.30446166,0.0,s_ms,c_ms,c_ma,random
7,2.636988e-05,0.0,s_ma,c_ma,c_ma,random
7,1.1594525e-05,0.0,s_ma,c_ma,c_ms,random
7,1.3013642e-05,0.0,s_ma,c_ma,c_ms,random
7,1.5398884e-05,0.0,s_ma,c_ma,c_ma,random
7,0.37018257,0.0,s_ms,c_ma,c_ms,random
7,0.38628334,0.0,s_ms,c_ma,c_ma,random
7,0.239846,0.0,s_ms,c_ma,c_ms,random
7,0.32958496,0.0,s_ms,c_ma,c_ma,random
7,0.5095811,1.0,s_ms,c_ma,c_ms,random
7,0.51730096,1.0,s_ms,c_ms,c_ms,random
7,0.47852066,0.0,s_ms,c_ms,c_ma,random
7,0.5438781,1.0,s_ms,c_ms,c_ms,random
7,0.50306106,1.0,s_ms,c_ms,c_ma,random
7,0.49046475,0.0,s_ms,c_ms,c_ma,random
7,5.9699523e-05,0.0,s_ma,c_ms,c_ma,random
7,2.1163009e-05,0.0,s_ma,c_ms,c_ms,random
7,6.0737966e-06,0.0,s_ma,c_ms,c_ms,random
7,7.951281e-06,0.0,s_ma,c_ms,c_ma,random
7,2.4840225e-05,0.0,s_ma,c_ms,c_ms,random
7,0.523702,1.0,s_ms,c_ma,c_ms,random
7,0.51131463,1.0,s_ms,c_ma,c_ma,random
7,0.6083719,1.0,s_ms,c_ma,c_ma,random
7,0.41919684,0.0,s_ms,c_ma,c_ms,random
7,0.5010405,1.0,s_ms,c_ma,c_ms,random
7,7.793991e-05,0.0,s_ma,c_ma,c_ms,random
7,3.05816e-05,0.0,s_ma,c_ma,c_ma,random
7,8.04155e-06,0.0,s_ma,c_ma,c_ms,random
7,1.442507e-05,0.0,s_ma,c_ma,c_ma,random
7,0.4476083,0.0,s_ms,c_ms,c_ma,random
7,0.4516402,0.0,s_ms,c_ms,c_ms,random
7,0.46812934,0.0,s_ms,c_ms,c_ma,random
7,0.47228104,0.0,s_ms,c_ms,c_ms,random
7,0.3932256,0.0,s_ms,c_ms,c_ms,random
7,7.111592e-06,0.0,s_ma,c_ms,c_ms,random
7,1.1512855e-05,0.0,s_ma,c_ms,c_ma,random
7,1.0249805e-06,0.0,s_ma,c_ms,c_ma,random
7,2.8890365e-06,0.0,s_ma,c_ms,c_ms,random
7,2.4926057e-05,0.0,s_ma,c_ms,c_ma,random
7,0.45448315,0.0,s_ms,c_ma,c_ma,random
7,0.53603005,1.0,s_ms,c_ma,c_ms,random
7,0.57516086,1.0,s_ms,c_ma,c_ms,random
7,0.45245832,0.0,s_ms,c_ma,c_ma,random
7,0.49826548,0.0,s_ms,c_ma,c_ma,random
7,7.686257e-05,0.0,s_ma,c_ma,c_ms,random
7,2.5652778e-05,0.0,s_ma,c_ma,c_ms,random
7,4.9164773e-06,0.0,s_ma,c_ma,c_ma,random
7,3.547091e-05,0.0,s_ma,c_ma,c_ms,random
7,0.54147184,1.0,s_ms,c_ms,c_ms,random
7,0.6138959,1.0,s_ms,c_ms,c_ma,random
7,0.611114,1.0,s_ms,c_ms,c_ms,random
7,0.59354424,1.0,s_ms,c_ms,c_ma,random
7,0.5075727,1.0,s_ms,c_ms,c_ma,random
7,0.00018252357,0.0,s_ma,c_ms,c_ma,random
7,4.0578423e-05,0.0,s_ma,c_ms,c_ms,random
7,5.519984e-05,0.0,s_ma,c_ms,c_ms,random
7,7.4245304e-06,0.0,s_ma,c_ms,c_ma,random
7,1.7990897e-05,0.0,s_ma,c_ms,c_ms,random
7,0.56087184,1.0,s_ms,c_ma,c_ms,random
7,0.6054425,1.0,s_ms,c_ma,c_ma,random
7,0.6005626,1.0,s_ms,c_ma,c_ma,random
7,0.50243735,1.0,s_ms,c_ma,c_ms,random
7,0.6061518,1.0,s_ms,c_ma,c_ms,random
7,3.1934047e-05,0.0,s_ma,c_ma,c_ma,random
7,2.5215639e-05,0.0,s_ma,c_ma,c_ms,random
7,1.0668301e-05,0.0,s_ma,c_ma,c_ms,random
7,1.3695702e-05,0.0,s_ma,c_ma,c_ma,random
7,0.5331167,1.0,s_ms,c_ms,c_ma,random
7,0.48020113,0.0,s_ms,c_ms,c_ms,random
7,0.6195031,1.0,s_ms,c_ms,c_ma,random
7,0.45647508,0.0,s_ms,c_ms,c_ms,random
7,0.45004198,0.0,s_ms,c_ms,c_ms,random
7,7.1410286e-05,0.0,s_ma,c_ms,c_ms,random
7,1.1780128e-05,0.0,s_ma,c_ms,c_ma,random
7,1.5435065e-06,0.0,s_ma,c_ms,c_ma,random
7,2.1237795e-06,0.0,s_ma,c_ms,c_ms,random
7,1.14487575e-05,0.0,s_ma,c_ms,c_ma,random
7,0.519794,1.0,s_ms,c_ma,c_ma,random
7,0.51920784,1.0,s_ms,c_ma,c_ms,random
7,0.5054929,1.0,s_ms,c_ma,c_ms,random
7,0.5050434,1.0,s_ms,c_ma,c_ma,random
7,0.5380595,1.0,s_ms,c_ma,c_ma,random
7,7.646842e-06,0.0,s_ma,c_ma,c_ms,random
7,4.8989946e-06,0.0,s_ma,c_ma,c_ma,random
7,1.0888661e-05,0.0,s_ma,c_ma,c_ms,random
7,8.5520037e-07,0.0,s_ma,c_ma,c_ms,random
7,0.38461924,0.0,s_ms,c_ms,c_ms,random
7,0.30995464,0.0,s_ms,c_ms,c_ma,random
7,0.47814277,0.0,s_ms,c_ms,c_ms,random
7,0.44940305,0.0,s_ms,c_ms,c_ma,random
7,0.35019365,0.0,s_ms,c_ms,c_ma,random
7,2.0249734e-05,0.0,s_ma,c_ms,c_ma,random
7,2.1914631e-05,0.0,s_ma,c_ms,c_ms,random
7,4.7244607e-06,0.0,s_ma,c_ms,c_ms,random
7,2.389271e-06,0.0,s_ma,c_ms,c_ma,random
7,9.025929e-05,0.0,s_ma,c_ms,c_ms,random
7,0.31395453,0.0,s_ms,c_ma,c_ms,random
7,0.5817523,1.0,s_ms,c_ma,c_ma,random
7,0.47469473,0.0,s_ms,c_ma,c_ma,random
7,0.44118172,0.0,s_ms,c_ma,c_ms,random
7,0.3428352,0.0,s_ms,c_ma,c_ms,random
7,1.4442238e-05,0.0,s_ma,c_ma,c_ma,random
7,3.6025158e-05,0.0,s_ma,c_ma,c_ms,random
7,1.3947342e-05,0.0,s_ma,c_ma,c_ma,random
7,8.1889993e-07,0.0,s_ma,c_ma,c_ms,random
8,5.0293306e-07,0.0,s_ma,c_ma,c_ms,blocked
8,4.1367866e-06,0.0,s_ma,c_ma,c_ma,blocked
8,1.5250081e-06,0.0,s_ma,c_ma,c_ms,blocked
8,1.2794767e-06,0.0,s_ma,c_ma,c_ms,blocked
8,0.37093332,0.0,s_ms,c_ma,c_ms,blocked
8,0.31562445,0.0,s_ms,c_ma,c_ma,blocked
8,0.41286415,0.0,s_ms,c_ma,c_ma,blocked
8,0.34000608,0.0,s_ms,c_ma,c_ms,blocked
8,0.33174735,0.0,s_ms,c_ma,c_ma,blocked
8,1.7440021e-06,0.0,s_ma,c_ms,c_ma,blocked
8,1.3763218e-06,0.0,s_ma,c_ms,c_ms,blocked
8,1.9865543e-06,0.0,s_ma,c_ms,c_ms,blocked
8,1.4798944e-06,0.0,s_ma,c_ms,c_ma,blocked
8,7.4786853e-06,0.0,s_ma,c_ms,c_ma,blocked
8,0.3663761,0.0,s_ms,c_ms,c_ms,blocked
8,0.37743205,0.0,s_ms,c_ms,c_ma,blocked
8,0.3039329,0.0,s_ms,c_ms,c_ms,blocked
8,0.3683803,0.0,s_ms,c_ms,c_ma,blocked
8,0.4231333,0.0,s_ms,c_ms,c_ms,blocked
8,4.292193e-07,0.0,s_ma,c_ma,c_ms,blocked
8,8.964122e-06,0.0,s_ma,c_ma,c_ms,blocked
8,1.1498361e-07,0.0,s_ma,c_ma,c_ma,blocked
8,2.5422604e-09,0.0,s_ma,c_ma,c_ma,blocked
8,0.57383883,1.0,s_ms,c_ma,c_ma,blocked
8,0.42846256,0.0,s_ms,c_ma,c_ms,blocked
8,0.6503856,1.0,s_ms,c_ma,c_ms,blocked
8,0.46637845,0.0,s_ms,c_ma,c_ma,blocked
8,0.24954279,0.0,s_ms,c_ma,c_ms,blocked
8,4.3186887e-08,0.0,s_ma,c_ms,c_ms,blocked
8,5.566508e-06,0.0,s_ma,c_ms,c_ma,blocked
8,1.4170252e-05,0.0,s_ma,c_ms,c_ma,blocked
8,8.1850736e-08,0.0,s_ma,c_ms,c_ms,blocked
8,5.1811367e-07,0.0,s_ma,c_ms,c_ms,blocked
8,0.375116,0.0,s_ms,c_ms,c_ma,blocked
8,0.30789816,0.0,s_ms,c_ms,c_ms,blocked
8,0.4447785,0.0,s_ms,c_ms,c_ma,blocked
8,0.4326984,0.0,s_ms,c_ms,c_ms,blocked
8,0.42738625,0.0,s_ms,c_ms,c_ma,blocked
8,4.2454512e-06,0.0,s_ma,c_ma,c_ma,blocked
8,1.1037558e-05,0.0,s_ma,c_ma,c_ms,blocked
8,1.6641861e-06,0.0,s_ma,c_ma,c_ms,blocked
8,6.718019e-07,0.0,s_ma,c_ma,c_ms,blocked
8,0.36925527,0.0,s_ms,c_ma,c_ms,blocked
8,0.33845675,0.0,s_ms,c_ma,c_ma,blocked
8,0.43366274,0.0,s_ms,c_ma,c_ma,blocked
8,0.35656947,0.0,s_ms,c_ma,c_ms,blocked
8,0.32731006,0.0,s_ms,c_ma,c_ma,blocked
8,2.125887e-06,0.0,s_ma,c_ms,c_ma,blocked
8,4.406783e-06,0.0,s_ma,c_ms,c_ms,blocked
8,0.00013199812,0.0,s_ma,c_ms,c_ms,blocked
8,7.0545307e-06,0.0,s_ma,c_ms,c_ma,blocked
8,6.371514e-06,0.0,s_ma,c_ms,c_ma,blocked
8,0.3072267,0.0,s_ms,c_ms,c_ms,blocked
8,0.27212363,0.0,s_ms,c_ms,c_ma,blocked
8,0.38677257,0.0,s_ms,c_ms,c_ms,blocked
8,0.26400572,0.0,s_ms,c_ms,c_ma,blocked
8,0.27002782,0.0,s_ms,c_ms,c_ms,blocked
8,1.4725299e-06,0.0,s_ma,c_ma,c_ms,blocked
8,1.2404792e-07,0.0,s_ma,c_ma,c_ma,blocked
8,1.766994e-06,0.0,s_ma,c_ma,c_ms,blocked
8,1.3668938e-07,0.0,s_ma,c_ma,c_ma,blocked
8,0.501785,1.0,s_ms,c_ma,c_ma,blocked
8,0.45279247,0.0,s_ms,c_ma,c_ms,blocked
8,0.49971396,0.0,s_ms,c_ma,c_ms,blocked
8,0.51558274,1.0,s_ms,c_ma,c_ma,blocked
8,0.41844696,0.0,s_ms,c_ma,c_ms,blocked
8,2.741635e-06,0.0,s_ma,c_ms,c_ms,blocked
8,1.7640847e-06,0.0,s_ma,c_ms,c_ma,blocked
8,1.5629439e-06,0.0,s_ma,c_ms,c_ma,blocked
8,3.0598655e-06,0.0,s_ma,c_ms,c_ms,blocked
8,8.046418e-06,0.0,s_ma,c_ms,c_ms,blocked
8,0.40966517,0.0,s_ms,c_ms,c_ma,blocked
8,0.38007987,0.0,s_ms,c_ms,c_ms,blocked
8,0.38349748,0.0,s_ms,c_ms,c_ma,blocked
8,0.37425143,0.0,s_ms,c_ms,c_ms,blocked
8,0.4814069,0.0,s_ms,c_ms,c_ma,blocked
8,1.2299832e-06,0.0,s_ma,c_ma,c_ms,blocked
8,2.700468e-09,0.0,s_ma,c_ma,c_ma,blocked
8,6.266353e-07,0.0,s_ma,c_ma,c_ms,blocked
8,1.2418161e-07,0.0,s_ma,c_ma,c_ma,blocked
8,0.52102005,1.0,s_ms,c_ma,c_ma,blocked
8,0.35170722,0.0,s_ms,c_ma,c_ms,blocked
8,0.4629858,0.0,s_ms,c_ma,c_ms,blocked
8,0.32062253,0.0,s_ms,c_ma,c_ma,blocked
8,0.2741676,0.0,s_ms,c_ma,c_ms,blocked
8,2.5868878e-06,0.0,s_ma,c_ms,c_ms,blocked
8,3.912475e-06,0.0,s_ma,c_ms,c_ma,blocked
8,5.0166346e-07,0.0,s_ma,c_ms,c_ma,blocked
8,1.4410617e-06,0.0,s_ma,c_ms,c_ms,blocked
8,1.4544414e-06,0.0,s_ma,c_ms,c_ms,blocked
8,0.38569933,0.0,s_ms,c_ms,c_ma,blocked
8,0.22965433,0.0,s_ms,c_ms,c_ms,blocked
8,0.27544993,0.0,s_ms,c_ms,c_ma,blocked
8,0.3617798,0.0,s_ms,c_ms,c_ms,blocked
8,0.2851105,0.0,s_ms,c_ms,c_ma,blocked
8,0.3637984,0.0,s_ms,c_ma,c_ms,blocked
8,0.23823982,0.0,s_ms,c_ma,c_ma,blocked
8,0.425464,0.0,s_ms,c_ma,c_ms,blocked
8,0.26991582,0.0,s_ms,c_ma,c_ma,blocked
8,0.2379911,0.0,s_ms,c_ma,c_ma,blocked
8,1.4752814e-06,0.0,s_ma,c_ma,c_ms,blocked
8,7.258789e-06,0.0,s_ma,c_ma,c_ms,blocked
8,1.4345919e-05,0.0,s_ma,c_ma,c_ma,blocked
8,9.422041e-06,0.0,s_ma,c_ma,c_ms,blocked
8,0.28943753,0.0,s_ms,c_ms,c_ms,blocked
8,0.3472835,0.0,s_ms,c_ms,c_ma,blocked
8,0.4381022,0.0,s_ms,c_ms,c_ma,blocked
8,0.3294298,0.0,s_ms,c_ms,c_ms,blocked
8,0.28446382,0.0,s_ms,c_ms,c_ms,blocked
8,2.7107503e-06,0.0,s_ma,c_ms,c_ma,blocked
8,3.927721e-06,0.0,s_ma,c_ms,c_ms,blocked
8,2.9381135e-06,0.0,s_ma,c_ms,c_ma,blocked
8,7.3241745e-07,0.0,s_ma,c_ms,c_ms,blocked
8,2.1108674e-06,0.0,s_ma,c_ms,c_ma,blocked
8,0.48100084,0.0,s_ms,c_ma,c_ma,blocked
8,0.334704,0.0,s_ms,c_ma,c_ms,blocked
8,0.46957862,0.0,s_ms,c_ma,c_ma,blocked
8,0.3922806,0.0,s_ms,c_ma,c_ms,blocked
8,0.38013285,0.0,s_ms,c_ma,c_ms,blocked
8,1.3485703e-06,0.0,s_ma,c_ma,c_ms,blocked
8,1.8841331e-07,0.0,s_ma,c_ma,c_ma,blocked
8,2.7559392e-05,0.0,s_ma,c_ma,c_ms,blocked
8,2.3193092e-05,0.0,s_ma,c_ma,c_ma,blocked
8,0.34897244,0.0,s_ms,c_ms,c_ma,blocked
8,0.30580765,0.0,s_ms,c_ms,c_ms,blocked
8,0.4397656,0.0,s_ms,c_ms,c_ms,blocked
8,0.2907172,0.0,s_ms,c_ms,c_ma,blocked
8,0.3881994,0.0,s_ms,c_ms,c_ma,blocked
8,2.7673846e-07,0.0,s_ma,c_ms,c_ms,blocked
8,4.2282403e-07,0.0,s_ma,c_ms,c_ma,blocked
8,1.1993244e-07,0.0,s_ma,c_ms,c_ms,blocked
8,1.3159725e-07,0.0,s_ma,c_ms,c_ma,blocked
8,2.7810665e-07,0.0,s_ma,c_ms,c_ms,blocked
8,0.3894269,0.0,s_ms,c_ma,c_ma,blocked
8,0.19547862,0.0,s_ms,c_ma,c_ms,blocked
8,0.3474705,0.0,s_ms,c_ma,c_ma,blocked
8,0.29182613,0.0,s_ms,c_ma,c_ms,blocked
8,0.3085065,0.0,s_ms,c_ma,c_ms,blocked
8,6.919093e-06,0.0,s_ma,c_ma,c_ms,blocked
8,1.2884729e-07,0.0,s_ma,c_ma,c_ma,blocked
8,8.948218e-07,0.0,s_ma,c_ma,c_ms,blocked
8,2.3521811e-06,0.0,s_ma,c_ma,c_ma,blocked
8,0.24060294,0.0,s_ms,c_ms,c_ma,blocked
8,0.26696116,0.0,s_ms,c_ms,c_ms,blocked
8,0.2530825,0.0,s_ms,c_ms,c_ms,blocked
8,0.34047195,0.0,s_ms,c_ms,c_ma,blocked
8,0.30934817,0.0,s_ms,c_ms,c_ma,blocked
8,2.5271177e-07,0.0,s_ma,c_ms,c_ms,blocked
8,1.4207221e-07,0.0,s_ma,c_ms,c_ma,blocked
8,7.2041686e-08,0.0,s_ma,c_ms,c_ms,blocked
8,2.7091792e-07,0.0,s_ma,c_ms,c_ma,blocked
8,6.209664e-08,0.0,s_ma,c_ms,c_ms,blocked
8,0.45915815,0.0,s_ms,c_ma,c_ms,blocked
8,0.28379887,0.0,s_ms,c_ma,c_ma,blocked
8,0.3988201,0.0,s_ms,c_ma,c_ms,blocked
8,0.3121468,0.0,s_ms,c_ma,c_ma,blocked
8,0.44986638,0.0,s_ms,c_ma,c_ma,blocked
8,1.45141175e-05,0.0,s_ma,c_ma,c_ma,blocked
8,2.976614e-05,0.0,s_ma,c_ma,c_ms,blocked
8,1.0736644e-06,0.0,s_ma,c_ma,c_ms,blocked
8,1.665003e-05,0.0,s_ma,c_ma,c_ms,blocked
8,0.25381,0.0,s_ms,c_ms,c_ms,blocked
8,0.22175458,0.0,s_ms,c_ms,c_ma,blocked
8,0.29226375,0.0,s_ms,c_ms,c_ma,blocked
8,0.2753043,0.0,s_ms,c_ms,c_ms,blocked
8,0.23888357,0.0,s_ms,c_ms,c_ms,blocked
8,1.2047063e-06,0.0,s_ma,c_ms,c_ma,blocked
8,5.987808e-06,0.0,s_ma,c_ms,c_ms,blocked
8,3.067342e-07,0.0,s_ma,c_ms,c_ma,blocked
8,3.136449e-07,0.0,s_ma,c_ms,c_ms,blocked
8,2.1707485e-06,0.0,s_ma,c_ms,c_ma,blocked
8,0.48936272,0.0,s_ms,c_ma,c_ma,blocked
8,0.56116056,1.0,s_ms,c_ma,c_ms,blocked
8,0.4785596,0.0,s_ms,c_ma,c_ma,blocked
8,0.42294472,0.0,s_ms,c_ma,c_ms,blocked
8,0.51854724,1.0,s_ms,c_ma,c_ms,blocked
8,8.394194e-06,0.0,s_ma,c_ma,c_ms,blocked
8,2.1405527e-05,0.0,s_ma,c_ma,c_ma,blocked
8,2.6553753e-06,0.0,s_ma,c_ma,c_ma,blocked
8,1.7369066e-05,0.0,s_ma,c_ma,c_ms,blocked
8,0.41732663,0.0,s_ms,c_ms,c_ma,blocked
8,0.31338036,0.0,s_ms,c_ms,c_ms,blocked
8,0.45661542,0.0,s_ms,c_ms,c_ms,blocked
8,0.41602287,0.0,s_ms,c_ms,c_ma,blocked
8,0.3620153,0.0,s_ms,c_ms,c_ma,blocked
8,1.7922138e-06,0.0,s_ma,c_ms,c_ms,blocked
8,1.863637e-07,0.0,s_ma,c_ms,c_ma,blocked
8,1.899934e-07,0.0,s_ma,c_ms,c_ms,blocked
8,1.1326668e-07,0.0,s_ma,c_ms,c_ma,blocked
8,3.2348186e-07,0.0,s_ma,c_ms,c_ms,blocked
8,2.6381558e-06,0.0,s_ma,c_ms,c_ma,blocked
8,6.0146554e-08,0.0,s_ma,c_ms,c_ms,blocked
8,1.647123e-06,0.0,s_ma,c_ms,c_ma,blocked
8,2.376389e-06,0.0,s_ma,c_ms,c_ms,blocked
8,3.7434681e-06,0.0,s_ma,c_ms,c_ms,blocked
8,0.28451395,0.0,s_ms,c_ms,c_ms,blocked
8,0.16674554,0.0,s_ms,c_ms,c_ma,blocked
8,0.36008626,0.0,s_ms,c_ms,c_ma,blocked
8,0.34308985,0.0,s_ms,c_ms,c_ms,blocked
8,0.23470761,0.0,s_ms,c_ms,c_ma,blocked
8,4.4946783e-06,0.0,s_ma,c_ma,c_ms,blocked
8,8.8874714e-07,0.0,s_ma,c_ma,c_ms,blocked
8,2.2326889e-05,0.0,s_ma,c_ma,c_ma,blocked
8,1.1888804e-05,0.0,s_ma,c_ma,c_ma,blocked
8,0.42540616,0.0,s_ms,c_ma,c_ms,blocked
8,0.34899688,0.0,s_ms,c_ma,c_ma,blocked
8,0.39063954,0.0,s_ms,c_ma,c_ms,blocked
8,0.31804982,0.0,s_ms,c_ma,c_ma,blocked
8,0.39291215,0.0,s_ms,c_ma,c_ms,blocked
8,1.5006125e-06,0.0,s_ma,c_ms,c_ms,blocked
8,6.7989063e-06,0.0,s_ma,c_ms,c_ma,blocked
8,3.4633786e-06,0.0,s_ma,c_ms,c_ms,blocked
8,2.1524195e-06,0.0,s_ma,c_ms,c_ma,blocked
8,5.4468514e-06,0.0,s_ma,c_ms,c_ma,blocked
8,0.3395676,0.0,s_ms,c_ms,c_ma,blocked
8,0.2443799,0.0,s_ms,c_ms,c_ms,blocked
8,0.44377866,0.0,s_ms,c_ms,c_ms,blocked
8,0.37880933,0.0,s_ms,c_ms,c_ma,blocked
8,0.34021252,0.0,s_ms,c_ms,c_ms,blocked
8,4.9351797e-06,0.0,s_ma,c_ma,c_ms,blocked
8,3.5225605e-06,0.0,s_ma,c_ma,c_ma,blocked
8,6.452626e-06,0.0,s_ma,c_ma,c_ms,blocked
8,7.317209e-06,0.0,s_ma,c_ma,c_ms,blocked
8,0.42964193,0.0,s_ms,c_ma,c_ma,blocked
8,0.42517054,0.0,s_ms,c_ma,c_ms,blocked
8,0.46274218,0.0,s_ms,c_ma,c_ma,blocked
8,0.37831318,0.0,s_ms,c_ma,c_ms,blocked
8,0.39617288,0.0,s_ms,c_ma,c_ma,blocked
8,3.5093824e-06,0.0,s_ma,c_ms,c_ms,blocked
8,1.7224314e-05,0.0,s_ma,c_ms,c_ma,blocked
8,0.00011529139,0.0,s_ma,c_ms,c_ms,blocked
8,2.0555856e-06,0.0,s_ma,c_ms,c_ma,blocked
8,9.344864e-07,0.0,s_ma,c_ms,c_ma,blocked
8,0.2644298,0.0,s_ms,c_ms,c_ma,blocked
8,0.1393646,0.0,s_ms,c_ms,c_ms,blocked
8,0.3635109,0.0,s_ms,c_ms,c_ms,blocked
8,0.2556585,0.0,s_ms,c_ms,c_ma,blocked
8,0.21799314,0.0,s_ms,c_ms,c_ms,blocked
8,8.9596927e-07,0.0,s_ma,c_ma,c_ms,blocked
8,3.3901638e-06,0.0,s_ma,c_ma,c_ma,blocked
8,4.5324146e-06,0.0,s_ma,c_ma,c_ms,blocked
8,1.7305703e-05,0.0,s_ma,c_ma,c_ms,blocked
8,0.3384902,0.0,s_ms,c_ma,c_ma,blocked
8,0.25354165,0.0,s_ms,c_ma,c_ms,blocked
8,0.331899,0.0,s_ms,c_ma,c_ma,blocked
8,0.24615523,0.0,s_ms,c_ma,c_ms,blocked
8,0.39142793,0.0,s_ms,c_ma,c_ma,blocked
8,1.8954814e-06,0.0,s_ma,c_ms,c_ma,blocked
8,1.12881956e-07,0.0,s_ma,c_ms,c_ms,blocked
8,7.3877763e-06,0.0,s_ma,c_ms,c_ma,blocked
8,4.2312563e-06,0.0,s_ma,c_ms,c_ms,blocked
8,2.517887e-06,0.0,s_ma,c_ms,c_ms,blocked
8,0.3224274,0.0,s_ms,c_ms,c_ms,blocked
8,0.20178625,0.0,s_ms,c_ms,c_ma,blocked
8,0.37211657,0.0,s_ms,c_ms,c_ma,blocked
8,0.3070935,0.0,s_ms,c_ms,c_ms,blocked
8,0.29471895,0.0,s_ms,c_ms,c_ma,blocked
8,2.4148007e-05,0.0,s_ma,c_ma,c_ma,blocked
8,6.126763e-06,0.0,s_ma,c_ma,c_ms,blocked
8,4.3736673e-06,0.0,s_ma,c_ma,c_ms,blocked
8,3.3371172e-05,0.0,s_ma,c_ma,c_ma,blocked
8,0.38406947,0.0,s_ms,c_ma,c_ms,blocked
8,0.33427182,0.0,s_ms,c_ma,c_ma,blocked
8,0.35806292,0.0,s_ms,c_ma,c_ms,blocked
8,0.30542514,0.0,s_ms,c_ma,c_ma,blocked
8,0.3624269,0.0,s_ms,c_ma,c_ms,blocked
8,8.941066e-06,0.0,s_ma,c_ms,c_ma,blocked
8,5.778941e-07,0.0,s_ma,c_ms,c_ms,blocked
8,6.569826e-06,0.0,s_ma,c_ms,c_ma,blocked
8,9.279545e-06,0.0,s_ma,c_ms,c_ms,blocked
8,2.1967148e-06,0.0,s_ma,c_ms,c_ms,blocked
8,0.40470126,0.0,s_ms,c_ms,c_ms,blocked
8,0.13857356,0.0,s_ms,c_ms,c_ma,blocked
8,0.4196535,0.0,s_ms,c_ms,c_ma,blocked
8,0.35465834,0.0,s_ms,c_ms,c_ms,blocked
8,0.30998278,0.0,s_ms,c_ms,c_ma,blocked
8,1.3035995e-05,0.0,s_ma,c_ma,c_ma,blocked
8,7.651992e-06,0.0,s_ma,c_ma,c_ms,blocked
8,1.7760654e-05,0.0,s_ma,c_ma,c_ms,blocked
8,3.3651686e-05,0.0,s_ma,c_ma,c_ma,blocked
8,0.41252875,0.0,s_ms,c_ma,c_ms,blocked
8,0.3864646,0.0,s_ms,c_ma,c_ma,blocked
8,0.40303844,0.0,s_ms,c_ma,c_ms,blocked
8,0.35931846,0.0,s_ms,c_ma,c_ma,blocked
8,0.47649,0.0,s_ms,c_ma,c_ms,blocked
8,0.24762334,0.0,s_ms,c_ms,c_ms,blocked
8,0.38281977,0.0,s_ms,c_ms,c_ma,blocked
8,0.4031499,0.0,s_ms,c_ms,c_ms,blocked
8,0.27348447,0.0,s_ms,c_ms,c_ma,blocked
8,0.30963862,0.0,s_ms,c_ms,c_ma,blocked
8,6.401875e-06,0.0,s_ma,c_ms,c_ma,blocked
8,1.1377308e-06,0.0,s_ma,c_ms,c_ms,blocked
8,3.6811753e-07,0.0,s_ma,c_ms,c_ms,blocked
8,7.858646e-07,0.0,s_ma,c_ms,c_ma,blocked
8,3.3918964e-06,0.0,s_ma,c_ms,c_ms,blocked
8,0.37004226,0.0,s_ms,c_ma,c_ms,blocked
8,0.36850515,0.0,s_ms,c_ma,c_ma,blocked
8,0.5008756,1.0,s_ms,c_ma,c_ma,blocked
8,0.40237683,0.0,s_ms,c_ma,c_ms,blocked
8,0.40873396,0.0,s_ms,c_ma,c_ms,blocked
8,1.2669801e-06,0.0,s_ma,c_ma,c_ms,blocked
8,2.88599e-06,0.0,s_ma,c_ma,c_ma,blocked
8,2.568196e-06,0.0,s_ma,c_ma,c_ms,blocked
8,1.4228016e-07,0.0,s_ma,c_ma,c_ma,blocked
8,0.33074224,0.0,s_ms,c_ms,c_ma,blocked
8,0.36216715,0.0,s_ms,c_ms,c_ms,blocked
8,0.55731344,1.0,s_ms,c_ms,c_ma,blocked
8,0.3171184,0.0,s_ms,c_ms,c_ms,blocked
8,0.35287133,0.0,s_ms,c_ms,c_ms,blocked
8,1.0262379e-05,0.0,s_ma,c_ms,c_ms,blocked
8,4.3242778e-07,0.0,s_ma,c_ms,c_ma,blocked
8,1.8261854e-07,0.0,s_ma,c_ms,c_ma,blocked
8,6.4607207e-06,0.0,s_ma,c_ms,c_ms,blocked
8,3.0406562e-07,0.0,s_ma,c_ms,c_ma,blocked
8,0.44711754,0.0,s_ms,c_ma,c_ma,blocked
8,0.41774726,0.0,s_ms,c_ma,c_ms,blocked
8,0.55929524,1.0,s_ms,c_ma,c_ms,blocked
8,0.47805017,0.0,s_ms,c_ma,c_ma,blocked
8,0.43667638,0.0,s_ms,c_ma,c_ma,blocked
8,1.0752594e-06,0.0,s_ma,c_ma,c_ms,blocked
8,1.9933377e-06,0.0,s_ma,c_ma,c_ms,blocked
8,1.5758728e-06,0.0,s_ma,c_ma,c_ma,blocked
8,3.0181428e-07,0.0,s_ma,c_ma,c_ms,blocked
8,0.43923134,0.0,s_ms,c_ms,c_ms,blocked
8,0.3816348,0.0,s_ms,c_ms,c_ma,blocked
8,0.43590832,0.0,s_ms,c_ms,c_ms,blocked
8,0.3576774,0.0,s_ms,c_ms,c_ma,blocked
8,0.42857486,0.0,s_ms,c_ms,c_ma,blocked
8,1.9045487e-05,0.0,s_ma,c_ms,c_ma,blocked
8,1.2071376e-07,0.0,s_ma,c_ms,c_ms,blocked
8,3.0878272e-07,0.0,s_ma,c_ms,c_ms,blocked
8,2.485471e-07,0.0,s_ma,c_ms,c_ma,blocked
8,3.5700617e-07,0.0,s_ma,c_ms,c_ms,blocked
8,0.4043206,0.0,s_ms,c_ma,c_ms,blocked
8,0.41460347,0.0,s_ms,c_ma,c_ma,blocked
8,0.51479506,1.0,s_ms,c_ma,c_ma,blocked
8,0.4269523,0.0,s_ms,c_ma,c_ms,blocked
8,0.4063618,0.0,s_ms,c_ma,c_ms,blocked
8,2.4658818e-06,0.0,s_ma,c_ma,c_ma,blocked
8,1.8225619e-06,0.0,s_ma,c_ma,c_ms,blocked
8,4.9619086e-07,0.0,s_ma,c_ma,c_ms,blocked
8,1.3514399e-07,0.0,s_ma,c_ma,c_ma,blocked
8,0.34063557,0.0,s_ms,c_ms,c_ma,blocked
8,0.3178143,0.0,s_ms,c_ms,c_ms,blocked
8,0.5047141,1.0,s_ms,c_ms,c_ma,blocked
8,0.26712203,0.0,s_ms,c_ms,c_ms,blocked
8,0.34302878,0.0,s_ms,c_ms,c_ms,blocked
8,2.3657838e-06,0.0,s_ma,c_ms,c_ms,blocked
8,1.5793373e-07,0.0,s_ma,c_ms,c_ma,blocked
8,7.9970386e-07,0.0,s_ma,c_ms,c_ma,blocked
8,2.6587398e-07,0.0,s_ma,c_ms,c_ms,blocked
8,1.540748e-07,0.0,s_ma,c_ms,c_ma,blocked
8,0.49110347,0.0,s_ms,c_ma,c_ma,blocked
8,0.47332034,0.0,s_ms,c_ma,c_ms,blocked
8,0.5569681,1.0,s_ms,c_ma,c_ms,blocked
8,0.52439404,1.0,s_ms,c_ma,c_ma,blocked
8,0.45376074,0.0,s_ms,c_ma,c_ma,blocked
8,2.352481e-06,0.0,s_ma,c_ma,c_ms,blocked
8,1.5148589e-06,0.0,s_ma,c_ma,c_ma,blocked
8,4.363696e-07,0.0,s_ma,c_ma,c_ms,blocked
8,6.15779e-07,0.0,s_ma,c_ma,c_ms,blocked
8,0.20185864,0.0,s_ms,c_ms,c_ms,blocked
8,0.29147503,0.0,s_ms,c_ms,c_ma,blocked
8,0.47653848,0.0,s_ms,c_ms,c_ms,blocked
8,0.20046532,0.0,s_ms,c_ms,c_ma,blocked
8,0.27278936,0.0,s_ms,c_ms,c_ma,blocked
8,3.0790443e-06,0.0,s_ma,c_ms,c_ma,blocked
8,5.0468174e-07,0.0,s_ma,c_ms,c_ms,blocked
8,1.205127e-07,0.0,s_ma,c_ms,c_ms,blocked
8,2.2304307e-06,0.0,s_ma,c_ms,c_ma,blocked
8,1.1532283e-06,0.0,s_ma,c_ms,c_ms,blocked
8,0.3596758,0.0,s_ms,c_ma,c_ms,blocked
8,0.4407798,0.0,s_ms,c_ma,c_ma,blocked
8,0.4150928,0.0,s_ms,c_ma,c_ma,blocked
8,0.43744943,0.0,s_ms,c_ma,c_ms,blocked
8,0.3331663,0.0,s_ms,c_ma,c_ms,blocked
8,1.3893975e-07,0.0,s_ma,c_ma,c_ma,blocked
8,3.0255524e-07,0.0,s_ma,c_ma,c_ms,blocked
8,1.337065e-07,0.0,s_ma,c_ma,c_ma,blocked
8,4.934221e-07,0.0,s_ma,c_ma,c_ms,blocked
8,3.9928332e-07,0.0,s_ma,c_ma,c_ms,interleaved
8,4.455693e-06,0.0,s_ma,c_ma,c_ma,interleaved
8,1.5091315e-06,0.0,s_ma,c_ma,c_ms,interleaved
8,1.1272742e-06,0.0,s_ma,c_ma,c_ms,interleaved
8,0.31517416,0.0,s_ms,c_ma,c_ms,interleaved
8,0.29723287,0.0,s_ms,c_ma,c_ma,interleaved
8,0.3716323,0.0,s_ms,c_ma,c_ma,interleaved
8,0.33203197,0.0,s_ms,c_ma,c_ms,interleaved
8,0.33056706,0.0,s_ms,c_ma,c_ma,interleaved
8,1.8441227e-06,0.0,s_ma,c_ms,c_ma,interleaved
8,1.3448561e-06,0.0,s_ma,c_ms,c_ms,interleaved
8,2.4584774e-06,0.0,s_ma,c_ms,c_ms,interleaved
8,1.5845237e-06,0.0,s_ma,c_ms,c_ma,interleaved
8,7.3327024e-06,0.0,s_ma,c_ms,c_ma,interleaved
8,0.41529375,0.0,s_ms,c_ms,c_ms,interleaved
8,0.42920935,0.0,s_ms,c_ms,c_ma,interleaved
8,0.32703987,0.0,s_ms,c_ms,c_ms,interleaved
8,0.41724765,0.0,s_ms,c_ms,c_ma,interleaved
8,0.50439346,1.0,s_ms,c_ms,c_ms,interleaved
8,3.3416964e-07,0.0,s_ma,c_ma,c_ms,interleaved
8,9.006133e-06,0.0,s_ma,c_ma,c_ms,interleaved
8,1.0564415e-07,0.0,s_ma,c_ma,c_ma,interleaved
8,2.0810997e-09,0.0,s_ma,c_ma,c_ma,interleaved
8,0.42274952,0.0,s_ms,c_ma,c_ma,interleaved
8,0.38796553,0.0,s_ms,c_ma,c_ms,interleaved
8,0.5561235,1.0,s_ms,c_ma,c_ms,interleaved
8,0.48154995,0.0,s_ms,c_ma,c_ma,interleaved
8,0.241418,0.0,s_ms,c_ma,c_ms,interleaved
8,4.5204516e-08,0.0,s_ma,c_ms,c_ms,interleaved
8,5.455835e-06,0.0,s_ma,c_ms,c_ma,interleaved
8,1.3666847e-05,0.0,s_ma,c_ms,c_ma,interleaved
8,9.1233964e-08,0.0,s_ma,c_ms,c_ms,interleaved
8,4.78973e-07,0.0,s_ma,c_ms,c_ms,interleaved
8,0.37196717,0.0,s_ms,c_ms,c_ma,interleaved
8,0.3443306,0.0,s_ms,c_ms,c_ms,interleaved
8,0.4252027,0.0,s_ms,c_ms,c_ma,interleaved
8,0.43578288,0.0,s_ms,c_ms,c_ms,interleaved
8,0.4571616,0.0,s_ms,c_ms,c_ma,interleaved
8,4.571748e-06,0.0,s_ma,c_ma,c_ma,interleaved
8,1.1087395e-05,0.0,s_ma,c_ma,c_ms,interleaved
8,1.913315e-06,0.0,s_ma,c_ma,c_ms,interleaved
8,7.46012e-07,0.0,s_ma,c_ma,c_ms,interleaved
8,0.3473076,0.0,s_ms,c_ma,c_ms,interleaved
8,0.21935348,0.0,s_ms,c_ma,c_ma,interleaved
8,0.3815322,0.0,s_ms,c_ma,c_ma,interleaved
8,0.3141734,0.0,s_ms,c_ma,c_ms,interleaved
8,0.25477028,0.0,s_ms,c_ma,c_ma,interleaved
8,1.8631378e-06,0.0,s_ma,c_ms,c_ma,interleaved
8,3.8967537e-06,0.0,s_ma,c_ms,c_ms,interleaved
8,0.00012238075,0.0,s_ma,c_ms,c_ms,interleaved
8,6.9943153e-06,0.0,s_ma,c_ms,c_ma,interleaved
8,6.375693e-06,0.0,s_ma,c_ms,c_ma,interleaved
8,0.34255454,0.0,s_ms,c_ms,c_ms,interleaved
8,0.27483633,0.0,s_ms,c_ms,c_ma,interleaved
8,0.38789016,0.0,s_ms,c_ms,c_ms,interleaved
8,0.27550185,0.0,s_ms,c_ms,c_ma,interleaved
8,0.28535736,0.0,s_ms,c_ms,c_ms,interleaved
8,1.4549252e-06,0.0,s_ma,c_ma,c_ms,interleaved
8,1.11901365e-07,0.0,s_ma,c_ma,c_ma,interleaved
8,1.9608829e-06,0.0,s_ma,c_ma,c_ms,interleaved
8,1.3808766e-07,0.0,s_ma,c_ma,c_ma,interleaved
8,0.40850025,0.0,s_ms,c_ma,c_ma,interleaved
8,0.40975732,0.0,s_ms,c_ma,c_ms,interleaved
8,0.5093622,1.0,s_ms,c_ma,c_ms,interleaved
8,0.48697895,0.0,s_ms,c_ma,c_ma,interleaved
8,0.40933543,0.0,s_ms,c_ma,c_ms,interleaved
8,2.5758438e-06,0.0,s_ma,c_ms,c_ms,interleaved
8,1.7294363e-06,0.0,s_ma,c_ms,c_ma,interleaved
8,1.7225111e-06,0.0,s_ma,c_ms,c_ma,interleaved
8,3.241535e-06,0.0,s_ma,c_ms,c_ms,interleaved
8,8.200865e-06,0.0,s_ma,c_ms,c_ms,interleaved
8,0.4686483,0.0,s_ms,c_ms,c_ma,interleaved
8,0.42309427,0.0,s_ms,c_ms,c_ms,interleaved
8,0.41101918,0.0,s_ms,c_ms,c_ma,interleaved
8,0.43121505,0.0,s_ms,c_ms,c_ms,interleaved
8,0.53296745,1.0,s_ms,c_ms,c_ma,interleaved
8,1.1004258e-06,0.0,s_ma,c_ma,c_ms,interleaved
8,2.169531e-09,0.0,s_ma,c_ma,c_ma,interleaved
8,6.384864e-07,0.0,s_ma,c_ma,c_ms,interleaved
8,1.2527778e-07,0.0,s_ma,c_ma,c_ma,interleaved
8,0.4641165,0.0,s_ms,c_ma,c_ma,interleaved
8,0.35512447,0.0,s_ms,c_ma,c_ms,interleaved
8,0.4474029,0.0,s_ms,c_ma,c_ms,interleaved
8,0.3207373,0.0,s_ms,c_ma,c_ma,interleaved
8,0.27254748,0.0,s_ms,c_ma,c_ms,interleaved
8,2.4698745e-06,0.0,s_ma,c_ms,c_ms,interleaved
8,3.8478383e-06,0.0,s_ma,c_ms,c_ma,interleaved
8,5.929428e-07,0.0,s_ma,c_ms,c_ma,interleaved
8,1.5771568e-06,0.0,s_ma,c_ms,c_ms,interleaved
8,1.4748769e-06,0.0,s_ma,c_ms,c_ms,interleaved
8,0.4470734,0.0,s_ms,c_ms,c_ma,interleaved
8,0.30173692,0.0,s_ms,c_ms,c_ms,interleaved
8,0.29762322,0.0,s_ms,c_ms,c_ma,interleaved
8,0.4240271,0.0,s_ms,c_ms,c_ms,interleaved
8,0.35202932,0.0,s_ms,c_ms,c_ma,interleaved
8,0.42046696,0.0,s_ms,c_ma,c_ms,interleaved
8,0.3677727,0.0,s_ms,c_ma,c_ma,interleaved
8,0.4561121,0.0,s_ms,c_ma,c_ms,interleaved
8,0.35894153,0.0,s_ms,c_ma,c_ma,interleaved
8,0.28185177,0.0,s_ms,c_ma,c_ma,interleaved
8,1.6585345e-06,0.0,s_ma,c_ma,c_ms,interleaved
8,8.379889e-06,0.0,s_ma,c_ma,c_ms,interleaved
8,1.363283e-05,0.0,s_ma,c_ma,c_ma,interleaved
8,9.724966e-06,0.0,s_ma,c_ma,c_ms,interleaved
8,0.40026283,0.0,s_ms,c_ms,c_ms,interleaved
8,0.44435784,0.0,s_ms,c_ms,c_ma,interleaved
8,0.48746288,0.0,s_ms,c_ms,c_ma,interleaved
8,0.3982038,0.0,s_ms,c_ms,c_ms,interleaved
8,0.33735734,0.0,s_ms,c_ms,c_ms,interleaved
8,4.22062e-06,0.0,s_ma,c_ms,c_ma,interleaved
8,7.961934e-06,0.0,s_ma,c_ms,c_ms,interleaved
8,7.856777e-06,0.0,s_ma,c_ms,c_ma,interleaved
8,1.5830976e-06,0.0,s_ma,c_ms,c_ms,interleaved
8,3.2768282e-06,0.0,s_ma,c_ms,c_ma,interleaved
8,0.48471832,0.0,s_ms,c_ma,c_ma,interleaved
8,0.38382488,0.0,s_ms,c_ma,c_ms,interleaved
8,0.58561134,1.0,s_ms,c_ma,c_ma,interleaved
8,0.41715533,0.0,s_ms,c_ma,c_ms,interleaved
8,0.38813788,0.0,s_ms,c_ma,c_ms,interleaved
8,1.4713391e-06,0.0,s_ma,c_ma,c_ms,interleaved
8,1.8841975e-07,0.0,s_ma,c_ma,c_ma,interleaved
8,2.5238405e-05,0.0,s_ma,c_ma,c_ms,interleaved
8,2.3789942e-05,0.0,s_ma,c_ma,c_ma,interleaved
8,0.4334282,0.0,s_ms,c_ms,c_ma,interleaved
8,0.41961867,0.0,s_ms,c_ms,c_ms,interleaved
8,0.5627251,1.0,s_ms,c_ms,c_ms,interleaved
8,0.45094073,0.0,s_ms,c_ms,c_ma,interleaved
8,0.5468656,1.0,s_ms,c_ms,c_ma,interleaved
8,3.5047427e-07,0.0,s_ma,c_ms,c_ms,interleaved
8,4.2349922e-07,0.0,s_ma,c_ms,c_ma,interleaved
8,1.2002313e-07,0.0,s_ma,c_ms,c_ms,interleaved
8,1.347618e-07,0.0,s_ma,c_ms,c_ma,interleaved
8,2.8048154e-07,0.0,s_ma,c_ms,c_ms,interleaved
8,0.41233483,0.0,s_ms,c_ma,c_ma,interleaved
8,0.25208598,0.0,s_ms,c_ma,c_ms,interleaved
8,0.37563014,0.0,s_ms,c_ma,c_ma,interleaved
8,0.27805632,0.0,s_ms,c_ma,c_ms,interleaved
8,0.30352056,0.0,s_ms,c_ma,c_ms,interleaved
8,7.880522e-06,0.0,s_ma,c_ma,c_ms,interleaved
8,1.2888354e-07,0.0,s_ma,c_ma,c_ma,interleaved
8,8.949408e-07,0.0,s_ma,c_ma,c_ms,interleaved
8,2.2349093e-06,0.0,s_ma,c_ma,c_ma,interleaved
8,0.30073506,0.0,s_ms,c_ms,c_ma,interleaved
8,0.34943163,0.0,s_ms,c_ms,c_ms,interleaved
8,0.32369888,0.0,s_ms,c_ms,c_ms,interleaved
8,0.3785038,0.0,s_ms,c_ms,c_ma,interleaved
8,0.34593576,0.0,s_ms,c_ms,c_ma,interleaved
8,2.4968395e-07,0.0,s_ma,c_ms,c_ms,interleaved
8,1.3110268e-07,0.0,s_ma,c_ms,c_ma,interleaved
8,7.068202e-08,0.0,s_ma,c_ms,c_ms,interleaved
8,3.8698897e-07,0.0,s_ma,c_ms,c_ma,interleaved
8,6.155316e-08,0.0,s_ma,c_ms,c_ms,interleaved
8,0.47265452,0.0,s_ms,c_ma,c_ms,interleaved
8,0.26823008,0.0,s_ms,c_ma,c_ma,interleaved
8,0.4416328,0.0,s_ms,c_ma,c_ms,interleaved
8,0.33898035,0.0,s_ms,c_ma,c_ma,interleaved
8,0.44951296,0.0,s_ms,c_ma,c_ma,interleaved
8,1.3621732e-05,0.0,s_ma,c_ma,c_ma,interleaved
8,2.7087315e-05,0.0,s_ma,c_ma,c_ms,interleaved
8,1.0141727e-06,0.0,s_ma,c_ma,c_ms,interleaved
8,1.4803911e-05,0.0,s_ma,c_ma,c_ms,interleaved
8,0.28760684,0.0,s_ms,c_ms,c_ms,interleaved
8,0.3445207,0.0,s_ms,c_ms,c_ma,interleaved
8,0.379084,0.0,s_ms,c_ms,c_ma,interleaved
8,0.36290157,0.0,s_ms,c_ms,c_ms,interleaved
8,0.32041746,0.0,s_ms,c_ms,c_ms,interleaved
8,1.0848518e-06,0.0,s_ma,c_ms,c_ma,interleaved
8,6.521332e-06,0.0,s_ma,c_ms,c_ms,interleaved
8,3.075439e-07,0.0,s_ma,c_ms,c_ma,interleaved
8,3.1837664e-07,0.0,s_ma,c_ms,c_ms,interleaved
8,2.1706512e-06,0.0,s_ma,c_ms,c_ma,interleaved
8,0.48650363,0.0,s_ms,c_ma,c_ma,interleaved
8,0.57287216,1.0,s_ms,c_ma,c_ms,interleaved
8,0.5431794,1.0,s_ms,c_ma,c_ma,interleaved
8,0.4277379,0.0,s_ms,c_ma,c_ms,interleaved
8,0.5191926,1.0,s_ms,c_ma,c_ms,interleaved
8,8.756123e-06,0.0,s_ma,c_ma,c_ms,interleaved
8,2.2121574e-05,0.0,s_ma,c_ma,c_ma,interleaved
8,2.538512e-06,0.0,s_ma,c_ma,c_ma,interleaved
8,1.5522864e-05,0.0,s_ma,c_ma,c_ms,interleaved
8,0.47201297,0.0,s_ms,c_ms,c_ma,interleaved
8,0.40933114,0.0,s_ms,c_ms,c_ms,interleaved
8,0.5696751,1.0,s_ms,c_ms,c_ms,interleaved
8,0.47675347,0.0,s_ms,c_ms,c_ma,interleaved
8,0.45567816,0.0,s_ms,c_ms,c_ma,interleaved
8,1.7908901e-06,0.0,s_ma,c_ms,c_ms,interleaved
8,1.8613208e-07,0.0,s_ma,c_ms,c_ma,interleaved
8,1.9036226e-07,0.0,s_ma,c_ms,c_ms,interleaved
8,1.0547568e-07,0.0,s_ma,c_ms,c_ma,interleaved
8,3.8228035e-07,0.0,s_ma,c_ms,c_ms,interleaved
8,2.0823848e-06,0.0,s_ma,c_ms,c_ma,interleaved
8,5.4974837e-08,0.0,s_ma,c_ms,c_ms,interleaved
8,1.6848212e-06,0.0,s_ma,c_ms,c_ma,interleaved
8,2.4385706e-06,0.0,s_ma,c_ms,c_ms,interleaved
8,2.7987967e-06,0.0,s_ma,c_ms,c_ms,interleaved
8,0.37958443,0.0,s_ms,c_ms,c_ms,interleaved
8,0.29908842,0.0,s_ms,c_ms,c_ma,interleaved
8,0.45032305,0.0,s_ms,c_ms,c_ma,interleaved
8,0.44062182,0.0,s_ms,c_ms,c_ms,interleaved
8,0.29167902,0.0,s_ms,c_ms,c_ma,interleaved
8,3.9877837e-06,0.0,s_ma,c_ma,c_ms,interleaved
8,8.275016e-07,0.0,s_ma,c_ma,c_ms,interleaved
8,2.2416745e-05,0.0,s_ma,c_ma,c_ma,interleaved
8,1.0766612e-05,0.0,s_ma,c_ma,c_ma,interleaved
8,0.43389502,0.0,s_ms,c_ma,c_ms,interleaved
8,0.35315067,0.0,s_ms,c_ma,c_ma,interleaved
8,0.39294198,0.0,s_ms,c_ma,c_ms,interleaved
8,0.31575572,0.0,s_ms,c_ma,c_ma,interleaved
8,0.3985562,0.0,s_ms,c_ma,c_ms,interleaved
8,1.6356177e-06,0.0,s_ma,c_ms,c_ms,interleaved
8,7.097343e-06,0.0,s_ma,c_ms,c_ma,interleaved
8,3.7209068e-06,0.0,s_ma,c_ms,c_ms,interleaved
8,2.0864895e-06,0.0,s_ma,c_ms,c_ma,interleaved
8,5.0262174e-06,0.0,s_ma,c_ms,c_ma,interleaved
8,0.41128868,0.0,s_ms,c_ms,c_ma,interleaved
8,0.3707904,0.0,s_ms,c_ms,c_ms,interleaved
8,0.47797817,0.0,s_ms,c_ms,c_ms,interleaved
8,0.4417358,0.0,s_ms,c_ms,c_ma,interleaved
8,0.37199077,0.0,s_ms,c_ms,c_ms,interleaved
8,4.4404633e-06,0.0,s_ma,c_ma,c_ms,interleaved
8,3.5100036e-06,0.0,s_ma,c_ma,c_ma,interleaved
8,6.76199e-06,0.0,s_ma,c_ma,c_ms,interleaved
8,6.9140237e-06,0.0,s_ma,c_ma,c_ms,interleaved
8,0.44947237,0.0,s_ms,c_ma,c_ma,interleaved
8,0.41882902,0.0,s_ms,c_ma,c_ms,interleaved
8,0.4574145,0.0,s_ms,c_ma,c_ma,interleaved
8,0.36921728,0.0,s_ms,c_ma,c_ms,interleaved
8,0.40211755,0.0,s_ms,c_ma,c_ma,interleaved
8,2.869296e-06,0.0,s_ma,c_ms,c_ms,interleaved
8,1.7316599e-05,0.0,s_ma,c_ms,c_ma,interleaved
8,0.00011726079,0.0,s_ma,c_ms,c_ms,interleaved
8,1.7668797e-06,0.0,s_ma,c_ms,c_ma,interleaved
8,6.843839e-07,0.0,s_ma,c_ms,c_ma,interleaved
8,0.3165912,0.0,s_ms,c_ms,c_ma,interleaved
8,0.21663617,0.0,s_ms,c_ms,c_ms,interleaved
8,0.43542975,0.0,s_ms,c_ms,c_ms,interleaved
8,0.3558768,0.0,s_ms,c_ms,c_ma,interleaved
8,0.24020088,0.0,s_ms,c_ms,c_ms,interleaved
8,8.3805617e-07,0.0,s_ma,c_ma,c_ms,interleaved
8,3.4652087e-06,0.0,s_ma,c_ma,c_ma,interleaved
8,5.0702733e-06,0.0,s_ma,c_ma,c_ms,interleaved
8,1.4965276e-05,0.0,s_ma,c_ma,c_ms,interleaved
8,0.34612054,0.0,s_ms,c_ma,c_ma,interleaved
8,0.22669345,0.0,s_ms,c_ma,c_ms,interleaved
8,0.3372246,0.0,s_ms,c_ma,c_ma,interleaved
8,0.24035138,0.0,s_ms,c_ma,c_ms,interleaved
8,0.359999,0.0,s_ms,c_ma,c_ma,interleaved
8,1.7380486e-06,0.0,s_ma,c_ms,c_ma,interleaved
8,1.07476104e-07,0.0,s_ma,c_ms,c_ms,interleaved
8,7.154884e-06,0.0,s_ma,c_ms,c_ma,interleaved
8,3.6332176e-06,0.0,s_ma,c_ms,c_ms,interleaved
8,2.0181055e-06,0.0,s_ma,c_ms,c_ms,interleaved
8,0.37481126,0.0,s_ms,c_ms,c_ms,interleaved
8,0.28042036,0.0,s_ms,c_ms,c_ma,interleaved
8,0.37901437,0.0,s_ms,c_ms,c_ma,interleaved
8,0.34798276,0.0,s_ms,c_ms,c_ms,interleaved
8,0.31166905,0.0,s_ms,c_ms,c_ma,interleaved
8,2.4280534e-05,0.0,s_ma,c_ma,c_ma,interleaved
8,6.4322335e-06,0.0,s_ma,c_ma,c_ms,interleaved
8,4.854781e-06,0.0,s_ma,c_ma,c_ms,interleaved
8,3.157485e-05,0.0,s_ma,c_ma,c_ma,interleaved
8,0.40320146,0.0,s_ms,c_ma,c_ms,interleaved
8,0.3208992,0.0,s_ms,c_ma,c_ma,interleaved
8,0.3401272,0.0,s_ms,c_ma,c_ms,interleaved
8,0.29619026,0.0,s_ms,c_ma,c_ma,interleaved
8,0.35416377,0.0,s_ms,c_ma,c_ms,interleaved
8,7.4065747e-06,0.0,s_ma,c_ms,c_ma,interleaved
8,5.562713e-07,0.0,s_ma,c_ms,c_ms,interleaved
8,6.3722573e-06,0.0,s_ma,c_ms,c_ma,interleaved
8,8.456875e-06,0.0,s_ma,c_ms,c_ms,interleaved
8,1.7439811e-06,0.0,s_ma,c_ms,c_ms,interleaved
8,0.43298554,0.0,s_ms,c_ms,c_ms,interleaved
8,0.21413842,0.0,s_ms,c_ms,c_ma,interleaved
8,0.41697758,0.0,s_ms,c_ms,c_ma,interleaved
8,0.4023888,0.0,s_ms,c_ms,c_ms,interleaved
8,0.32830733,0.0,s_ms,c_ms,c_ma,interleaved
8,1.1596887e-05,0.0,s_ma,c_ma,c_ma,interleaved
8,7.293952e-06,0.0,s_ma,c_ma,c_ms,interleaved
8,1.5391572e-05,0.0,s_ma,c_ma,c_ms,interleaved
8,3.1633255e-05,0.0,s_ma,c_ma,c_ma,interleaved
8,0.40743732,0.0,s_ms,c_ma,c_ms,interleaved
8,0.35495645,0.0,s_ms,c_ma,c_ma,interleaved
8,0.39768744,0.0,s_ms,c_ma,c_ms,interleaved
8,0.35905212,0.0,s_ms,c_ma,c_ma,interleaved
8,0.4371423,0.0,s_ms,c_ma,c_ms,interleaved
8,0.32909378,0.0,s_ms,c_ms,c_ms,interleaved
8,0.41208062,0.0,s_ms,c_ms,c_ma,interleaved
8,0.4491583,0.0,s_ms,c_ms,c_ms,interleaved
8,0.34054226,0.0,s_ms,c_ms,c_ma,interleaved
8,0.33402723,0.0,s_ms,c_ms,c_ma,interleaved
8,4.5333536e-06,0.0,s_ma,c_ms,c_ma,interleaved
8,4.366833e-07,0.0,s_ma,c_ms,c_ms,interleaved
8,2.5155273e-07,0.0,s_ma,c_ms,c_ms,interleaved
8,9.662512e-07,0.0,s_ma,c_ms,c_ma,interleaved
8,2.2881868e-06,0.0,s_ma,c_ms,c_ms,interleaved
8,0.36212686,0.0,s_ms,c_ma,c_ms,interleaved
8,0.35212615,0.0,s_ms,c_ma,c_ma,interleaved
8,0.4930634,0.0,s_ms,c_ma,c_ma,interleaved
8,0.38111418,0.0,s_ms,c_ma,c_ms,interleaved
8,0.41209155,0.0,s_ms,c_ma,c_ms,interleaved
8,1.2430833e-06,0.0,s_ma,c_ma,c_ms,interleaved
8,2.3947873e-06,0.0,s_ma,c_ma,c_ma,interleaved
8,2.423083e-06,0.0,s_ma,c_ma,c_ms,interleaved
8,1.5295063e-07,0.0,s_ma,c_ma,c_ma,interleaved
8,0.36070603,0.0,s_ms,c_ms,c_ma,interleaved
8,0.41178304,0.0,s_ms,c_ms,c_ms,interleaved
8,0.5664812,1.0,s_ms,c_ms,c_ma,interleaved
8,0.39745054,0.0,s_ms,c_ms,c_ms,interleaved
8,0.44789985,0.0,s_ms,c_ms,c_ms,interleaved
8,7.8870735e-06,0.0,s_ma,c_ms,c_ms,interleaved
8,4.260698e-07,0.0,s_ma,c_ms,c_ma,interleaved
8,2.106803e-07,0.0,s_ma,c_ms,c_ma,interleaved
8,6.937936e-06,0.0,s_ma,c_ms,c_ms,interleaved
8,1.8594214e-07,0.0,s_ma,c_ms,c_ma,interleaved
8,0.44420958,0.0,s_ms,c_ma,c_ma,interleaved
8,0.4236562,0.0,s_ms,c_ma,c_ms,interleaved
8,0.58118105,1.0,s_ms,c_ma,c_ms,interleaved
8,0.49938726,0.0,s_ms,c_ma,c_ma,interleaved
8,0.4703281,0.0,s_ms,c_ma,c_ma,interleaved
8,1.0493682e-06,0.0,s_ma,c_ma,c_ms,interleaved
8,1.9601468e-06,0.0,s_ma,c_ma,c_ms,interleaved
8,1.7390703e-06,0.0,s_ma,c_ma,c_ma,interleaved
8,3.0370387e-07,0.0,s_ma,c_ma,c_ms,interleaved
8,0.44998202,0.0,s_ms,c_ms,c_ms,interleaved
8,0.38046944,0.0,s_ms,c_ms,c_ma,interleaved
8,0.44566634,0.0,s_ms,c_ms,c_ms,interleaved
8,0.37472123,0.0,s_ms,c_ms,c_ma,interleaved
8,0.45613834,0.0,s_ms,c_ms,c_ma,interleaved
8,7.232406e-06,0.0,s_ma,c_ms,c_ma,interleaved
8,6.052848e-08,0.0,s_ma,c_ms,c_ms,interleaved
8,1.3255209e-07,0.0,s_ma,c_ms,c_ms,interleaved
8,2.4858096e-07,0.0,s_ma,c_ms,c_ma,interleaved
8,1.8712245e-07,0.0,s_ma,c_ms,c_ms,interleaved
8,0.40392947,0.0,s_ms,c_ma,c_ms,interleaved
8,0.42086524,0.0,s_ms,c_ma,c_ma,interleaved
8,0.50715923,1.0,s_ms,c_ma,c_ma,interleaved
8,0.4461147,0.0,s_ms,c_ma,c_ms,interleaved
8,0.41100064,0.0,s_ms,c_ma,c_ms,interleaved
8,2.026086e-06,0.0,s_ma,c_ma,c_ma,interleaved
8,1.7894899e-06,0.0,s_ma,c_ma,c_ms,interleaved
8,4.4138457e-07,0.0,s_ma,c_ma,c_ms,interleaved
8,1.4116135e-07,0.0,s_ma,c_ma,c_ma,interleaved
8,0.38913733,0.0,s_ms,c_ms,c_ma,interleaved
8,0.35623372,0.0,s_ms,c_ms,c_ms,interleaved
8,0.5424938,1.0,s_ms,c_ms,c_ma,interleaved
8,0.32928056,0.0,s_ms,c_ms,c_ms,interleaved
8,0.3821669,0.0,s_ms,c_ms,c_ms,interleaved
8,1.5404137e-06,0.0,s_ma,c_ms,c_ms,interleaved
8,1.4124664e-07,0.0,s_ma,c_ms,c_ma,interleaved
8,3.9149012e-07,0.0,s_ma,c_ms,c_ma,interleaved
8,2.6309883e-07,0.0,s_ma,c_ms,c_ms,interleaved
8,1.04967214e-07,0.0,s_ma,c_ms,c_ma,interleaved
8,0.49245992,0.0,s_ms,c_ma,c_ma,interleaved
8,0.48214152,0.0,s_ms,c_ma,c_ms,interleaved
8,0.56720626,1.0,s_ms,c_ma,c_ms,interleaved
8,0.5366765,1.0,s_ms,c_ma,c_ma,interleaved
8,0.45216846,0.0,s_ms,c_ma,c_ma,interleaved
8,2.2069976e-06,0.0,s_ma,c_ma,c_ms,interleaved
8,1.6802175e-06,0.0,s_ma,c_ma,c_ma,interleaved
8,4.4152364e-07,0.0,s_ma,c_ma,c_ms,interleaved
8,5.636982e-07,0.0,s_ma,c_ma,c_ms,interleaved
8,0.25947738,0.0,s_ms,c_ms,c_ms,interleaved
8,0.3261888,0.0,s_ms,c_ms,c_ma,interleaved
8,0.52565116,1.0,s_ms,c_ms,c_ms,interleaved
8,0.27442616,0.0,s_ms,c_ms,c_ma,interleaved
8,0.3514824,0.0,s_ms,c_ms,c_ma,interleaved
8,2.6772298e-06,0.0,s_ma,c_ms,c_ma,interleaved
8,2.973939e-07,0.0,s_ma,c_ms,c_ms,interleaved
8,6.149164e-08,0.0,s_ma,c_ms,c_ms,interleaved
8,1.9932734e-06,0.0,s_ma,c_ms,c_ma,interleaved
8,4.4265911e-07,0.0,s_ma,c_ms,c_ms,interleaved
8,0.35500178,0.0,s_ms,c_ma,c_ms,interleaved
8,0.43588462,0.0,s_ms,c_ma,c_ma,interleaved
8,0.44208455,0.0,s_ms,c_ma,c_ma,interleaved
8,0.44839948,0.0,s_ms,c_ma,c_ms,interleaved
8,0.37377024,0.0,s_ms,c_ma,c_ms,interleaved
8,1.4820807e-07,0.0,s_ma,c_ma,c_ma,interleaved
8,3.0486123e-07,0.0,s_ma,c_ma,c_ms,interleaved
8,1.3951787e-07,0.0,s_ma,c_ma,c_ma,interleaved
8,4.998666e-07,0.0,s_ma,c_ma,c_ms,interleaved
8,3.9940528e-07,0.0,s_ma,c_ma,c_ms,random
8,4.470081e-06,0.0,s_ma,c_ma,c_ma,random
8,1.4532759e-06,0.0,s_ma,c_ma,c_ms,random
8,1.1284262e-06,0.0,s_ma,c_ma,c_ms,random
8,0.31829414,0.0,s_ms,c_ma,c_ms,random
8,0.30040705,0.0,s_ms,c_ma,c_ma,random
8,0.3729471,0.0,s_ms,c_ma,c_ma,random
8,0.33222666,0.0,s_ms,c_ma,c_ms,random
8,0.3306651,0.0,s_ms,c_ma,c_ma,random
8,1.8159496e-06,0.0,s_ma,c_ms,c_ma,random
8,1.354431e-06,0.0,s_ma,c_ms,c_ms,random
8,2.444819e-06,0.0,s_ma,c_ms,c_ms,random
8,1.5617442e-06,0.0,s_ma,c_ms,c_ma,random
8,7.2275e-06,0.0,s_ma,c_ms,c_ma,random
8,0.41823313,0.0,s_ms,c_ms,c_ms,random
8,0.43095163,0.0,s_ms,c_ms,c_ma,random
8,0.32826212,0.0,s_ms,c_ms,c_ms,random
8,0.41928297,0.0,s_ms,c_ms,c_ma,random
8,0.5114991,1.0,s_ms,c_ms,c_ms,random
8,3.347015e-07,0.0,s_ma,c_ma,c_ms,random
8,9.092499e-06,0.0,s_ma,c_ma,c_ms,random
8,1.0495839e-07,0.0,s_ma,c_ma,c_ma,random
8,2.0722115e-09,0.0,s_ma,c_ma,c_ma,random
8,0.42807198,0.0,s_ms,c_ma,c_ma,random
8,0.39103922,0.0,s_ms,c_ma,c_ms,random
8,0.5574459,1.0,s_ms,c_ma,c_ms,random
8,0.48198497,0.0,s_ms,c_ma,c_ma,random
8,0.24233659,0.0,s_ms,c_ma,c_ms,random
8,4.480365e-08,0.0,s_ma,c_ms,c_ms,random
8,5.4810134e-06,0.0,s_ma,c_ms,c_ma,random
8,1.3541653e-05,0.0,s_ma,c_ms,c_ma,random
8,9.0377505e-08,0.0,s_ma,c_ms,c_ms,random
8,4.6568132e-07,0.0,s_ma,c_ms,c_ms,random
8,0.37123537,0.0,s_ms,c_ms,c_ma,random
8,0.3460847,0.0,s_ms,c_ms,c_ms,random
8,0.42440277,0.0,s_ms,c_ms,c_ma,random
8,0.4341702,0.0,s_ms,c_ms,c_ms,random
8,0.4600305,0.0,s_ms,c_ms,c_ma,random
8,4.5843417e-06,0.0,s_ma,c_ma,c_ma,random
8,1.1228183e-05,0.0,s_ma,c_ma,c_ms,random
8,1.8984363e-06,0.0,s_ma,c_ma,c_ms,random
8,7.3602433e-07,0.0,s_ma,c_ma,c_ms,random
8,0.3475694,0.0,s_ms,c_ma,c_ms,random
8,0.22146724,0.0,s_ms,c_ma,c_ma,random
8,0.3823376,0.0,s_ms,c_ma,c_ma,random
8,0.3167417,0.0,s_ms,c_ma,c_ms,random
8,0.25577402,0.0,s_ms,c_ma,c_ma,random
8,1.8092215e-06,0.0,s_ma,c_ms,c_ma,random
8,3.8481166e-06,0.0,s_ma,c_ms,c_ms,random
8,0.00012081134,0.0,s_ma,c_ms,c_ms,random
8,6.940539e-06,0.0,s_ma,c_ms,c_ma,random
8,6.3441503e-06,0.0,s_ma,c_ms,c_ma,random
8,0.34057078,0.0,s_ms,c_ms,c_ms,random
8,0.27552477,0.0,s_ms,c_ms,c_ma,random
8,0.38753217,0.0,s_ms,c_ms,c_ms,random
8,0.27608967,0.0,s_ms,c_ms,c_ma,random
8,0.28732902,0.0,s_ms,c_ms,c_ms,random
8,1.4588703e-06,0.0,s_ma,c_ma,c_ms,random
8,1.11053275e-07,0.0,s_ma,c_ma,c_ma,random
8,1.946209e-06,0.0,s_ma,c_ma,c_ms,random
8,1.3870789e-07,0.0,s_ma,c_ma,c_ma,random
8,0.41117555,0.0,s_ms,c_ma,c_ma,random
8,0.41163456,0.0,s_ms,c_ma,c_ms,random
8,0.50890297,1.0,s_ms,c_ma,c_ms,random
8,0.4874331,0.0,s_ms,c_ma,c_ma,random
8,0.41088855,0.0,s_ms,c_ma,c_ms,random
8,2.561676e-06,0.0,s_ma,c_ms,c_ms,random
8,1.7031309e-06,0.0,s_ma,c_ms,c_ma,random
8,1.6774258e-06,0.0,s_ma,c_ms,c_ma,random
8,3.23908e-06,0.0,s_ma,c_ms,c_ms,random
8,8.142239e-06,0.0,s_ma,c_ms,c_ms,random
8,0.4665993,0.0,s_ms,c_ms,c_ma,random
8,0.42154878,0.0,s_ms,c_ms,c_ms,random
8,0.4107936,0.0,s_ms,c_ms,c_ma,random
8,0.43009418,0.0,s_ms,c_ms,c_ms,random
8,0.5361873,1.0,s_ms,c_ms,c_ma,random
8,1.1025696e-06,0.0,s_ma,c_ma,c_ms,random
8,2.160331e-09,0.0,s_ma,c_ma,c_ma,random
8,6.3010964e-07,0.0,s_ma,c_ma,c_ms,random
8,1.2561503e-07,0.0,s_ma,c_ma,c_ma,random
8,0.468553,0.0,s_ms,c_ma,c_ma,random
8,0.3571214,0.0,s_ms,c_ma,c_ms,random
8,0.44823366,0.0,s_ms,c_ma,c_ms,random
8,0.320746,0.0,s_ms,c_ma,c_ma,random
8,0.2732865,0.0,s_ms,c_ma,c_ms,random
8,2.3754162e-06,0.0,s_ma,c_ms,c_ms,random
8,3.7931325e-06,0.0,s_ma,c_ms,c_ma,random
8,5.732679e-07,0.0,s_ma,c_ms,c_ma,random
8,1.5795281e-06,0.0,s_ma,c_ms,c_ms,random
8,1.4354265e-06,0.0,s_ma,c_ms,c_ms,random
8,0.44683957,0.0,s_ms,c_ms,c_ma,random
8,0.30481488,0.0,s_ms,c_ms,c_ms,random
8,0.29699975,0.0,s_ms,c_ms,c_ma,random
8,0.42282945,0.0,s_ms,c_ms,c_ms,random
8,0.3602307,0.0,s_ms,c_ms,c_ma,random
8,0.41673,0.0,s_ms,c_ma,c_ms,random
8,0.361974,0.0,s_ms,c_ma,c_ma,random
8,0.45556396,0.0,s_ms,c_ma,c_ms,random
8,0.35597032,0.0,s_ms,c_ma,c_ma,random
8,0.27815294,0.0,s_ms,c_ma,c_ma,random
8,1.5995931e-06,0.0,s_ma,c_ma,c_ms,random
8,8.137487e-06,0.0,s_ma,c_ma,c_ms,random
8,1.3513715e-05,0.0,s_ma,c_ma,c_ma,random
8,9.72482e-06,0.0,s_ma,c_ma,c_ms,random
8,0.3956328,0.0,s_ms,c_ms,c_ms,random
8,0.43828714,0.0,s_ms,c_ms,c_ma,random
8,0.48257667,0.0,s_ms,c_ms,c_ma,random
8,0.39302447,0.0,s_ms,c_ms,c_ms,random
8,0.33325464,0.0,s_ms,c_ms,c_ms,random
8,4.0574805e-06,0.0,s_ma,c_ms,c_ma,random
8,7.82742e-06,0.0,s_ma,c_ms,c_ms,random
8,7.733793e-06,0.0,s_ma,c_ms,c_ma,random
8,1.522224e-06,0.0,s_ma,c_ms,c_ms,random
8,3.2137746e-06,0.0,s_ma,c_ms,c_ma,random
8,0.48138928,0.0,s_ms,c_ma,c_ma,random
8,0.38031915,0.0,s_ms,c_ma,c_ms,random
8,0.5824457,1.0,s_ms,c_ma,c_ma,random
8,0.41613764,0.0,s_ms,c_ma,c_ms,random
8,0.3861867,0.0,s_ms,c_ma,c_ms,random
8,1.4719836e-06,0.0,s_ma,c_ma,c_ms,random
8,1.8853171e-07,0.0,s_ma,c_ma,c_ma,random
8,2.4939878e-05,0.0,s_ma,c_ma,c_ms,random
8,2.4147555e-05,0.0,s_ma,c_ma,c_ma,random
8,0.4286252,0.0,s_ms,c_ms,c_ma,random
8,0.41487077,0.0,s_ms,c_ms,c_ms,random
8,0.55538154,1.0,s_ms,c_ms,c_ms,random
8,0.4428796,0.0,s_ms,c_ms,c_ma,random
8,0.54053456,1.0,s_ms,c_ms,c_ma,random
8,3.4830057e-07,0.0,s_ma,c_ms,c_ms,random
8,4.2330058e-07,0.0,s_ma,c_ms,c_ma,random
8,1.2000747e-07,0.0,s_ma,c_ms,c_ms,random
8,1.3440003e-07,0.0,s_ma,c_ms,c_ma,random
8,2.7965132e-07,0.0,s_ma,c_ms,c_ms,random
8,0.41126937,0.0,s_ms,c_ma,c_ma,random
8,0.25177038,0.0,s_ms,c_ma,c_ms,random
8,0.37515283,0.0,s_ms,c_ma,c_ma,random
8,0.27865422,0.0,s_ms,c_ma,c_ms,random
8,0.30348083,0.0,s_ms,c_ma,c_ms,random
8,7.636068e-06,0.0,s_ma,c_ma,c_ms,random
8,1.2900972e-07,0.0,s_ma,c_ma,c_ma,random
8,8.9492926e-07,0.0,s_ma,c_ma,c_ms,random
8,2.1755707e-06,0.0,s_ma,c_ma,c_ma,random
8,0.2996071,0.0,s_ms,c_ms,c_ma,random
8,0.3489945,0.0,s_ms,c_ms,c_ms,random
8,0.3231302,0.0,s_ms,c_ms,c_ms,random
8,0.379923,0.0,s_ms,c_ms,c_ma,random
8,0.34580308,0.0,s_ms,c_ms,c_ma,random
8,2.4976202e-07,0.0,s_ma,c_ms,c_ms,random
8,1.2894905e-07,0.0,s_ma,c_ms,c_ma,random
8,7.05941e-08,0.0,s_ma,c_ms,c_ms,random
8,3.870105e-07,0.0,s_ma,c_ms,c_ma,random
8,6.153509e-08,0.0,s_ma,c_ms,c_ms,random
8,0.47236633,0.0,s_ms,c_ma,c_ms,random
8,0.26799822,0.0,s_ms,c_ma,c_ma,random
8,0.43869078,0.0,s_ms,c_ma,c_ms,random
8,0.33858612,0.0,s_ms,c_ma,c_ma,random
8,0.4495605,0.0,s_ms,c_ma,c_ma,random
8,1.3562168e-05,0.0,s_ma,c_ma,c_ma,random
8,2.708681e-05,0.0,s_ma,c_ma,c_ms,random
8,1.0141631e-06,0.0,s_ma,c_ma,c_ms,random
8,1.4803794e-05,0.0,s_ma,c_ma,c_ms,random
8,0.2853378,0.0,s_ms,c_ms,c_ms,random
8,0.34297192,0.0,s_ms,c_ms,c_ma,random
8,0.37419575,0.0,s_ms,c_ms,c_ma,random
8,0.35941,0.0,s_ms,c_ms,c_ms,random
8,0.31720418,0.0,s_ms,c_ms,c_ms,random
8,1.0846092e-06,0.0,s_ma,c_ms,c_ma,random
8,6.758671e-06,0.0,s_ma,c_ms,c_ms,random
8,3.0743797e-07,0.0,s_ma,c_ms,c_ma,random
8,3.179073e-07,0.0,s_ma,c_ms,c_ms,random
8,2.2296033e-06,0.0,s_ma,c_ms,c_ma,random
8,0.48647022,0.0,s_ms,c_ma,c_ma,random
8,0.57235336,1.0,s_ms,c_ma,c_ms,random
8,0.5414877,1.0,s_ms,c_ma,c_ma,random
8,0.42617905,0.0,s_ms,c_ma,c_ms,random
8,0.5186142,1.0,s_ms,c_ma,c_ms,random
8,8.815697e-06,0.0,s_ma,c_ma,c_ms,random
8,2.2419597e-05,0.0,s_ma,c_ma,c_ma,random
8,2.479246e-06,0.0,s_ma,c_ma,c_ma,random
8,1.5522735e-05,0.0,s_ma,c_ma,c_ms,random
8,0.470535,0.0,s_ms,c_ms,c_ma,random
8,0.40764022,0.0,s_ms,c_ms,c_ms,random
8,0.56647164,1.0,s_ms,c_ms,c_ms,random
8,0.47525617,0.0,s_ms,c_ms,c_ma,random
8,0.45438594,0.0,s_ms,c_ms,c_ma,random
8,1.8037524e-06,0.0,s_ma,c_ms,c_ms,random
8,1.8608277e-07,0.0,s_ma,c_ms,c_ma,random
8,1.9128521e-07,0.0,s_ma,c_ms,c_ms,random
8,1.0505356e-07,0.0,s_ma,c_ms,c_ma,random
8,3.8252426e-07,0.0,s_ma,c_ms,c_ms,random
8,2.0465825e-06,0.0,s_ma,c_ms,c_ma,random
8,5.4259797e-08,0.0,s_ma,c_ms,c_ms,random
8,1.6368119e-06,0.0,s_ma,c_ms,c_ma,random
8,2.4216058e-06,0.0,s_ma,c_ms,c_ms,random
8,2.6819657e-06,0.0,s_ma,c_ms,c_ms,random
8,0.384304,0.0,s_ms,c_ms,c_ms,random
8,0.30366522,0.0,s_ms,c_ms,c_ma,random
8,0.45193195,0.0,s_ms,c_ms,c_ma,random
8,0.4420714,0.0,s_ms,c_ms,c_ms,random
8,0.29265165,0.0,s_ms,c_ms,c_ma,random
8,3.7845462e-06,0.0,s_ma,c_ma,c_ms,random
8,8.014538e-07,0.0,s_ma,c_ma,c_ms,random
8,2.147445e-05,0.0,s_ma,c_ma,c_ma,random
8,1.042477e-05,0.0,s_ma,c_ma,c_ma,random
8,0.43842337,0.0,s_ms,c_ma,c_ms,random
8,0.35651922,0.0,s_ms,c_ma,c_ma,random
8,0.3917979,0.0,s_ms,c_ma,c_ms,random
8,0.31824178,0.0,s_ms,c_ma,c_ma,random
8,0.40281564,0.0,s_ms,c_ma,c_ms,random
8,1.6459561e-06,0.0,s_ma,c_ms,c_ms,random
8,7.145049e-06,0.0,s_ma,c_ms,c_ma,random
8,3.6815188e-06,0.0,s_ma,c_ms,c_ms,random
8,2.0536847e-06,0.0,s_ma,c_ms,c_ma,random
8,4.9554437e-06,0.0,s_ma,c_ms,c_ma,random
8,0.416865,0.0,s_ms,c_ms,c_ma,random
8,0.37588412,0.0,s_ms,c_ms,c_ms,random
8,0.47864294,0.0,s_ms,c_ms,c_ms,random
8,0.44304574,0.0,s_ms,c_ms,c_ma,random
8,0.3736267,0.0,s_ms,c_ms,c_ms,random
8,4.228771e-06,0.0,s_ma,c_ma,c_ms,random
8,3.5411829e-06,0.0,s_ma,c_ma,c_ma,random
8,6.591433e-06,0.0,s_ma,c_ma,c_ms,random
8,6.595025e-06,0.0,s_ma,c_ma,c_ms,random
8,0.4520498,0.0,s_ms,c_ma,c_ma,random
8,0.42100918,0.0,s_ms,c_ma,c_ms,random
8,0.4560606,0.0,s_ms,c_ma,c_ma,random
8,0.37057054,0.0,s_ms,c_ma,c_ms,random
8,0.40931907,0.0,s_ms,c_ma,c_ma,random
8,2.8569182e-06,0.0,s_ma,c_ms,c_ms,random
8,1.7226783e-05,0.0,s_ma,c_ms,c_ma,random
8,0.00011561116,0.0,s_ma,c_ms,c_ms,random
8,1.723137e-06,0.0,s_ma,c_ms,c_ma,random
8,6.604347e-07,0.0,s_ma,c_ms,c_ma,random
8,0.32098308,0.0,s_ms,c_ms,c_ma,random
8,0.2220647,0.0,s_ms,c_ms,c_ms,random
8,0.43724626,0.0,s_ms,c_ms,c_ms,random
8,0.360532,0.0,s_ms,c_ms,c_ma,random
8,0.24188788,0.0,s_ms,c_ms,c_ms,random
8,8.1495494e-07,0.0,s_ma,c_ma,c_ms,random
8,3.4428758e-06,0.0,s_ma,c_ma,c_ma,random
8,5.0384583e-06,0.0,s_ma,c_ma,c_ms,random
8,1.4325216e-05,0.0,s_ma,c_ma,c_ms,random
8,0.3499388,0.0,s_ms,c_ma,c_ma,random
8,0.2293549,0.0,s_ms,c_ma,c_ms,random
8,0.33926353,0.0,s_ms,c_ma,c_ma,random
8,0.24074519,0.0,s_ms,c_ma,c_ms,random
8,0.3704473,0.0,s_ms,c_ma,c_ma,random
8,1.7135179e-06,0.0,s_ma,c_ms,c_ma,random
8,1.063744e-07,0.0,s_ma,c_ms,c_ms,random
8,7.0951705e-06,0.0,s_ma,c_ms,c_ma,random
8,3.6296108e-06,0.0,s_ma,c_ms,c_ms,random
8,2.0124749e-06,0.0,s_ma,c_ms,c_ms,random
8,0.3791753,0.0,s_ms,c_ms,c_ms,random
8,0.2872068,0.0,s_ms,c_ms,c_ma,random
8,0.37750453,0.0,s_ms,c_ms,c_ma,random
8,0.35033578,0.0,s_ms,c_ms,c_ms,random
8,0.31296057,0.0,s_ms,c_ms,c_ma,random
8,2.3290931e-05,0.0,s_ma,c_ma,c_ma,random
8,6.2158824e-06,0.0,s_ma,c_ma,c_ms,random
8,4.8126535e-06,0.0,s_ma,c_ma,c_ms,random
8,3.0588875e-05,0.0,s_ma,c_ma,c_ma,random
8,0.40502906,0.0,s_ms,c_ma,c_ms,random
8,0.3250475,0.0,s_ms,c_ma,c_ma,random
8,0.3398931,0.0,s_ms,c_ma,c_ms,random
8,0.29712954,0.0,s_ms,c_ma,c_ma,random
8,0.35861146,0.0,s_ms,c_ma,c_ms,random
8,7.2159414e-06,0.0,s_ma,c_ms,c_ma,random
8,5.374644e-07,0.0,s_ma,c_ms,c_ms,random
8,6.277221e-06,0.0,s_ma,c_ms,c_ma,random
8,8.397466e-06,0.0,s_ma,c_ms,c_ms,random
8,1.6850279e-06,0.0,s_ma,c_ms,c_ms,random
8,0.4369044,0.0,s_ms,c_ms,c_ms,random
8,0.21823257,0.0,s_ms,c_ms,c_ma,random
8,0.41703156,0.0,s_ms,c_ms,c_ma,random
8,0.40474898,0.0,s_ms,c_ms,c_ms,random
8,0.32885,0.0,s_ms,c_ms,c_ma,random
8,1.1251569e-05,0.0,s_ma,c_ma,c_ma,random
8,6.872416e-06,0.0,s_ma,c_ma,c_ms,random
8,1.4615231e-05,0.0,s_ma,c_ma,c_ms,random
8,3.0650317e-05,0.0,s_ma,c_ma,c_ma,random
8,0.40948558,0.0,s_ms,c_ma,c_ms,random
8,0.3602466,0.0,s_ms,c_ma,c_ma,random
8,0.3978626,0.0,s_ms,c_ma,c_ms,random
8,0.36141083,0.0,s_ms,c_ma,c_ma,random
8,0.4429072,0.0,s_ms,c_ma,c_ms,random
8,0.32695925,0.0,s_ms,c_ms,c_ms,random
8,0.41313356,0.0,s_ms,c_ms,c_ma,random
8,0.450781,0.0,s_ms,c_ms,c_ms,random
8,0.34259397,0.0,s_ms,c_ms,c_ma,random
8,0.3340985,0.0,s_ms,c_ms,c_ma,random
8,4.420055e-06,0.0,s_ma,c_ms,c_ma,random
8,4.333117e-07,0.0,s_ma,c_ms,c_ms,random
8,1.9200895e-07,0.0,s_ma,c_ms,c_ms,random
8,9.660105e-07,0.0,s_ma,c_ms,c_ma,random
8,2.3000032e-06,0.0,s_ma,c_ms,c_ms,random
8,0.35823807,0.0,s_ms,c_ma,c_ms,random
8,0.35041863,0.0,s_ms,c_ma,c_ma,random
8,0.48903048,0.0,s_ms,c_ma,c_ma,random
8,0.3792858,0.0,s_ms,c_ma,c_ms,random
8,0.40981537,0.0,s_ms,c_ma,c_ms,random
8,1.2203336e-06,0.0,s_ma,c_ma,c_ms,random
8,2.3231376e-06,0.0,s_ma,c_ma,c_ma,random
8,2.3574144e-06,0.0,s_ma,c_ma,c_ms,random
8,1.5115995e-07,0.0,s_ma,c_ma,c_ma,random
8,0.35867956,0.0,s_ms,c_ms,c_ma,random
8,0.41105118,0.0,s_ms,c_ms,c_ms,random
8,0.565565,1.0,s_ms,c_ms,c_ma,random
8,0.39987966,0.0,s_ms,c_ms,c_ms,random
8,0.44394225,0.0,s_ms,c_ms,c_ms,random
8,7.7523855e-06,0.0,s_ma,c_ms,c_ms,random
8,4.2571992e-07,0.0,s_ma,c_ms,c_ma,random
8,2.0786648e-07,0.0,s_ma,c_ms,c_ma,random
8,7.234822e-06,0.0,s_ma,c_ms,c_ms,random
8,1.8588005e-07,0.0,s_ma,c_ms,c_ma,random
8,0.44114572,0.0,s_ms,c_ma,c_ma,random
8,0.42197686,0.0,s_ms,c_ma,c_ms,random
8,0.5789754,1.0,s_ms,c_ma,c_ms,random
8,0.49541652,0.0,s_ms,c_ma,c_ma,random
8,0.46556067,0.0,s_ms,c_ma,c_ma,random
8,1.0881739e-06,0.0,s_ma,c_ma,c_ms,random
8,2.012359e-06,0.0,s_ma,c_ma,c_ms,random
8,1.7162592e-06,0.0,s_ma,c_ma,c_ma,random
8,3.0316835e-07,0.0,s_ma,c_ma,c_ms,random
8,0.4483379,0.0,s_ms,c_ms,c_ms,random
8,0.38154596,0.0,s_ms,c_ms,c_ma,random
8,0.4460214,0.0,s_ms,c_ms,c_ms,random
8,0.37471658,0.0,s_ms,c_ms,c_ma,random
8,0.45649353,0.0,s_ms,c_ms,c_ma,random
8,7.1103204e-06,0.0,s_ma,c_ms,c_ma,random
8,6.0508626e-08,0.0,s_ma,c_ms,c_ms,random
8,1.3244974e-07,0.0,s_ma,c_ms,c_ms,random
8,2.4849e-07,0.0,s_ma,c_ms,c_ma,random
8,1.8779231e-07,0.0,s_ma,c_ms,c_ms,random
8,0.4052317,0.0,s_ms,c_ma,c_ms,random
8,0.4227015,0.0,s_ms,c_ma,c_ma,random
8,0.50507265,1.0,s_ms,c_ma,c_ma,random
8,0.44661042,0.0,s_ms,c_ma,c_ms,random
8,0.41081265,0.0,s_ms,c_ma,c_ms,random
8,1.9579015e-06,0.0,s_ma,c_ma,c_ma,random
8,1.7821587e-06,0.0,s_ma,c_ma,c_ms,random
8,4.4064453e-07,0.0,s_ma,c_ma,c_ms,random
8,1.4021491e-07,0.0,s_ma,c_ma,c_ma,random
8,0.38685226,0.0,s_ms,c_ms,c_ma,random
8,0.357392,0.0,s_ms,c_ms,c_ms,random
8,0.5413001,1.0,s_ms,c_ms,c_ma,random
8,0.33053648,0.0,s_ms,c_ms,c_ms,random
8,0.38316813,0.0,s_ms,c_ms,c_ms,random
8,1.5392086e-06,0.0,s_ma,c_ms,c_ms,random
8,1.4062638e-07,0.0,s_ma,c_ms,c_ma,random
8,3.9156828e-07,0.0,s_ma,c_ms,c_ma,random
8,2.625948e-07,0.0,s_ma,c_ms,c_ms,random
8,1.0443206e-07,0.0,s_ma,c_ms,c_ma,random
8,0.489344,0.0,s_ms,c_ma,c_ma,random
8,0.48065102,0.0,s_ms,c_ma,c_ms,random
8,0.56633806,1.0,s_ms,c_ma,c_ms,random
8,0.53523225,1.0,s_ms,c_ma,c_ma,random
8,0.44911397,0.0,s_ms,c_ma,c_ma,random
8,2.1417927e-06,0.0,s_ma,c_ma,c_ms,random
8,1.6577198e-06,0.0,s_ma,c_ma,c_ma,random
8,4.4075006e-07,0.0,s_ma,c_ma,c_ms,random
8,5.610723e-07,0.0,s_ma,c_ma,c_ms,random
8,0.25438336,0.0,s_ms,c_ms,c_ms,random
8,0.32303882,0.0,s_ms,c_ms,c_ma,random
8,0.52303,1.0,s_ms,c_ms,c_ms,random
8,0.27125382,0.0,s_ms,c_ms,c_ma,random
8,0.34298766,0.0,s_ms,c_ms,c_ma,random
8,2.6135947e-06,0.0,s_ma,c_ms,c_ma,random
8,2.3631065e-07,0.0,s_ma,c_ms,c_ms,random
8,6.146918e-08,0.0,s_ma,c_ms,c_ms,random
8,2.052147e-06,0.0,s_ma,c_ms,c_ma,random
8,4.4282473e-07,0.0,s_ma,c_ms,c_ms,random
8,0.34992087,0.0,s_ms,c_ma,c_ms,random
8,0.42823172,0.0,s_ms,c_ma,c_ma,random
8,0.43063152,0.0,s_ms,c_ma,c_ma,random
8,0.44253063,0.0,s_ms,c_ma,c_ms,random
8,0.36712462,0.0,s_ms,c_ma,c_ms,random
8,1.4650553e-07,0.0,s_ma,c_ma,c_ma,random
8,3.042626e-07,0.0,s_ma,c_ma,c_ms,random
8,1.3856611e-07,0.0,s_ma,c_ma,c_ma,random
8,4.3793915e-07,0.0,s_ma,c_ma,c_ms,random
9,4.084991e-06,0.0,s_ma,c_ma,c_ms,blocked
9,0.0002239366,0.0,s_ma,c_ma,c_ma,blocked
9,0.00012823421,0.0,s_ma,c_ma,c_ms,blocked
9,0.00018072096,0.0,s_ma,c_ma,c_ms,blocked
9,0.8881891,1.0,s_ms,c_ma,c_ms,blocked
9,0.9274218,1.0,s_ms,c_ma,c_ma,blocked
9,0.894245,1.0,s_ms,c_ma,c_ma,blocked
9,0.86386853,1.0,s_ms,c_ma,c_ms,blocked
9,0.92713046,1.0,s_ms,c_ma,c_ma,blocked
9,1.7387198e-05,0.0,s_ma,c_ms,c_ma,blocked
9,0.0002153501,0.0,s_ma,c_ms,c_ms,blocked
9,7.125444e-05,0.0,s_ma,c_ms,c_ms,blocked
9,7.141934e-05,0.0,s_ma,c_ms,c_ma,blocked
9,2.7135307e-05,0.0,s_ma,c_ms,c_ma,blocked
9,0.9058944,1.0,s_ms,c_ms,c_ms,blocked
9,0.9615189,1.0,s_ms,c_ms,c_ma,blocked
9,0.9600254,1.0,s_ms,c_ms,c_ms,blocked
9,0.9217582,1.0,s_ms,c_ms,c_ma,blocked
9,0.8987769,1.0,s_ms,c_ms,c_ms,blocked
9,3.7995346e-06,0.0,s_ma,c_ma,c_ms,blocked
9,1.6045757e-05,0.0,s_ma,c_ma,c_ms,blocked
9,1.818232e-05,0.0,s_ma,c_ma,c_ma,blocked
9,1.962811e-05,0.0,s_ma,c_ma,c_ma,blocked
9,0.84137833,1.0,s_ms,c_ma,c_ma,blocked
9,0.90484905,1.0,s_ms,c_ma,c_ms,blocked
9,0.7854138,1.0,s_ms,c_ma,c_ms,blocked
9,0.8306171,1.0,s_ms,c_ma,c_ma,blocked
9,0.8965942,1.0,s_ms,c_ma,c_ms,blocked
9,5.814621e-07,0.0,s_ma,c_ms,c_ms,blocked
9,0.00030310627,0.0,s_ma,c_ms,c_ma,blocked
9,3.9473416e-06,0.0,s_ma,c_ms,c_ma,blocked
9,1.699566e-05,0.0,s_ma,c_ms,c_ms,blocked
9,1.2908143e-06,0.0,s_ma,c_ms,c_ms,blocked
9,0.83035433,1.0,s_ms,c_ms,c_ma,blocked
9,0.9287902,1.0,s_ms,c_ms,c_ms,blocked
9,0.89837813,1.0,s_ms,c_ms,c_ma,blocked
9,0.83873725,1.0,s_ms,c_ms,c_ms,blocked
9,0.6588466,1.0,s_ms,c_ms,c_ma,blocked
9,0.00024603232,0.0,s_ma,c_ma,c_ma,blocked
9,1.850084e-05,0.0,s_ma,c_ma,c_ms,blocked
9,0.00063363026,0.0,s_ma,c_ma,c_ms,blocked
9,0.00024220126,0.0,s_ma,c_ma,c_ms,blocked
9,0.9336554,1.0,s_ms,c_ma,c_ms,blocked
9,0.9180833,1.0,s_ms,c_ma,c_ma,blocked
9,0.87643516,1.0,s_ms,c_ma,c_ma,blocked
9,0.90111476,1.0,s_ms,c_ma,c_ms,blocked
9,0.93880093,1.0,s_ms,c_ma,c_ma,blocked
9,0.00041453697,0.0,s_ma,c_ms,c_ma,blocked
9,0.0010474116,0.0,s_ma,c_ms,c_ms,blocked
9,0.0033898016,0.0,s_ma,c_ms,c_ms,blocked
9,0.0011475347,0.0,s_ma,c_ms,c_ma,blocked
9,0.0004765723,0.0,s_ma,c_ms,c_ma,blocked
9,0.862236,1.0,s_ms,c_ms,c_ms,blocked
9,0.9315697,1.0,s_ms,c_ms,c_ma,blocked
9,0.9414487,1.0,s_ms,c_ms,c_ms,blocked
9,0.9362629,1.0,s_ms,c_ms,c_ma,blocked
9,0.83641064,1.0,s_ms,c_ms,c_ms,blocked
9,0.00013271414,0.0,s_ma,c_ma,c_ms,blocked
9,2.35578e-05,0.0,s_ma,c_ma,c_ma,blocked
9,0.000607114,0.0,s_ma,c_ma,c_ms,blocked
9,0.00030299075,0.0,s_ma,c_ma,c_ma,blocked
9,0.8345374,1.0,s_ms,c_ma,c_ma,blocked
9,0.87546086,1.0,s_ms,c_ma,c_ms,blocked
9,0.7502019,1.0,s_ms,c_ma,c_ms,blocked
9,0.8429513,1.0,s_ms,c_ma,c_ma,blocked
9,0.9061224,1.0,s_ms,c_ma,c_ms,blocked
9,6.119845e-05,0.0,s_ma,c_ms,c_ms,blocked
9,0.00010398794,0.0,s_ma,c_ms,c_ma,blocked
9,8.805854e-05,0.0,s_ma,c_ms,c_ma,blocked
9,0.00025214654,0.0,s_ma,c_ms,c_ms,blocked
9,3.8055623e-05,0.0,s_ma,c_ms,c_ms,blocked
9,0.8041216,1.0,s_ms,c_ms,c_ma,blocked
9,0.89475274,1.0,s_ms,c_ms,c_ms,blocked
9,0.8642789,1.0,s_ms,c_ms,c_ma,blocked
9,0.8714088,1.0,s_ms,c_ms,c_ms,blocked
9,0.6985513,1.0,s_ms,c_ms,c_ma,blocked
9,0.00017459689,0.0,s_ma,c_ma,c_ms,blocked
9,2.0879545e-05,0.0,s_ma,c_ma,c_ma,blocked
9,0.0002588206,0.0,s_ma,c_ma,c_ms,blocked
9,0.00024133347,0.0,s_ma,c_ma,c_ma,blocked
9,0.90236926,1.0,s_ms,c_ma,c_ma,blocked
9,0.8970603,1.0,s_ms,c_ma,c_ms,blocked
9,0.86717135,1.0,s_ms,c_ma,c_ms,blocked
9,0.88521576,1.0,s_ms,c_ma,c_ma,blocked
9,0.92987204,1.0,s_ms,c_ma,c_ms,blocked
9,2.7398048e-06,0.0,s_ma,c_ms,c_ms,blocked
9,0.00010624908,0.0,s_ma,c_ms,c_ma,blocked
9,6.2881895e-06,0.0,s_ma,c_ms,c_ma,blocked
9,0.00035481012,0.0,s_ma,c_ms,c_ms,blocked
9,4.689053e-05,0.0,s_ma,c_ms,c_ms,blocked
9,0.8945601,1.0,s_ms,c_ms,c_ma,blocked
9,0.9341568,1.0,s_ms,c_ms,c_ms,blocked
9,0.92410004,1.0,s_ms,c_ms,c_ma,blocked
9,0.9099338,1.0,s_ms,c_ms,c_ms,blocked
9,0.81168514,1.0,s_ms,c_ms,c_ma,blocked
9,0.067049995,0.0,s_ms,c_ma,c_ms,blocked
9,0.08291586,0.0,s_ms,c_ma,c_ma,blocked
9,0.040599715,0.0,s_ms,c_ma,c_ms,blocked
9,0.09052199,0.0,s_ms,c_ma,c_ma,blocked
9,0.054218657,0.0,s_ms,c_ma,c_ma,blocked
9,2.1306832e-06,0.0,s_ma,c_ma,c_ms,blocked
9,6.4186934e-06,0.0,s_ma,c_ma,c_ms,blocked
9,1.2103503e-06,0.0,s_ma,c_ma,c_ma,blocked
9,8.620126e-07,0.0,s_ma,c_ma,c_ms,blocked
9,0.1090065,0.0,s_ms,c_ms,c_ms,blocked
9,0.043216497,0.0,s_ms,c_ms,c_ma,blocked
9,0.061611753,0.0,s_ms,c_ms,c_ma,blocked
9,0.10690454,0.0,s_ms,c_ms,c_ms,blocked
9,0.11270882,0.0,s_ms,c_ms,c_ms,blocked
9,7.3488195e-07,0.0,s_ma,c_ms,c_ma,blocked
9,1.0746251e-06,0.0,s_ma,c_ms,c_ms,blocked
9,2.5899499e-06,0.0,s_ma,c_ms,c_ma,blocked
9,1.2917375e-05,0.0,s_ma,c_ms,c_ms,blocked
9,3.6708843e-07,0.0,s_ma,c_ms,c_ma,blocked
9,0.039196506,0.0,s_ms,c_ma,c_ma,blocked
9,0.04969989,0.0,s_ms,c_ma,c_ms,blocked
9,0.047321614,0.0,s_ms,c_ma,c_ma,blocked
9,0.060677357,0.0,s_ms,c_ma,c_ms,blocked
9,0.0556706,0.0,s_ms,c_ma,c_ms,blocked
9,2.3089744e-06,0.0,s_ma,c_ma,c_ms,blocked
9,4.469208e-06,0.0,s_ma,c_ma,c_ma,blocked
9,1.9149052e-06,0.0,s_ma,c_ma,c_ms,blocked
9,4.8520155e-07,0.0,s_ma,c_ma,c_ma,blocked
9,0.06554979,0.0,s_ms,c_ms,c_ma,blocked
9,0.050932705,0.0,s_ms,c_ms,c_ms,blocked
9,0.046975087,0.0,s_ms,c_ms,c_ms,blocked
9,0.073145315,0.0,s_ms,c_ms,c_ma,blocked
9,0.06698125,0.0,s_ms,c_ms,c_ma,blocked
9,3.754559e-07,0.0,s_ma,c_ms,c_ms,blocked
9,6.5491986e-07,0.0,s_ma,c_ms,c_ma,blocked
9,3.6520396e-07,0.0,s_ma,c_ms,c_ms,blocked
9,3.2578154e-07,0.0,s_ma,c_ms,c_ma,blocked
9,4.1426253e-07,0.0,s_ma,c_ms,c_ms,blocked
9,0.059069276,0.0,s_ms,c_ma,c_ma,blocked
9,0.118621595,0.0,s_ms,c_ma,c_ms,blocked
9,0.07218745,0.0,s_ms,c_ma,c_ma,blocked
9,0.14870667,0.0,s_ms,c_ma,c_ms,blocked
9,0.0715341,0.0,s_ms,c_ma,c_ms,blocked
9,6.3855787e-06,0.0,s_ma,c_ma,c_ms,blocked
9,5.1363363e-06,0.0,s_ma,c_ma,c_ma,blocked
9,3.51778e-06,0.0,s_ma,c_ma,c_ms,blocked
9,6.903541e-06,0.0,s_ma,c_ma,c_ma,blocked
9,0.090039596,0.0,s_ms,c_ms,c_ma,blocked
9,0.06668221,0.0,s_ms,c_ms,c_ms,blocked
9,0.089748226,0.0,s_ms,c_ms,c_ms,blocked
9,0.098192975,0.0,s_ms,c_ms,c_ma,blocked
9,0.15212706,0.0,s_ms,c_ms,c_ma,blocked
9,5.985614e-07,0.0,s_ma,c_ms,c_ms,blocked
9,1.6606928e-06,0.0,s_ma,c_ms,c_ma,blocked
9,3.7642944e-06,0.0,s_ma,c_ms,c_ms,blocked
9,1.0541826e-05,0.0,s_ma,c_ms,c_ma,blocked
9,2.6733537e-06,0.0,s_ma,c_ms,c_ms,blocked
9,0.06946924,0.0,s_ms,c_ma,c_ms,blocked
9,0.093262956,0.0,s_ms,c_ma,c_ma,blocked
9,0.060284413,0.0,s_ms,c_ma,c_ms,blocked
9,0.09527817,0.0,s_ms,c_ma,c_ma,blocked
9,0.060229916,0.0,s_ms,c_ma,c_ma,blocked
9,1.2692614e-06,0.0,s_ma,c_ma,c_ma,blocked
9,2.1023409e-06,0.0,s_ma,c_ma,c_ms,blocked
9,3.5924481e-06,0.0,s_ma,c_ma,c_ms,blocked
9,6.3763923e-07,0.0,s_ma,c_ma,c_ms,blocked
9,0.12302987,0.0,s_ms,c_ms,c_ms,blocked
9,0.09235144,0.0,s_ms,c_ms,c_ma,blocked
9,0.097089276,0.0,s_ms,c_ms,c_ma,blocked
9,0.08139807,0.0,s_ms,c_ms,c_ms,blocked
9,0.19089822,0.0,s_ms,c_ms,c_ms,blocked
9,2.3712698e-07,0.0,s_ma,c_ms,c_ma,blocked
9,1.517129e-06,0.0,s_ma,c_ms,c_ms,blocked
9,1.8632997e-07,0.0,s_ma,c_ms,c_ma,blocked
9,4.4227323e-07,0.0,s_ma,c_ms,c_ms,blocked
9,1.5098254e-06,0.0,s_ma,c_ms,c_ma,blocked
9,0.0392638,0.0,s_ms,c_ma,c_ma,blocked
9,0.0516546,0.0,s_ms,c_ma,c_ms,blocked
9,0.03260158,0.0,s_ms,c_ma,c_ma,blocked
9,0.05586869,0.0,s_ms,c_ma,c_ms,blocked
9,0.0333282,0.0,s_ms,c_ma,c_ms,blocked
9,8.7846064e-07,0.0,s_ma,c_ma,c_ms,blocked
9,3.8351288e-07,0.0,s_ma,c_ma,c_ma,blocked
9,6.322254e-06,0.0,s_ma,c_ma,c_ma,blocked
9,6.8338693e-07,0.0,s_ma,c_ma,c_ms,blocked
9,0.06298119,0.0,s_ms,c_ms,c_ma,blocked
9,0.041255012,0.0,s_ms,c_ms,c_ms,blocked
9,0.06401825,0.0,s_ms,c_ms,c_ms,blocked
9,0.040055037,0.0,s_ms,c_ms,c_ma,blocked
9,0.07588571,0.0,s_ms,c_ms,c_ma,blocked
9,3.9664556e-06,0.0,s_ma,c_ms,c_ms,blocked
9,5.917563e-06,0.0,s_ma,c_ms,c_ma,blocked
9,4.093547e-06,0.0,s_ma,c_ms,c_ms,blocked
9,5.0326225e-06,0.0,s_ma,c_ms,c_ma,blocked
9,5.820536e-06,0.0,s_ma,c_ms,c_ms,blocked
9,1.2527337e-05,0.0,s_ma,c_ms,c_ma,blocked
9,3.9650223e-07,0.0,s_ma,c_ms,c_ms,blocked
9,0.00026670448,0.0,s_ma,c_ms,c_ma,blocked
9,4.0376744e-05,0.0,s_ma,c_ms,c_ms,blocked
9,2.4554374e-06,0.0,s_ma,c_ms,c_ms,blocked
9,0.6492833,1.0,s_ms,c_ms,c_ms,blocked
9,0.7355848,1.0,s_ms,c_ms,c_ma,blocked
9,0.786569,1.0,s_ms,c_ms,c_ma,blocked
9,0.6914185,1.0,s_ms,c_ms,c_ms,blocked
9,0.8212714,1.0,s_ms,c_ms,c_ma,blocked
9,6.3843945e-05,0.0,s_ma,c_ma,c_ms,blocked
9,7.380756e-05,0.0,s_ma,c_ma,c_ms,blocked
9,9.0942835e-05,0.0,s_ma,c_ma,c_ma,blocked
9,3.1252315e-05,0.0,s_ma,c_ma,c_ma,blocked
9,0.72225887,1.0,s_ms,c_ma,c_ms,blocked
9,0.83492273,1.0,s_ms,c_ma,c_ma,blocked
9,0.8765497,1.0,s_ms,c_ma,c_ms,blocked
9,0.84730935,1.0,s_ms,c_ma,c_ma,blocked
9,0.7363976,1.0,s_ms,c_ma,c_ms,blocked
9,0.00012966162,0.0,s_ma,c_ms,c_ms,blocked
9,0.00033613018,0.0,s_ma,c_ms,c_ma,blocked
9,0.0007198217,0.0,s_ma,c_ms,c_ms,blocked
9,6.73977e-05,0.0,s_ma,c_ms,c_ma,blocked
9,0.000100008256,0.0,s_ma,c_ms,c_ma,blocked
9,0.879564,1.0,s_ms,c_ms,c_ma,blocked
9,0.89600146,1.0,s_ms,c_ms,c_ms,blocked
9,0.88446766,1.0,s_ms,c_ms,c_ms,blocked
9,0.877426,1.0,s_ms,c_ms,c_ma,blocked
9,0.9014604,1.0,s_ms,c_ms,c_ms,blocked
9,7.190069e-05,0.0,s_ma,c_ma,c_ms,blocked
9,0.00020918049,0.0,s_ma,c_ma,c_ma,blocked
9,0.0010139791,0.0,s_ma,c_ma,c_ms,blocked
9,8.93055e-05,0.0,s_ma,c_ma,c_ms,blocked
9,0.8017329,1.0,s_ms,c_ma,c_ma,blocked
9,0.8983386,1.0,s_ms,c_ma,c_ms,blocked
9,0.91099066,1.0,s_ms,c_ma,c_ma,blocked
9,0.87194806,1.0,s_ms,c_ma,c_ms,blocked
9,0.9090837,1.0,s_ms,c_ma,c_ma,blocked
9,5.375285e-05,0.0,s_ma,c_ms,c_ms,blocked
9,4.158519e-06,0.0,s_ma,c_ms,c_ma,blocked
9,0.002225223,0.0,s_ma,c_ms,c_ms,blocked
9,3.0115178e-05,0.0,s_ma,c_ms,c_ma,blocked
9,7.516217e-06,0.0,s_ma,c_ms,c_ma,blocked
9,0.67720854,1.0,s_ms,c_ms,c_ma,blocked
9,0.77270114,1.0,s_ms,c_ms,c_ms,blocked
9,0.7626265,1.0,s_ms,c_ms,c_ms,blocked
9,0.81700647,1.0,s_ms,c_ms,c_ma,blocked
9,0.83911103,1.0,s_ms,c_ms,c_ms,blocked
9,8.165235e-05,0.0,s_ma,c_ma,c_ms,blocked
9,0.00020994632,0.0,s_ma,c_ma,c_ma,blocked
9,0.00014458931,0.0,s_ma,c_ma,c_ms,blocked
9,0.00012959774,0.0,s_ma,c_ma,c_ms,blocked
9,0.80352104,1.0,s_ms,c_ma,c_ma,blocked
9,0.8729778,1.0,s_ms,c_ma,c_ms,blocked
9,0.8590908,1.0,s_ms,c_ma,c_ma,blocked
9,0.8351418,1.0,s_ms,c_ma,c_ms,blocked
9,0.797488,1.0,s_ms,c_ma,c_ma,blocked
9,4.4840177e-05,0.0,s_ma,c_ms,c_ma,blocked
9,1.654369e-05,0.0,s_ma,c_ms,c_ms,blocked
9,0.00077337516,0.0,s_ma,c_ms,c_ma,blocked
9,0.0002799028,0.0,s_ma,c_ms,c_ms,blocked
9,0.000257964,0.0,s_ma,c_ms,c_ms,blocked
9,0.77110267,1.0,s_ms,c_ms,c_ms,blocked
9,0.8273173,1.0,s_ms,c_ms,c_ma,blocked
9,0.7629383,1.0,s_ms,c_ms,c_ma,blocked
9,0.82981914,1.0,s_ms,c_ms,c_ms,blocked
9,0.91729593,1.0,s_ms,c_ms,c_ma,blocked
9,9.347875e-05,0.0,s_ma,c_ma,c_ma,blocked
9,0.0010700382,0.0,s_ma,c_ma,c_ms,blocked
9,0.0001286846,0.0,s_ma,c_ma,c_ms,blocked
9,0.00070661324,0.0,s_ma,c_ma,c_ma,blocked
9,0.8772299,1.0,s_ms,c_ma,c_ms,blocked
9,0.94090223,1.0,s_ms,c_ma,c_ma,blocked
9,0.8966509,1.0,s_ms,c_ma,c_ms,blocked
9,0.833478,1.0,s_ms,c_ma,c_ma,blocked
9,0.86232406,1.0,s_ms,c_ma,c_ms,blocked
9,1.36126655e-05,0.0,s_ma,c_ms,c_ma,blocked
9,8.630288e-07,0.0,s_ma,c_ms,c_ms,blocked
9,0.00027149552,0.0,s_ma,c_ms,c_ma,blocked
9,2.9456545e-05,0.0,s_ma,c_ms,c_ms,blocked
9,4.343719e-05,0.0,s_ma,c_ms,c_ms,blocked
9,0.6582577,1.0,s_ms,c_ms,c_ms,blocked
9,0.65306807,1.0,s_ms,c_ms,c_ma,blocked
9,0.7369528,1.0,s_ms,c_ms,c_ma,blocked
9,0.62089807,1.0,s_ms,c_ms,c_ms,blocked
9,0.8063291,1.0,s_ms,c_ms,c_ma,blocked
9,3.2299842e-05,0.0,s_ma,c_ma,c_ma,blocked
9,8.284704e-05,0.0,s_ma,c_ma,c_ms,blocked
9,0.00011808374,0.0,s_ma,c_ma,c_ms,blocked
9,0.00071888603,0.0,s_ma,c_ma,c_ma,blocked
9,0.7277924,1.0,s_ms,c_ma,c_ms,blocked
9,0.7339514,1.0,s_ms,c_ma,c_ma,blocked
9,0.77851987,1.0,s_ms,c_ma,c_ms,blocked
9,0.7973203,1.0,s_ms,c_ma,c_ma,blocked
9,0.55932534,1.0,s_ms,c_ma,c_ms,blocked
9,0.03178008,0.0,s_ms,c_ms,c_ms,blocked
9,0.07155136,0.0,s_ms,c_ms,c_ma,blocked
9,0.060954593,0.0,s_ms,c_ms,c_ms,blocked
9,0.100958735,0.0,s_ms,c_ms,c_ma,blocked
9,0.041132703,0.0,s_ms,c_ms,c_ma,blocked
9,5.2818365e-07,0.0,s_ma,c_ms,c_ma,blocked
9,4.0686987e-07,0.0,s_ma,c_ms,c_ms,blocked
9,4.0109143e-07,0.0,s_ma,c_ms,c_ms,blocked
9,2.7807926e-07,0.0,s_ma,c_ms,c_ma,blocked
9,3.7080686e-06,0.0,s_ma,c_ms,c_ms,blocked
9,0.18841979,0.0,s_ms,c_ma,c_ms,blocked
9,0.13961247,0.0,s_ms,c_ma,c_ma,blocked
9,0.10603172,0.0,s_ms,c_ma,c_ma,blocked
9,0.07547891,0.0,s_ms,c_ma,c_ms,blocked
9,0.18396848,0.0,s_ms,c_ma,c_ms,blocked
9,1.42731915e-05,0.0,s_ma,c_ma,c_ms,blocked
9,1.4746021e-06,0.0,s_ma,c_ma,c_ma,blocked
9,1.7320144e-05,0.0,s_ma,c_ma,c_ms,blocked
9,3.0256765e-06,0.0,s_ma,c_ma,c_ma,blocked
9,0.017943213,0.0,s_ms,c_ms,c_ma,blocked
9,0.03023507,0.0,s_ms,c_ms,c_ms,blocked
9,0.032430448,0.0,s_ms,c_ms,c_ma,blocked
9,0.06587325,0.0,s_ms,c_ms,c_ms,blocked
9,0.03327928,0.0,s_ms,c_ms,c_ms,blocked
9,1.1341851e-06,0.0,s_ma,c_ms,c_ms,blocked
9,1.151912e-06,0.0,s_ma,c_ms,c_ma,blocked
9,1.2657669e-06,0.0,s_ma,c_ms,c_ma,blocked
9,2.0483594e-06,0.0,s_ma,c_ms,c_ms,blocked
9,5.892499e-06,0.0,s_ma,c_ms,c_ma,blocked
9,0.11287924,0.0,s_ms,c_ma,c_ma,blocked
9,0.06558699,0.0,s_ms,c_ma,c_ms,blocked
9,0.09150483,0.0,s_ms,c_ma,c_ms,blocked
9,0.038047254,0.0,s_ms,c_ma,c_ma,blocked
9,0.18249619,0.0,s_ms,c_ma,c_ma,blocked
9,1.4479427e-05,0.0,s_ma,c_ma,c_ms,blocked
9,7.516402e-07,0.0,s_ma,c_ma,c_ms,blocked
9,5.2379983e-06,0.0,s_ma,c_ma,c_ma,blocked
9,1.0953156e-06,0.0,s_ma,c_ma,c_ms,blocked
9,0.020767342,0.0,s_ms,c_ms,c_ms,blocked
9,0.033862747,0.0,s_ms,c_ms,c_ma,blocked
9,0.030973425,0.0,s_ms,c_ms,c_ms,blocked
9,0.064708434,0.0,s_ms,c_ms,c_ma,blocked
9,0.036829486,0.0,s_ms,c_ms,c_ma,blocked
9,1.9355862e-06,0.0,s_ma,c_ms,c_ma,blocked
9,1.8430903e-07,0.0,s_ma,c_ms,c_ms,blocked
9,2.9477585e-06,0.0,s_ma,c_ms,c_ms,blocked
9,1.8592895e-07,0.0,s_ma,c_ms,c_ma,blocked
9,3.430777e-06,0.0,s_ma,c_ms,c_ms,blocked
9,0.07453117,0.0,s_ms,c_ma,c_ms,blocked
9,0.057856448,0.0,s_ms,c_ma,c_ma,blocked
9,0.086812705,0.0,s_ms,c_ma,c_ma,blocked
9,0.07514188,0.0,s_ms,c_ma,c_ms,blocked
9,0.13171543,0.0,s_ms,c_ma,c_ms,blocked
9,1.4306697e-06,0.0,s_ma,c_ma,c_ma,blocked
9,7.7865303e-07,0.0,s_ma,c_ma,c_ms,blocked
9,5.800342e-06,0.0,s_ma,c_ma,c_ms,blocked
9,2.8084753e-06,0.0,s_ma,c_ma,c_ma,blocked
9,0.02996251,0.0,s_ms,c_ms,c_ma,blocked
9,0.07087964,0.0,s_ms,c_ms,c_ms,blocked
9,0.028906684,0.0,s_ms,c_ms,c_ma,blocked
9,0.0567652,0.0,s_ms,c_ms,c_ms,blocked
9,0.037617575,0.0,s_ms,c_ms,c_ms,blocked
9,7.1572754e-06,0.0,s_ma,c_ms,c_ms,blocked
9,2.071575e-07,0.0,s_ma,c_ms,c_ma,blocked
9,6.928507e-06,0.0,s_ma,c_ms,c_ma,blocked
9,3.7942448e-07,0.0,s_ma,c_ms,c_ms,blocked
9,4.3460223e-06,0.0,s_ma,c_ms,c_ma,blocked
9,0.10668493,0.0,s_ms,c_ma,c_ma,blocked
9,0.08254036,0.0,s_ms,c_ma,c_ms,blocked
9,0.09960845,0.0,s_ms,c_ma,c_ms,blocked
9,0.112560526,0.0,s_ms,c_ma,c_ma,blocked
9,0.1280595,0.0,s_ms,c_ma,c_ma,blocked
9,1.7723309e-05,0.0,s_ma,c_ma,c_ms,blocked
9,5.127542e-06,0.0,s_ma,c_ma,c_ma,blocked
9,5.8129544e-06,0.0,s_ma,c_ma,c_ms,blocked
9,2.4071169e-06,0.0,s_ma,c_ma,c_ms,blocked
9,0.034143686,0.0,s_ms,c_ms,c_ms,blocked
9,0.08829374,0.0,s_ms,c_ms,c_ma,blocked
9,0.104986794,0.0,s_ms,c_ms,c_ms,blocked
9,0.17133464,0.0,s_ms,c_ms,c_ma,blocked
9,0.04567357,0.0,s_ms,c_ms,c_ma,blocked
9,3.712744e-07,0.0,s_ma,c_ms,c_ma,blocked
9,6.63577e-07,0.0,s_ma,c_ms,c_ms,blocked
9,1.4192617e-06,0.0,s_ma,c_ms,c_ms,blocked
9,1.3319997e-06,0.0,s_ma,c_ms,c_ma,blocked
9,3.6098018e-06,0.0,s_ma,c_ms,c_ms,blocked
9,0.18383214,0.0,s_ms,c_ma,c_ms,blocked
9,0.05588471,0.0,s_ms,c_ma,c_ma,blocked
9,0.1226204,0.0,s_ms,c_ma,c_ma,blocked
9,0.08353518,0.0,s_ms,c_ma,c_ms,blocked
9,0.3102867,0.0,s_ms,c_ma,c_ms,blocked
9,2.6880857e-06,0.0,s_ma,c_ma,c_ma,blocked
9,9.635293e-07,0.0,s_ma,c_ma,c_ms,blocked
9,2.3519865e-06,0.0,s_ma,c_ma,c_ma,blocked
9,2.2079148e-06,0.0,s_ma,c_ma,c_ms,blocked
9,3.8340722e-06,0.0,s_ma,c_ma,c_ms,interleaved
9,0.00027067354,0.0,s_ma,c_ma,c_ma,interleaved
9,0.00011734276,0.0,s_ma,c_ma,c_ms,interleaved
9,0.00019241606,0.0,s_ma,c_ma,c_ms,interleaved
9,0.8871963,1.0,s_ms,c_ma,c_ms,interleaved
9,0.91865873,1.0,s_ms,c_ma,c_ma,interleaved
9,0.8779197,1.0,s_ms,c_ma,c_ma,interleaved
9,0.86418784,1.0,s_ms,c_ma,c_ms,interleaved
9,0.9328811,1.0,s_ms,c_ma,c_ma,interleaved
9,1.5730591e-05,0.0,s_ma,c_ms,c_ma,interleaved
9,0.00016251368,0.0,s_ma,c_ms,c_ms,interleaved
9,5.9412465e-05,0.0,s_ma,c_ms,c_ms,interleaved
9,5.424857e-05,0.0,s_ma,c_ms,c_ma,interleaved
9,1.994569e-05,0.0,s_ma,c_ms,c_ma,interleaved
9,0.926275,1.0,s_ms,c_ms,c_ms,interleaved
9,0.9655993,1.0,s_ms,c_ms,c_ma,interleaved
9,0.96386325,1.0,s_ms,c_ms,c_ms,interleaved
9,0.9391032,1.0,s_ms,c_ms,c_ma,interleaved
9,0.9172949,1.0,s_ms,c_ms,c_ms,interleaved
9,3.5569553e-06,0.0,s_ma,c_ma,c_ms,interleaved
9,1.8109196e-05,0.0,s_ma,c_ma,c_ms,interleaved
9,1.6694012e-05,0.0,s_ma,c_ma,c_ma,interleaved
9,1.9981362e-05,0.0,s_ma,c_ma,c_ma,interleaved
9,0.82469994,1.0,s_ms,c_ma,c_ma,interleaved
9,0.8892981,1.0,s_ms,c_ma,c_ms,interleaved
9,0.7790412,1.0,s_ms,c_ma,c_ms,interleaved
9,0.80208504,1.0,s_ms,c_ma,c_ma,interleaved
9,0.8975264,1.0,s_ms,c_ma,c_ms,interleaved
9,4.5537175e-07,0.0,s_ma,c_ms,c_ms,interleaved
9,0.000259258,0.0,s_ma,c_ms,c_ma,interleaved
9,3.6466454e-06,0.0,s_ma,c_ms,c_ma,interleaved
9,1.5551246e-05,0.0,s_ma,c_ms,c_ms,interleaved
9,1.0252159e-06,0.0,s_ma,c_ms,c_ms,interleaved
9,0.8636279,1.0,s_ms,c_ms,c_ma,interleaved
9,0.93864095,1.0,s_ms,c_ms,c_ms,interleaved
9,0.92261034,1.0,s_ms,c_ms,c_ma,interleaved
9,0.851877,1.0,s_ms,c_ms,c_ms,interleaved
9,0.7195209,1.0,s_ms,c_ms,c_ma,interleaved
9,0.0002935372,0.0,s_ma,c_ma,c_ma,interleaved
9,2.1458207e-05,0.0,s_ma,c_ma,c_ms,interleaved
9,0.00069256773,0.0,s_ma,c_ma,c_ms,interleaved
9,0.0002638162,0.0,s_ma,c_ma,c_ms,interleaved
9,0.92976147,1.0,s_ms,c_ma,c_ms,interleaved
9,0.9220379,1.0,s_ms,c_ma,c_ma,interleaved
9,0.86557454,1.0,s_ms,c_ma,c_ma,interleaved
9,0.9012102,1.0,s_ms,c_ma,c_ms,interleaved
9,0.9396949,1.0,s_ms,c_ma,c_ma,interleaved
9,0.00035382094,0.0,s_ma,c_ms,c_ma,interleaved
9,0.00083879783,0.0,s_ma,c_ms,c_ms,interleaved
9,0.0027780584,0.0,s_ma,c_ms,c_ms,interleaved
9,0.0009616329,0.0,s_ma,c_ms,c_ma,interleaved
9,0.0003947158,0.0,s_ma,c_ms,c_ma,interleaved
9,0.87287474,1.0,s_ms,c_ms,c_ms,interleaved
9,0.9370524,1.0,s_ms,c_ms,c_ma,interleaved
9,0.9419619,1.0,s_ms,c_ms,c_ms,interleaved
9,0.93892646,1.0,s_ms,c_ms,c_ma,interleaved
9,0.8279507,1.0,s_ms,c_ms,c_ms,interleaved
9,0.000114950584,0.0,s_ma,c_ma,c_ms,interleaved
9,1.9937586e-05,0.0,s_ma,c_ma,c_ma,interleaved
9,0.0006738878,0.0,s_ma,c_ma,c_ms,interleaved
9,0.000255785,0.0,s_ma,c_ma,c_ma,interleaved
9,0.83444667,1.0,s_ms,c_ma,c_ma,interleaved
9,0.8562146,1.0,s_ms,c_ma,c_ms,interleaved
9,0.7581283,1.0,s_ms,c_ma,c_ms,interleaved
9,0.8448051,1.0,s_ms,c_ma,c_ma,interleaved
9,0.9059125,1.0,s_ms,c_ma,c_ms,interleaved
9,5.4002856e-05,0.0,s_ma,c_ms,c_ms,interleaved
9,9.1651294e-05,0.0,s_ma,c_ms,c_ma,interleaved
9,6.526962e-05,0.0,s_ma,c_ms,c_ma,interleaved
9,0.0002811388,0.0,s_ma,c_ms,c_ms,interleaved
9,3.403255e-05,0.0,s_ma,c_ms,c_ms,interleaved
9,0.8137192,1.0,s_ms,c_ms,c_ma,interleaved
9,0.8982254,1.0,s_ms,c_ms,c_ms,interleaved
9,0.875703,1.0,s_ms,c_ms,c_ma,interleaved
9,0.8789394,1.0,s_ms,c_ms,c_ms,interleaved
9,0.7171532,1.0,s_ms,c_ms,c_ma,interleaved
9,0.00018469527,0.0,s_ma,c_ma,c_ms,interleaved
9,2.126437e-05,0.0,s_ma,c_ma,c_ma,interleaved
9,0.0002806081,0.0,s_ma,c_ma,c_ms,interleaved
9,0.0002204702,0.0,s_ma,c_ma,c_ma,interleaved
9,0.8996141,1.0,s_ms,c_ma,c_ma,interleaved
9,0.88559985,1.0,s_ms,c_ma,c_ms,interleaved
9,0.8684218,1.0,s_ms,c_ma,c_ms,interleaved
9,0.86779153,1.0,s_ms,c_ma,c_ma,interleaved
9,0.9259871,1.0,s_ms,c_ma,c_ms,interleaved
9,2.6969385e-06,0.0,s_ma,c_ms,c_ms,interleaved
9,0.000102262515,0.0,s_ma,c_ms,c_ma,interleaved
9,6.551252e-06,0.0,s_ma,c_ms,c_ma,interleaved
9,0.000312779,0.0,s_ma,c_ms,c_ms,interleaved
9,4.6602756e-05,0.0,s_ma,c_ms,c_ms,interleaved
9,0.912294,1.0,s_ms,c_ms,c_ma,interleaved
9,0.9387701,1.0,s_ms,c_ms,c_ms,interleaved
9,0.9309453,1.0,s_ms,c_ms,c_ma,interleaved
9,0.9215411,1.0,s_ms,c_ms,c_ms,interleaved
9,0.86606944,1.0,s_ms,c_ms,c_ma,interleaved
9,0.065559,0.0,s_ms,c_ma,c_ms,interleaved
9,0.09271756,0.0,s_ms,c_ma,c_ma,interleaved
9,0.042042423,0.0,s_ms,c_ma,c_ms,interleaved
9,0.095953465,0.0,s_ms,c_ma,c_ma,interleaved
9,0.054891303,0.0,s_ms,c_ma,c_ma,interleaved
9,2.4417022e-06,0.0,s_ma,c_ma,c_ms,interleaved
9,5.6085737e-06,0.0,s_ma,c_ma,c_ms,interleaved
9,9.710683e-07,0.0,s_ma,c_ma,c_ma,interleaved
9,8.37625e-07,0.0,s_ma,c_ma,c_ms,interleaved
9,0.1490758,0.0,s_ms,c_ms,c_ms,interleaved
9,0.051210042,0.0,s_ms,c_ms,c_ma,interleaved
9,0.09514786,0.0,s_ms,c_ms,c_ma,interleaved
9,0.12510854,0.0,s_ms,c_ms,c_ms,interleaved
9,0.13696209,0.0,s_ms,c_ms,c_ms,interleaved
9,6.42044e-07,0.0,s_ma,c_ms,c_ma,interleaved
9,1.0544276e-06,0.0,s_ma,c_ms,c_ms,interleaved
9,2.2232018e-06,0.0,s_ma,c_ms,c_ma,interleaved
9,9.832315e-06,0.0,s_ma,c_ms,c_ms,interleaved
9,3.7818717e-07,0.0,s_ma,c_ms,c_ma,interleaved
9,0.04290846,0.0,s_ms,c_ma,c_ma,interleaved
9,0.056744274,0.0,s_ms,c_ma,c_ms,interleaved
9,0.046187326,0.0,s_ms,c_ma,c_ma,interleaved
9,0.06689866,0.0,s_ms,c_ma,c_ms,interleaved
9,0.061072692,0.0,s_ms,c_ma,c_ms,interleaved
9,2.65299e-06,0.0,s_ma,c_ma,c_ms,interleaved
9,3.695914e-06,0.0,s_ma,c_ma,c_ma,interleaved
9,1.9054285e-06,0.0,s_ma,c_ma,c_ms,interleaved
9,3.8848074e-07,0.0,s_ma,c_ma,c_ma,interleaved
9,0.08277488,0.0,s_ms,c_ms,c_ma,interleaved
9,0.050412938,0.0,s_ms,c_ms,c_ms,interleaved
9,0.06573949,0.0,s_ms,c_ms,c_ms,interleaved
9,0.08953246,0.0,s_ms,c_ms,c_ma,interleaved
9,0.09373248,0.0,s_ms,c_ms,c_ma,interleaved
9,4.2852216e-07,0.0,s_ma,c_ms,c_ms,interleaved
9,8.59854e-07,0.0,s_ma,c_ms,c_ma,interleaved
9,2.449107e-07,0.0,s_ma,c_ms,c_ms,interleaved
9,2.630582e-07,0.0,s_ma,c_ms,c_ma,interleaved
9,4.6851332e-07,0.0,s_ma,c_ms,c_ms,interleaved
9,0.07047786,0.0,s_ms,c_ma,c_ma,interleaved
9,0.12627333,0.0,s_ms,c_ma,c_ms,interleaved
9,0.076454565,0.0,s_ms,c_ma,c_ma,interleaved
9,0.14251697,0.0,s_ms,c_ma,c_ms,interleaved
9,0.07378438,0.0,s_ms,c_ma,c_ms,interleaved
9,5.634429e-06,0.0,s_ma,c_ma,c_ms,interleaved
9,4.247831e-06,0.0,s_ma,c_ma,c_ma,interleaved
9,3.223236e-06,0.0,s_ma,c_ma,c_ms,interleaved
9,6.664862e-06,0.0,s_ma,c_ma,c_ma,interleaved
9,0.09952632,0.0,s_ms,c_ms,c_ma,interleaved
9,0.06723513,0.0,s_ms,c_ms,c_ms,interleaved
9,0.10575195,0.0,s_ms,c_ms,c_ms,interleaved
9,0.119733244,0.0,s_ms,c_ms,c_ma,interleaved
9,0.15385115,0.0,s_ms,c_ms,c_ma,interleaved
9,4.9226594e-07,0.0,s_ma,c_ms,c_ms,interleaved
9,1.4316182e-06,0.0,s_ma,c_ms,c_ma,interleaved
9,3.3086735e-06,0.0,s_ma,c_ms,c_ms,interleaved
9,8.721885e-06,0.0,s_ma,c_ms,c_ma,interleaved
9,2.2509084e-06,0.0,s_ma,c_ms,c_ms,interleaved
9,0.066790044,0.0,s_ms,c_ma,c_ms,interleaved
9,0.107188776,0.0,s_ms,c_ma,c_ma,interleaved
9,0.06008813,0.0,s_ms,c_ma,c_ms,interleaved
9,0.094112575,0.0,s_ms,c_ma,c_ma,interleaved
9,0.06714941,0.0,s_ms,c_ma,c_ma,interleaved
9,1.0301352e-06,0.0,s_ma,c_ma,c_ma,interleaved
9,2.0391287e-06,0.0,s_ma,c_ma,c_ms,interleaved
9,3.2334083e-06,0.0,s_ma,c_ma,c_ms,interleaved
9,6.440707e-07,0.0,s_ma,c_ma,c_ms,interleaved
9,0.15435207,0.0,s_ms,c_ms,c_ms,interleaved
9,0.085294634,0.0,s_ms,c_ms,c_ma,interleaved
9,0.106315896,0.0,s_ms,c_ms,c_ma,interleaved
9,0.083799526,0.0,s_ms,c_ms,c_ms,interleaved
9,0.20895094,0.0,s_ms,c_ms,c_ms,interleaved
9,2.2356737e-07,0.0,s_ma,c_ms,c_ma,interleaved
9,1.5961635e-06,0.0,s_ma,c_ms,c_ms,interleaved
9,1.2613489e-07,0.0,s_ma,c_ms,c_ma,interleaved
9,3.8274305e-07,0.0,s_ma,c_ms,c_ms,interleaved
9,1.3706433e-06,0.0,s_ma,c_ms,c_ma,interleaved
9,0.036818843,0.0,s_ms,c_ma,c_ma,interleaved
9,0.05058273,0.0,s_ms,c_ma,c_ms,interleaved
9,0.03129808,0.0,s_ms,c_ma,c_ma,interleaved
9,0.056017898,0.0,s_ms,c_ma,c_ms,interleaved
9,0.035937622,0.0,s_ms,c_ma,c_ms,interleaved
9,8.727631e-07,0.0,s_ma,c_ma,c_ms,interleaved
9,3.0972257e-07,0.0,s_ma,c_ma,c_ma,interleaved
9,6.024611e-06,0.0,s_ma,c_ma,c_ma,interleaved
9,6.318762e-07,0.0,s_ma,c_ma,c_ms,interleaved
9,0.07172303,0.0,s_ms,c_ms,c_ma,interleaved
9,0.043913618,0.0,s_ms,c_ms,c_ms,interleaved
9,0.06528713,0.0,s_ms,c_ms,c_ms,interleaved
9,0.04037314,0.0,s_ms,c_ms,c_ma,interleaved
9,0.079925895,0.0,s_ms,c_ms,c_ma,interleaved
9,3.6126755e-06,0.0,s_ma,c_ms,c_ms,interleaved
9,5.822298e-06,0.0,s_ma,c_ms,c_ma,interleaved
9,4.047844e-06,0.0,s_ma,c_ms,c_ms,interleaved
9,4.8775655e-06,0.0,s_ma,c_ms,c_ma,interleaved
9,5.4065586e-06,0.0,s_ma,c_ms,c_ms,interleaved
9,1.3302328e-05,0.0,s_ma,c_ms,c_ma,interleaved
9,4.554551e-07,0.0,s_ma,c_ms,c_ms,interleaved
9,0.0003197264,0.0,s_ma,c_ms,c_ma,interleaved
9,4.305776e-05,0.0,s_ma,c_ms,c_ms,interleaved
9,2.350475e-06,0.0,s_ma,c_ms,c_ms,interleaved
9,0.7388183,1.0,s_ms,c_ms,c_ms,interleaved
9,0.83096117,1.0,s_ms,c_ms,c_ma,interleaved
9,0.8140167,1.0,s_ms,c_ms,c_ma,interleaved
9,0.7305127,1.0,s_ms,c_ms,c_ms,interleaved
9,0.85026026,1.0,s_ms,c_ms,c_ma,interleaved
9,5.2758496e-05,0.0,s_ma,c_ma,c_ms,interleaved
9,6.600961e-05,0.0,s_ma,c_ma,c_ms,interleaved
9,9.849463e-05,0.0,s_ma,c_ma,c_ma,interleaved
9,2.711083e-05,0.0,s_ma,c_ma,c_ma,interleaved
9,0.7314563,1.0,s_ms,c_ma,c_ms,interleaved
9,0.8245989,1.0,s_ms,c_ma,c_ma,interleaved
9,0.87890184,1.0,s_ms,c_ma,c_ms,interleaved
9,0.8480201,1.0,s_ms,c_ma,c_ma,interleaved
9,0.7298028,1.0,s_ms,c_ma,c_ms,interleaved
9,0.00015548526,0.0,s_ma,c_ms,c_ms,interleaved
9,0.00034353902,0.0,s_ma,c_ms,c_ma,interleaved
9,0.00094064383,0.0,s_ma,c_ms,c_ms,interleaved
9,9.623643e-05,0.0,s_ma,c_ms,c_ma,interleaved
9,0.00010782255,0.0,s_ma,c_ms,c_ma,interleaved
9,0.8935474,1.0,s_ms,c_ms,c_ma,interleaved
9,0.89921063,1.0,s_ms,c_ms,c_ms,interleaved
9,0.8857626,1.0,s_ms,c_ms,c_ms,interleaved
9,0.8568325,1.0,s_ms,c_ms,c_ma,interleaved
9,0.91697955,1.0,s_ms,c_ms,c_ms,interleaved
9,6.0075105e-05,0.0,s_ma,c_ma,c_ms,interleaved
9,0.00016878627,0.0,s_ma,c_ma,c_ma,interleaved
9,0.0010537663,0.0,s_ma,c_ma,c_ms,interleaved
9,8.364722e-05,0.0,s_ma,c_ma,c_ms,interleaved
9,0.80463564,1.0,s_ms,c_ma,c_ma,interleaved
9,0.8973994,1.0,s_ms,c_ma,c_ms,interleaved
9,0.90267646,1.0,s_ms,c_ma,c_ma,interleaved
9,0.8685901,1.0,s_ms,c_ma,c_ms,interleaved
9,0.8821259,1.0,s_ms,c_ma,c_ma,interleaved
9,5.901372e-05,0.0,s_ma,c_ms,c_ms,interleaved
9,4.328795e-06,0.0,s_ma,c_ms,c_ma,interleaved
9,0.0027919519,0.0,s_ma,c_ms,c_ms,interleaved
9,4.8568054e-05,0.0,s_ma,c_ms,c_ma,interleaved
9,7.338301e-06,0.0,s_ma,c_ms,c_ma,interleaved
9,0.8001903,1.0,s_ms,c_ms,c_ma,interleaved
9,0.85854554,1.0,s_ms,c_ms,c_ms,interleaved
9,0.7999846,1.0,s_ms,c_ms,c_ms,interleaved
9,0.81649864,1.0,s_ms,c_ms,c_ma,interleaved
9,0.86738956,1.0,s_ms,c_ms,c_ms,interleaved
9,7.280722e-05,0.0,s_ma,c_ma,c_ms,interleaved
9,0.00016808689,0.0,s_ma,c_ma,c_ma,interleaved
9,0.000117725715,0.0,s_ma,c_ma,c_ms,interleaved
9,0.00013142207,0.0,s_ma,c_ma,c_ms,interleaved
9,0.76713544,1.0,s_ms,c_ma,c_ma,interleaved
9,0.8777745,1.0,s_ms,c_ma,c_ms,interleaved
9,0.8692123,1.0,s_ms,c_ma,c_ma,interleaved
9,0.83872825,1.0,s_ms,c_ma,c_ms,interleaved
9,0.76538455,1.0,s_ms,c_ma,c_ma,interleaved
9,5.182869e-05,0.0,s_ma,c_ms,c_ma,interleaved
9,1.709444e-05,0.0,s_ma,c_ms,c_ms,interleaved
9,0.0009300803,0.0,s_ma,c_ms,c_ma,interleaved
9,0.00030666252,0.0,s_ma,c_ms,c_ms,interleaved
9,0.00029038722,0.0,s_ma,c_ms,c_ms,interleaved
9,0.8007361,1.0,s_ms,c_ms,c_ms,interleaved
9,0.8397912,1.0,s_ms,c_ms,c_ma,interleaved
9,0.79393554,1.0,s_ms,c_ms,c_ma,interleaved
9,0.85141516,1.0,s_ms,c_ms,c_ms,interleaved
9,0.9246491,1.0,s_ms,c_ms,c_ma,interleaved
9,0.00010175374,0.0,s_ma,c_ma,c_ma,interleaved
9,0.0011094939,0.0,s_ma,c_ma,c_ms,interleaved
9,0.00010627856,0.0,s_ma,c_ma,c_ms,interleaved
9,0.00065727485,0.0,s_ma,c_ma,c_ma,interleaved
9,0.85508925,1.0,s_ms,c_ma,c_ms,interleaved
9,0.93821216,1.0,s_ms,c_ma,c_ma,interleaved
9,0.8929995,1.0,s_ms,c_ma,c_ms,interleaved
9,0.8331319,1.0,s_ms,c_ma,c_ma,interleaved
9,0.8206817,1.0,s_ms,c_ma,c_ms,interleaved
9,1.7199189e-05,0.0,s_ma,c_ms,c_ma,interleaved
9,9.755997e-07,0.0,s_ma,c_ms,c_ms,interleaved
9,0.00033650102,0.0,s_ma,c_ms,c_ma,interleaved
9,2.8110742e-05,0.0,s_ma,c_ms,c_ms,interleaved
9,4.230888e-05,0.0,s_ma,c_ms,c_ms,interleaved
9,0.7606458,1.0,s_ms,c_ms,c_ms,interleaved
9,0.7659533,1.0,s_ms,c_ms,c_ma,interleaved
9,0.7352072,1.0,s_ms,c_ms,c_ma,interleaved
9,0.6462587,1.0,s_ms,c_ms,c_ms,interleaved
9,0.8380504,1.0,s_ms,c_ms,c_ma,interleaved
9,2.811211e-05,0.0,s_ma,c_ma,c_ma,interleaved
9,7.6230994e-05,0.0,s_ma,c_ma,c_ms,interleaved
9,0.000118583725,0.0,s_ma,c_ma,c_ms,interleaved
9,0.0006646728,0.0,s_ma,c_ma,c_ma,interleaved
9,0.7411519,1.0,s_ms,c_ma,c_ms,interleaved
9,0.75932574,1.0,s_ms,c_ma,c_ma,interleaved
9,0.803187,1.0,s_ms,c_ma,c_ms,interleaved
9,0.8079309,1.0,s_ms,c_ma,c_ma,interleaved
9,0.5666139,1.0,s_ms,c_ma,c_ms,interleaved
9,0.039847195,0.0,s_ms,c_ms,c_ms,interleaved
9,0.0759152,0.0,s_ms,c_ms,c_ma,interleaved
9,0.06943613,0.0,s_ms,c_ms,c_ms,interleaved
9,0.109384805,0.0,s_ms,c_ms,c_ma,interleaved
9,0.049294326,0.0,s_ms,c_ms,c_ma,interleaved
9,5.519228e-07,0.0,s_ma,c_ms,c_ma,interleaved
9,3.532666e-07,0.0,s_ma,c_ms,c_ms,interleaved
9,4.192628e-07,0.0,s_ma,c_ms,c_ms,interleaved
9,2.2678378e-07,0.0,s_ma,c_ms,c_ma,interleaved
9,3.6077179e-06,0.0,s_ma,c_ms,c_ms,interleaved
9,0.1815647,0.0,s_ms,c_ma,c_ms,interleaved
9,0.12981358,0.0,s_ms,c_ma,c_ma,interleaved
9,0.12792459,0.0,s_ms,c_ma,c_ma,interleaved
9,0.083614975,0.0,s_ms,c_ma,c_ms,interleaved
9,0.17339422,0.0,s_ms,c_ma,c_ms,interleaved
9,9.272737e-06,0.0,s_ma,c_ma,c_ms,interleaved
9,1.2367844e-06,0.0,s_ma,c_ma,c_ma,interleaved
9,1.0062481e-05,0.0,s_ma,c_ma,c_ms,interleaved
9,2.6344542e-06,0.0,s_ma,c_ma,c_ma,interleaved
9,0.019235034,0.0,s_ms,c_ms,c_ma,interleaved
9,0.031332813,0.0,s_ms,c_ms,c_ms,interleaved
9,0.036676656,0.0,s_ms,c_ms,c_ma,interleaved
9,0.06637673,0.0,s_ms,c_ms,c_ms,interleaved
9,0.034237616,0.0,s_ms,c_ms,c_ms,interleaved
9,1.0625657e-06,0.0,s_ma,c_ms,c_ms,interleaved
9,9.980902e-07,0.0,s_ma,c_ms,c_ma,interleaved
9,1.3533961e-06,0.0,s_ma,c_ms,c_ma,interleaved
9,1.7465208e-06,0.0,s_ma,c_ms,c_ms,interleaved
9,6.204025e-06,0.0,s_ma,c_ms,c_ma,interleaved
9,0.11930047,0.0,s_ms,c_ma,c_ma,interleaved
9,0.06569835,0.0,s_ms,c_ma,c_ms,interleaved
9,0.08546679,0.0,s_ms,c_ma,c_ms,interleaved
9,0.038738333,0.0,s_ms,c_ma,c_ma,interleaved
9,0.16353735,0.0,s_ms,c_ma,c_ma,interleaved
9,9.514883e-06,0.0,s_ma,c_ma,c_ms,interleaved
9,5.067965e-07,0.0,s_ma,c_ma,c_ms,interleaved
9,4.255993e-06,0.0,s_ma,c_ma,c_ma,interleaved
9,1.1420528e-06,0.0,s_ma,c_ma,c_ms,interleaved
9,0.02196901,0.0,s_ms,c_ms,c_ms,interleaved
9,0.04054865,0.0,s_ms,c_ms,c_ma,interleaved
9,0.032876913,0.0,s_ms,c_ms,c_ms,interleaved
9,0.07065833,0.0,s_ms,c_ms,c_ma,interleaved
9,0.03961502,0.0,s_ms,c_ms,c_ma,interleaved
9,2.030589e-06,0.0,s_ma,c_ms,c_ma,interleaved
9,2.4398986e-07,0.0,s_ma,c_ms,c_ms,interleaved
9,3.4181667e-06,0.0,s_ma,c_ms,c_ms,interleaved
9,1.8637158e-07,0.0,s_ma,c_ms,c_ma,interleaved
9,3.8305225e-06,0.0,s_ma,c_ms,c_ms,interleaved
9,0.07273637,0.0,s_ms,c_ma,c_ms,interleaved
9,0.06290464,0.0,s_ms,c_ma,c_ma,interleaved
9,0.078593746,0.0,s_ms,c_ma,c_ma,interleaved
9,0.07485505,0.0,s_ms,c_ma,c_ms,interleaved
9,0.11564419,0.0,s_ms,c_ma,c_ms,interleaved
9,1.2521797e-06,0.0,s_ma,c_ma,c_ma,interleaved
9,5.3371787e-07,0.0,s_ma,c_ma,c_ms,interleaved
9,5.3449908e-06,0.0,s_ma,c_ma,c_ms,interleaved
9,2.4129642e-06,0.0,s_ma,c_ma,c_ma,interleaved
9,0.031601023,0.0,s_ms,c_ms,c_ma,interleaved
9,0.081062034,0.0,s_ms,c_ms,c_ms,interleaved
9,0.032065965,0.0,s_ms,c_ms,c_ma,interleaved
9,0.06813584,0.0,s_ms,c_ms,c_ms,interleaved
9,0.039733484,0.0,s_ms,c_ms,c_ms,interleaved
9,8.933667e-06,0.0,s_ma,c_ms,c_ms,interleaved
9,2.608983e-07,0.0,s_ma,c_ms,c_ma,interleaved
9,7.818474e-06,0.0,s_ma,c_ms,c_ma,interleaved
9,3.795536e-07,0.0,s_ma,c_ms,c_ms,interleaved
9,4.8215775e-06,0.0,s_ma,c_ms,c_ma,interleaved
9,0.10524802,0.0,s_ms,c_ma,c_ma,interleaved
9,0.08508913,0.0,s_ms,c_ma,c_ms,interleaved
9,0.09528245,0.0,s_ms,c_ma,c_ms,interleaved
9,0.11083664,0.0,s_ms,c_ma,c_ma,interleaved
9,0.12153607,0.0,s_ms,c_ma,c_ma,interleaved
9,1.04232095e-05,0.0,s_ma,c_ma,c_ms,interleaved
9,4.2782303e-06,0.0,s_ma,c_ma,c_ma,interleaved
9,5.434903e-06,0.0,s_ma,c_ma,c_ms,interleaved
9,2.7872024e-06,0.0,s_ma,c_ma,c_ms,interleaved
9,0.044905927,0.0,s_ms,c_ms,c_ms,interleaved
9,0.14240938,0.0,s_ms,c_ms,c_ma,interleaved
9,0.09809544,0.0,s_ms,c_ms,c_ms,interleaved
9,0.18207955,0.0,s_ms,c_ms,c_ma,interleaved
9,0.07077551,0.0,s_ms,c_ms,c_ma,interleaved
9,3.523767e-07,0.0,s_ma,c_ms,c_ma,interleaved
9,4.954051e-07,0.0,s_ma,c_ms,c_ms,interleaved
9,1.8686883e-06,0.0,s_ma,c_ms,c_ms,interleaved
9,1.2945958e-06,0.0,s_ma,c_ms,c_ma,interleaved
9,4.325575e-06,0.0,s_ma,c_ms,c_ms,interleaved
9,0.18680632,0.0,s_ms,c_ma,c_ms,interleaved
9,0.06884268,0.0,s_ms,c_ma,c_ma,interleaved
9,0.14481583,0.0,s_ms,c_ma,c_ma,interleaved
9,0.10837254,0.0,s_ms,c_ma,c_ms,interleaved
9,0.30766594,0.0,s_ms,c_ma,c_ms,interleaved
9,2.3577263e-06,0.0,s_ma,c_ma,c_ma,interleaved
9,1.0627584e-06,0.0,s_ma,c_ma,c_ms,interleaved
9,2.0663392e-06,0.0,s_ma,c_ma,c_ma,interleaved
9,2.5741842e-06,0.0,s_ma,c_ma,c_ms,interleaved
9,3.7587984e-06,0.0,s_ma,c_ma,c_ms,random
9,0.0002737971,0.0,s_ma,c_ma,c_ma,random
9,0.00011863532,0.0,s_ma,c_ma,c_ms,random
9,0.00019266063,0.0,s_ma,c_ma,c_ms,random
9,0.886737,1.0,s_ms,c_ma,c_ms,random
9,0.9188286,1.0,s_ms,c_ma,c_ma,random
9,0.877769,1.0,s_ms,c_ma,c_ma,random
9,0.8634087,1.0,s_ms,c_ma,c_ms,random
9,0.9328612,1.0,s_ms,c_ma,c_ma,random
9,1.5457481e-05,0.0,s_ma,c_ms,c_ma,random
9,0.00015751956,0.0,s_ma,c_ms,c_ms,random
9,5.9148595e-05,0.0,s_ma,c_ms,c_ms,random
9,5.306706e-05,0.0,s_ma,c_ms,c_ma,random
9,1.930375e-05,0.0,s_ma,c_ms,c_ma,random
9,0.9256308,1.0,s_ms,c_ms,c_ms,random
9,0.9655669,1.0,s_ms,c_ms,c_ma,random
9,0.96380234,1.0,s_ms,c_ms,c_ms,random
9,0.93894327,1.0,s_ms,c_ms,c_ma,random
9,0.9163363,1.0,s_ms,c_ms,c_ms,random
9,3.4758798e-06,0.0,s_ma,c_ma,c_ms,random
9,1.8231854e-05,0.0,s_ma,c_ma,c_ms,random
9,1.6774431e-05,0.0,s_ma,c_ma,c_ma,random
9,1.9497855e-05,0.0,s_ma,c_ma,c_ma,random
9,0.82473737,1.0,s_ms,c_ma,c_ma,random
9,0.8891923,1.0,s_ms,c_ma,c_ms,random
9,0.7803079,1.0,s_ms,c_ma,c_ms,random
9,0.8026323,1.0,s_ms,c_ma,c_ma,random
9,0.8978003,1.0,s_ms,c_ma,c_ms,random
9,4.4288967e-07,0.0,s_ma,c_ms,c_ms,random
9,0.0002514008,0.0,s_ma,c_ms,c_ma,random
9,3.6290628e-06,0.0,s_ma,c_ms,c_ma,random
9,1.5344129e-05,0.0,s_ma,c_ms,c_ms,random
9,1.0096211e-06,0.0,s_ma,c_ms,c_ms,random
9,0.86172634,1.0,s_ms,c_ms,c_ma,random
9,0.93800056,1.0,s_ms,c_ms,c_ms,random
9,0.92165023,1.0,s_ms,c_ms,c_ma,random
9,0.85141104,1.0,s_ms,c_ms,c_ms,random
9,0.71754694,1.0,s_ms,c_ms,c_ma,random
9,0.0002967349,0.0,s_ma,c_ma,c_ma,random
9,2.159287e-05,0.0,s_ma,c_ma,c_ms,random
9,0.0006973285,0.0,s_ma,c_ma,c_ms,random
9,0.00026481322,0.0,s_ma,c_ma,c_ms,random
9,0.92992175,1.0,s_ms,c_ma,c_ms,random
9,0.92189586,1.0,s_ms,c_ma,c_ma,random
9,0.86616236,1.0,s_ms,c_ma,c_ma,random
9,0.9013051,1.0,s_ms,c_ma,c_ms,random
9,0.93936896,1.0,s_ms,c_ma,c_ma,random
9,0.00035337344,0.0,s_ma,c_ms,c_ma,random
9,0.0008303854,0.0,s_ma,c_ms,c_ms,random
9,0.0027822538,0.0,s_ma,c_ms,c_ms,random
9,0.00095510564,0.0,s_ma,c_ms,c_ma,random
9,0.00039210668,0.0,s_ma,c_ms,c_ma,random
9,0.8737862,1.0,s_ms,c_ms,c_ms,random
9,0.9373338,1.0,s_ms,c_ms,c_ma,random
9,0.94198954,1.0,s_ms,c_ms,c_ms,random
9,0.93894887,1.0,s_ms,c_ms,c_ma,random
9,0.82866895,1.0,s_ms,c_ms,c_ms,random
9,0.00011618436,0.0,s_ma,c_ma,c_ms,random
9,2.0107642e-05,0.0,s_ma,c_ma,c_ma,random
9,0.00067712244,0.0,s_ma,c_ma,c_ms,random
9,0.00025900695,0.0,s_ma,c_ma,c_ma,random
9,0.8344759,1.0,s_ms,c_ma,c_ma,random
9,0.856493,1.0,s_ms,c_ma,c_ms,random
9,0.75762475,1.0,s_ms,c_ma,c_ms,random
9,0.84480053,1.0,s_ms,c_ma,c_ma,random
9,0.9058973,1.0,s_ms,c_ma,c_ms,random
9,5.3962456e-05,0.0,s_ma,c_ms,c_ms,random
9,9.3334456e-05,0.0,s_ma,c_ms,c_ma,random
9,6.489991e-05,0.0,s_ma,c_ms,c_ma,random
9,0.00028348886,0.0,s_ma,c_ms,c_ms,random
9,3.39302e-05,0.0,s_ma,c_ms,c_ms,random
9,0.8137812,1.0,s_ms,c_ms,c_ma,random
9,0.8984641,1.0,s_ms,c_ms,c_ms,random
9,0.87596625,1.0,s_ms,c_ms,c_ma,random
9,0.87915444,1.0,s_ms,c_ms,c_ms,random
9,0.7171403,1.0,s_ms,c_ms,c_ma,random
9,0.00018481849,0.0,s_ma,c_ma,c_ms,random
9,2.0744414e-05,0.0,s_ma,c_ma,c_ma,random
9,0.00028115264,0.0,s_ma,c_ma,c_ms,random
9,0.00022297402,0.0,s_ma,c_ma,c_ma,random
9,0.89981383,1.0,s_ms,c_ma,c_ma,random
9,0.8862908,1.0,s_ms,c_ma,c_ms,random
9,0.86913747,1.0,s_ms,c_ma,c_ms,random
9,0.8682523,1.0,s_ms,c_ma,c_ma,random
9,0.9259604,1.0,s_ms,c_ma,c_ms,random
9,2.6313974e-06,0.0,s_ma,c_ms,c_ms,random
9,0.00010065906,0.0,s_ma,c_ms,c_ma,random
9,6.5714617e-06,0.0,s_ma,c_ms,c_ma,random
9,0.000305215,0.0,s_ma,c_ms,c_ms,random
9,4.593694e-05,0.0,s_ma,c_ms,c_ms,random
9,0.91126966,1.0,s_ms,c_ms,c_ma,random
9,0.9385754,1.0,s_ms,c_ms,c_ms,random
9,0.93053603,1.0,s_ms,c_ms,c_ma,random
9,0.9214834,1.0,s_ms,c_ms,c_ms,random
9,0.8647357,1.0,s_ms,c_ms,c_ma,random
9,0.066053554,0.0,s_ms,c_ma,c_ms,random
9,0.09275578,0.0,s_ms,c_ma,c_ma,random
9,0.041829888,0.0,s_ms,c_ma,c_ms,random
9,0.095819,0.0,s_ms,c_ma,c_ma,random
9,0.055002168,0.0,s_ms,c_ma,c_ma,random
9,2.4572937e-06,0.0,s_ma,c_ma,c_ms,random
9,5.428272e-06,0.0,s_ma,c_ma,c_ms,random
9,9.713203e-07,0.0,s_ma,c_ma,c_ma,random
9,8.4038544e-07,0.0,s_ma,c_ma,c_ms,random
9,0.14869758,0.0,s_ms,c_ms,c_ms,random
9,0.05103104,0.0,s_ms,c_ms,c_ma,random
9,0.09468134,0.0,s_ms,c_ms,c_ma,random
9,0.124642774,0.0,s_ms,c_ms,c_ms,random
9,0.13703796,0.0,s_ms,c_ms,c_ms,random
9,6.4379395e-07,0.0,s_ma,c_ms,c_ma,random
9,1.0567406e-06,0.0,s_ma,c_ms,c_ms,random
9,2.1658427e-06,0.0,s_ma,c_ms,c_ma,random
9,9.775192e-06,0.0,s_ma,c_ms,c_ms,random
9,3.7941163e-07,0.0,s_ma,c_ms,c_ma,random
9,0.04288493,0.0,s_ms,c_ma,c_ma,random
9,0.057006307,0.0,s_ms,c_ma,c_ms,random
9,0.046253093,0.0,s_ms,c_ma,c_ma,random
9,0.066505164,0.0,s_ms,c_ma,c_ms,random
9,0.060713246,0.0,s_ms,c_ma,c_ms,random
9,2.616464e-06,0.0,s_ma,c_ma,c_ms,random
9,3.518347e-06,0.0,s_ma,c_ma,c_ma,random
9,1.9054097e-06,0.0,s_ma,c_ma,c_ms,random
9,3.8946024e-07,0.0,s_ma,c_ma,c_ma,random
9,0.08268808,0.0,s_ms,c_ms,c_ma,random
9,0.05037333,0.0,s_ms,c_ms,c_ms,random
9,0.06582758,0.0,s_ms,c_ms,c_ms,random
9,0.08936028,0.0,s_ms,c_ms,c_ma,random
9,0.093280494,0.0,s_ms,c_ms,c_ma,random
9,4.2790649e-07,0.0,s_ma,c_ms,c_ms,random
9,8.611984e-07,0.0,s_ma,c_ms,c_ma,random
9,2.4502842e-07,0.0,s_ma,c_ms,c_ms,random
9,2.637399e-07,0.0,s_ma,c_ms,c_ma,random
9,4.729353e-07,0.0,s_ma,c_ms,c_ms,random
9,0.070472375,0.0,s_ms,c_ma,c_ma,random
9,0.12509406,0.0,s_ms,c_ma,c_ms,random
9,0.07620789,0.0,s_ms,c_ma,c_ma,random
9,0.14259925,0.0,s_ms,c_ma,c_ms,random
9,0.07329275,0.0,s_ms,c_ma,c_ms,random
9,5.458848e-06,0.0,s_ma,c_ma,c_ms,random
9,4.0705336e-06,0.0,s_ma,c_ma,c_ma,random
9,3.1650702e-06,0.0,s_ma,c_ma,c_ms,random
9,6.486826e-06,0.0,s_ma,c_ma,c_ma,random
9,0.0984684,0.0,s_ms,c_ms,c_ma,random
9,0.06715061,0.0,s_ms,c_ms,c_ms,random
9,0.10508075,0.0,s_ms,c_ms,c_ms,random
9,0.11863023,0.0,s_ms,c_ms,c_ma,random
9,0.15309319,0.0,s_ms,c_ms,c_ma,random
9,5.5296255e-07,0.0,s_ma,c_ms,c_ms,random
9,1.4348489e-06,0.0,s_ma,c_ms,c_ma,random
9,3.3170531e-06,0.0,s_ma,c_ms,c_ms,random
9,8.7440885e-06,0.0,s_ma,c_ms,c_ma,random
9,2.2719619e-06,0.0,s_ma,c_ms,c_ms,random
9,0.067452826,0.0,s_ms,c_ma,c_ms,random
9,0.106860355,0.0,s_ms,c_ma,c_ma,random
9,0.06002711,0.0,s_ms,c_ma,c_ms,random
9,0.094120026,0.0,s_ms,c_ma,c_ma,random
9,0.066991135,0.0,s_ms,c_ma,c_ma,random
9,9.707925e-07,0.0,s_ma,c_ma,c_ma,random
9,2.038972e-06,0.0,s_ma,c_ma,c_ms,random
9,3.2342357e-06,0.0,s_ma,c_ma,c_ms,random
9,6.4585765e-07,0.0,s_ma,c_ma,c_ms,random
9,0.15376928,0.0,s_ms,c_ms,c_ms,random
9,0.08638163,0.0,s_ms,c_ms,c_ma,random
9,0.10654775,0.0,s_ms,c_ms,c_ma,random
9,0.08384743,0.0,s_ms,c_ms,c_ms,random
9,0.20917627,0.0,s_ms,c_ms,c_ms,random
9,2.2319699e-07,0.0,s_ma,c_ms,c_ma,random
9,1.5919087e-06,0.0,s_ma,c_ms,c_ms,random
9,1.2607755e-07,0.0,s_ma,c_ms,c_ma,random
9,3.8220088e-07,0.0,s_ma,c_ms,c_ms,random
9,1.3691863e-06,0.0,s_ma,c_ms,c_ma,random
9,0.03682412,0.0,s_ms,c_ma,c_ma,random
9,0.05051939,0.0,s_ms,c_ma,c_ms,random
9,0.031573445,0.0,s_ms,c_ma,c_ma,random
9,0.056113187,0.0,s_ms,c_ma,c_ms,random
9,0.03583937,0.0,s_ms,c_ma,c_ms,random
9,8.767993e-07,0.0,s_ma,c_ma,c_ms,random
9,3.0970858e-07,0.0,s_ma,c_ma,c_ma,random
9,5.847e-06,0.0,s_ma,c_ma,c_ma,random
9,6.3329384e-07,0.0,s_ma,c_ma,c_ms,random
9,0.07120437,0.0,s_ms,c_ms,c_ma,random
9,0.04378881,0.0,s_ms,c_ms,c_ms,random
9,0.06499055,0.0,s_ms,c_ms,c_ms,random
9,0.040324543,0.0,s_ms,c_ms,c_ma,random
9,0.0800328,0.0,s_ms,c_ms,c_ma,random
9,3.6223635e-06,0.0,s_ma,c_ms,c_ms,random
9,5.8603528e-06,0.0,s_ma,c_ms,c_ma,random
9,4.122575e-06,0.0,s_ma,c_ms,c_ms,random
9,4.956526e-06,0.0,s_ma,c_ms,c_ma,random
9,5.4589727e-06,0.0,s_ma,c_ms,c_ms,random
9,1.3055864e-05,0.0,s_ma,c_ms,c_ma,random
9,4.4475829e-07,0.0,s_ma,c_ms,c_ms,random
9,0.0003194122,0.0,s_ma,c_ms,c_ma,random
9,4.330071e-05,0.0,s_ma,c_ms,c_ms,random
9,2.2909576e-06,0.0,s_ma,c_ms,c_ms,random
9,0.7393764,1.0,s_ms,c_ms,c_ms,random
9,0.8316417,1.0,s_ms,c_ms,c_ma,random
9,0.815699,1.0,s_ms,c_ms,c_ma,random
9,0.73162365,1.0,s_ms,c_ms,c_ms,random
9,0.85135007,1.0,s_ms,c_ms,c_ma,random
9,5.1092054e-05,0.0,s_ma,c_ma,c_ms,random
9,6.603927e-05,0.0,s_ma,c_ma,c_ms,random
9,9.616524e-05,0.0,s_ma,c_ma,c_ma,random
9,2.645618e-05,0.0,s_ma,c_ma,c_ma,random
9,0.7322094,1.0,s_ms,c_ma,c_ms,random
9,0.82485175,1.0,s_ms,c_ma,c_ma,random
9,0.8792553,1.0,s_ms,c_ma,c_ms,random
9,0.8481153,1.0,s_ms,c_ma,c_ma,random
9,0.7311227,1.0,s_ms,c_ma,c_ms,random
9,0.00015030187,0.0,s_ma,c_ms,c_ms,random
9,0.00033280955,0.0,s_ma,c_ms,c_ma,random
9,0.000929703,0.0,s_ma,c_ms,c_ms,random
9,9.7892334e-05,0.0,s_ma,c_ms,c_ma,random
9,0.00010609273,0.0,s_ma,c_ms,c_ma,random
9,0.8937892,1.0,s_ms,c_ms,c_ma,random
9,0.8993546,1.0,s_ms,c_ms,c_ms,random
9,0.88576555,1.0,s_ms,c_ms,c_ms,random
9,0.8551267,1.0,s_ms,c_ms,c_ma,random
9,0.9173112,1.0,s_ms,c_ms,c_ms,random
9,5.8036265e-05,0.0,s_ma,c_ma,c_ms,random
9,0.00016853839,0.0,s_ma,c_ma,c_ma,random
9,0.0010128391,0.0,s_ma,c_ma,c_ms,random
9,8.19453e-05,0.0,s_ma,c_ma,c_ms,random
9,0.8030802,1.0,s_ms,c_ma,c_ma,random
9,0.8980578,1.0,s_ms,c_ma,c_ms,random
9,0.90290713,1.0,s_ms,c_ma,c_ma,random
9,0.8688078,1.0,s_ms,c_ma,c_ms,random
9,0.88098407,1.0,s_ms,c_ma,c_ma,random
9,5.868557e-05,0.0,s_ma,c_ms,c_ms,random
9,4.312658e-06,0.0,s_ma,c_ms,c_ma,random
9,0.0027897584,0.0,s_ma,c_ms,c_ms,random
9,4.8042566e-05,0.0,s_ma,c_ms,c_ma,random
9,7.3672218e-06,0.0,s_ma,c_ms,c_ma,random
9,0.8008263,1.0,s_ms,c_ms,c_ma,random
9,0.8589301,1.0,s_ms,c_ms,c_ms,random
9,0.8006499,1.0,s_ms,c_ms,c_ms,random
9,0.81603813,1.0,s_ms,c_ms,c_ma,random
9,0.8678151,1.0,s_ms,c_ms,c_ms,random
9,7.290737e-05,0.0,s_ma,c_ma,c_ms,random
9,0.00016784025,0.0,s_ma,c_ma,c_ma,random
9,0.00011782712,0.0,s_ma,c_ma,c_ms,random
9,0.00013155481,0.0,s_ma,c_ma,c_ms,random
9,0.76173556,1.0,s_ms,c_ma,c_ma,random
9,0.8770163,1.0,s_ms,c_ma,c_ms,random
9,0.8689505,1.0,s_ms,c_ma,c_ma,random
9,0.83838683,1.0,s_ms,c_ma,c_ms,random
9,0.7611191,1.0,s_ms,c_ma,c_ma,random
9,5.07516e-05,0.0,s_ma,c_ms,c_ma,random
9,1.6843405e-05,0.0,s_ma,c_ms,c_ms,random
9,0.0009233421,0.0,s_ma,c_ms,c_ma,random
9,0.00031032067,0.0,s_ma,c_ms,c_ms,random
9,0.00028342067,0.0,s_ma,c_ms,c_ms,random
9,0.8012258,1.0,s_ms,c_ms,c_ms,random
9,0.84000784,1.0,s_ms,c_ms,c_ma,random
9,0.7952688,1.0,s_ms,c_ms,c_ma,random
9,0.85169417,1.0,s_ms,c_ms,c_ms,random
9,0.9247231,1.0,s_ms,c_ms,c_ma,random
9,9.914372e-05,0.0,s_ma,c_ma,c_ma,random
9,0.0010677741,0.0,s_ma,c_ma,c_ms,random
9,0.000106346895,0.0,s_ma,c_ma,c_ms,random
9,0.0006453325,0.0,s_ma,c_ma,c_ma,random
9,0.85288686,1.0,s_ms,c_ma,c_ms,random
9,0.93745345,1.0,s_ms,c_ma,c_ma,random
9,0.891991,1.0,s_ms,c_ma,c_ms,random
9,0.8341121,1.0,s_ms,c_ma,c_ma,random
9,0.81951356,1.0,s_ms,c_ma,c_ms,random
9,1.6649774e-05,0.0,s_ma,c_ms,c_ma,random
9,9.640742e-07,0.0,s_ma,c_ms,c_ms,random
9,0.00033421585,0.0,s_ma,c_ms,c_ma,random
9,2.8029077e-05,0.0,s_ma,c_ms,c_ms,random
9,4.1693325e-05,0.0,s_ma,c_ms,c_ms,random
9,0.7607695,1.0,s_ms,c_ms,c_ms,random
9,0.76705176,1.0,s_ms,c_ms,c_ma,random
9,0.7362281,1.0,s_ms,c_ms,c_ma,random
9,0.6457871,1.0,s_ms,c_ms,c_ms,random
9,0.83891225,1.0,s_ms,c_ms,c_ma,random
9,2.7386584e-05,0.0,s_ma,c_ma,c_ma,random
9,7.470976e-05,0.0,s_ma,c_ma,c_ms,random
9,0.00011860666,0.0,s_ma,c_ma,c_ms,random
9,0.00065312895,0.0,s_ma,c_ma,c_ma,random
9,0.7411133,1.0,s_ms,c_ma,c_ms,random
9,0.75838006,1.0,s_ms,c_ma,c_ma,random
9,0.8032442,1.0,s_ms,c_ma,c_ms,random
9,0.80849373,1.0,s_ms,c_ma,c_ma,random
9,0.56640875,1.0,s_ms,c_ma,c_ms,random
9,0.03999747,0.0,s_ms,c_ms,c_ms,random
9,0.07665454,0.0,s_ms,c_ms,c_ma,random
9,0.06894638,0.0,s_ms,c_ms,c_ms,random
9,0.10937776,0.0,s_ms,c_ms,c_ma,random
9,0.04974971,0.0,s_ms,c_ms,c_ma,random
9,5.5322215e-07,0.0,s_ma,c_ms,c_ma,random
9,3.5275346e-07,0.0,s_ma,c_ms,c_ms,random
9,4.798229e-07,0.0,s_ma,c_ms,c_ms,random
9,2.2641774e-07,0.0,s_ma,c_ms,c_ma,random
9,3.6200547e-06,0.0,s_ma,c_ms,c_ms,random
9,0.18101957,0.0,s_ms,c_ma,c_ms,random
9,0.13073558,0.0,s_ms,c_ma,c_ma,random
9,0.13114402,0.0,s_ms,c_ma,c_ma,random
9,0.08513816,0.0,s_ms,c_ma,c_ms,random
9,0.17340392,0.0,s_ms,c_ma,c_ms,random
9,9.252738e-06,0.0,s_ma,c_ma,c_ms,random
9,1.2338904e-06,0.0,s_ma,c_ma,c_ma,random
9,1.0053152e-05,0.0,s_ma,c_ma,c_ms,random
9,2.5505105e-06,0.0,s_ma,c_ma,c_ma,random
9,0.019163825,0.0,s_ms,c_ms,c_ma,random
9,0.031542886,0.0,s_ms,c_ms,c_ms,random
9,0.036519356,0.0,s_ms,c_ms,c_ma,random
9,0.0662023,0.0,s_ms,c_ms,c_ms,random
9,0.03426476,0.0,s_ms,c_ms,c_ms,random
9,1.066878e-06,0.0,s_ma,c_ms,c_ms,random
9,1.0020633e-06,0.0,s_ma,c_ms,c_ma,random
9,1.3553821e-06,0.0,s_ma,c_ms,c_ma,random
9,1.7432961e-06,0.0,s_ma,c_ms,c_ms,random
9,6.2564827e-06,0.0,s_ma,c_ms,c_ma,random
9,0.11915829,0.0,s_ms,c_ma,c_ma,random
9,0.065321565,0.0,s_ms,c_ma,c_ms,random
9,0.08593649,0.0,s_ms,c_ma,c_ms,random
9,0.039130256,0.0,s_ms,c_ma,c_ma,random
9,0.16421264,0.0,s_ms,c_ma,c_ma,random
9,9.436016e-06,0.0,s_ma,c_ma,c_ms,random
9,5.0363076e-07,0.0,s_ma,c_ma,c_ms,random
9,4.210956e-06,0.0,s_ma,c_ma,c_ma,random
9,1.134159e-06,0.0,s_ma,c_ma,c_ms,random
9,0.021941897,0.0,s_ms,c_ms,c_ms,random
9,0.040809773,0.0,s_ms,c_ms,c_ma,random
9,0.0329547,0.0,s_ms,c_ms,c_ms,random
9,0.0704841,0.0,s_ms,c_ms,c_ma,random
9,0.039736688,0.0,s_ms,c_ms,c_ma,random
9,1.972208e-06,0.0,s_ma,c_ms,c_ma,random
9,2.4406344e-07,0.0,s_ma,c_ms,c_ms,random
9,3.4869502e-06,0.0,s_ma,c_ms,c_ms,random
9,1.8631799e-07,0.0,s_ma,c_ms,c_ma,random
9,3.920658e-06,0.0,s_ma,c_ms,c_ms,random
9,0.07260996,0.0,s_ms,c_ma,c_ms,random
9,0.062754385,0.0,s_ms,c_ma,c_ma,random
9,0.07861795,0.0,s_ms,c_ma,c_ma,random
9,0.075306006,0.0,s_ms,c_ma,c_ms,random
9,0.115697354,0.0,s_ms,c_ma,c_ms,random
9,1.249031e-06,0.0,s_ma,c_ma,c_ma,random
9,5.3039594e-07,0.0,s_ma,c_ma,c_ms,random
9,5.2855676e-06,0.0,s_ma,c_ma,c_ms,random
9,2.397322e-06,0.0,s_ma,c_ma,c_ma,random
9,0.031612482,0.0,s_ms,c_ms,c_ma,random
9,0.08105212,0.0,s_ms,c_ms,c_ms,random
9,0.032019608,0.0,s_ms,c_ms,c_ma,random
9,0.06785344,0.0,s_ms,c_ms,c_ms,random
9,0.039623216,0.0,s_ms,c_ms,c_ms,random
9,8.816085e-06,0.0,s_ma,c_ms,c_ms,random
9,2.6135942e-07,0.0,s_ma,c_ms,c_ma,random
9,7.775037e-06,0.0,s_ma,c_ms,c_ma,random
9,3.7917675e-07,0.0,s_ma,c_ms,c_ms,random
9,4.892962e-06,0.0,s_ma,c_ms,c_ma,random
9,0.105137296,0.0,s_ms,c_ma,c_ma,random
9,0.084923856,0.0,s_ms,c_ma,c_ms,random
9,0.095185556,0.0,s_ms,c_ma,c_ms,random
9,0.109957665,0.0,s_ms,c_ma,c_ma,random
9,0.12108603,0.0,s_ms,c_ma,c_ma,random
9,1.0350544e-05,0.0,s_ma,c_ma,c_ms,random
9,4.231911e-06,0.0,s_ma,c_ma,c_ma,random
9,5.3278563e-06,0.0,s_ma,c_ma,c_ms,random
9,2.6928024e-06,0.0,s_ma,c_ma,c_ms,random
9,0.04544647,0.0,s_ms,c_ms,c_ms,random
9,0.14426985,0.0,s_ms,c_ms,c_ma,random
9,0.09780818,0.0,s_ms,c_ms,c_ms,random
9,0.18210784,0.0,s_ms,c_ms,c_ma,random
9,0.07154396,0.0,s_ms,c_ms,c_ma,random
9,3.5356157e-07,0.0,s_ma,c_ms,c_ma,random
9,4.985976e-07,0.0,s_ma,c_ms,c_ms,random
9,1.9479057e-06,0.0,s_ma,c_ms,c_ms,random
9,1.2932533e-06,0.0,s_ma,c_ms,c_ma,random
9,4.372636e-06,0.0,s_ma,c_ms,c_ms,random
9,0.18601203,0.0,s_ms,c_ma,c_ms,random
9,0.06959675,0.0,s_ms,c_ma,c_ma,random
9,0.14761636,0.0,s_ms,c_ma,c_ma,random
9,0.10941991,0.0,s_ms,c_ma,c_ms,random
9,0.30741268,0.0,s_ms,c_ma,c_ms,random
9,2.3336142e-06,0.0,s_ma,c_ma,c_ma,random
9,1.0544666e-06,0.0,s_ma,c_ma,c_ms,random
9,2.0500609e-06,0.0,s_ma,c_ma,c_ma,random
9,2.5377803e-06,0.0,s_ma,c_ma,c_ms,random
