model,rt,error,size_condition,cat_condition,rand_condition,block_type
0,4.423527e-06,0.0,s_ma,c_ma,c_ms,blocked
0,3.5320309e-06,0.0,s_ma,c_ma,c_ma,blocked
0,9.14531e-06,0.0,s_ma,c_ma,c_ms,blocked
0,8.543558e-06,0.0,s_ma,c_ma,c_ms,blocked
0,0.31602645,0.0,s_ms,c_ma,c_ms,blocked
0,0.43473938,0.0,s_ms,c_ma,c_ma,blocked
0,0.25581372,0.0,s_ms,c_ma,c_ma,blocked
0,0.12995356,0.0,s_ms,c_ma,c_ms,blocked
0,0.15027335,0.0,s_ms,c_ma,c_ma,blocked
0,7.440036e-06,0.0,s_ma,c_ms,c_ma,blocked
0,0.0012204149,0.0,s_ma,c_ms,c_ms,blocked
0,4.239993e-05,0.0,s_ma,c_ms,c_ms,blocked
0,6.707334e-06,0.0,s_ma,c_ms,c_ma,blocked
0,7.151225e-06,0.0,s_ma,c_ms,c_ma,blocked
0,0.14067715,0.0,s_ms,c_ms,c_ms,blocked
0,0.17051783,0.0,s_ms,c_ms,c_ma,blocked
0,0.14660889,0.0,s_ms,c_ms,c_ms,blocked
0,0.1377887,0.0,s_ms,c_ms,c_ma,blocked
0,0.20905635,0.0,s_ms,c_ms,c_ms,blocked
0,4.7196872e-06,0.0,s_ma,c_ma,c_ms,blocked
0,1.5330337e-05,0.0,s_ma,c_ma,c_ms,blocked
0,2.4658925e-06,0.0,s_ma,c_ma,c_ma,blocked
0,2.2126718e-05,0.0,s_ma,c_ma,c_ma,blocked
0,0.27390853,0.0,s_ms,c_ma,c_ma,blocked
0,0.17360522,0.0,s_ms,c_ma,c_ms,blocked
0,0.19256258,0.0,s_ms,c_ma,c_ms,blocked
0,0.0925297,0.0,s_ms,c_ma,c_ma,blocked
0,0.028311778,0.0,s_ms,c_ma,c_ms,blocked
0,0.00011231048,0.0,s_ma,c_ms,c_ms,blocked
0,0.00040043588,0.0,s_ma,c_ms,c_ma,blocked
0,0.00044297188,0.0,s_ma,c_ms,c_ma,blocked
0,1.4807995e-05,0.0,s_ma,c_ms,c_ms,blocked
0,0.00011186239,0.0,s_ma,c_ms,c_ms,blocked
0,0.10004035,0.0,s_ms,c_ms,c_ma,blocked
0,0.11515751,0.0,s_ms,c_ms,c_ms,blocked
0,0.12584712,0.0,s_ms,c_ms,c_ma,blocked
0,0.100153565,0.0,s_ms,c_ms,c_ms,blocked
0,0.12742019,0.0,s_ms,c_ms,c_ma,blocked
0,3.836654e-06,0.0,s_ma,c_ma,c_ma,blocked
0,1.6591159e-05,0.0,s_ma,c_ma,c_ms,blocked
0,1.7829854e-05,0.0,s_ma,c_ma,c_ms,blocked
0,4.2050695e-05,0.0,s_ma,c_ma,c_ms,blocked
0,0.14612585,0.0,s_ms,c_ma,c_ms,blocked
0,0.15358995,0.0,s_ms,c_ma,c_ma,blocked
0,0.2575624,0.0,s_ms,c_ma,c_ma,blocked
0,0.29237288,0.0,s_ms,c_ma,c_ms,blocked
0,0.05627022,0.0,s_ms,c_ma,c_ma,blocked
0,9.364112e-05,0.0,s_ma,c_ms,c_ma,blocked
0,3.6509475e-05,0.0,s_ma,c_ms,c_ms,blocked
0,0.00033596135,0.0,s_ma,c_ms,c_ms,blocked
0,0.0004429511,0.0,s_ma,c_ms,c_ma,blocked
0,7.9428944e-05,0.0,s_ma,c_ms,c_ma,blocked
0,0.11979359,0.0,s_ms,c_ms,c_ms,blocked
0,0.15441158,0.0,s_ms,c_ms,c_ma,blocked
0,0.14334673,0.0,s_ms,c_ms,c_ms,blocked
0,0.19066614,0.0,s_ms,c_ms,c_ma,blocked
0,0.23117921,0.0,s_ms,c_ms,c_ms,blocked
0,9.5509195e-06,0.0,s_ma,c_ma,c_ms,blocked
0,2.1059386e-06,0.0,s_ma,c_ma,c_ma,blocked
0,1.703614e-05,0.0,s_ma,c_ma,c_ms,blocked
0,1.9891844e-05,0.0,s_ma,c_ma,c_ma,blocked
0,0.2672848,0.0,s_ms,c_ma,c_ma,blocked
0,0.3207084,0.0,s_ms,c_ma,c_ms,blocked
0,0.17880042,0.0,s_ms,c_ma,c_ms,blocked
0,0.27412394,0.0,s_ms,c_ma,c_ma,blocked
0,0.14915666,0.0,s_ms,c_ma,c_ms,blocked
0,0.00047397468,0.0,s_ma,c_ms,c_ms,blocked
0,6.0994164e-05,0.0,s_ma,c_ms,c_ma,blocked
0,0.00017486396,0.0,s_ma,c_ms,c_ma,blocked
0,1.7011898e-05,0.0,s_ma,c_ms,c_ms,blocked
0,3.836554e-05,0.0,s_ma,c_ms,c_ms,blocked
0,0.22143544,0.0,s_ms,c_ms,c_ma,blocked
0,0.46640843,0.0,s_ms,c_ms,c_ms,blocked
0,0.35923612,0.0,s_ms,c_ms,c_ma,blocked
0,0.21154758,0.0,s_ms,c_ms,c_ms,blocked
0,0.42018765,0.0,s_ms,c_ms,c_ma,blocked
0,9.143713e-06,0.0,s_ma,c_ma,c_ms,blocked
0,2.2107693e-05,0.0,s_ma,c_ma,c_ma,blocked
0,4.678983e-05,0.0,s_ma,c_ma,c_ms,blocked
0,2.0406203e-05,0.0,s_ma,c_ma,c_ma,blocked
0,0.28788793,0.0,s_ms,c_ma,c_ma,blocked
0,0.31018472,0.0,s_ms,c_ma,c_ms,blocked
0,0.3665937,0.0,s_ms,c_ma,c_ms,blocked
0,0.24034713,0.0,s_ms,c_ma,c_ma,blocked
0,0.16561341,0.0,s_ms,c_ma,c_ms,blocked
0,0.0004548023,0.0,s_ma,c_ms,c_ms,blocked
0,4.147147e-05,0.0,s_ma,c_ms,c_ma,blocked
0,0.0003601734,0.0,s_ma,c_ms,c_ma,blocked
0,0.00033100476,0.0,s_ma,c_ms,c_ms,blocked
0,8.687517e-06,0.0,s_ma,c_ms,c_ms,blocked
0,0.10673308,0.0,s_ms,c_ms,c_ma,blocked
0,0.11944683,0.0,s_ms,c_ms,c_ms,blocked
0,0.21395078,0.0,s_ms,c_ms,c_ma,blocked
0,0.18161593,0.0,s_ms,c_ms,c_ms,blocked
0,0.18008305,0.0,s_ms,c_ms,c_ma,blocked
0,0.59352535,1.0,s_ms,c_ma,c_ms,blocked
0,0.5939874,1.0,s_ms,c_ma,c_ma,blocked
0,0.8011784,1.0,s_ms,c_ma,c_ms,blocked
0,0.6421982,1.0,s_ms,c_ma,c_ma,blocked
0,0.6179837,1.0,s_ms,c_ma,c_ma,blocked
0,0.00036963547,0.0,s_ma,c_ma,c_ms,blocked
0,5.777045e-05,0.0,s_ma,c_ma,c_ms,blocked
0,0.00034080702,0.0,s_ma,c_ma,c_ma,blocked
0,0.00012887186,0.0,s_ma,c_ma,c_ms,blocked
0,0.16746397,0.0,s_ms,c_ms,c_ms,blocked
0,0.092942074,0.0,s_ms,c_ms,c_ma,blocked
0,0.23430264,0.0,s_ms,c_ms,c_ma,blocked
0,0.18971732,0.0,s_ms,c_ms,c_ms,blocked
0,0.16166441,0.0,s_ms,c_ms,c_ms,blocked
0,0.0019772223,0.0,s_ma,c_ms,c_ma,blocked
0,0.00024810457,0.0,s_ma,c_ms,c_ms,blocked
0,0.00022276716,0.0,s_ma,c_ms,c_ma,blocked
0,9.3971474e-05,0.0,s_ma,c_ms,c_ms,blocked
0,0.000190789,0.0,s_ma,c_ms,c_ma,blocked
0,0.48822808,0.0,s_ms,c_ma,c_ma,blocked
0,0.7150469,1.0,s_ms,c_ma,c_ms,blocked
0,0.7774581,1.0,s_ms,c_ma,c_ma,blocked
0,0.5586791,1.0,s_ms,c_ma,c_ms,blocked
0,0.5884951,1.0,s_ms,c_ma,c_ms,blocked
0,0.00038459315,0.0,s_ma,c_ma,c_ms,blocked
0,3.5178902e-05,0.0,s_ma,c_ma,c_ma,blocked
0,8.769623e-05,0.0,s_ma,c_ma,c_ms,blocked
0,0.0007016879,0.0,s_ma,c_ma,c_ma,blocked
0,0.085409276,0.0,s_ms,c_ms,c_ma,blocked
0,0.11371591,0.0,s_ms,c_ms,c_ms,blocked
0,0.10917951,0.0,s_ms,c_ms,c_ms,blocked
0,0.11462638,0.0,s_ms,c_ms,c_ma,blocked
0,0.102983385,0.0,s_ms,c_ms,c_ma,blocked
0,0.0008627963,0.0,s_ma,c_ms,c_ms,blocked
0,0.00024369889,0.0,s_ma,c_ms,c_ma,blocked
0,0.00021671804,0.0,s_ma,c_ms,c_ms,blocked
0,0.0005732571,0.0,s_ma,c_ms,c_ma,blocked
0,0.000104941006,0.0,s_ma,c_ms,c_ms,blocked
0,0.6398227,1.0,s_ms,c_ma,c_ma,blocked
0,0.7190349,1.0,s_ms,c_ma,c_ms,blocked
0,0.67476696,1.0,s_ms,c_ma,c_ma,blocked
0,0.7337878,1.0,s_ms,c_ma,c_ms,blocked
0,0.5396425,1.0,s_ms,c_ma,c_ms,blocked
0,5.0625615e-05,0.0,s_ma,c_ma,c_ms,blocked
0,3.4058496e-05,0.0,s_ma,c_ma,c_ma,blocked
0,6.471168e-05,0.0,s_ma,c_ma,c_ms,blocked
0,5.232185e-06,0.0,s_ma,c_ma,c_ma,blocked
0,0.19846673,0.0,s_ms,c_ms,c_ma,blocked
0,0.15111226,0.0,s_ms,c_ms,c_ms,blocked
0,0.29532838,0.0,s_ms,c_ms,c_ms,blocked
0,0.3350141,0.0,s_ms,c_ms,c_ma,blocked
0,0.33125183,0.0,s_ms,c_ms,c_ma,blocked
0,0.00013469359,0.0,s_ma,c_ms,c_ms,blocked
0,9.6500866e-05,0.0,s_ma,c_ms,c_ma,blocked
0,2.7609818e-05,0.0,s_ma,c_ms,c_ms,blocked
0,1.9493764e-05,0.0,s_ma,c_ms,c_ma,blocked
0,0.0002907713,0.0,s_ma,c_ms,c_ms,blocked
0,0.7990233,1.0,s_ms,c_ma,c_ms,blocked
0,0.85909003,1.0,s_ms,c_ma,c_ma,blocked
0,0.61445415,1.0,s_ms,c_ma,c_ms,blocked
0,0.62655824,1.0,s_ms,c_ma,c_ma,blocked
0,0.6930852,1.0,s_ms,c_ma,c_ma,blocked
0,0.00029256882,0.0,s_ma,c_ma,c_ma,blocked
0,8.396673e-05,0.0,s_ma,c_ma,c_ms,blocked
0,6.314222e-05,0.0,s_ma,c_ma,c_ms,blocked
0,0.0002445201,0.0,s_ma,c_ma,c_ms,blocked
0,0.18654095,0.0,s_ms,c_ms,c_ms,blocked
0,0.089100614,0.0,s_ms,c_ms,c_ma,blocked
0,0.22868565,0.0,s_ms,c_ms,c_ma,blocked
0,0.18456586,0.0,s_ms,c_ms,c_ms,blocked
0,0.50789106,1.0,s_ms,c_ms,c_ms,blocked
0,0.0009557765,0.0,s_ma,c_ms,c_ma,blocked
0,0.00021012897,0.0,s_ma,c_ms,c_ms,blocked
0,9.474813e-05,0.0,s_ma,c_ms,c_ma,blocked
0,0.00028031942,0.0,s_ma,c_ms,c_ms,blocked
0,0.00010781409,0.0,s_ma,c_ms,c_ma,blocked
0,0.73559844,1.0,s_ms,c_ma,c_ma,blocked
0,0.9247446,1.0,s_ms,c_ma,c_ms,blocked
0,0.91642904,1.0,s_ms,c_ma,c_ma,blocked
0,0.78004956,1.0,s_ms,c_ma,c_ms,blocked
0,0.77513397,1.0,s_ms,c_ma,c_ms,blocked
0,0.00012461348,0.0,s_ma,c_ma,c_ms,blocked
0,0.000698024,0.0,s_ma,c_ma,c_ma,blocked
0,4.710453e-06,0.0,s_ma,c_ma,c_ma,blocked
0,0.00026164151,0.0,s_ma,c_ma,c_ms,blocked
0,0.5285406,1.0,s_ms,c_ms,c_ma,blocked
0,0.30966428,0.0,s_ms,c_ms,c_ms,blocked
0,0.5066352,1.0,s_ms,c_ms,c_ms,blocked
0,0.6075623,1.0,s_ms,c_ms,c_ma,blocked
0,0.50837904,1.0,s_ms,c_ms,c_ma,blocked
0,0.0021548108,0.0,s_ma,c_ms,c_ms,blocked
0,8.268855e-05,0.0,s_ma,c_ms,c_ma,blocked
0,1.24964545e-05,0.0,s_ma,c_ms,c_ms,blocked
0,1.8148834e-05,0.0,s_ma,c_ms,c_ma,blocked
0,0.00024098673,0.0,s_ma,c_ms,c_ms,blocked
0,4.6819664e-06,0.0,s_ma,c_ms,c_ma,blocked
0,0.00011155261,0.0,s_ma,c_ms,c_ms,blocked
0,9.742108e-05,0.0,s_ma,c_ms,c_ma,blocked
0,0.0004025548,0.0,s_ma,c_ms,c_ms,blocked
0,0.00039684866,0.0,s_ma,c_ms,c_ms,blocked
0,0.0543796,0.0,s_ms,c_ms,c_ms,blocked
0,0.082203865,0.0,s_ms,c_ms,c_ma,blocked
0,0.049483854,0.0,s_ms,c_ms,c_ma,blocked
0,0.07785942,0.0,s_ms,c_ms,c_ms,blocked
0,0.21457861,0.0,s_ms,c_ms,c_ma,blocked
0,0.0005532185,0.0,s_ma,c_ma,c_ms,blocked
0,0.0018688389,0.0,s_ma,c_ma,c_ms,blocked
0,0.0096328575,0.0,s_ma,c_ma,c_ma,blocked
0,0.0006384308,0.0,s_ma,c_ma,c_ma,blocked
0,0.54976356,1.0,s_ms,c_ma,c_ms,blocked
0,0.50592315,1.0,s_ms,c_ma,c_ma,blocked
0,0.539993,1.0,s_ms,c_ma,c_ms,blocked
0,0.57929903,1.0,s_ms,c_ma,c_ma,blocked
0,0.6669525,1.0,s_ms,c_ma,c_ms,blocked
0,0.00022024872,0.0,s_ma,c_ms,c_ms,blocked
0,0.0001298174,0.0,s_ma,c_ms,c_ma,blocked
0,1.08429595e-05,0.0,s_ma,c_ms,c_ms,blocked
0,0.0002866297,0.0,s_ma,c_ms,c_ma,blocked
0,4.9083377e-05,0.0,s_ma,c_ms,c_ma,blocked
0,0.1095561,0.0,s_ms,c_ms,c_ma,blocked
0,0.070189565,0.0,s_ms,c_ms,c_ms,blocked
0,0.07905268,0.0,s_ms,c_ms,c_ms,blocked
0,0.099399,0.0,s_ms,c_ms,c_ma,blocked
0,0.05620905,0.0,s_ms,c_ms,c_ms,blocked
0,0.0005227675,0.0,s_ma,c_ma,c_ms,blocked
0,0.0005155958,0.0,s_ma,c_ma,c_ma,blocked
0,0.00031514378,0.0,s_ma,c_ma,c_ms,blocked
0,8.324602e-05,0.0,s_ma,c_ma,c_ms,blocked
0,0.502911,1.0,s_ms,c_ma,c_ma,blocked
0,0.5030808,1.0,s_ms,c_ma,c_ms,blocked
0,0.4438436,0.0,s_ms,c_ma,c_ma,blocked
0,0.50402915,1.0,s_ms,c_ma,c_ms,blocked
0,0.49998274,0.0,s_ms,c_ma,c_ma,blocked
0,3.800913e-05,0.0,s_ma,c_ms,c_ms,blocked
0,0.0005191207,0.0,s_ma,c_ms,c_ma,blocked
0,0.0004503926,0.0,s_ma,c_ms,c_ms,blocked
0,0.0013062378,0.0,s_ma,c_ms,c_ma,blocked
0,0.00028416037,0.0,s_ma,c_ms,c_ma,blocked
0,0.09287435,0.0,s_ms,c_ms,c_ma,blocked
0,0.05303266,0.0,s_ms,c_ms,c_ms,blocked
0,0.04169273,0.0,s_ms,c_ms,c_ms,blocked
0,0.07065081,0.0,s_ms,c_ms,c_ma,blocked
0,0.3059856,0.0,s_ms,c_ms,c_ms,blocked
0,0.0019316257,0.0,s_ma,c_ma,c_ms,blocked
0,0.00048482488,0.0,s_ma,c_ma,c_ma,blocked
0,0.0011380014,0.0,s_ma,c_ma,c_ms,blocked
0,0.002446137,0.0,s_ma,c_ma,c_ms,blocked
0,0.5752387,1.0,s_ms,c_ma,c_ma,blocked
0,0.6031469,1.0,s_ms,c_ma,c_ms,blocked
0,0.57244277,1.0,s_ms,c_ma,c_ma,blocked
0,0.57563305,1.0,s_ms,c_ma,c_ms,blocked
0,0.71066594,1.0,s_ms,c_ma,c_ma,blocked
0,6.9567122e-06,0.0,s_ma,c_ms,c_ma,blocked
0,2.782844e-05,0.0,s_ma,c_ms,c_ms,blocked
0,7.763269e-05,0.0,s_ma,c_ms,c_ma,blocked
0,0.00011998701,0.0,s_ma,c_ms,c_ms,blocked
0,0.00036761098,0.0,s_ma,c_ms,c_ms,blocked
0,0.10125789,0.0,s_ms,c_ms,c_ms,blocked
0,0.12120846,0.0,s_ms,c_ms,c_ma,blocked
0,0.094001755,0.0,s_ms,c_ms,c_ma,blocked
0,0.06442252,0.0,s_ms,c_ms,c_ms,blocked
0,0.18832883,0.0,s_ms,c_ms,c_ma,blocked
0,0.0095654195,0.0,s_ma,c_ma,c_ma,blocked
0,0.00028494134,0.0,s_ma,c_ma,c_ms,blocked
0,0.0011385703,0.0,s_ma,c_ma,c_ms,blocked
0,0.00036950907,0.0,s_ma,c_ma,c_ma,blocked
0,0.5120744,1.0,s_ms,c_ma,c_ms,blocked
0,0.55316716,1.0,s_ms,c_ma,c_ma,blocked
0,0.6108782,1.0,s_ms,c_ma,c_ms,blocked
0,0.5157054,1.0,s_ms,c_ma,c_ma,blocked
0,0.62455,1.0,s_ms,c_ma,c_ms,blocked
0,5.656146e-06,0.0,s_ma,c_ms,c_ma,blocked
0,0.00017012584,0.0,s_ma,c_ms,c_ms,blocked
0,0.00015509008,0.0,s_ma,c_ms,c_ma,blocked
0,0.00017020201,0.0,s_ma,c_ms,c_ms,blocked
0,1.9559284e-05,0.0,s_ma,c_ms,c_ms,blocked
0,0.0735074,0.0,s_ms,c_ms,c_ms,blocked
0,0.044266634,0.0,s_ms,c_ms,c_ma,blocked
0,0.056551278,0.0,s_ms,c_ms,c_ma,blocked
0,0.11855997,0.0,s_ms,c_ms,c_ms,blocked
0,0.12929343,0.0,s_ms,c_ms,c_ma,blocked
0,0.0006290734,0.0,s_ma,c_ma,c_ma,blocked
0,7.684852e-05,0.0,s_ma,c_ma,c_ms,blocked
0,0.0025398703,0.0,s_ma,c_ma,c_ms,blocked
0,0.000383983,0.0,s_ma,c_ma,c_ma,blocked
0,0.583356,1.0,s_ms,c_ma,c_ms,blocked
0,0.54840386,1.0,s_ms,c_ma,c_ma,blocked
0,0.5445523,1.0,s_ms,c_ma,c_ms,blocked
0,0.594748,1.0,s_ms,c_ma,c_ma,blocked
0,0.5210745,1.0,s_ms,c_ma,c_ms,blocked
0,0.35157168,0.0,s_ms,c_ms,c_ms,blocked
0,0.3583651,0.0,s_ms,c_ms,c_ma,blocked
0,0.32465896,0.0,s_ms,c_ms,c_ms,blocked
0,0.5720531,1.0,s_ms,c_ms,c_ma,blocked
0,0.3476836,0.0,s_ms,c_ms,c_ma,blocked
0,0.0007803533,0.0,s_ma,c_ms,c_ma,blocked
0,0.00057305815,0.0,s_ma,c_ms,c_ms,blocked
0,4.6953402e-05,0.0,s_ma,c_ms,c_ms,blocked
0,0.0007870261,0.0,s_ma,c_ms,c_ma,blocked
0,0.0025045746,0.0,s_ma,c_ms,c_ms,blocked
0,0.3673858,0.0,s_ms,c_ma,c_ms,blocked
0,0.3351327,0.0,s_ms,c_ma,c_ma,blocked
0,0.3625452,0.0,s_ms,c_ma,c_ma,blocked
0,0.3848392,0.0,s_ms,c_ma,c_ms,blocked
0,0.34230787,0.0,s_ms,c_ma,c_ms,blocked
0,0.00038577808,0.0,s_ma,c_ma,c_ms,blocked
0,0.00059222913,0.0,s_ma,c_ma,c_ma,blocked
0,0.00027151778,0.0,s_ma,c_ma,c_ms,blocked
0,0.00013587126,0.0,s_ma,c_ma,c_ma,blocked
0,0.22552137,0.0,s_ms,c_ms,c_ma,blocked
0,0.28052276,0.0,s_ms,c_ms,c_ms,blocked
0,0.24960272,0.0,s_ms,c_ms,c_ma,blocked
0,0.2739143,0.0,s_ms,c_ms,c_ms,blocked
0,0.2622402,0.0,s_ms,c_ms,c_ms,blocked
0,0.0017140203,0.0,s_ma,c_ms,c_ms,blocked
0,0.001433043,0.0,s_ma,c_ms,c_ma,blocked
0,3.5774738e-05,0.0,s_ma,c_ms,c_ma,blocked
0,0.0001234987,0.0,s_ma,c_ms,c_ms,blocked
0,8.359732e-05,0.0,s_ma,c_ms,c_ma,blocked
0,0.38350144,0.0,s_ms,c_ma,c_ma,blocked
0,0.43209437,0.0,s_ms,c_ma,c_ms,blocked
0,0.29400057,0.0,s_ms,c_ma,c_ms,blocked
0,0.3629688,0.0,s_ms,c_ma,c_ma,blocked
0,0.3191005,0.0,s_ms,c_ma,c_ma,blocked
0,0.00036513153,0.0,s_ma,c_ma,c_ms,blocked
0,8.857227e-05,0.0,s_ma,c_ma,c_ms,blocked
0,0.00042223372,0.0,s_ma,c_ma,c_ma,blocked
0,3.9702914e-05,0.0,s_ma,c_ma,c_ms,blocked
0,0.28163984,0.0,s_ms,c_ms,c_ms,blocked
0,0.29075867,0.0,s_ms,c_ms,c_ma,blocked
0,0.23044807,0.0,s_ms,c_ms,c_ms,blocked
0,0.37809497,0.0,s_ms,c_ms,c_ma,blocked
0,0.16463754,0.0,s_ms,c_ms,c_ma,blocked
0,0.0009898742,0.0,s_ma,c_ms,c_ma,blocked
0,0.0012061642,0.0,s_ma,c_ms,c_ms,blocked
0,0.00021899825,0.0,s_ma,c_ms,c_ms,blocked
0,0.000118219796,0.0,s_ma,c_ms,c_ma,blocked
0,1.0060882e-05,0.0,s_ma,c_ms,c_ms,blocked
0,0.34654447,0.0,s_ms,c_ma,c_ms,blocked
0,0.46419203,0.0,s_ms,c_ma,c_ma,blocked
0,0.32254258,0.0,s_ms,c_ma,c_ma,blocked
0,0.28020138,0.0,s_ms,c_ma,c_ms,blocked
0,0.3521665,0.0,s_ms,c_ma,c_ms,blocked
0,0.00051581796,0.0,s_ma,c_ma,c_ma,blocked
0,8.4546446e-05,0.0,s_ma,c_ma,c_ms,blocked
0,5.2050646e-06,0.0,s_ma,c_ma,c_ms,blocked
0,1.9519077e-05,0.0,s_ma,c_ma,c_ma,blocked
0,0.27278554,0.0,s_ms,c_ms,c_ma,blocked
0,0.32001644,0.0,s_ms,c_ms,c_ms,blocked
0,0.31825882,0.0,s_ms,c_ms,c_ma,blocked
0,0.28713864,0.0,s_ms,c_ms,c_ms,blocked
0,0.2489474,0.0,s_ms,c_ms,c_ms,blocked
0,0.0001969405,0.0,s_ma,c_ms,c_ms,blocked
0,0.0024069974,0.0,s_ma,c_ms,c_ma,blocked
0,0.00026778103,0.0,s_ma,c_ms,c_ma,blocked
0,0.0009871513,0.0,s_ma,c_ms,c_ms,blocked
0,1.7991195e-05,0.0,s_ma,c_ms,c_ma,blocked
0,0.37191927,0.0,s_ms,c_ma,c_ma,blocked
0,0.40041232,0.0,s_ms,c_ma,c_ms,blocked
0,0.31609595,0.0,s_ms,c_ma,c_ms,blocked
0,0.3933234,0.0,s_ms,c_ma,c_ma,blocked
0,0.31564713,0.0,s_ms,c_ma,c_ma,blocked
0,0.00023837366,0.0,s_ma,c_ma,c_ms,blocked
0,0.00043175733,0.0,s_ma,c_ma,c_ma,blocked
0,5.3118692e-06,0.0,s_ma,c_ma,c_ms,blocked
0,1.7586231e-05,0.0,s_ma,c_ma,c_ms,blocked
0,0.2708253,0.0,s_ms,c_ms,c_ms,blocked
0,0.26335013,0.0,s_ms,c_ms,c_ma,blocked
0,0.17600891,0.0,s_ms,c_ms,c_ms,blocked
0,0.3159001,0.0,s_ms,c_ms,c_ma,blocked
0,0.22597176,0.0,s_ms,c_ms,c_ma,blocked
0,0.00047607385,0.0,s_ma,c_ms,c_ma,blocked
0,0.0009193404,0.0,s_ma,c_ms,c_ms,blocked
0,0.00020940125,0.0,s_ma,c_ms,c_ms,blocked
0,0.00013246338,0.0,s_ma,c_ms,c_ma,blocked
0,0.00016253586,0.0,s_ma,c_ms,c_ms,blocked
0,0.2333713,0.0,s_ms,c_ma,c_ms,blocked
0,0.46004185,0.0,s_ms,c_ma,c_ma,blocked
0,0.22737515,0.0,s_ms,c_ma,c_ma,blocked
0,0.29262868,0.0,s_ms,c_ma,c_ms,blocked
0,0.3863411,0.0,s_ms,c_ma,c_ms,blocked
0,0.00012638888,0.0,s_ma,c_ma,c_ma,blocked
0,3.6831407e-05,0.0,s_ma,c_ma,c_ms,blocked
0,1.9975505e-05,0.0,s_ma,c_ma,c_ma,blocked
0,1.66431e-05,0.0,s_ma,c_ma,c_ms,blocked
0,4.8316e-06,0.0,s_ma,c_ma,c_ms,interleaved
0,3.09784e-06,0.0,s_ma,c_ma,c_ma,interleaved
0,1.2075422e-05,0.0,s_ma,c_ma,c_ms,interleaved
0,8.682042e-06,0.0,s_ma,c_ma,c_ms,interleaved
0,0.094641045,0.0,s_ms,c_ma,c_ms,interleaved
0,0.17413196,0.0,s_ms,c_ma,c_ma,interleaved
0,0.19967252,0.0,s_ms,c_ma,c_ma,interleaved
0,0.18811971,0.0,s_ms,c_ma,c_ms,interleaved
0,0.22025166,0.0,s_ms,c_ma,c_ma,interleaved
0,6.0844695e-06,0.0,s_ma,c_ms,c_ma,interleaved
0,0.0006528248,0.0,s_ma,c_ms,c_ms,interleaved
0,4.3165783e-05,0.0,s_ma,c_ms,c_ms,interleaved
0,6.7272344e-06,0.0,s_ma,c_ms,c_ma,interleaved
0,5.679636e-06,0.0,s_ma,c_ms,c_ma,interleaved
0,0.16749178,0.0,s_ms,c_ms,c_ms,interleaved
0,0.28552657,0.0,s_ms,c_ms,c_ma,interleaved
0,0.3415088,0.0,s_ms,c_ms,c_ms,interleaved
0,0.25448337,0.0,s_ms,c_ms,c_ma,interleaved
0,0.24893835,0.0,s_ms,c_ms,c_ms,interleaved
0,5.1972943e-06,0.0,s_ma,c_ma,c_ms,interleaved
0,1.9552439e-05,0.0,s_ma,c_ma,c_ms,interleaved
0,2.2711092e-06,0.0,s_ma,c_ma,c_ma,interleaved
0,2.4120041e-05,0.0,s_ma,c_ma,c_ma,interleaved
0,0.0938462,0.0,s_ms,c_ma,c_ma,interleaved
0,0.09746925,0.0,s_ms,c_ma,c_ms,interleaved
0,0.1501668,0.0,s_ms,c_ma,c_ms,interleaved
0,0.094448365,0.0,s_ms,c_ma,c_ma,interleaved
0,0.1481725,0.0,s_ms,c_ma,c_ms,interleaved
0,0.000105396364,0.0,s_ma,c_ms,c_ms,interleaved
0,0.00044671266,0.0,s_ma,c_ms,c_ma,interleaved
0,0.00044207144,0.0,s_ma,c_ms,c_ma,interleaved
0,2.1373462e-05,0.0,s_ma,c_ms,c_ms,interleaved
0,0.00012572584,0.0,s_ma,c_ms,c_ms,interleaved
0,0.15068512,0.0,s_ms,c_ms,c_ma,interleaved
0,0.15954399,0.0,s_ms,c_ms,c_ms,interleaved
0,0.16098425,0.0,s_ms,c_ms,c_ma,interleaved
0,0.19803783,0.0,s_ms,c_ms,c_ms,interleaved
0,0.20602891,0.0,s_ms,c_ms,c_ma,interleaved
0,3.4974864e-06,0.0,s_ma,c_ma,c_ma,interleaved
0,2.1268703e-05,0.0,s_ma,c_ma,c_ms,interleaved
0,2.2706658e-05,0.0,s_ma,c_ma,c_ms,interleaved
0,2.3881254e-05,0.0,s_ma,c_ma,c_ms,interleaved
0,0.07216163,0.0,s_ms,c_ma,c_ms,interleaved
0,0.054068133,0.0,s_ms,c_ma,c_ma,interleaved
0,0.22132407,0.0,s_ms,c_ma,c_ma,interleaved
0,0.40987992,0.0,s_ms,c_ma,c_ms,interleaved
0,0.1712713,0.0,s_ms,c_ma,c_ma,interleaved
0,0.00014698679,0.0,s_ma,c_ms,c_ma,interleaved
0,1.76643e-05,0.0,s_ma,c_ms,c_ms,interleaved
0,0.00046183914,0.0,s_ma,c_ms,c_ms,interleaved
0,0.00032847753,0.0,s_ma,c_ms,c_ma,interleaved
0,0.0001012899,0.0,s_ma,c_ms,c_ma,interleaved
0,0.2961711,0.0,s_ms,c_ms,c_ms,interleaved
0,0.43773943,0.0,s_ms,c_ms,c_ma,interleaved
0,0.2691698,0.0,s_ms,c_ms,c_ms,interleaved
0,0.30238873,0.0,s_ms,c_ms,c_ma,interleaved
0,0.4944042,0.0,s_ms,c_ms,c_ms,interleaved
0,1.2478509e-05,0.0,s_ma,c_ma,c_ms,interleaved
0,2.05848e-06,0.0,s_ma,c_ma,c_ma,interleaved
0,2.1683863e-05,0.0,s_ma,c_ma,c_ms,interleaved
0,1.691042e-05,0.0,s_ma,c_ma,c_ma,interleaved
0,0.2286501,0.0,s_ms,c_ma,c_ma,interleaved
0,0.2112721,0.0,s_ms,c_ma,c_ms,interleaved
0,0.13432956,0.0,s_ms,c_ma,c_ms,interleaved
0,0.18091778,0.0,s_ms,c_ma,c_ma,interleaved
0,0.13449682,0.0,s_ms,c_ma,c_ms,interleaved
0,0.00041599927,0.0,s_ma,c_ms,c_ms,interleaved
0,0.00017405527,0.0,s_ma,c_ms,c_ma,interleaved
0,0.0007695149,0.0,s_ma,c_ms,c_ma,interleaved
0,9.5700554e-05,0.0,s_ma,c_ms,c_ms,interleaved
0,0.00012557821,0.0,s_ma,c_ms,c_ms,interleaved
0,0.25110656,0.0,s_ms,c_ms,c_ma,interleaved
0,0.5526734,1.0,s_ms,c_ms,c_ms,interleaved
0,0.46040496,0.0,s_ms,c_ms,c_ma,interleaved
0,0.56266534,1.0,s_ms,c_ms,c_ms,interleaved
0,0.51394385,1.0,s_ms,c_ms,c_ma,interleaved
0,9.353235e-06,0.0,s_ma,c_ma,c_ms,interleaved
0,2.3738798e-05,0.0,s_ma,c_ma,c_ma,interleaved
0,2.6740141e-05,0.0,s_ma,c_ma,c_ms,interleaved
0,1.7288345e-05,0.0,s_ma,c_ma,c_ma,interleaved
0,0.07417523,0.0,s_ms,c_ma,c_ma,interleaved
0,0.22405277,0.0,s_ms,c_ma,c_ms,interleaved
0,0.15815201,0.0,s_ms,c_ma,c_ms,interleaved
0,0.25901073,0.0,s_ms,c_ma,c_ma,interleaved
0,0.17241284,0.0,s_ms,c_ma,c_ms,interleaved
0,0.00038301936,0.0,s_ma,c_ms,c_ms,interleaved
0,5.0738374e-05,0.0,s_ma,c_ms,c_ma,interleaved
0,0.00029643642,0.0,s_ma,c_ms,c_ma,interleaved
0,0.00038620277,0.0,s_ma,c_ms,c_ms,interleaved
0,9.595323e-06,0.0,s_ma,c_ms,c_ms,interleaved
0,0.13253835,0.0,s_ms,c_ms,c_ma,interleaved
0,0.22876419,0.0,s_ms,c_ms,c_ms,interleaved
0,0.30114192,0.0,s_ms,c_ms,c_ma,interleaved
0,0.24573193,0.0,s_ms,c_ms,c_ms,interleaved
0,0.233408,0.0,s_ms,c_ms,c_ma,interleaved
0,0.8464501,1.0,s_ms,c_ma,c_ms,interleaved
0,0.86145186,1.0,s_ms,c_ma,c_ma,interleaved
0,0.8878188,1.0,s_ms,c_ma,c_ms,interleaved
0,0.6876392,1.0,s_ms,c_ma,c_ma,interleaved
0,0.8923491,1.0,s_ms,c_ma,c_ma,interleaved
0,0.0012154637,0.0,s_ma,c_ma,c_ms,interleaved
0,0.00018183306,0.0,s_ma,c_ma,c_ms,interleaved
0,0.0011021014,0.0,s_ma,c_ma,c_ma,interleaved
0,0.00013635392,0.0,s_ma,c_ma,c_ms,interleaved
0,0.5982764,1.0,s_ms,c_ms,c_ms,interleaved
0,0.526263,1.0,s_ms,c_ms,c_ma,interleaved
0,0.5463259,1.0,s_ms,c_ms,c_ma,interleaved
0,0.49680126,0.0,s_ms,c_ms,c_ms,interleaved
0,0.55801725,1.0,s_ms,c_ms,c_ms,interleaved
0,0.0023858014,0.0,s_ma,c_ms,c_ma,interleaved
0,0.0005821151,0.0,s_ma,c_ms,c_ms,interleaved
0,0.0006539688,0.0,s_ma,c_ms,c_ma,interleaved
0,0.00020125869,0.0,s_ma,c_ms,c_ms,interleaved
0,0.00052371813,0.0,s_ma,c_ms,c_ma,interleaved
0,0.7326287,1.0,s_ms,c_ma,c_ma,interleaved
0,0.8307859,1.0,s_ms,c_ma,c_ms,interleaved
0,0.90769184,1.0,s_ms,c_ma,c_ma,interleaved
0,0.669244,1.0,s_ms,c_ma,c_ms,interleaved
0,0.69393957,1.0,s_ms,c_ma,c_ms,interleaved
0,0.0012240784,0.0,s_ma,c_ma,c_ms,interleaved
0,0.00021632,0.0,s_ma,c_ma,c_ma,interleaved
0,0.0002729959,0.0,s_ma,c_ma,c_ms,interleaved
0,0.0002973521,0.0,s_ma,c_ma,c_ma,interleaved
0,0.52581537,1.0,s_ms,c_ms,c_ma,interleaved
0,0.65627086,1.0,s_ms,c_ms,c_ms,interleaved
0,0.47519654,0.0,s_ms,c_ms,c_ms,interleaved
0,0.606833,1.0,s_ms,c_ms,c_ma,interleaved
0,0.76045567,1.0,s_ms,c_ms,c_ma,interleaved
0,0.0009189602,0.0,s_ma,c_ms,c_ms,interleaved
0,0.0012607329,0.0,s_ma,c_ms,c_ma,interleaved
0,0.00049180054,0.0,s_ma,c_ms,c_ms,interleaved
0,0.001735985,0.0,s_ma,c_ms,c_ma,interleaved
0,0.001000056,0.0,s_ma,c_ms,c_ms,interleaved
0,0.7142126,1.0,s_ms,c_ma,c_ma,interleaved
0,0.7865511,1.0,s_ms,c_ma,c_ms,interleaved
0,0.7175416,1.0,s_ms,c_ma,c_ma,interleaved
0,0.7956065,1.0,s_ms,c_ma,c_ms,interleaved
0,0.8017602,1.0,s_ms,c_ma,c_ms,interleaved
0,0.00017626479,0.0,s_ma,c_ma,c_ms,interleaved
0,0.0002410934,0.0,s_ma,c_ma,c_ma,interleaved
0,0.00021741404,0.0,s_ma,c_ma,c_ms,interleaved
0,1.0300345e-05,0.0,s_ma,c_ma,c_ma,interleaved
0,0.71475106,1.0,s_ms,c_ms,c_ma,interleaved
0,0.7623751,1.0,s_ms,c_ms,c_ms,interleaved
0,0.7534744,1.0,s_ms,c_ms,c_ms,interleaved
0,0.72925484,1.0,s_ms,c_ms,c_ma,interleaved
0,0.7891365,1.0,s_ms,c_ms,c_ma,interleaved
0,0.00017703652,0.0,s_ma,c_ms,c_ms,interleaved
0,5.7058533e-05,0.0,s_ma,c_ms,c_ma,interleaved
0,8.737456e-05,0.0,s_ma,c_ms,c_ms,interleaved
0,5.9743645e-05,0.0,s_ma,c_ms,c_ma,interleaved
0,0.000549659,0.0,s_ma,c_ms,c_ms,interleaved
0,0.6946956,1.0,s_ms,c_ma,c_ms,interleaved
0,0.853413,1.0,s_ms,c_ma,c_ma,interleaved
0,0.43390805,0.0,s_ms,c_ma,c_ms,interleaved
0,0.7306307,1.0,s_ms,c_ma,c_ma,interleaved
0,0.637966,1.0,s_ms,c_ma,c_ma,interleaved
0,0.0008804314,0.0,s_ma,c_ma,c_ma,interleaved
0,0.00025682186,0.0,s_ma,c_ma,c_ms,interleaved
0,0.00016894683,0.0,s_ma,c_ma,c_ms,interleaved
0,0.00086574256,0.0,s_ma,c_ma,c_ms,interleaved
0,0.44891435,0.0,s_ms,c_ms,c_ms,interleaved
0,0.6214043,1.0,s_ms,c_ms,c_ma,interleaved
0,0.54490256,1.0,s_ms,c_ms,c_ma,interleaved
0,0.554821,1.0,s_ms,c_ms,c_ms,interleaved
0,0.7250993,1.0,s_ms,c_ms,c_ms,interleaved
0,0.0008111365,0.0,s_ma,c_ms,c_ma,interleaved
0,0.0001482401,0.0,s_ma,c_ms,c_ms,interleaved
0,9.307094e-05,0.0,s_ma,c_ms,c_ma,interleaved
0,0.00027799787,0.0,s_ma,c_ms,c_ms,interleaved
0,7.9316436e-05,0.0,s_ma,c_ms,c_ma,interleaved
0,0.6978971,1.0,s_ms,c_ma,c_ma,interleaved
0,0.741946,1.0,s_ms,c_ma,c_ms,interleaved
0,0.70870805,1.0,s_ms,c_ma,c_ma,interleaved
0,0.80596995,1.0,s_ms,c_ma,c_ms,interleaved
0,0.7389551,1.0,s_ms,c_ma,c_ms,interleaved
0,0.00012074717,0.0,s_ma,c_ma,c_ms,interleaved
0,0.00022348875,0.0,s_ma,c_ma,c_ma,interleaved
0,1.1421008e-05,0.0,s_ma,c_ma,c_ma,interleaved
0,0.0008833156,0.0,s_ma,c_ma,c_ms,interleaved
0,0.6601131,1.0,s_ms,c_ms,c_ma,interleaved
0,0.6039417,1.0,s_ms,c_ms,c_ms,interleaved
0,0.6090112,1.0,s_ms,c_ms,c_ms,interleaved
0,0.72717375,1.0,s_ms,c_ms,c_ma,interleaved
0,0.7294704,1.0,s_ms,c_ms,c_ma,interleaved
0,0.0023776388,0.0,s_ma,c_ms,c_ms,interleaved
0,0.00011008349,0.0,s_ma,c_ms,c_ma,interleaved
0,1.2891137e-05,0.0,s_ma,c_ms,c_ms,interleaved
0,1.7739165e-05,0.0,s_ma,c_ms,c_ma,interleaved
0,0.00020785071,0.0,s_ma,c_ms,c_ms,interleaved
0,6.2493737e-06,0.0,s_ma,c_ms,c_ma,interleaved
0,0.00010190987,0.0,s_ma,c_ms,c_ms,interleaved
0,0.00015643593,0.0,s_ma,c_ms,c_ma,interleaved
0,0.00038390188,0.0,s_ma,c_ms,c_ms,interleaved
0,0.00039798598,0.0,s_ma,c_ms,c_ms,interleaved
0,0.31486493,0.0,s_ms,c_ms,c_ms,interleaved
0,0.38741195,0.0,s_ms,c_ms,c_ma,interleaved
0,0.21201745,0.0,s_ms,c_ms,c_ma,interleaved
0,0.44532633,0.0,s_ms,c_ms,c_ms,interleaved
0,0.25932047,0.0,s_ms,c_ms,c_ma,interleaved
0,0.0021376556,0.0,s_ma,c_ma,c_ms,interleaved
0,0.003348429,0.0,s_ma,c_ma,c_ms,interleaved
0,0.012213462,0.0,s_ma,c_ma,c_ma,interleaved
0,0.00025951647,0.0,s_ma,c_ma,c_ma,interleaved
0,0.49359536,0.0,s_ms,c_ma,c_ms,interleaved
0,0.61118174,1.0,s_ms,c_ma,c_ma,interleaved
0,0.6356087,1.0,s_ms,c_ma,c_ms,interleaved
0,0.66447365,1.0,s_ms,c_ma,c_ma,interleaved
0,0.7253926,1.0,s_ms,c_ma,c_ms,interleaved
0,0.0006572355,0.0,s_ma,c_ms,c_ms,interleaved
0,0.00050309155,0.0,s_ma,c_ms,c_ma,interleaved
0,1.8079809e-05,0.0,s_ma,c_ms,c_ms,interleaved
0,0.00016134005,0.0,s_ma,c_ms,c_ma,interleaved
0,6.464505e-05,0.0,s_ma,c_ms,c_ma,interleaved
0,0.37643677,0.0,s_ms,c_ms,c_ma,interleaved
0,0.25629097,0.0,s_ms,c_ms,c_ms,interleaved
0,0.16114622,0.0,s_ms,c_ms,c_ms,interleaved
0,0.32799044,0.0,s_ms,c_ms,c_ma,interleaved
0,0.2988973,0.0,s_ms,c_ms,c_ms,interleaved
0,0.0022292004,0.0,s_ma,c_ma,c_ms,interleaved
0,0.00023036017,0.0,s_ma,c_ma,c_ma,interleaved
0,0.00021226962,0.0,s_ma,c_ma,c_ms,interleaved
0,9.714545e-05,0.0,s_ma,c_ma,c_ms,interleaved
0,0.7022481,1.0,s_ms,c_ma,c_ma,interleaved
0,0.8235042,1.0,s_ms,c_ma,c_ms,interleaved
0,0.82215965,1.0,s_ms,c_ma,c_ma,interleaved
0,0.83530104,1.0,s_ms,c_ma,c_ms,interleaved
0,0.82752246,1.0,s_ms,c_ma,c_ma,interleaved
0,4.5537123e-05,0.0,s_ma,c_ms,c_ms,interleaved
0,0.00045382263,0.0,s_ma,c_ms,c_ma,interleaved
0,0.0004534204,0.0,s_ma,c_ms,c_ms,interleaved
0,0.0007661064,0.0,s_ma,c_ms,c_ma,interleaved
0,0.00028460787,0.0,s_ma,c_ms,c_ma,interleaved
0,0.3904758,0.0,s_ms,c_ms,c_ma,interleaved
0,0.42822307,0.0,s_ms,c_ms,c_ms,interleaved
0,0.19023414,0.0,s_ms,c_ms,c_ms,interleaved
0,0.3494504,0.0,s_ms,c_ms,c_ma,interleaved
0,0.31914705,0.0,s_ms,c_ms,c_ms,interleaved
0,0.0034757159,0.0,s_ma,c_ma,c_ms,interleaved
0,0.00022860081,0.0,s_ma,c_ma,c_ma,interleaved
0,0.00049585965,0.0,s_ma,c_ma,c_ms,interleaved
0,0.00083083776,0.0,s_ma,c_ma,c_ms,interleaved
0,0.5056248,1.0,s_ms,c_ma,c_ma,interleaved
0,0.5693928,1.0,s_ms,c_ma,c_ms,interleaved
0,0.59718364,1.0,s_ms,c_ma,c_ma,interleaved
0,0.7075412,1.0,s_ms,c_ma,c_ms,interleaved
0,0.7453132,1.0,s_ms,c_ma,c_ma,interleaved
0,6.507481e-06,0.0,s_ma,c_ms,c_ma,interleaved
0,2.1818745e-05,0.0,s_ma,c_ms,c_ms,interleaved
0,0.0003271454,0.0,s_ma,c_ms,c_ma,interleaved
0,9.22068e-05,0.0,s_ma,c_ms,c_ms,interleaved
0,0.00039225022,0.0,s_ma,c_ms,c_ms,interleaved
0,0.41108015,0.0,s_ms,c_ms,c_ms,interleaved
0,0.31015307,0.0,s_ms,c_ms,c_ma,interleaved
0,0.20318314,0.0,s_ms,c_ms,c_ma,interleaved
0,0.33881432,0.0,s_ms,c_ms,c_ms,interleaved
0,0.20992514,0.0,s_ms,c_ms,c_ma,interleaved
0,0.011614673,0.0,s_ma,c_ma,c_ma,interleaved
0,0.00018851054,0.0,s_ma,c_ma,c_ms,interleaved
0,0.00047029738,0.0,s_ma,c_ma,c_ms,interleaved
0,6.4700056e-05,0.0,s_ma,c_ma,c_ma,interleaved
0,0.50736296,1.0,s_ms,c_ma,c_ms,interleaved
0,0.57222325,1.0,s_ms,c_ma,c_ma,interleaved
0,0.6538782,1.0,s_ms,c_ma,c_ms,interleaved
0,0.5912163,1.0,s_ms,c_ma,c_ma,interleaved
0,0.68164563,1.0,s_ms,c_ma,c_ms,interleaved
0,5.9954664e-06,0.0,s_ma,c_ms,c_ma,interleaved
0,0.00013832343,0.0,s_ma,c_ms,c_ms,interleaved
0,0.000105071274,0.0,s_ma,c_ms,c_ma,interleaved
0,0.0001380584,0.0,s_ma,c_ms,c_ms,interleaved
0,1.1495948e-05,0.0,s_ma,c_ms,c_ms,interleaved
0,0.3418311,0.0,s_ms,c_ms,c_ms,interleaved
0,0.14795236,0.0,s_ms,c_ms,c_ma,interleaved
0,0.16284329,0.0,s_ms,c_ms,c_ma,interleaved
0,0.185911,0.0,s_ms,c_ms,c_ms,interleaved
0,0.19429353,0.0,s_ms,c_ms,c_ma,interleaved
0,0.0002399819,0.0,s_ma,c_ma,c_ma,interleaved
0,9.618493e-05,0.0,s_ma,c_ma,c_ms,interleaved
0,0.0008225784,0.0,s_ma,c_ma,c_ms,interleaved
0,6.7837915e-05,0.0,s_ma,c_ma,c_ma,interleaved
0,0.5807576,1.0,s_ms,c_ma,c_ms,interleaved
0,0.588635,1.0,s_ms,c_ma,c_ma,interleaved
0,0.62072015,1.0,s_ms,c_ma,c_ms,interleaved
0,0.6609438,1.0,s_ms,c_ma,c_ma,interleaved
0,0.57414895,1.0,s_ms,c_ma,c_ms,interleaved
0,0.73351085,1.0,s_ms,c_ms,c_ms,interleaved
0,0.6861121,1.0,s_ms,c_ms,c_ma,interleaved
0,0.56680125,1.0,s_ms,c_ms,c_ms,interleaved
0,0.6648705,1.0,s_ms,c_ms,c_ma,interleaved
0,0.76939595,1.0,s_ms,c_ms,c_ma,interleaved
0,0.0027353338,0.0,s_ma,c_ms,c_ma,interleaved
0,0.0009019982,0.0,s_ma,c_ms,c_ms,interleaved
0,0.00016285903,0.0,s_ma,c_ms,c_ms,interleaved
0,0.00088335876,0.0,s_ma,c_ms,c_ma,interleaved
0,0.0026587222,0.0,s_ma,c_ms,c_ms,interleaved
0,0.42104226,0.0,s_ms,c_ma,c_ms,interleaved
0,0.21125364,0.0,s_ms,c_ma,c_ma,interleaved
0,0.43092996,0.0,s_ms,c_ma,c_ma,interleaved
0,0.39436516,0.0,s_ms,c_ma,c_ms,interleaved
0,0.34779042,0.0,s_ms,c_ma,c_ms,interleaved
0,0.00044466858,0.0,s_ma,c_ma,c_ms,interleaved
0,0.0008358229,0.0,s_ma,c_ma,c_ma,interleaved
0,0.0003429218,0.0,s_ma,c_ma,c_ms,interleaved
0,0.00014859416,0.0,s_ma,c_ma,c_ma,interleaved
0,0.56684947,1.0,s_ms,c_ms,c_ma,interleaved
0,0.7399174,1.0,s_ms,c_ms,c_ms,interleaved
0,0.39636233,0.0,s_ms,c_ms,c_ma,interleaved
0,0.3135252,0.0,s_ms,c_ms,c_ms,interleaved
0,0.62809587,1.0,s_ms,c_ms,c_ms,interleaved
0,0.00053237204,0.0,s_ma,c_ms,c_ms,interleaved
0,0.0011554298,0.0,s_ma,c_ms,c_ma,interleaved
0,4.6592177e-05,0.0,s_ma,c_ms,c_ma,interleaved
0,0.0001425162,0.0,s_ma,c_ms,c_ms,interleaved
0,0.00010051133,0.0,s_ma,c_ms,c_ma,interleaved
0,0.30783415,0.0,s_ms,c_ma,c_ma,interleaved
0,0.13528311,0.0,s_ms,c_ma,c_ms,interleaved
0,0.33917925,0.0,s_ms,c_ma,c_ms,interleaved
0,0.354131,0.0,s_ms,c_ma,c_ma,interleaved
0,0.33023557,0.0,s_ms,c_ma,c_ma,interleaved
0,0.00041853494,0.0,s_ma,c_ma,c_ms,interleaved
0,0.0001200576,0.0,s_ma,c_ma,c_ms,interleaved
0,0.00023650659,0.0,s_ma,c_ma,c_ma,interleaved
0,3.721065e-05,0.0,s_ma,c_ma,c_ms,interleaved
0,0.48329824,0.0,s_ms,c_ms,c_ms,interleaved
0,0.6994658,1.0,s_ms,c_ms,c_ma,interleaved
0,0.5529313,1.0,s_ms,c_ms,c_ms,interleaved
0,0.415328,0.0,s_ms,c_ms,c_ma,interleaved
0,0.49110305,0.0,s_ms,c_ms,c_ma,interleaved
0,0.0006152749,0.0,s_ma,c_ms,c_ma,interleaved
0,0.00041835004,0.0,s_ma,c_ms,c_ms,interleaved
0,8.1752674e-05,0.0,s_ma,c_ms,c_ms,interleaved
0,9.448469e-05,0.0,s_ma,c_ms,c_ma,interleaved
0,1.28819975e-05,0.0,s_ma,c_ms,c_ms,interleaved
0,0.25160164,0.0,s_ms,c_ma,c_ms,interleaved
0,0.12820774,0.0,s_ms,c_ma,c_ma,interleaved
0,0.30400077,0.0,s_ms,c_ma,c_ma,interleaved
0,0.24134265,0.0,s_ms,c_ma,c_ms,interleaved
0,0.27513772,0.0,s_ms,c_ma,c_ms,interleaved
0,0.0007287925,0.0,s_ma,c_ma,c_ma,interleaved
0,0.000115360664,0.0,s_ma,c_ma,c_ms,interleaved
0,4.2216525e-06,0.0,s_ma,c_ma,c_ms,interleaved
0,3.1792195e-05,0.0,s_ma,c_ma,c_ma,interleaved
0,0.6077187,1.0,s_ms,c_ms,c_ma,interleaved
0,0.6094993,1.0,s_ms,c_ms,c_ms,interleaved
0,0.55286515,1.0,s_ms,c_ms,c_ma,interleaved
0,0.3300356,0.0,s_ms,c_ms,c_ms,interleaved
0,0.63524324,1.0,s_ms,c_ms,c_ms,interleaved
0,0.00018767768,0.0,s_ma,c_ms,c_ms,interleaved
0,0.0014604372,0.0,s_ma,c_ms,c_ma,interleaved
0,5.609804e-05,0.0,s_ma,c_ms,c_ma,interleaved
0,0.0002705235,0.0,s_ma,c_ms,c_ms,interleaved
0,1.854164e-05,0.0,s_ma,c_ms,c_ma,interleaved
0,0.28738227,0.0,s_ms,c_ma,c_ma,interleaved
0,0.110896416,0.0,s_ms,c_ma,c_ms,interleaved
0,0.19622234,0.0,s_ms,c_ma,c_ms,interleaved
0,0.31586936,0.0,s_ms,c_ma,c_ma,interleaved
0,0.24997024,0.0,s_ms,c_ma,c_ma,interleaved
0,0.0002977264,0.0,s_ma,c_ma,c_ms,interleaved
0,0.00024188265,0.0,s_ma,c_ma,c_ma,interleaved
0,4.2769097e-06,0.0,s_ma,c_ma,c_ms,interleaved
0,8.902778e-06,0.0,s_ma,c_ma,c_ms,interleaved
0,0.6562601,1.0,s_ms,c_ms,c_ms,interleaved
0,0.6740737,1.0,s_ms,c_ms,c_ma,interleaved
0,0.3263498,0.0,s_ms,c_ms,c_ms,interleaved
0,0.38972008,0.0,s_ms,c_ms,c_ma,interleaved
0,0.61140466,1.0,s_ms,c_ms,c_ma,interleaved
0,0.00041142112,0.0,s_ma,c_ms,c_ma,interleaved
0,0.0008349259,0.0,s_ma,c_ms,c_ms,interleaved
0,0.0005489075,0.0,s_ma,c_ms,c_ms,interleaved
0,7.707547e-05,0.0,s_ma,c_ms,c_ma,interleaved
0,0.00021257752,0.0,s_ma,c_ms,c_ms,interleaved
0,0.1912931,0.0,s_ms,c_ma,c_ms,interleaved
0,0.14236324,0.0,s_ms,c_ma,c_ma,interleaved
0,0.19627109,0.0,s_ms,c_ma,c_ma,interleaved
0,0.2499097,0.0,s_ms,c_ma,c_ms,interleaved
0,0.32545528,0.0,s_ms,c_ma,c_ms,interleaved
0,0.0001333326,0.0,s_ma,c_ma,c_ma,interleaved
0,3.377216e-05,0.0,s_ma,c_ma,c_ms,interleaved
0,3.24688e-05,0.0,s_ma,c_ma,c_ma,interleaved
0,9.203202e-06,0.0,s_ma,c_ma,c_ms,interleaved
0,4.8316e-06,0.0,s_ma,c_ma,c_ms,random
0,3.09784e-06,0.0,s_ma,c_ma,c_ma,random
0,1.2075422e-05,0.0,s_ma,c_ma,c_ms,random
0,8.682042e-06,0.0,s_ma,c_ma,c_ms,random
0,0.094641045,0.0,s_ms,c_ma,c_ms,random
0,0.17413196,0.0,s_ms,c_ma,c_ma,random
0,0.19967252,0.0,s_ms,c_ma,c_ma,random
0,0.18811971,0.0,s_ms,c_ma,c_ms,random
0,0.22025166,0.0,s_ms,c_ma,c_ma,random
0,6.0844695e-06,0.0,s_ma,c_ms,c_ma,random
0,0.0006528248,0.0,s_ma,c_ms,c_ms,random
0,4.3165783e-05,0.0,s_ma,c_ms,c_ms,random
0,6.7272344e-06,0.0,s_ma,c_ms,c_ma,random
0,5.679636e-06,0.0,s_ma,c_ms,c_ma,random
0,0.16749178,0.0,s_ms,c_ms,c_ms,random
0,0.28552657,0.0,s_ms,c_ms,c_ma,random
0,0.3415088,0.0,s_ms,c_ms,c_ms,random
0,0.25448337,0.0,s_ms,c_ms,c_ma,random
0,0.24893835,0.0,s_ms,c_ms,c_ms,random
0,5.1972943e-06,0.0,s_ma,c_ma,c_ms,random
0,1.9552439e-05,0.0,s_ma,c_ma,c_ms,random
0,2.2711092e-06,0.0,s_ma,c_ma,c_ma,random
0,2.4120041e-05,0.0,s_ma,c_ma,c_ma,random
0,0.0938462,0.0,s_ms,c_ma,c_ma,random
0,0.09746925,0.0,s_ms,c_ma,c_ms,random
0,0.1501668,0.0,s_ms,c_ma,c_ms,random
0,0.094448365,0.0,s_ms,c_ma,c_ma,random
0,0.1481725,0.0,s_ms,c_ma,c_ms,random
0,0.000105396364,0.0,s_ma,c_ms,c_ms,random
0,0.00044671266,0.0,s_ma,c_ms,c_ma,random
0,0.00044207144,0.0,s_ma,c_ms,c_ma,random
0,2.1373462e-05,0.0,s_ma,c_ms,c_ms,random
0,0.00012572584,0.0,s_ma,c_ms,c_ms,random
0,0.15068512,0.0,s_ms,c_ms,c_ma,random
0,0.15954399,0.0,s_ms,c_ms,c_ms,random
0,0.16098425,0.0,s_ms,c_ms,c_ma,random
0,0.19803783,0.0,s_ms,c_ms,c_ms,random
0,0.20602891,0.0,s_ms,c_ms,c_ma,random
0,3.4974864e-06,0.0,s_ma,c_ma,c_ma,random
0,2.1268703e-05,0.0,s_ma,c_ma,c_ms,random
0,2.2706658e-05,0.0,s_ma,c_ma,c_ms,random
0,2.3881254e-05,0.0,s_ma,c_ma,c_ms,random
0,0.07216163,0.0,s_ms,c_ma,c_ms,random
0,0.054068133,0.0,s_ms,c_ma,c_ma,random
0,0.22132407,0.0,s_ms,c_ma,c_ma,random
0,0.40987992,0.0,s_ms,c_ma,c_ms,random
0,0.1712713,0.0,s_ms,c_ma,c_ma,random
0,0.00014698679,0.0,s_ma,c_ms,c_ma,random
0,1.76643e-05,0.0,s_ma,c_ms,c_ms,random
0,0.00046183914,0.0,s_ma,c_ms,c_ms,random
0,0.00032847753,0.0,s_ma,c_ms,c_ma,random
0,0.0001012899,0.0,s_ma,c_ms,c_ma,random
0,0.2961711,0.0,s_ms,c_ms,c_ms,random
0,0.43773943,0.0,s_ms,c_ms,c_ma,random
0,0.2691698,0.0,s_ms,c_ms,c_ms,random
0,0.30238873,0.0,s_ms,c_ms,c_ma,random
0,0.4944042,0.0,s_ms,c_ms,c_ms,random
0,1.2478509e-05,0.0,s_ma,c_ma,c_ms,random
0,2.05848e-06,0.0,s_ma,c_ma,c_ma,random
0,2.1683863e-05,0.0,s_ma,c_ma,c_ms,random
0,1.691042e-05,0.0,s_ma,c_ma,c_ma,random
0,0.2286501,0.0,s_ms,c_ma,c_ma,random
0,0.2112721,0.0,s_ms,c_ma,c_ms,random
0,0.13432956,0.0,s_ms,c_ma,c_ms,random
0,0.18091778,0.0,s_ms,c_ma,c_ma,random
0,0.13449682,0.0,s_ms,c_ma,c_ms,random
0,0.00041599927,0.0,s_ma,c_ms,c_ms,random
0,0.00017405527,0.0,s_ma,c_ms,c_ma,random
0,0.0007695149,0.0,s_ma,c_ms,c_ma,random
0,9.5700554e-05,0.0,s_ma,c_ms,c_ms,random
0,0.00012557821,0.0,s_ma,c_ms,c_ms,random
0,0.25110656,0.0,s_ms,c_ms,c_ma,random
0,0.5526734,1.0,s_ms,c_ms,c_ms,random
0,0.46040496,0.0,s_ms,c_ms,c_ma,random
0,0.56266534,1.0,s_ms,c_ms,c_ms,random
0,0.51394385,1.0,s_ms,c_ms,c_ma,random
0,9.353235e-06,0.0,s_ma,c_ma,c_ms,random
0,2.3738798e-05,0.0,s_ma,c_ma,c_ma,random
0,2.6740141e-05,0.0,s_ma,c_ma,c_ms,random
0,1.7288345e-05,0.0,s_ma,c_ma,c_ma,random
0,0.07417523,0.0,s_ms,c_ma,c_ma,random
0,0.22405277,0.0,s_ms,c_ma,c_ms,random
0,0.15815201,0.0,s_ms,c_ma,c_ms,random
0,0.25901073,0.0,s_ms,c_ma,c_ma,random
0,0.17241284,0.0,s_ms,c_ma,c_ms,random
0,0.00038301936,0.0,s_ma,c_ms,c_ms,random
0,5.0738374e-05,0.0,s_ma,c_ms,c_ma,random
0,0.00029643642,0.0,s_ma,c_ms,c_ma,random
0,0.00038620277,0.0,s_ma,c_ms,c_ms,random
0,9.595323e-06,0.0,s_ma,c_ms,c_ms,random
0,0.13253835,0.0,s_ms,c_ms,c_ma,random
0,0.22876419,0.0,s_ms,c_ms,c_ms,random
0,0.30114192,0.0,s_ms,c_ms,c_ma,random
0,0.24573193,0.0,s_ms,c_ms,c_ms,random
0,0.233408,0.0,s_ms,c_ms,c_ma,random
0,0.8464501,1.0,s_ms,c_ma,c_ms,random
0,0.86145186,1.0,s_ms,c_ma,c_ma,random
0,0.8878188,1.0,s_ms,c_ma,c_ms,random
0,0.6876392,1.0,s_ms,c_ma,c_ma,random
0,0.8923491,1.0,s_ms,c_ma,c_ma,random
0,0.0012154637,0.0,s_ma,c_ma,c_ms,random
0,0.00018183306,0.0,s_ma,c_ma,c_ms,random
0,0.0011021014,0.0,s_ma,c_ma,c_ma,random
0,0.00013635392,0.0,s_ma,c_ma,c_ms,random
0,0.5982764,1.0,s_ms,c_ms,c_ms,random
0,0.526263,1.0,s_ms,c_ms,c_ma,random
0,0.5463259,1.0,s_ms,c_ms,c_ma,random
0,0.49680126,0.0,s_ms,c_ms,c_ms,random
0,0.55801725,1.0,s_ms,c_ms,c_ms,random
0,0.0023858014,0.0,s_ma,c_ms,c_ma,random
0,0.0005821151,0.0,s_ma,c_ms,c_ms,random
0,0.0006539688,0.0,s_ma,c_ms,c_ma,random
0,0.00020125869,0.0,s_ma,c_ms,c_ms,random
0,0.00052371813,0.0,s_ma,c_ms,c_ma,random
0,0.7326287,1.0,s_ms,c_ma,c_ma,random
0,0.8307859,1.0,s_ms,c_ma,c_ms,random
0,0.90769184,1.0,s_ms,c_ma,c_ma,random
0,0.669244,1.0,s_ms,c_ma,c_ms,random
0,0.69393957,1.0,s_ms,c_ma,c_ms,random
0,0.0012240784,0.0,s_ma,c_ma,c_ms,random
0,0.00021632,0.0,s_ma,c_ma,c_ma,random
0,0.0002729959,0.0,s_ma,c_ma,c_ms,random
0,0.0002973521,0.0,s_ma,c_ma,c_ma,random
0,0.52581537,1.0,s_ms,c_ms,c_ma,random
0,0.65627086,1.0,s_ms,c_ms,c_ms,random
0,0.47519654,0.0,s_ms,c_ms,c_ms,random
0,0.606833,1.0,s_ms,c_ms,c_ma,random
0,0.76045567,1.0,s_ms,c_ms,c_ma,random
0,0.0009189602,0.0,s_ma,c_ms,c_ms,random
0,0.0012607329,0.0,s_ma,c_ms,c_ma,random
0,0.00049180054,0.0,s_ma,c_ms,c_ms,random
0,0.001735985,0.0,s_ma,c_ms,c_ma,random
0,0.001000056,0.0,s_ma,c_ms,c_ms,random
0,0.7142126,1.0,s_ms,c_ma,c_ma,random
0,0.7865511,1.0,s_ms,c_ma,c_ms,random
0,0.7175416,1.0,s_ms,c_ma,c_ma,random
0,0.7956065,1.0,s_ms,c_ma,c_ms,random
0,0.8017602,1.0,s_ms,c_ma,c_ms,random
0,0.00017626479,0.0,s_ma,c_ma,c_ms,random
0,0.0002410934,0.0,s_ma,c_ma,c_ma,random
0,0.00021741404,0.0,s_ma,c_ma,c_ms,random
0,1.0300345e-05,0.0,s_ma,c_ma,c_ma,random
0,0.71475106,1.0,s_ms,c_ms,c_ma,random
0,0.7623751,1.0,s_ms,c_ms,c_ms,random
0,0.7534744,1.0,s_ms,c_ms,c_ms,random
0,0.72925484,1.0,s_ms,c_ms,c_ma,random
0,0.7891365,1.0,s_ms,c_ms,c_ma,random
0,0.00017703652,0.0,s_ma,c_ms,c_ms,random
0,5.7058533e-05,0.0,s_ma,c_ms,c_ma,random
0,8.737456e-05,0.0,s_ma,c_ms,c_ms,random
0,5.9743645e-05,0.0,s_ma,c_ms,c_ma,random
0,0.000549659,0.0,s_ma,c_ms,c_ms,random
0,0.6946956,1.0,s_ms,c_ma,c_ms,random
0,0.853413,1.0,s_ms,c_ma,c_ma,random
0,0.43390805,0.0,s_ms,c_ma,c_ms,random
0,0.7306307,1.0,s_ms,c_ma,c_ma,random
0,0.637966,1.0,s_ms,c_ma,c_ma,random
0,0.0008804314,0.0,s_ma,c_ma,c_ma,random
0,0.00025682186,0.0,s_ma,c_ma,c_ms,random
0,0.00016894683,0.0,s_ma,c_ma,c_ms,random
0,0.00086574256,0.0,s_ma,c_ma,c_ms,random
0,0.44891435,0.0,s_ms,c_ms,c_ms,random
0,0.6214043,1.0,s_ms,c_ms,c_ma,random
0,0.54490256,1.0,s_ms,c_ms,c_ma,random
0,0.554821,1.0,s_ms,c_ms,c_ms,random
0,0.7250993,1.0,s_ms,c_ms,c_ms,random
0,0.0008111365,0.0,s_ma,c_ms,c_ma,random
0,0.0001482401,0.0,s_ma,c_ms,c_ms,random
0,9.307094e-05,0.0,s_ma,c_ms,c_ma,random
0,0.00027799787,0.0,s_ma,c_ms,c_ms,random
0,7.9316436e-05,0.0,s_ma,c_ms,c_ma,random
0,0.6978971,1.0,s_ms,c_ma,c_ma,random
0,0.741946,1.0,s_ms,c_ma,c_ms,random
0,0.70870805,1.0,s_ms,c_ma,c_ma,random
0,0.80596995,1.0,s_ms,c_ma,c_ms,random
0,0.7389551,1.0,s_ms,c_ma,c_ms,random
0,0.00012074717,0.0,s_ma,c_ma,c_ms,random
0,0.00022348875,0.0,s_ma,c_ma,c_ma,random
0,1.1421008e-05,0.0,s_ma,c_ma,c_ma,random
0,0.0008833156,0.0,s_ma,c_ma,c_ms,random
0,0.6601131,1.0,s_ms,c_ms,c_ma,random
0,0.6039417,1.0,s_ms,c_ms,c_ms,random
0,0.6090112,1.0,s_ms,c_ms,c_ms,random
0,0.72717375,1.0,s_ms,c_ms,c_ma,random
0,0.7294704,1.0,s_ms,c_ms,c_ma,random
0,0.0023776388,0.0,s_ma,c_ms,c_ms,random
0,0.00011008349,0.0,s_ma,c_ms,c_ma,random
0,1.2891137e-05,0.0,s_ma,c_ms,c_ms,random
0,1.7739165e-05,0.0,s_ma,c_ms,c_ma,random
0,0.00020785071,0.0,s_ma,c_ms,c_ms,random
0,6.2493737e-06,0.0,s_ma,c_ms,c_ma,random
0,0.00010190987,0.0,s_ma,c_ms,c_ms,random
0,0.00015643593,0.0,s_ma,c_ms,c_ma,random
0,0.00038390188,0.0,s_ma,c_ms,c_ms,random
0,0.00039798598,0.0,s_ma,c_ms,c_ms,random
0,0.31486493,0.0,s_ms,c_ms,c_ms,random
0,0.38741195,0.0,s_ms,c_ms,c_ma,random
0,0.21201745,0.0,s_ms,c_ms,c_ma,random
0,0.44532633,0.0,s_ms,c_ms,c_ms,random
0,0.25932047,0.0,s_ms,c_ms,c_ma,random
0,0.0021376556,0.0,s_ma,c_ma,c_ms,random
0,0.003348429,0.0,s_ma,c_ma,c_ms,random
0,0.012213462,0.0,s_ma,c_ma,c_ma,random
0,0.00025951647,0.0,s_ma,c_ma,c_ma,random
0,0.49359536,0.0,s_ms,c_ma,c_ms,random
0,0.61118174,1.0,s_ms,c_ma,c_ma,random
0,0.6356087,1.0,s_ms,c_ma,c_ms,random
0,0.66447365,1.0,s_ms,c_ma,c_ma,random
0,0.7253926,1.0,s_ms,c_ma,c_ms,random
0,0.0006572355,0.0,s_ma,c_ms,c_ms,random
0,0.00050309155,0.0,s_ma,c_ms,c_ma,random
0,1.8079809e-05,0.0,s_ma,c_ms,c_ms,random
0,0.00016134005,0.0,s_ma,c_ms,c_ma,random
0,6.464505e-05,0.0,s_ma,c_ms,c_ma,random
0,0.37643677,0.0,s_ms,c_ms,c_ma,random
0,0.25629097,0.0,s_ms,c_ms,c_ms,random
0,0.16114622,0.0,s_ms,c_ms,c_ms,random
0,0.32799044,0.0,s_ms,c_ms,c_ma,random
0,0.2988973,0.0,s_ms,c_ms,c_ms,random
0,0.0022292004,0.0,s_ma,c_ma,c_ms,random
0,0.00023036017,0.0,s_ma,c_ma,c_ma,random
0,0.00021226962,0.0,s_ma,c_ma,c_ms,random
0,9.714545e-05,0.0,s_ma,c_ma,c_ms,random
0,0.7022481,1.0,s_ms,c_ma,c_ma,random
0,0.8235042,1.0,s_ms,c_ma,c_ms,random
0,0.82215965,1.0,s_ms,c_ma,c_ma,random
0,0.83530104,1.0,s_ms,c_ma,c_ms,random
0,0.82752246,1.0,s_ms,c_ma,c_ma,random
0,4.5537123e-05,0.0,s_ma,c_ms,c_ms,random
0,0.00045382263,0.0,s_ma,c_ms,c_ma,random
0,0.0004534204,0.0,s_ma,c_ms,c_ms,random
0,0.0007661064,0.0,s_ma,c_ms,c_ma,random
0,0.00028460787,0.0,s_ma,c_ms,c_ma,random
0,0.3904758,0.0,s_ms,c_ms,c_ma,random
0,0.42822307,0.0,s_ms,c_ms,c_ms,random
0,0.19023414,0.0,s_ms,c_ms,c_ms,random
0,0.3494504,0.0,s_ms,c_ms,c_ma,random
0,0.31914705,0.0,s_ms,c_ms,c_ms,random
0,0.0034757159,0.0,s_ma,c_ma,c_ms,random
0,0.00022860081,0.0,s_ma,c_ma,c_ma,random
0,0.00049585965,0.0,s_ma,c_ma,c_ms,random
0,0.00083083776,0.0,s_ma,c_ma,c_ms,random
0,0.5056248,1.0,s_ms,c_ma,c_ma,random
0,0.5693928,1.0,s_ms,c_ma,c_ms,random
0,0.59718364,1.0,s_ms,c_ma,c_ma,random
0,0.7075412,1.0,s_ms,c_ma,c_ms,random
0,0.7453132,1.0,s_ms,c_ma,c_ma,random
0,6.507481e-06,0.0,s_ma,c_ms,c_ma,random
0,2.1818745e-05,0.0,s_ma,c_ms,c_ms,random
0,0.0003271454,0.0,s_ma,c_ms,c_ma,random
0,9.22068e-05,0.0,s_ma,c_ms,c_ms,random
0,0.00039225022,0.0,s_ma,c_ms,c_ms,random
0,0.41108015,0.0,s_ms,c_ms,c_ms,random
0,0.31015307,0.0,s_ms,c_ms,c_ma,random
0,0.20318314,0.0,s_ms,c_ms,c_ma,random
0,0.33881432,0.0,s_ms,c_ms,c_ms,random
0,0.20992514,0.0,s_ms,c_ms,c_ma,random
0,0.011614673,0.0,s_ma,c_ma,c_ma,random
0,0.00018851054,0.0,s_ma,c_ma,c_ms,random
0,0.00047029738,0.0,s_ma,c_ma,c_ms,random
0,6.4700056e-05,0.0,s_ma,c_ma,c_ma,random
0,0.50736296,1.0,s_ms,c_ma,c_ms,random
0,0.57222325,1.0,s_ms,c_ma,c_ma,random
0,0.6538782,1.0,s_ms,c_ma,c_ms,random
0,0.5912163,1.0,s_ms,c_ma,c_ma,random
0,0.68164563,1.0,s_ms,c_ma,c_ms,random
0,5.9954664e-06,0.0,s_ma,c_ms,c_ma,random
0,0.00013832343,0.0,s_ma,c_ms,c_ms,random
0,0.000105071274,0.0,s_ma,c_ms,c_ma,random
0,0.0001380584,0.0,s_ma,c_ms,c_ms,random
0,1.1495948e-05,0.0,s_ma,c_ms,c_ms,random
0,0.3418311,0.0,s_ms,c_ms,c_ms,random
0,0.14795236,0.0,s_ms,c_ms,c_ma,random
0,0.16284329,0.0,s_ms,c_ms,c_ma,random
0,0.185911,0.0,s_ms,c_ms,c_ms,random
0,0.19429353,0.0,s_ms,c_ms,c_ma,random
0,0.0002399819,0.0,s_ma,c_ma,c_ma,random
0,9.618493e-05,0.0,s_ma,c_ma,c_ms,random
0,0.0008225784,0.0,s_ma,c_ma,c_ms,random
0,6.7837915e-05,0.0,s_ma,c_ma,c_ma,random
0,0.5807576,1.0,s_ms,c_ma,c_ms,random
0,0.588635,1.0,s_ms,c_ma,c_ma,random
0,0.62072015,1.0,s_ms,c_ma,c_ms,random
0,0.6609438,1.0,s_ms,c_ma,c_ma,random
0,0.57414895,1.0,s_ms,c_ma,c_ms,random
0,0.73351085,1.0,s_ms,c_ms,c_ms,random
0,0.6861121,1.0,s_ms,c_ms,c_ma,random
0,0.56680125,1.0,s_ms,c_ms,c_ms,random
0,0.6648705,1.0,s_ms,c_ms,c_ma,random
0,0.76939595,1.0,s_ms,c_ms,c_ma,random
0,0.0027353338,0.0,s_ma,c_ms,c_ma,random
0,0.0009019982,0.0,s_ma,c_ms,c_ms,random
0,0.00016285903,0.0,s_ma,c_ms,c_ms,random
0,0.00088335876,0.0,s_ma,c_ms,c_ma,random
0,0.0026587222,0.0,s_ma,c_ms,c_ms,random
0,0.42104226,0.0,s_ms,c_ma,c_ms,random
0,0.21125364,0.0,s_ms,c_ma,c_ma,random
0,0.43092996,0.0,s_ms,c_ma,c_ma,random
0,0.39436516,0.0,s_ms,c_ma,c_ms,random
0,0.34779042,0.0,s_ms,c_ma,c_ms,random
0,0.00044466858,0.0,s_ma,c_ma,c_ms,random
0,0.0008358229,0.0,s_ma,c_ma,c_ma,random
0,0.0003429218,0.0,s_ma,c_ma,c_ms,random
0,0.00014859416,0.0,s_ma,c_ma,c_ma,random
0,0.56684947,1.0,s_ms,c_ms,c_ma,random
0,0.7399174,1.0,s_ms,c_ms,c_ms,random
0,0.39636233,0.0,s_ms,c_ms,c_ma,random
0,0.3135252,0.0,s_ms,c_ms,c_ms,random
0,0.62809587,1.0,s_ms,c_ms,c_ms,random
0,0.00053237204,0.0,s_ma,c_ms,c_ms,random
0,0.0011554298,0.0,s_ma,c_ms,c_ma,random
0,4.6592177e-05,0.0,s_ma,c_ms,c_ma,random
0,0.0001425162,0.0,s_ma,c_ms,c_ms,random
0,0.00010051133,0.0,s_ma,c_ms,c_ma,random
0,0.30783415,0.0,s_ms,c_ma,c_ma,random
0,0.13528311,0.0,s_ms,c_ma,c_ms,random
0,0.33917925,0.0,s_ms,c_ma,c_ms,random
0,0.354131,0.0,s_ms,c_ma,c_ma,random
0,0.33023557,0.0,s_ms,c_ma,c_ma,random
0,0.00041853494,0.0,s_ma,c_ma,c_ms,random
0,0.0001200576,0.0,s_ma,c_ma,c_ms,random
0,0.00023650659,0.0,s_ma,c_ma,c_ma,random
0,3.721065e-05,0.0,s_ma,c_ma,c_ms,random
0,0.48329824,0.0,s_ms,c_ms,c_ms,random
0,0.6994658,1.0,s_ms,c_ms,c_ma,random
0,0.5529313,1.0,s_ms,c_ms,c_ms,random
0,0.415328,0.0,s_ms,c_ms,c_ma,random
0,0.49110305,0.0,s_ms,c_ms,c_ma,random
0,0.0006152749,0.0,s_ma,c_ms,c_ma,random
0,0.00041835004,0.0,s_ma,c_ms,c_ms,random
0,8.1752674e-05,0.0,s_ma,c_ms,c_ms,random
0,9.448469e-05,0.0,s_ma,c_ms,c_ma,random
0,1.28819975e-05,0.0,s_ma,c_ms,c_ms,random
0,0.25160164,0.0,s_ms,c_ma,c_ms,random
0,0.12820774,0.0,s_ms,c_ma,c_ma,random
0,0.30400077,0.0,s_ms,c_ma,c_ma,random
0,0.24134265,0.0,s_ms,c_ma,c_ms,random
0,0.27513772,0.0,s_ms,c_ma,c_ms,random
0,0.0007287925,0.0,s_ma,c_ma,c_ma,random
0,0.000115360664,0.0,s_ma,c_ma,c_ms,random
0,4.2216525e-06,0.0,s_ma,c_ma,c_ms,random
0,3.1792195e-05,0.0,s_ma,c_ma,c_ma,random
0,0.6077187,1.0,s_ms,c_ms,c_ma,random
0,0.6094993,1.0,s_ms,c_ms,c_ms,random
0,0.55286515,1.0,s_ms,c_ms,c_ma,random
0,0.3300356,0.0,s_ms,c_ms,c_ms,random
0,0.63524324,1.0,s_ms,c_ms,c_ms,random
0,0.00018767768,0.0,s_ma,c_ms,c_ms,random
0,0.0014604372,0.0,s_ma,c_ms,c_ma,random
0,5.609804e-05,0.0,s_ma,c_ms,c_ma,random
0,0.0002705235,0.0,s_ma,c_ms,c_ms,random
0,1.854164e-05,0.0,s_ma,c_ms,c_ma,random
0,0.28738227,0.0,s_ms,c_ma,c_ma,random
0,0.110896416,0.0,s_ms,c_ma,c_ms,random
0,0.19622234,0.0,s_ms,c_ma,c_ms,random
0,0.31586936,0.0,s_ms,c_ma,c_ma,random
0,0.24997024,0.0,s_ms,c_ma,c_ma,random
0,0.0002977264,0.0,s_ma,c_ma,c_ms,random
0,0.00024188265,0.0,s_ma,c_ma,c_ma,random
0,4.2769097e-06,0.0,s_ma,c_ma,c_ms,random
0,8.902778e-06,0.0,s_ma,c_ma,c_ms,random
0,0.6562601,1.0,s_ms,c_ms,c_ms,random
0,0.6740737,1.0,s_ms,c_ms,c_ma,random
0,0.3263498,0.0,s_ms,c_ms,c_ms,random
0,0.38972008,0.0,s_ms,c_ms,c_ma,random
0,0.61140466,1.0,s_ms,c_ms,c_ma,random
0,0.00041142112,0.0,s_ma,c_ms,c_ma,random
0,0.0008349259,0.0,s_ma,c_ms,c_ms,random
0,0.0005489075,0.0,s_ma,c_ms,c_ms,random
0,7.707547e-05,0.0,s_ma,c_ms,c_ma,random
0,0.00021257752,0.0,s_ma,c_ms,c_ms,random
0,0.1912931,0.0,s_ms,c_ma,c_ms,random
0,0.14236324,0.0,s_ms,c_ma,c_ma,random
0,0.19627109,0.0,s_ms,c_ma,c_ma,random
0,0.2499097,0.0,s_ms,c_ma,c_ms,random
0,0.32545528,0.0,s_ms,c_ma,c_ms,random
0,0.0001333326,0.0,s_ma,c_ma,c_ma,random
0,3.377216e-05,0.0,s_ma,c_ma,c_ms,random
0,3.24688e-05,0.0,s_ma,c_ma,c_ma,random
0,9.203202e-06,0.0,s_ma,c_ma,c_ms,random
1,0.0004525773,0.0,s_ma,c_ma,c_ms,blocked
1,0.00051688025,0.0,s_ma,c_ma,c_ma,blocked
1,0.00028288714,0.0,s_ma,c_ma,c_ms,blocked
1,0.0018425157,0.0,s_ma,c_ma,c_ms,blocked
1,0.41936782,0.0,s_ms,c_ma,c_ms,blocked
1,0.5076916,1.0,s_ms,c_ma,c_ma,blocked
1,0.22442892,0.0,s_ms,c_ma,c_ma,blocked
1,0.39186442,0.0,s_ms,c_ma,c_ms,blocked
1,0.3521944,0.0,s_ms,c_ma,c_ma,blocked
1,0.00014526854,0.0,s_ma,c_ms,c_ma,blocked
1,0.00030551045,0.0,s_ma,c_ms,c_ms,blocked
1,0.001265027,0.0,s_ma,c_ms,c_ms,blocked
1,0.0002588042,0.0,s_ma,c_ms,c_ma,blocked
1,0.0023358956,0.0,s_ma,c_ms,c_ma,blocked
1,0.16953155,0.0,s_ms,c_ms,c_ms,blocked
1,0.14280559,0.0,s_ms,c_ms,c_ma,blocked
1,0.188126,0.0,s_ms,c_ms,c_ms,blocked
1,0.16584766,0.0,s_ms,c_ms,c_ma,blocked
1,0.24819344,0.0,s_ms,c_ms,c_ms,blocked
1,0.0004393928,0.0,s_ma,c_ma,c_ms,blocked
1,0.0003134765,0.0,s_ma,c_ma,c_ms,blocked
1,9.323814e-05,0.0,s_ma,c_ma,c_ma,blocked
1,0.0007471699,0.0,s_ma,c_ma,c_ma,blocked
1,0.23779097,0.0,s_ms,c_ma,c_ma,blocked
1,0.3503147,0.0,s_ms,c_ma,c_ms,blocked
1,0.5071528,1.0,s_ms,c_ma,c_ms,blocked
1,0.34462592,0.0,s_ms,c_ma,c_ma,blocked
1,0.39851516,0.0,s_ms,c_ma,c_ms,blocked
1,0.00016176216,0.0,s_ma,c_ms,c_ms,blocked
1,8.303698e-05,0.0,s_ma,c_ms,c_ma,blocked
1,0.0009915432,0.0,s_ma,c_ms,c_ma,blocked
1,0.0006669851,0.0,s_ma,c_ms,c_ms,blocked
1,0.00052492577,0.0,s_ma,c_ms,c_ms,blocked
1,0.29062092,0.0,s_ms,c_ms,c_ma,blocked
1,0.22863746,0.0,s_ms,c_ms,c_ms,blocked
1,0.41002554,0.0,s_ms,c_ms,c_ma,blocked
1,0.27895296,0.0,s_ms,c_ms,c_ms,blocked
1,0.3784213,0.0,s_ms,c_ms,c_ma,blocked
1,0.00047856185,0.0,s_ma,c_ma,c_ma,blocked
1,0.00031492166,0.0,s_ma,c_ma,c_ms,blocked
1,0.00033770982,0.0,s_ma,c_ma,c_ms,blocked
1,0.0015166231,0.0,s_ma,c_ma,c_ms,blocked
1,0.19761288,0.0,s_ms,c_ma,c_ms,blocked
1,0.27190578,0.0,s_ms,c_ma,c_ma,blocked
1,0.24632424,0.0,s_ms,c_ma,c_ma,blocked
1,0.29033303,0.0,s_ms,c_ma,c_ms,blocked
1,0.30287492,0.0,s_ms,c_ma,c_ma,blocked
1,0.0003051849,0.0,s_ma,c_ms,c_ma,blocked
1,0.00019742818,0.0,s_ma,c_ms,c_ms,blocked
1,0.00029586715,0.0,s_ma,c_ms,c_ms,blocked
1,6.8596404e-05,0.0,s_ma,c_ms,c_ma,blocked
1,6.764583e-05,0.0,s_ma,c_ms,c_ma,blocked
1,0.17805497,0.0,s_ms,c_ms,c_ms,blocked
1,0.119701475,0.0,s_ms,c_ms,c_ma,blocked
1,0.15415768,0.0,s_ms,c_ms,c_ms,blocked
1,0.16300264,0.0,s_ms,c_ms,c_ma,blocked
1,0.20232162,0.0,s_ms,c_ms,c_ms,blocked
1,0.00026164507,0.0,s_ma,c_ma,c_ms,blocked
1,8.936224e-05,0.0,s_ma,c_ma,c_ma,blocked
1,0.00033228233,0.0,s_ma,c_ma,c_ms,blocked
1,0.00047022026,0.0,s_ma,c_ma,c_ma,blocked
1,0.36298004,0.0,s_ms,c_ma,c_ma,blocked
1,0.32145613,0.0,s_ms,c_ma,c_ms,blocked
1,0.22690256,0.0,s_ms,c_ma,c_ms,blocked
1,0.31099316,0.0,s_ms,c_ma,c_ma,blocked
1,0.33275628,0.0,s_ms,c_ma,c_ms,blocked
1,0.000107322434,0.0,s_ma,c_ms,c_ms,blocked
1,6.785646e-05,0.0,s_ma,c_ms,c_ma,blocked
1,0.00021041791,0.0,s_ma,c_ms,c_ma,blocked
1,4.352002e-05,0.0,s_ma,c_ms,c_ms,blocked
1,0.00010899398,0.0,s_ma,c_ms,c_ms,blocked
1,0.29698023,0.0,s_ms,c_ms,c_ma,blocked
1,0.114374086,0.0,s_ms,c_ms,c_ms,blocked
1,0.13579777,0.0,s_ms,c_ms,c_ma,blocked
1,0.14955114,0.0,s_ms,c_ms,c_ms,blocked
1,0.174068,0.0,s_ms,c_ms,c_ma,blocked
1,0.0018584459,0.0,s_ma,c_ma,c_ms,blocked
1,0.0006986831,0.0,s_ma,c_ma,c_ma,blocked
1,0.0015707001,0.0,s_ma,c_ma,c_ms,blocked
1,0.0004941304,0.0,s_ma,c_ma,c_ma,blocked
1,0.3817169,0.0,s_ms,c_ma,c_ma,blocked
1,0.3389457,0.0,s_ms,c_ma,c_ms,blocked
1,0.27624756,0.0,s_ms,c_ma,c_ms,blocked
1,0.29546395,0.0,s_ms,c_ma,c_ma,blocked
1,0.32827944,0.0,s_ms,c_ma,c_ms,blocked
1,0.00014002586,0.0,s_ma,c_ms,c_ms,blocked
1,0.00037677216,0.0,s_ma,c_ms,c_ma,blocked
1,0.0007916575,0.0,s_ma,c_ms,c_ma,blocked
1,0.0003531562,0.0,s_ma,c_ms,c_ms,blocked
1,0.0007205054,0.0,s_ma,c_ms,c_ms,blocked
1,0.2565505,0.0,s_ms,c_ms,c_ma,blocked
1,0.22363625,0.0,s_ms,c_ms,c_ms,blocked
1,0.23263991,0.0,s_ms,c_ms,c_ma,blocked
1,0.30584604,0.0,s_ms,c_ms,c_ms,blocked
1,0.22551438,0.0,s_ms,c_ms,c_ma,blocked
1,0.50882596,1.0,s_ms,c_ma,c_ms,blocked
1,0.69253135,1.0,s_ms,c_ma,c_ma,blocked
1,0.74128973,1.0,s_ms,c_ma,c_ms,blocked
1,0.5618022,1.0,s_ms,c_ma,c_ma,blocked
1,0.53874636,1.0,s_ms,c_ma,c_ma,blocked
1,2.3344572e-05,0.0,s_ma,c_ma,c_ms,blocked
1,2.9255274e-05,0.0,s_ma,c_ma,c_ms,blocked
1,6.090808e-06,0.0,s_ma,c_ma,c_ma,blocked
1,2.6553307e-06,0.0,s_ma,c_ma,c_ms,blocked
1,0.10826923,0.0,s_ms,c_ms,c_ms,blocked
1,0.030990172,0.0,s_ms,c_ms,c_ma,blocked
1,0.109371185,0.0,s_ms,c_ms,c_ma,blocked
1,0.015051349,0.0,s_ms,c_ms,c_ms,blocked
1,0.06562954,0.0,s_ms,c_ms,c_ms,blocked
1,3.768967e-06,0.0,s_ma,c_ms,c_ma,blocked
1,2.0274904e-06,0.0,s_ma,c_ms,c_ms,blocked
1,4.2811535e-06,0.0,s_ma,c_ms,c_ma,blocked
1,2.5006811e-05,0.0,s_ma,c_ms,c_ms,blocked
1,2.6009388e-06,0.0,s_ma,c_ms,c_ma,blocked
1,0.37505174,0.0,s_ms,c_ma,c_ma,blocked
1,0.55546224,1.0,s_ms,c_ma,c_ms,blocked
1,0.6427262,1.0,s_ms,c_ma,c_ma,blocked
1,0.5942535,1.0,s_ms,c_ma,c_ms,blocked
1,0.5505187,1.0,s_ms,c_ma,c_ms,blocked
1,2.133897e-05,0.0,s_ma,c_ma,c_ms,blocked
1,2.5713493e-05,0.0,s_ma,c_ma,c_ma,blocked
1,3.6100388e-07,0.0,s_ma,c_ma,c_ms,blocked
1,5.4868933e-06,0.0,s_ma,c_ma,c_ma,blocked
1,0.042064924,0.0,s_ms,c_ms,c_ma,blocked
1,0.19243695,0.0,s_ms,c_ms,c_ms,blocked
1,0.068937995,0.0,s_ms,c_ms,c_ms,blocked
1,0.16549808,0.0,s_ms,c_ms,c_ma,blocked
1,0.04597103,0.0,s_ms,c_ms,c_ma,blocked
1,2.3817865e-06,0.0,s_ma,c_ms,c_ms,blocked
1,3.7562427e-06,0.0,s_ma,c_ms,c_ma,blocked
1,5.3038508e-05,0.0,s_ma,c_ms,c_ms,blocked
1,2.155885e-05,0.0,s_ma,c_ms,c_ma,blocked
1,3.384025e-05,0.0,s_ma,c_ms,c_ms,blocked
1,0.70605344,1.0,s_ms,c_ma,c_ma,blocked
1,0.40043563,0.0,s_ms,c_ma,c_ms,blocked
1,0.7091638,1.0,s_ms,c_ma,c_ma,blocked
1,0.7103638,1.0,s_ms,c_ma,c_ms,blocked
1,0.6601385,1.0,s_ms,c_ma,c_ms,blocked
1,3.0497275e-05,0.0,s_ma,c_ma,c_ms,blocked
1,2.7634176e-05,0.0,s_ma,c_ma,c_ma,blocked
1,9.040818e-05,0.0,s_ma,c_ma,c_ms,blocked
1,0.00017297067,0.0,s_ma,c_ma,c_ma,blocked
1,0.32507235,0.0,s_ms,c_ms,c_ma,blocked
1,0.41303104,0.0,s_ms,c_ms,c_ms,blocked
1,0.18883833,0.0,s_ms,c_ms,c_ms,blocked
1,0.24962363,0.0,s_ms,c_ms,c_ma,blocked
1,0.42129758,0.0,s_ms,c_ms,c_ma,blocked
1,0.00033983783,0.0,s_ma,c_ms,c_ms,blocked
1,6.162357e-05,0.0,s_ma,c_ms,c_ma,blocked
1,0.0041389633,0.0,s_ma,c_ms,c_ms,blocked
1,0.00080700393,0.0,s_ma,c_ms,c_ma,blocked
1,0.00048262492,0.0,s_ma,c_ms,c_ms,blocked
1,0.5001652,1.0,s_ms,c_ma,c_ms,blocked
1,0.5339679,1.0,s_ms,c_ma,c_ma,blocked
1,0.5915497,1.0,s_ms,c_ma,c_ms,blocked
1,0.5686296,1.0,s_ms,c_ma,c_ma,blocked
1,0.58770275,1.0,s_ms,c_ma,c_ma,blocked
1,5.819627e-06,0.0,s_ma,c_ma,c_ma,blocked
1,3.6241747e-07,0.0,s_ma,c_ma,c_ms,blocked
1,8.131532e-05,0.0,s_ma,c_ma,c_ms,blocked
1,3.7236427e-05,0.0,s_ma,c_ma,c_ms,blocked
1,0.23463161,0.0,s_ms,c_ms,c_ms,blocked
1,0.2537313,0.0,s_ms,c_ms,c_ma,blocked
1,0.14197905,0.0,s_ms,c_ms,c_ma,blocked
1,0.1954091,0.0,s_ms,c_ms,c_ms,blocked
1,0.106905535,0.0,s_ms,c_ms,c_ms,blocked
1,2.3225189e-06,0.0,s_ma,c_ms,c_ma,blocked
1,4.8578437e-05,0.0,s_ma,c_ms,c_ms,blocked
1,8.834782e-05,0.0,s_ma,c_ms,c_ma,blocked
1,4.5248607e-06,0.0,s_ma,c_ms,c_ms,blocked
1,6.8154136e-06,0.0,s_ma,c_ms,c_ma,blocked
1,0.5367454,1.0,s_ms,c_ma,c_ma,blocked
1,0.48573196,0.0,s_ms,c_ma,c_ms,blocked
1,0.581635,1.0,s_ms,c_ma,c_ma,blocked
1,0.5822603,1.0,s_ms,c_ma,c_ms,blocked
1,0.57403123,1.0,s_ms,c_ma,c_ms,blocked
1,2.766115e-06,0.0,s_ma,c_ma,c_ms,blocked
1,6.0512757e-06,0.0,s_ma,c_ma,c_ma,blocked
1,0.00017911993,0.0,s_ma,c_ma,c_ma,blocked
1,3.8966013e-05,0.0,s_ma,c_ma,c_ms,blocked
1,0.0876932,0.0,s_ms,c_ms,c_ma,blocked
1,0.25787768,0.0,s_ms,c_ms,c_ms,blocked
1,0.046140514,0.0,s_ms,c_ms,c_ms,blocked
1,0.11765546,0.0,s_ms,c_ms,c_ma,blocked
1,0.17666814,0.0,s_ms,c_ms,c_ma,blocked
1,2.0988495e-05,0.0,s_ma,c_ms,c_ms,blocked
1,3.151543e-05,0.0,s_ma,c_ms,c_ma,blocked
1,7.4224496e-05,0.0,s_ma,c_ms,c_ms,blocked
1,0.0002739798,0.0,s_ma,c_ms,c_ma,blocked
1,0.00013270351,0.0,s_ma,c_ms,c_ms,blocked
1,0.000326126,0.0,s_ma,c_ms,c_ma,blocked
1,0.00019678789,0.0,s_ma,c_ms,c_ms,blocked
1,0.00037681588,0.0,s_ma,c_ms,c_ma,blocked
1,3.482921e-05,0.0,s_ma,c_ms,c_ms,blocked
1,0.00014443543,0.0,s_ma,c_ms,c_ms,blocked
1,0.01976883,0.0,s_ms,c_ms,c_ms,blocked
1,0.051732495,0.0,s_ms,c_ms,c_ma,blocked
1,0.029719893,0.0,s_ms,c_ms,c_ma,blocked
1,0.00992687,0.0,s_ms,c_ms,c_ms,blocked
1,0.030574886,0.0,s_ms,c_ms,c_ma,blocked
1,8.000836e-05,0.0,s_ma,c_ma,c_ms,blocked
1,0.0001660441,0.0,s_ma,c_ma,c_ms,blocked
1,1.9407971e-05,0.0,s_ma,c_ma,c_ma,blocked
1,2.795498e-05,0.0,s_ma,c_ma,c_ma,blocked
1,0.20502406,0.0,s_ms,c_ma,c_ms,blocked
1,0.14227676,0.0,s_ms,c_ma,c_ma,blocked
1,0.29327983,0.0,s_ms,c_ma,c_ms,blocked
1,0.14111349,0.0,s_ms,c_ma,c_ma,blocked
1,0.29005933,0.0,s_ms,c_ma,c_ms,blocked
1,0.00022672798,0.0,s_ma,c_ms,c_ms,blocked
1,2.3014923e-05,0.0,s_ma,c_ms,c_ma,blocked
1,0.00027301538,0.0,s_ma,c_ms,c_ms,blocked
1,2.1059743e-05,0.0,s_ma,c_ms,c_ma,blocked
1,0.00024048564,0.0,s_ma,c_ms,c_ma,blocked
1,0.12893546,0.0,s_ms,c_ms,c_ma,blocked
1,0.08694132,0.0,s_ms,c_ms,c_ms,blocked
1,0.031897,0.0,s_ms,c_ms,c_ms,blocked
1,0.027295904,0.0,s_ms,c_ms,c_ma,blocked
1,0.023084417,0.0,s_ms,c_ms,c_ms,blocked
1,8.283682e-05,0.0,s_ma,c_ma,c_ms,blocked
1,7.4769756e-05,0.0,s_ma,c_ma,c_ma,blocked
1,0.00053044455,0.0,s_ma,c_ma,c_ms,blocked
1,6.378415e-05,0.0,s_ma,c_ma,c_ms,blocked
1,0.20415884,0.0,s_ms,c_ma,c_ma,blocked
1,0.12712651,0.0,s_ms,c_ma,c_ms,blocked
1,0.27719373,0.0,s_ms,c_ma,c_ma,blocked
1,0.35686105,0.0,s_ms,c_ma,c_ms,blocked
1,0.19575012,0.0,s_ms,c_ma,c_ma,blocked
1,0.00023535006,0.0,s_ma,c_ms,c_ms,blocked
1,0.00017204913,0.0,s_ma,c_ms,c_ma,blocked
1,0.0001379668,0.0,s_ma,c_ms,c_ms,blocked
1,2.7402206e-05,0.0,s_ma,c_ms,c_ma,blocked
1,0.00033556763,0.0,s_ma,c_ms,c_ma,blocked
1,0.025363648,0.0,s_ms,c_ms,c_ma,blocked
1,0.07062977,0.0,s_ms,c_ms,c_ms,blocked
1,0.0481644,0.0,s_ms,c_ms,c_ms,blocked
1,0.018489117,0.0,s_ms,c_ms,c_ma,blocked
1,0.042949498,0.0,s_ms,c_ms,c_ms,blocked
1,0.00017779223,0.0,s_ma,c_ma,c_ms,blocked
1,8.4065876e-05,0.0,s_ma,c_ma,c_ma,blocked
1,0.00018964545,0.0,s_ma,c_ma,c_ms,blocked
1,0.00034876855,0.0,s_ma,c_ma,c_ms,blocked
1,0.40008268,0.0,s_ms,c_ma,c_ma,blocked
1,0.16825116,0.0,s_ms,c_ma,c_ms,blocked
1,0.45326617,0.0,s_ms,c_ma,c_ma,blocked
1,0.17186964,0.0,s_ms,c_ma,c_ms,blocked
1,0.3276769,0.0,s_ms,c_ma,c_ma,blocked
1,0.00026181442,0.0,s_ma,c_ms,c_ma,blocked
1,0.00043389734,0.0,s_ma,c_ms,c_ms,blocked
1,9.355869e-05,0.0,s_ma,c_ms,c_ma,blocked
1,1.320268e-05,0.0,s_ma,c_ms,c_ms,blocked
1,0.000268534,0.0,s_ma,c_ms,c_ms,blocked
1,0.08402938,0.0,s_ms,c_ms,c_ms,blocked
1,0.06499451,0.0,s_ms,c_ms,c_ma,blocked
1,0.0530855,0.0,s_ms,c_ms,c_ma,blocked
1,0.028644627,0.0,s_ms,c_ms,c_ms,blocked
1,0.030467372,0.0,s_ms,c_ms,c_ma,blocked
1,2.071594e-05,0.0,s_ma,c_ma,c_ma,blocked
1,0.0005018065,0.0,s_ma,c_ma,c_ms,blocked
1,0.00016886368,0.0,s_ma,c_ma,c_ms,blocked
1,0.00011387923,0.0,s_ma,c_ma,c_ma,blocked
1,0.37216923,0.0,s_ms,c_ma,c_ms,blocked
1,0.24791728,0.0,s_ms,c_ma,c_ma,blocked
1,0.4308387,0.0,s_ms,c_ma,c_ms,blocked
1,0.41258818,0.0,s_ms,c_ma,c_ma,blocked
1,0.49115223,0.0,s_ms,c_ma,c_ms,blocked
1,0.0015782109,0.0,s_ma,c_ms,c_ma,blocked
1,0.00024704484,0.0,s_ma,c_ms,c_ms,blocked
1,5.3052187e-05,0.0,s_ma,c_ms,c_ma,blocked
1,3.544468e-05,0.0,s_ma,c_ms,c_ms,blocked
1,0.0007531614,0.0,s_ma,c_ms,c_ms,blocked
1,0.09633718,0.0,s_ms,c_ms,c_ms,blocked
1,0.06756767,0.0,s_ms,c_ms,c_ma,blocked
1,0.037898604,0.0,s_ms,c_ms,c_ma,blocked
1,0.03769963,0.0,s_ms,c_ms,c_ms,blocked
1,0.03695592,0.0,s_ms,c_ms,c_ma,blocked
1,2.8781016e-05,0.0,s_ma,c_ma,c_ma,blocked
1,6.2903615e-05,0.0,s_ma,c_ma,c_ms,blocked
1,0.0003412479,0.0,s_ma,c_ma,c_ms,blocked
1,0.00011572066,0.0,s_ma,c_ma,c_ma,blocked
1,0.2748798,0.0,s_ms,c_ma,c_ms,blocked
1,0.20107281,0.0,s_ms,c_ma,c_ma,blocked
1,0.38829467,0.0,s_ms,c_ma,c_ms,blocked
1,0.18214801,0.0,s_ms,c_ma,c_ma,blocked
1,0.3781842,0.0,s_ms,c_ma,c_ms,blocked
1,0.56993973,1.0,s_ms,c_ms,c_ms,blocked
1,0.4684155,0.0,s_ms,c_ms,c_ma,blocked
1,0.60191816,1.0,s_ms,c_ms,c_ms,blocked
1,0.5623254,1.0,s_ms,c_ms,c_ma,blocked
1,0.5446397,1.0,s_ms,c_ms,c_ma,blocked
1,0.00045150938,0.0,s_ma,c_ms,c_ma,blocked
1,0.00036117746,0.0,s_ma,c_ms,c_ms,blocked
1,0.0012881074,0.0,s_ma,c_ms,c_ms,blocked
1,7.801028e-05,0.0,s_ma,c_ms,c_ma,blocked
1,0.0009958149,0.0,s_ma,c_ms,c_ms,blocked
1,0.70533335,1.0,s_ms,c_ma,c_ms,blocked
1,0.7203582,1.0,s_ms,c_ma,c_ma,blocked
1,0.51417124,1.0,s_ms,c_ma,c_ma,blocked
1,0.5093924,1.0,s_ms,c_ma,c_ms,blocked
1,0.64965874,1.0,s_ms,c_ma,c_ms,blocked
1,0.00016612586,0.0,s_ma,c_ma,c_ms,blocked
1,0.002045379,0.0,s_ma,c_ma,c_ma,blocked
1,0.00057097554,0.0,s_ma,c_ma,c_ms,blocked
1,0.0032294386,0.0,s_ma,c_ma,c_ma,blocked
1,0.52054524,1.0,s_ms,c_ms,c_ma,blocked
1,0.44895214,0.0,s_ms,c_ms,c_ms,blocked
1,0.4441986,0.0,s_ms,c_ms,c_ma,blocked
1,0.70752096,1.0,s_ms,c_ms,c_ms,blocked
1,0.37526706,0.0,s_ms,c_ms,c_ms,blocked
1,0.00044092705,0.0,s_ma,c_ms,c_ms,blocked
1,0.0006478955,0.0,s_ma,c_ms,c_ma,blocked
1,0.00066482835,0.0,s_ma,c_ms,c_ma,blocked
1,0.0018451568,0.0,s_ma,c_ms,c_ms,blocked
1,0.0007555745,0.0,s_ma,c_ms,c_ma,blocked
1,0.7933454,1.0,s_ms,c_ma,c_ma,blocked
1,0.8311591,1.0,s_ms,c_ma,c_ms,blocked
1,0.76144516,1.0,s_ms,c_ma,c_ms,blocked
1,0.6798871,1.0,s_ms,c_ma,c_ma,blocked
1,0.7003112,1.0,s_ms,c_ma,c_ma,blocked
1,0.0001637784,0.0,s_ma,c_ma,c_ms,blocked
1,0.004939643,0.0,s_ma,c_ma,c_ms,blocked
1,0.00071868073,0.0,s_ma,c_ma,c_ma,blocked
1,0.0009290435,0.0,s_ma,c_ma,c_ms,blocked
1,0.38161767,0.0,s_ms,c_ms,c_ms,blocked
1,0.31384566,0.0,s_ms,c_ms,c_ma,blocked
1,0.4547402,0.0,s_ms,c_ms,c_ms,blocked
1,0.51850635,1.0,s_ms,c_ms,c_ma,blocked
1,0.43544376,0.0,s_ms,c_ms,c_ma,blocked
1,0.0002693461,0.0,s_ma,c_ms,c_ma,blocked
1,0.0010311035,0.0,s_ma,c_ms,c_ms,blocked
1,0.009331675,0.0,s_ma,c_ms,c_ms,blocked
1,0.0031778503,0.0,s_ma,c_ms,c_ma,blocked
1,0.0012820533,0.0,s_ma,c_ms,c_ms,blocked
1,0.6147871,1.0,s_ms,c_ma,c_ms,blocked
1,0.6454803,1.0,s_ms,c_ma,c_ma,blocked
1,0.4535925,0.0,s_ms,c_ma,c_ma,blocked
1,0.47995907,0.0,s_ms,c_ma,c_ms,blocked
1,0.52366924,1.0,s_ms,c_ma,c_ms,blocked
1,0.0024082395,0.0,s_ma,c_ma,c_ma,blocked
1,0.0048684385,0.0,s_ma,c_ma,c_ms,blocked
1,0.0042309607,0.0,s_ma,c_ma,c_ms,blocked
1,0.004009263,0.0,s_ma,c_ma,c_ma,blocked
1,0.42291945,0.0,s_ms,c_ms,c_ma,blocked
1,0.32004586,0.0,s_ms,c_ms,c_ms,blocked
1,0.3497299,0.0,s_ms,c_ms,c_ma,blocked
1,0.4282176,0.0,s_ms,c_ms,c_ms,blocked
1,0.24361551,0.0,s_ms,c_ms,c_ms,blocked
1,7.400884e-05,0.0,s_ma,c_ms,c_ms,blocked
1,0.00022475209,0.0,s_ma,c_ms,c_ma,blocked
1,0.00073697837,0.0,s_ma,c_ms,c_ma,blocked
1,0.00018286497,0.0,s_ma,c_ms,c_ms,blocked
1,0.0018658274,0.0,s_ma,c_ms,c_ma,blocked
1,0.80255234,1.0,s_ms,c_ma,c_ma,blocked
1,0.54386854,1.0,s_ms,c_ma,c_ms,blocked
1,0.77508,1.0,s_ms,c_ma,c_ms,blocked
1,0.4415009,0.0,s_ms,c_ma,c_ma,blocked
1,0.75571114,1.0,s_ms,c_ma,c_ma,blocked
1,0.00058754726,0.0,s_ma,c_ma,c_ms,blocked
1,0.00069630204,0.0,s_ma,c_ma,c_ma,blocked
1,0.004051137,0.0,s_ma,c_ma,c_ms,blocked
1,0.000602721,0.0,s_ma,c_ma,c_ms,blocked
1,0.41710657,0.0,s_ms,c_ms,c_ms,blocked
1,0.3419972,0.0,s_ms,c_ms,c_ma,blocked
1,0.4029102,0.0,s_ms,c_ms,c_ms,blocked
1,0.50754917,1.0,s_ms,c_ms,c_ma,blocked
1,0.4589336,0.0,s_ms,c_ms,c_ma,blocked
1,0.0004300332,0.0,s_ma,c_ms,c_ma,blocked
1,0.0008363862,0.0,s_ma,c_ms,c_ms,blocked
1,0.0014122254,0.0,s_ma,c_ms,c_ms,blocked
1,0.00046320137,0.0,s_ma,c_ms,c_ma,blocked
1,0.004788286,0.0,s_ma,c_ms,c_ms,blocked
1,0.63278615,1.0,s_ms,c_ma,c_ms,blocked
1,0.74336034,1.0,s_ms,c_ma,c_ma,blocked
1,0.55228233,1.0,s_ms,c_ma,c_ma,blocked
1,0.42044553,0.0,s_ms,c_ma,c_ms,blocked
1,0.53232193,1.0,s_ms,c_ma,c_ms,blocked
1,0.0033024894,0.0,s_ma,c_ma,c_ma,blocked
1,0.0009908576,0.0,s_ma,c_ma,c_ms,blocked
1,0.0038939042,0.0,s_ma,c_ma,c_ma,blocked
1,0.0006315345,0.0,s_ma,c_ma,c_ms,blocked
1,0.0005960939,0.0,s_ma,c_ma,c_ms,interleaved
1,0.0008318988,0.0,s_ma,c_ma,c_ma,interleaved
1,0.00045425803,0.0,s_ma,c_ma,c_ms,interleaved
1,0.0025464825,0.0,s_ma,c_ma,c_ms,interleaved
1,0.43427756,0.0,s_ms,c_ma,c_ms,interleaved
1,0.43565348,0.0,s_ms,c_ma,c_ma,interleaved
1,0.22409901,0.0,s_ms,c_ma,c_ma,interleaved
1,0.38290507,0.0,s_ms,c_ma,c_ms,interleaved
1,0.3354408,0.0,s_ms,c_ma,c_ma,interleaved
1,0.00015555054,0.0,s_ma,c_ms,c_ma,interleaved
1,0.00021861972,0.0,s_ma,c_ms,c_ms,interleaved
1,0.0004707197,0.0,s_ma,c_ms,c_ms,interleaved
1,0.00028883485,0.0,s_ma,c_ms,c_ma,interleaved
1,0.0014919904,0.0,s_ma,c_ms,c_ma,interleaved
1,0.22479671,0.0,s_ms,c_ms,c_ms,interleaved
1,0.21953323,0.0,s_ms,c_ms,c_ma,interleaved
1,0.30688167,0.0,s_ms,c_ms,c_ms,interleaved
1,0.39823171,0.0,s_ms,c_ms,c_ma,interleaved
1,0.32844096,0.0,s_ms,c_ms,c_ms,interleaved
1,0.0005715054,0.0,s_ma,c_ma,c_ms,interleaved
1,0.0003737259,0.0,s_ma,c_ma,c_ms,interleaved
1,7.728192e-05,0.0,s_ma,c_ma,c_ma,interleaved
1,0.0007718168,0.0,s_ma,c_ma,c_ma,interleaved
1,0.23023354,0.0,s_ms,c_ma,c_ma,interleaved
1,0.28706303,0.0,s_ms,c_ma,c_ms,interleaved
1,0.47525424,0.0,s_ms,c_ma,c_ms,interleaved
1,0.2600345,0.0,s_ms,c_ma,c_ma,interleaved
1,0.3945222,0.0,s_ms,c_ma,c_ms,interleaved
1,0.00012969834,0.0,s_ma,c_ms,c_ms,interleaved
1,3.5178415e-05,0.0,s_ma,c_ms,c_ma,interleaved
1,0.0001313262,0.0,s_ma,c_ms,c_ma,interleaved
1,0.00055252685,0.0,s_ma,c_ms,c_ms,interleaved
1,0.00023038307,0.0,s_ma,c_ms,c_ms,interleaved
1,0.36380225,0.0,s_ms,c_ms,c_ma,interleaved
1,0.33785623,0.0,s_ms,c_ms,c_ms,interleaved
1,0.46454555,0.0,s_ms,c_ms,c_ma,interleaved
1,0.3561223,0.0,s_ms,c_ms,c_ms,interleaved
1,0.48957676,0.0,s_ms,c_ms,c_ma,interleaved
1,0.00075872266,0.0,s_ma,c_ma,c_ma,interleaved
1,0.00038640876,0.0,s_ma,c_ma,c_ms,interleaved
1,0.00039507065,0.0,s_ma,c_ma,c_ms,interleaved
1,0.002124459,0.0,s_ma,c_ma,c_ms,interleaved
1,0.20006588,0.0,s_ms,c_ma,c_ms,interleaved
1,0.28248394,0.0,s_ms,c_ma,c_ma,interleaved
1,0.25195295,0.0,s_ms,c_ma,c_ma,interleaved
1,0.28006798,0.0,s_ms,c_ma,c_ms,interleaved
1,0.28315797,0.0,s_ms,c_ma,c_ma,interleaved
1,0.0002822727,0.0,s_ma,c_ms,c_ma,interleaved
1,0.00021228689,0.0,s_ma,c_ms,c_ms,interleaved
1,0.00021846582,0.0,s_ma,c_ms,c_ms,interleaved
1,7.774048e-05,0.0,s_ma,c_ms,c_ma,interleaved
1,6.3808984e-05,0.0,s_ma,c_ms,c_ma,interleaved
1,0.24038902,0.0,s_ms,c_ms,c_ms,interleaved
1,0.23998563,0.0,s_ms,c_ms,c_ma,interleaved
1,0.34345394,0.0,s_ms,c_ms,c_ms,interleaved
1,0.42753375,0.0,s_ms,c_ms,c_ma,interleaved
1,0.2878484,0.0,s_ms,c_ms,c_ms,interleaved
1,0.00042262918,0.0,s_ma,c_ma,c_ms,interleaved
1,7.743036e-05,0.0,s_ma,c_ma,c_ma,interleaved
1,0.00039703434,0.0,s_ma,c_ma,c_ms,interleaved
1,0.00068218145,0.0,s_ma,c_ma,c_ma,interleaved
1,0.38725793,0.0,s_ms,c_ma,c_ma,interleaved
1,0.32541427,0.0,s_ms,c_ma,c_ms,interleaved
1,0.22415124,0.0,s_ms,c_ma,c_ms,interleaved
1,0.19738856,0.0,s_ms,c_ma,c_ma,interleaved
1,0.22247535,0.0,s_ms,c_ma,c_ms,interleaved
1,4.9826434e-05,0.0,s_ma,c_ms,c_ms,interleaved
1,4.3534237e-05,0.0,s_ma,c_ms,c_ma,interleaved
1,5.7459612e-05,0.0,s_ma,c_ms,c_ma,interleaved
1,1.9663468e-05,0.0,s_ma,c_ms,c_ms,interleaved
1,4.442266e-05,0.0,s_ma,c_ms,c_ms,interleaved
1,0.32971084,0.0,s_ms,c_ms,c_ma,interleaved
1,0.14856854,0.0,s_ms,c_ms,c_ms,interleaved
1,0.24828166,0.0,s_ms,c_ms,c_ma,interleaved
1,0.35259435,0.0,s_ms,c_ms,c_ms,interleaved
1,0.24071032,0.0,s_ms,c_ms,c_ma,interleaved
1,0.0025191582,0.0,s_ma,c_ma,c_ms,interleaved
1,0.00072966097,0.0,s_ma,c_ma,c_ma,interleaved
1,0.0021782902,0.0,s_ma,c_ma,c_ms,interleaved
1,0.00071819086,0.0,s_ma,c_ma,c_ma,interleaved
1,0.29023957,0.0,s_ms,c_ma,c_ma,interleaved
1,0.27136385,0.0,s_ms,c_ma,c_ms,interleaved
1,0.35214287,0.0,s_ms,c_ma,c_ms,interleaved
1,0.31260687,0.0,s_ms,c_ma,c_ma,interleaved
1,0.32761008,0.0,s_ms,c_ma,c_ms,interleaved
1,0.00012608684,0.0,s_ma,c_ms,c_ms,interleaved
1,0.00023445208,0.0,s_ma,c_ms,c_ma,interleaved
1,0.00053366984,0.0,s_ma,c_ms,c_ma,interleaved
1,0.00027635382,0.0,s_ma,c_ms,c_ms,interleaved
1,0.0005702744,0.0,s_ma,c_ms,c_ms,interleaved
1,0.3157696,0.0,s_ms,c_ms,c_ma,interleaved
1,0.3378848,0.0,s_ms,c_ms,c_ms,interleaved
1,0.3289052,0.0,s_ms,c_ms,c_ma,interleaved
1,0.5738895,1.0,s_ms,c_ms,c_ms,interleaved
1,0.3396867,0.0,s_ms,c_ms,c_ma,interleaved
1,0.4867311,0.0,s_ms,c_ma,c_ms,interleaved
1,0.7042414,1.0,s_ms,c_ma,c_ma,interleaved
1,0.7383895,1.0,s_ms,c_ma,c_ms,interleaved
1,0.52765524,1.0,s_ms,c_ma,c_ma,interleaved
1,0.6239935,1.0,s_ms,c_ma,c_ma,interleaved
1,5.5861787e-05,0.0,s_ma,c_ma,c_ms,interleaved
1,5.029235e-05,0.0,s_ma,c_ma,c_ms,interleaved
1,8.4261635e-05,0.0,s_ma,c_ma,c_ma,interleaved
1,3.146705e-05,0.0,s_ma,c_ma,c_ms,interleaved
1,0.9217688,1.0,s_ms,c_ms,c_ms,interleaved
1,0.5853238,1.0,s_ms,c_ms,c_ma,interleaved
1,0.8635819,1.0,s_ms,c_ms,c_ma,interleaved
1,0.75833166,1.0,s_ms,c_ms,c_ms,interleaved
1,0.79773235,1.0,s_ms,c_ms,c_ms,interleaved
1,9.414006e-05,0.0,s_ma,c_ms,c_ma,interleaved
1,3.9897233e-05,0.0,s_ma,c_ms,c_ms,interleaved
1,6.31654e-05,0.0,s_ma,c_ms,c_ma,interleaved
1,7.564089e-05,0.0,s_ma,c_ms,c_ms,interleaved
1,0.00012046016,0.0,s_ma,c_ms,c_ma,interleaved
1,0.46281236,0.0,s_ms,c_ma,c_ma,interleaved
1,0.6282469,1.0,s_ms,c_ma,c_ms,interleaved
1,0.63047326,1.0,s_ms,c_ma,c_ma,interleaved
1,0.58849573,1.0,s_ms,c_ma,c_ms,interleaved
1,0.62069476,1.0,s_ms,c_ma,c_ms,interleaved
1,5.1069157e-05,0.0,s_ma,c_ma,c_ms,interleaved
1,2.9302613e-05,0.0,s_ma,c_ma,c_ma,interleaved
1,1.2211478e-06,0.0,s_ma,c_ma,c_ms,interleaved
1,7.6024244e-06,0.0,s_ma,c_ma,c_ma,interleaved
1,0.80624294,1.0,s_ms,c_ms,c_ma,interleaved
1,0.74769866,1.0,s_ms,c_ms,c_ms,interleaved
1,0.76666725,1.0,s_ms,c_ms,c_ms,interleaved
1,0.80394155,1.0,s_ms,c_ms,c_ma,interleaved
1,0.7959161,1.0,s_ms,c_ms,c_ma,interleaved
1,4.3758107e-05,0.0,s_ma,c_ms,c_ms,interleaved
1,3.483647e-05,0.0,s_ma,c_ms,c_ma,interleaved
1,0.000244944,0.0,s_ma,c_ms,c_ms,interleaved
1,0.0001702604,0.0,s_ma,c_ms,c_ma,interleaved
1,0.00031362183,0.0,s_ma,c_ms,c_ms,interleaved
1,0.7159624,1.0,s_ms,c_ma,c_ma,interleaved
1,0.4334672,0.0,s_ms,c_ma,c_ms,interleaved
1,0.7063215,1.0,s_ms,c_ma,c_ma,interleaved
1,0.7085575,1.0,s_ms,c_ma,c_ms,interleaved
1,0.5843018,1.0,s_ms,c_ma,c_ms,interleaved
1,5.3402153e-05,0.0,s_ma,c_ma,c_ms,interleaved
1,3.141827e-05,0.0,s_ma,c_ma,c_ma,interleaved
1,0.0002617813,0.0,s_ma,c_ma,c_ms,interleaved
1,0.00047830545,0.0,s_ma,c_ma,c_ma,interleaved
1,0.90879524,1.0,s_ms,c_ms,c_ma,interleaved
1,0.8788072,1.0,s_ms,c_ms,c_ms,interleaved
1,0.8759143,1.0,s_ms,c_ms,c_ms,interleaved
1,0.82933205,1.0,s_ms,c_ms,c_ma,interleaved
1,0.91822094,1.0,s_ms,c_ms,c_ma,interleaved
1,0.00087788963,0.0,s_ma,c_ms,c_ms,interleaved
1,0.00035891394,0.0,s_ma,c_ms,c_ma,interleaved
1,0.014693654,0.0,s_ma,c_ms,c_ms,interleaved
1,0.0009682447,0.0,s_ma,c_ms,c_ma,interleaved
1,0.00078060915,0.0,s_ma,c_ms,c_ms,interleaved
1,0.52913845,1.0,s_ms,c_ma,c_ms,interleaved
1,0.6222636,1.0,s_ms,c_ma,c_ma,interleaved
1,0.6128532,1.0,s_ms,c_ma,c_ms,interleaved
1,0.70898455,1.0,s_ms,c_ma,c_ma,interleaved
1,0.5746894,1.0,s_ms,c_ma,c_ma,interleaved
1,7.56584e-05,0.0,s_ma,c_ma,c_ma,interleaved
1,1.2065002e-06,0.0,s_ma,c_ma,c_ms,interleaved
1,0.00023476391,0.0,s_ma,c_ma,c_ms,interleaved
1,0.00047819404,0.0,s_ma,c_ma,c_ms,interleaved
1,0.9517659,1.0,s_ms,c_ms,c_ms,interleaved
1,0.9473181,1.0,s_ms,c_ms,c_ma,interleaved
1,0.9322165,1.0,s_ms,c_ms,c_ma,interleaved
1,0.93507206,1.0,s_ms,c_ms,c_ms,interleaved
1,0.879877,1.0,s_ms,c_ms,c_ms,interleaved
1,1.1615251e-05,0.0,s_ma,c_ms,c_ma,interleaved
1,0.00046278234,0.0,s_ma,c_ms,c_ms,interleaved
1,0.0018226323,0.0,s_ma,c_ms,c_ma,interleaved
1,2.8543169e-05,0.0,s_ma,c_ms,c_ms,interleaved
1,0.00022891363,0.0,s_ma,c_ms,c_ma,interleaved
1,0.57030684,1.0,s_ms,c_ma,c_ma,interleaved
1,0.49090037,0.0,s_ms,c_ma,c_ms,interleaved
1,0.60314405,1.0,s_ms,c_ma,c_ma,interleaved
1,0.70353305,1.0,s_ms,c_ma,c_ms,interleaved
1,0.5797956,1.0,s_ms,c_ma,c_ms,interleaved
1,3.540123e-05,0.0,s_ma,c_ma,c_ms,interleaved
1,8.884013e-06,0.0,s_ma,c_ma,c_ma,interleaved
1,0.0005026416,0.0,s_ma,c_ma,c_ma,interleaved
1,0.0004935194,0.0,s_ma,c_ma,c_ms,interleaved
1,0.8246237,1.0,s_ms,c_ms,c_ma,interleaved
1,0.9040135,1.0,s_ms,c_ms,c_ms,interleaved
1,0.8495061,1.0,s_ms,c_ms,c_ms,interleaved
1,0.8868224,1.0,s_ms,c_ms,c_ma,interleaved
1,0.91490465,1.0,s_ms,c_ms,c_ma,interleaved
1,0.00020917201,0.0,s_ma,c_ms,c_ms,interleaved
1,0.0005400471,0.0,s_ma,c_ms,c_ma,interleaved
1,0.0014474923,0.0,s_ma,c_ms,c_ms,interleaved
1,0.0016500853,0.0,s_ma,c_ms,c_ma,interleaved
1,0.0043619294,0.0,s_ma,c_ms,c_ms,interleaved
1,0.00014665733,0.0,s_ma,c_ms,c_ma,interleaved
1,0.00012883623,0.0,s_ma,c_ms,c_ms,interleaved
1,0.00028986897,0.0,s_ma,c_ms,c_ma,interleaved
1,5.160897e-05,0.0,s_ma,c_ms,c_ms,interleaved
1,0.000105241445,0.0,s_ma,c_ms,c_ms,interleaved
1,0.054091625,0.0,s_ms,c_ms,c_ms,interleaved
1,0.14628015,0.0,s_ms,c_ms,c_ma,interleaved
1,0.060670808,0.0,s_ms,c_ms,c_ma,interleaved
1,0.03255336,0.0,s_ms,c_ms,c_ms,interleaved
1,0.10646968,0.0,s_ms,c_ms,c_ma,interleaved
1,0.00017131536,0.0,s_ma,c_ma,c_ms,interleaved
1,0.00021819418,0.0,s_ma,c_ma,c_ms,interleaved
1,2.747972e-05,0.0,s_ma,c_ma,c_ma,interleaved
1,3.4677447e-05,0.0,s_ma,c_ma,c_ma,interleaved
1,0.17691877,0.0,s_ms,c_ma,c_ms,interleaved
1,0.30178812,0.0,s_ms,c_ma,c_ma,interleaved
1,0.24296749,0.0,s_ms,c_ma,c_ms,interleaved
1,0.1753024,0.0,s_ms,c_ma,c_ma,interleaved
1,0.26367056,0.0,s_ms,c_ma,c_ms,interleaved
1,0.00019494307,0.0,s_ma,c_ms,c_ms,interleaved
1,3.3587516e-05,0.0,s_ma,c_ms,c_ma,interleaved
1,0.00020968146,0.0,s_ma,c_ms,c_ms,interleaved
1,4.3404274e-05,0.0,s_ma,c_ms,c_ma,interleaved
1,0.00022375832,0.0,s_ma,c_ms,c_ma,interleaved
1,0.33007723,0.0,s_ms,c_ms,c_ma,interleaved
1,0.19158196,0.0,s_ms,c_ms,c_ms,interleaved
1,0.07353419,0.0,s_ms,c_ms,c_ms,interleaved
1,0.043463916,0.0,s_ms,c_ms,c_ma,interleaved
1,0.059697516,0.0,s_ms,c_ms,c_ms,interleaved
1,0.0001832996,0.0,s_ma,c_ma,c_ms,interleaved
1,8.614082e-05,0.0,s_ma,c_ma,c_ma,interleaved
1,0.0011849907,0.0,s_ma,c_ma,c_ms,interleaved
1,0.0001640275,0.0,s_ma,c_ma,c_ms,interleaved
1,0.17824447,0.0,s_ms,c_ma,c_ma,interleaved
1,0.22171777,0.0,s_ms,c_ma,c_ms,interleaved
1,0.29415923,0.0,s_ms,c_ma,c_ma,interleaved
1,0.2862823,0.0,s_ms,c_ma,c_ms,interleaved
1,0.18492898,0.0,s_ms,c_ma,c_ma,interleaved
1,0.00034118854,0.0,s_ma,c_ms,c_ms,interleaved
1,0.00012607218,0.0,s_ma,c_ms,c_ma,interleaved
1,0.00018860729,0.0,s_ma,c_ms,c_ms,interleaved
1,4.9170223e-05,0.0,s_ma,c_ms,c_ma,interleaved
1,0.00037688305,0.0,s_ma,c_ms,c_ma,interleaved
1,0.09190713,0.0,s_ms,c_ms,c_ma,interleaved
1,0.16525638,0.0,s_ms,c_ms,c_ms,interleaved
1,0.08608386,0.0,s_ms,c_ms,c_ms,interleaved
1,0.041169707,0.0,s_ms,c_ms,c_ma,interleaved
1,0.10098318,0.0,s_ms,c_ms,c_ms,interleaved
1,0.00023111128,0.0,s_ma,c_ma,c_ms,interleaved
1,9.347819e-05,0.0,s_ma,c_ma,c_ma,interleaved
1,0.00019555406,0.0,s_ma,c_ma,c_ms,interleaved
1,0.00044431348,0.0,s_ma,c_ma,c_ms,interleaved
1,0.38839462,0.0,s_ms,c_ma,c_ma,interleaved
1,0.24691753,0.0,s_ms,c_ma,c_ms,interleaved
1,0.38099158,0.0,s_ms,c_ma,c_ma,interleaved
1,0.098358095,0.0,s_ms,c_ma,c_ms,interleaved
1,0.29663008,0.0,s_ms,c_ma,c_ma,interleaved
1,0.00026111404,0.0,s_ma,c_ms,c_ma,interleaved
1,0.00051247183,0.0,s_ma,c_ms,c_ms,interleaved
1,7.0913506e-05,0.0,s_ma,c_ms,c_ma,interleaved
1,2.0222391e-05,0.0,s_ma,c_ms,c_ms,interleaved
1,0.00024102042,0.0,s_ma,c_ms,c_ms,interleaved
1,0.17512476,0.0,s_ms,c_ms,c_ms,interleaved
1,0.12538967,0.0,s_ms,c_ms,c_ma,interleaved
1,0.1155123,0.0,s_ms,c_ms,c_ma,interleaved
1,0.045649596,0.0,s_ms,c_ms,c_ms,interleaved
1,0.075839624,0.0,s_ms,c_ms,c_ma,interleaved
1,2.9733354e-05,0.0,s_ma,c_ma,c_ma,interleaved
1,0.0011099535,0.0,s_ma,c_ma,c_ms,interleaved
1,0.00017823261,0.0,s_ma,c_ma,c_ms,interleaved
1,0.00013267582,0.0,s_ma,c_ma,c_ma,interleaved
1,0.31238437,0.0,s_ms,c_ma,c_ms,interleaved
1,0.36698315,0.0,s_ms,c_ma,c_ma,interleaved
1,0.4240613,0.0,s_ms,c_ma,c_ms,interleaved
1,0.39389718,0.0,s_ms,c_ma,c_ma,interleaved
1,0.38209945,0.0,s_ms,c_ma,c_ms,interleaved
1,0.0014068518,0.0,s_ma,c_ms,c_ma,interleaved
1,0.00024911892,0.0,s_ma,c_ms,c_ms,interleaved
1,6.358084e-05,0.0,s_ma,c_ms,c_ma,interleaved
1,4.5959765e-05,0.0,s_ma,c_ms,c_ms,interleaved
1,0.00057854515,0.0,s_ma,c_ms,c_ms,interleaved
1,0.14529416,0.0,s_ms,c_ms,c_ms,interleaved
1,0.12580025,0.0,s_ms,c_ms,c_ma,interleaved
1,0.057475388,0.0,s_ms,c_ms,c_ma,interleaved
1,0.081697494,0.0,s_ms,c_ms,c_ms,interleaved
1,0.055905726,0.0,s_ms,c_ms,c_ma,interleaved
1,3.5854828e-05,0.0,s_ma,c_ma,c_ma,interleaved
1,0.00015936737,0.0,s_ma,c_ma,c_ms,interleaved
1,0.0004326854,0.0,s_ma,c_ma,c_ms,interleaved
1,0.00013462591,0.0,s_ma,c_ma,c_ma,interleaved
1,0.2704877,0.0,s_ms,c_ma,c_ms,interleaved
1,0.33141106,0.0,s_ms,c_ma,c_ma,interleaved
1,0.38080534,0.0,s_ms,c_ma,c_ms,interleaved
1,0.13132846,0.0,s_ms,c_ma,c_ma,interleaved
1,0.34008867,0.0,s_ms,c_ma,c_ms,interleaved
1,0.6928102,1.0,s_ms,c_ms,c_ms,interleaved
1,0.5349024,1.0,s_ms,c_ms,c_ma,interleaved
1,0.68379545,1.0,s_ms,c_ms,c_ms,interleaved
1,0.61020035,1.0,s_ms,c_ms,c_ma,interleaved
1,0.62589,1.0,s_ms,c_ms,c_ma,interleaved
1,8.839127e-05,0.0,s_ma,c_ms,c_ma,interleaved
1,5.8308513e-05,0.0,s_ma,c_ms,c_ms,interleaved
1,0.0008396718,0.0,s_ma,c_ms,c_ms,interleaved
1,1.23083055e-05,0.0,s_ma,c_ms,c_ma,interleaved
1,0.00021216455,0.0,s_ma,c_ms,c_ms,interleaved
1,0.75017345,1.0,s_ms,c_ma,c_ms,interleaved
1,0.7554915,1.0,s_ms,c_ma,c_ma,interleaved
1,0.5303564,1.0,s_ms,c_ma,c_ma,interleaved
1,0.57640874,1.0,s_ms,c_ma,c_ms,interleaved
1,0.6572782,1.0,s_ms,c_ma,c_ms,interleaved
1,0.0001843932,0.0,s_ma,c_ma,c_ms,interleaved
1,0.0015621717,0.0,s_ma,c_ma,c_ma,interleaved
1,0.00062958914,0.0,s_ma,c_ma,c_ms,interleaved
1,0.0029226923,0.0,s_ma,c_ma,c_ma,interleaved
1,0.7108964,1.0,s_ms,c_ms,c_ma,interleaved
1,0.5648718,1.0,s_ms,c_ms,c_ms,interleaved
1,0.6817886,1.0,s_ms,c_ms,c_ma,interleaved
1,0.78546214,1.0,s_ms,c_ms,c_ms,interleaved
1,0.5827842,1.0,s_ms,c_ms,c_ms,interleaved
1,4.2153068e-05,0.0,s_ma,c_ms,c_ms,interleaved
1,3.516303e-05,0.0,s_ma,c_ms,c_ma,interleaved
1,0.00033911053,0.0,s_ma,c_ms,c_ma,interleaved
1,0.00047592793,0.0,s_ma,c_ms,c_ms,interleaved
1,0.00040813407,0.0,s_ma,c_ms,c_ma,interleaved
1,0.59314144,1.0,s_ms,c_ma,c_ma,interleaved
1,0.7034782,1.0,s_ms,c_ma,c_ms,interleaved
1,0.6438818,1.0,s_ms,c_ma,c_ms,interleaved
1,0.52692026,1.0,s_ms,c_ma,c_ma,interleaved
1,0.5297066,1.0,s_ms,c_ma,c_ma,interleaved
1,0.00018937218,0.0,s_ma,c_ma,c_ms,interleaved
1,0.0039624562,0.0,s_ma,c_ma,c_ms,interleaved
1,0.0003783493,0.0,s_ma,c_ma,c_ma,interleaved
1,0.0007022979,0.0,s_ma,c_ma,c_ms,interleaved
1,0.61201334,1.0,s_ms,c_ms,c_ms,interleaved
1,0.4327193,0.0,s_ms,c_ms,c_ma,interleaved
1,0.5610759,1.0,s_ms,c_ms,c_ms,interleaved
1,0.665695,1.0,s_ms,c_ms,c_ma,interleaved
1,0.6054419,1.0,s_ms,c_ms,c_ma,interleaved
1,7.792977e-05,0.0,s_ma,c_ms,c_ma,interleaved
1,0.00031410967,0.0,s_ma,c_ms,c_ms,interleaved
1,0.014868435,0.0,s_ma,c_ms,c_ms,interleaved
1,0.0024156459,0.0,s_ma,c_ms,c_ma,interleaved
1,0.0014989387,0.0,s_ma,c_ms,c_ms,interleaved
1,0.6805269,1.0,s_ms,c_ma,c_ms,interleaved
1,0.6359873,1.0,s_ms,c_ma,c_ma,interleaved
1,0.54053533,1.0,s_ms,c_ma,c_ma,interleaved
1,0.49059996,0.0,s_ms,c_ma,c_ms,interleaved
1,0.54103714,1.0,s_ms,c_ma,c_ms,interleaved
1,0.0017854628,0.0,s_ma,c_ma,c_ma,interleaved
1,0.004366845,0.0,s_ma,c_ma,c_ms,interleaved
1,0.002858934,0.0,s_ma,c_ma,c_ms,interleaved
1,0.0038678953,0.0,s_ma,c_ma,c_ma,interleaved
1,0.53451884,1.0,s_ms,c_ms,c_ma,interleaved
1,0.57561046,1.0,s_ms,c_ms,c_ms,interleaved
1,0.48851305,0.0,s_ms,c_ms,c_ma,interleaved
1,0.56853294,1.0,s_ms,c_ms,c_ms,interleaved
1,0.3887698,0.0,s_ms,c_ms,c_ms,interleaved
1,7.692676e-05,0.0,s_ma,c_ms,c_ms,interleaved
1,0.00018998816,0.0,s_ma,c_ms,c_ma,interleaved
1,0.00087927654,0.0,s_ma,c_ms,c_ma,interleaved
1,2.8242184e-05,0.0,s_ma,c_ms,c_ms,interleaved
1,0.0017400681,0.0,s_ma,c_ms,c_ma,interleaved
1,0.7577908,1.0,s_ms,c_ma,c_ma,interleaved
1,0.5913974,1.0,s_ms,c_ma,c_ms,interleaved
1,0.85506403,1.0,s_ms,c_ma,c_ms,interleaved
1,0.47646585,0.0,s_ms,c_ma,c_ma,interleaved
1,0.8180865,1.0,s_ms,c_ma,c_ma,interleaved
1,0.0006452999,0.0,s_ma,c_ma,c_ms,interleaved
1,0.00038033843,0.0,s_ma,c_ma,c_ma,interleaved
1,0.0027598662,0.0,s_ma,c_ma,c_ms,interleaved
1,0.0006152303,0.0,s_ma,c_ma,c_ms,interleaved
1,0.57042336,1.0,s_ms,c_ms,c_ms,interleaved
1,0.4382712,0.0,s_ms,c_ms,c_ma,interleaved
1,0.63426995,1.0,s_ms,c_ms,c_ms,interleaved
1,0.68173385,1.0,s_ms,c_ms,c_ma,interleaved
1,0.5925338,1.0,s_ms,c_ms,c_ma,interleaved
1,0.00014195949,0.0,s_ma,c_ms,c_ma,interleaved
1,0.0004232006,0.0,s_ma,c_ms,c_ms,interleaved
1,0.0007955329,0.0,s_ma,c_ms,c_ms,interleaved
1,0.00025419134,0.0,s_ma,c_ms,c_ma,interleaved
1,0.0041597974,0.0,s_ma,c_ms,c_ms,interleaved
1,0.66724,1.0,s_ms,c_ma,c_ms,interleaved
1,0.7614796,1.0,s_ms,c_ma,c_ma,interleaved
1,0.5894178,1.0,s_ms,c_ma,c_ma,interleaved
1,0.53799355,1.0,s_ms,c_ma,c_ms,interleaved
1,0.57883525,1.0,s_ms,c_ma,c_ms,interleaved
1,0.0030965728,0.0,s_ma,c_ma,c_ma,interleaved
1,0.00071655854,0.0,s_ma,c_ma,c_ms,interleaved
1,0.003656946,0.0,s_ma,c_ma,c_ma,interleaved
1,0.00064812,0.0,s_ma,c_ma,c_ms,interleaved
1,0.0005960939,0.0,s_ma,c_ma,c_ms,random
1,0.0008318988,0.0,s_ma,c_ma,c_ma,random
1,0.00045425803,0.0,s_ma,c_ma,c_ms,random
1,0.0025464825,0.0,s_ma,c_ma,c_ms,random
1,0.43427756,0.0,s_ms,c_ma,c_ms,random
1,0.43565348,0.0,s_ms,c_ma,c_ma,random
1,0.22409901,0.0,s_ms,c_ma,c_ma,random
1,0.38290507,0.0,s_ms,c_ma,c_ms,random
1,0.3354408,0.0,s_ms,c_ma,c_ma,random
1,0.00015555054,0.0,s_ma,c_ms,c_ma,random
1,0.00021861972,0.0,s_ma,c_ms,c_ms,random
1,0.0004707197,0.0,s_ma,c_ms,c_ms,random
1,0.00028883485,0.0,s_ma,c_ms,c_ma,random
1,0.0014919904,0.0,s_ma,c_ms,c_ma,random
1,0.22479671,0.0,s_ms,c_ms,c_ms,random
1,0.21953323,0.0,s_ms,c_ms,c_ma,random
1,0.30688167,0.0,s_ms,c_ms,c_ms,random
1,0.39823171,0.0,s_ms,c_ms,c_ma,random
1,0.32844096,0.0,s_ms,c_ms,c_ms,random
1,0.0005715054,0.0,s_ma,c_ma,c_ms,random
1,0.0003737259,0.0,s_ma,c_ma,c_ms,random
1,7.728192e-05,0.0,s_ma,c_ma,c_ma,random
1,0.0007718168,0.0,s_ma,c_ma,c_ma,random
1,0.23023354,0.0,s_ms,c_ma,c_ma,random
1,0.28706303,0.0,s_ms,c_ma,c_ms,random
1,0.47525424,0.0,s_ms,c_ma,c_ms,random
1,0.2600345,0.0,s_ms,c_ma,c_ma,random
1,0.3945222,0.0,s_ms,c_ma,c_ms,random
1,0.00012969834,0.0,s_ma,c_ms,c_ms,random
1,3.5178415e-05,0.0,s_ma,c_ms,c_ma,random
1,0.0001313262,0.0,s_ma,c_ms,c_ma,random
1,0.00055252685,0.0,s_ma,c_ms,c_ms,random
1,0.00023038307,0.0,s_ma,c_ms,c_ms,random
1,0.36380225,0.0,s_ms,c_ms,c_ma,random
1,0.33785623,0.0,s_ms,c_ms,c_ms,random
1,0.46454555,0.0,s_ms,c_ms,c_ma,random
1,0.3561223,0.0,s_ms,c_ms,c_ms,random
1,0.48957676,0.0,s_ms,c_ms,c_ma,random
1,0.00075872266,0.0,s_ma,c_ma,c_ma,random
1,0.00038640876,0.0,s_ma,c_ma,c_ms,random
1,0.00039507065,0.0,s_ma,c_ma,c_ms,random
1,0.002124459,0.0,s_ma,c_ma,c_ms,random
1,0.20006588,0.0,s_ms,c_ma,c_ms,random
1,0.28248394,0.0,s_ms,c_ma,c_ma,random
1,0.25195295,0.0,s_ms,c_ma,c_ma,random
1,0.28006798,0.0,s_ms,c_ma,c_ms,random
1,0.28315797,0.0,s_ms,c_ma,c_ma,random
1,0.0002822727,0.0,s_ma,c_ms,c_ma,random
1,0.00021228689,0.0,s_ma,c_ms,c_ms,random
1,0.00021846582,0.0,s_ma,c_ms,c_ms,random
1,7.774048e-05,0.0,s_ma,c_ms,c_ma,random
1,6.3808984e-05,0.0,s_ma,c_ms,c_ma,random
1,0.24038902,0.0,s_ms,c_ms,c_ms,random
1,0.23998563,0.0,s_ms,c_ms,c_ma,random
1,0.34345394,0.0,s_ms,c_ms,c_ms,random
1,0.42753375,0.0,s_ms,c_ms,c_ma,random
1,0.2878484,0.0,s_ms,c_ms,c_ms,random
1,0.00042262918,0.0,s_ma,c_ma,c_ms,random
1,7.743036e-05,0.0,s_ma,c_ma,c_ma,random
1,0.00039703434,0.0,s_ma,c_ma,c_ms,random
1,0.00068218145,0.0,s_ma,c_ma,c_ma,random
1,0.38725793,0.0,s_ms,c_ma,c_ma,random
1,0.32541427,0.0,s_ms,c_ma,c_ms,random
1,0.22415124,0.0,s_ms,c_ma,c_ms,random
1,0.19738856,0.0,s_ms,c_ma,c_ma,random
1,0.22247535,0.0,s_ms,c_ma,c_ms,random
1,4.9826434e-05,0.0,s_ma,c_ms,c_ms,random
1,4.3534237e-05,0.0,s_ma,c_ms,c_ma,random
1,5.7459612e-05,0.0,s_ma,c_ms,c_ma,random
1,1.9663468e-05,0.0,s_ma,c_ms,c_ms,random
1,4.442266e-05,0.0,s_ma,c_ms,c_ms,random
1,0.32971084,0.0,s_ms,c_ms,c_ma,random
1,0.14856854,0.0,s_ms,c_ms,c_ms,random
1,0.24828166,0.0,s_ms,c_ms,c_ma,random
1,0.35259435,0.0,s_ms,c_ms,c_ms,random
1,0.24071032,0.0,s_ms,c_ms,c_ma,random
1,0.0025191582,0.0,s_ma,c_ma,c_ms,random
1,0.00072966097,0.0,s_ma,c_ma,c_ma,random
1,0.0021782902,0.0,s_ma,c_ma,c_ms,random
1,0.00071819086,0.0,s_ma,c_ma,c_ma,random
1,0.29023957,0.0,s_ms,c_ma,c_ma,random
1,0.27136385,0.0,s_ms,c_ma,c_ms,random
1,0.35214287,0.0,s_ms,c_ma,c_ms,random
1,0.31260687,0.0,s_ms,c_ma,c_ma,random
1,0.32761008,0.0,s_ms,c_ma,c_ms,random
1,0.00012608684,0.0,s_ma,c_ms,c_ms,random
1,0.00023445208,0.0,s_ma,c_ms,c_ma,random
1,0.00053366984,0.0,s_ma,c_ms,c_ma,random
1,0.00027635382,0.0,s_ma,c_ms,c_ms,random
1,0.0005702744,0.0,s_ma,c_ms,c_ms,random
1,0.3157696,0.0,s_ms,c_ms,c_ma,random
1,0.3378848,0.0,s_ms,c_ms,c_ms,random
1,0.3289052,0.0,s_ms,c_ms,c_ma,random
1,0.5738895,1.0,s_ms,c_ms,c_ms,random
1,0.3396867,0.0,s_ms,c_ms,c_ma,random
1,0.4867311,0.0,s_ms,c_ma,c_ms,random
1,0.7042414,1.0,s_ms,c_ma,c_ma,random
1,0.7383895,1.0,s_ms,c_ma,c_ms,random
1,0.52765524,1.0,s_ms,c_ma,c_ma,random
1,0.6239935,1.0,s_ms,c_ma,c_ma,random
1,5.5861787e-05,0.0,s_ma,c_ma,c_ms,random
1,5.029235e-05,0.0,s_ma,c_ma,c_ms,random
1,8.4261635e-05,0.0,s_ma,c_ma,c_ma,random
1,3.146705e-05,0.0,s_ma,c_ma,c_ms,random
1,0.9217688,1.0,s_ms,c_ms,c_ms,random
1,0.5853238,1.0,s_ms,c_ms,c_ma,random
1,0.8635819,1.0,s_ms,c_ms,c_ma,random
1,0.75833166,1.0,s_ms,c_ms,c_ms,random
1,0.79773235,1.0,s_ms,c_ms,c_ms,random
1,9.414006e-05,0.0,s_ma,c_ms,c_ma,random
1,3.9897233e-05,0.0,s_ma,c_ms,c_ms,random
1,6.31654e-05,0.0,s_ma,c_ms,c_ma,random
1,7.564089e-05,0.0,s_ma,c_ms,c_ms,random
1,0.00012046016,0.0,s_ma,c_ms,c_ma,random
1,0.46281236,0.0,s_ms,c_ma,c_ma,random
1,0.6282469,1.0,s_ms,c_ma,c_ms,random
1,0.63047326,1.0,s_ms,c_ma,c_ma,random
1,0.58849573,1.0,s_ms,c_ma,c_ms,random
1,0.62069476,1.0,s_ms,c_ma,c_ms,random
1,5.1069157e-05,0.0,s_ma,c_ma,c_ms,random
1,2.9302613e-05,0.0,s_ma,c_ma,c_ma,random
1,1.2211478e-06,0.0,s_ma,c_ma,c_ms,random
1,7.6024244e-06,0.0,s_ma,c_ma,c_ma,random
1,0.80624294,1.0,s_ms,c_ms,c_ma,random
1,0.74769866,1.0,s_ms,c_ms,c_ms,random
1,0.76666725,1.0,s_ms,c_ms,c_ms,random
1,0.80394155,1.0,s_ms,c_ms,c_ma,random
1,0.7959161,1.0,s_ms,c_ms,c_ma,random
1,4.3758107e-05,0.0,s_ma,c_ms,c_ms,random
1,3.483647e-05,0.0,s_ma,c_ms,c_ma,random
1,0.000244944,0.0,s_ma,c_ms,c_ms,random
1,0.0001702604,0.0,s_ma,c_ms,c_ma,random
1,0.00031362183,0.0,s_ma,c_ms,c_ms,random
1,0.7159624,1.0,s_ms,c_ma,c_ma,random
1,0.4334672,0.0,s_ms,c_ma,c_ms,random
1,0.7063215,1.0,s_ms,c_ma,c_ma,random
1,0.7085575,1.0,s_ms,c_ma,c_ms,random
1,0.5843018,1.0,s_ms,c_ma,c_ms,random
1,5.3402153e-05,0.0,s_ma,c_ma,c_ms,random
1,3.141827e-05,0.0,s_ma,c_ma,c_ma,random
1,0.0002617813,0.0,s_ma,c_ma,c_ms,random
1,0.00047830545,0.0,s_ma,c_ma,c_ma,random
1,0.90879524,1.0,s_ms,c_ms,c_ma,random
1,0.8788072,1.0,s_ms,c_ms,c_ms,random
1,0.8759143,1.0,s_ms,c_ms,c_ms,random
1,0.82933205,1.0,s_ms,c_ms,c_ma,random
1,0.91822094,1.0,s_ms,c_ms,c_ma,random
1,0.00087788963,0.0,s_ma,c_ms,c_ms,random
1,0.00035891394,0.0,s_ma,c_ms,c_ma,random
1,0.014693654,0.0,s_ma,c_ms,c_ms,random
1,0.0009682447,0.0,s_ma,c_ms,c_ma,random
1,0.00078060915,0.0,s_ma,c_ms,c_ms,random
1,0.52913845,1.0,s_ms,c_ma,c_ms,random
1,0.6222636,1.0,s_ms,c_ma,c_ma,random
1,0.6128532,1.0,s_ms,c_ma,c_ms,random
1,0.70898455,1.0,s_ms,c_ma,c_ma,random
1,0.5746894,1.0,s_ms,c_ma,c_ma,random
1,7.56584e-05,0.0,s_ma,c_ma,c_ma,random
1,1.2065002e-06,0.0,s_ma,c_ma,c_ms,random
1,0.00023476391,0.0,s_ma,c_ma,c_ms,random
1,0.00047819404,0.0,s_ma,c_ma,c_ms,random
1,0.9517659,1.0,s_ms,c_ms,c_ms,random
1,0.9473181,1.0,s_ms,c_ms,c_ma,random
1,0.9322165,1.0,s_ms,c_ms,c_ma,random
1,0.93507206,1.0,s_ms,c_ms,c_ms,random
1,0.879877,1.0,s_ms,c_ms,c_ms,random
1,1.1615251e-05,0.0,s_ma,c_ms,c_ma,random
1,0.00046278234,0.0,s_ma,c_ms,c_ms,random
1,0.0018226323,0.0,s_ma,c_ms,c_ma,random
1,2.8543169e-05,0.0,s_ma,c_ms,c_ms,random
1,0.00022891363,0.0,s_ma,c_ms,c_ma,random
1,0.57030684,1.0,s_ms,c_ma,c_ma,random
1,0.49090037,0.0,s_ms,c_ma,c_ms,random
1,0.60314405,1.0,s_ms,c_ma,c_ma,random
1,0.70353305,1.0,s_ms,c_ma,c_ms,random
1,0.5797956,1.0,s_ms,c_ma,c_ms,random
1,3.540123e-05,0.0,s_ma,c_ma,c_ms,random
1,8.884013e-06,0.0,s_ma,c_ma,c_ma,random
1,0.0005026416,0.0,s_ma,c_ma,c_ma,random
1,0.0004935194,0.0,s_ma,c_ma,c_ms,random
1,0.8246237,1.0,s_ms,c_ms,c_ma,random
1,0.9040135,1.0,s_ms,c_ms,c_ms,random
1,0.8495061,1.0,s_ms,c_ms,c_ms,random
1,0.8868224,1.0,s_ms,c_ms,c_ma,random
1,0.91490465,1.0,s_ms,c_ms,c_ma,random
1,0.00020917201,0.0,s_ma,c_ms,c_ms,random
1,0.0005400471,0.0,s_ma,c_ms,c_ma,random
1,0.0014474923,0.0,s_ma,c_ms,c_ms,random
1,0.0016500853,0.0,s_ma,c_ms,c_ma,random
1,0.0043619294,0.0,s_ma,c_ms,c_ms,random
1,0.00014665733,0.0,s_ma,c_ms,c_ma,random
1,0.00012883623,0.0,s_ma,c_ms,c_ms,random
1,0.00028986897,0.0,s_ma,c_ms,c_ma,random
1,5.160897e-05,0.0,s_ma,c_ms,c_ms,random
1,0.000105241445,0.0,s_ma,c_ms,c_ms,random
1,0.054091625,0.0,s_ms,c_ms,c_ms,random
1,0.14628015,0.0,s_ms,c_ms,c_ma,random
1,0.060670808,0.0,s_ms,c_ms,c_ma,random
1,0.03255336,0.0,s_ms,c_ms,c_ms,random
1,0.10646968,0.0,s_ms,c_ms,c_ma,random
1,0.00017131536,0.0,s_ma,c_ma,c_ms,random
1,0.00021819418,0.0,s_ma,c_ma,c_ms,random
1,2.747972e-05,0.0,s_ma,c_ma,c_ma,random
1,3.4677447e-05,0.0,s_ma,c_ma,c_ma,random
1,0.17691877,0.0,s_ms,c_ma,c_ms,random
1,0.30178812,0.0,s_ms,c_ma,c_ma,random
1,0.24296749,0.0,s_ms,c_ma,c_ms,random
1,0.1753024,0.0,s_ms,c_ma,c_ma,random
1,0.26367056,0.0,s_ms,c_ma,c_ms,random
1,0.00019494307,0.0,s_ma,c_ms,c_ms,random
1,3.3587516e-05,0.0,s_ma,c_ms,c_ma,random
1,0.00020968146,0.0,s_ma,c_ms,c_ms,random
1,4.3404274e-05,0.0,s_ma,c_ms,c_ma,random
1,0.00022375832,0.0,s_ma,c_ms,c_ma,random
1,0.33007723,0.0,s_ms,c_ms,c_ma,random
1,0.19158196,0.0,s_ms,c_ms,c_ms,random
1,0.07353419,0.0,s_ms,c_ms,c_ms,random
1,0.043463916,0.0,s_ms,c_ms,c_ma,random
1,0.059697516,0.0,s_ms,c_ms,c_ms,random
1,0.0001832996,0.0,s_ma,c_ma,c_ms,random
1,8.614082e-05,0.0,s_ma,c_ma,c_ma,random
1,0.0011849907,0.0,s_ma,c_ma,c_ms,random
1,0.0001640275,0.0,s_ma,c_ma,c_ms,random
1,0.17824447,0.0,s_ms,c_ma,c_ma,random
1,0.22171777,0.0,s_ms,c_ma,c_ms,random
1,0.29415923,0.0,s_ms,c_ma,c_ma,random
1,0.2862823,0.0,s_ms,c_ma,c_ms,random
1,0.18492898,0.0,s_ms,c_ma,c_ma,random
1,0.00034118854,0.0,s_ma,c_ms,c_ms,random
1,0.00012607218,0.0,s_ma,c_ms,c_ma,random
1,0.00018860729,0.0,s_ma,c_ms,c_ms,random
1,4.9170223e-05,0.0,s_ma,c_ms,c_ma,random
1,0.00037688305,0.0,s_ma,c_ms,c_ma,random
1,0.09190713,0.0,s_ms,c_ms,c_ma,random
1,0.16525638,0.0,s_ms,c_ms,c_ms,random
1,0.08608386,0.0,s_ms,c_ms,c_ms,random
1,0.041169707,0.0,s_ms,c_ms,c_ma,random
1,0.10098318,0.0,s_ms,c_ms,c_ms,random
1,0.00023111128,0.0,s_ma,c_ma,c_ms,random
1,9.347819e-05,0.0,s_ma,c_ma,c_ma,random
1,0.00019555406,0.0,s_ma,c_ma,c_ms,random
1,0.00044431348,0.0,s_ma,c_ma,c_ms,random
1,0.38839462,0.0,s_ms,c_ma,c_ma,random
1,0.24691753,0.0,s_ms,c_ma,c_ms,random
1,0.38099158,0.0,s_ms,c_ma,c_ma,random
1,0.098358095,0.0,s_ms,c_ma,c_ms,random
1,0.29663008,0.0,s_ms,c_ma,c_ma,random
1,0.00026111404,0.0,s_ma,c_ms,c_ma,random
1,0.00051247183,0.0,s_ma,c_ms,c_ms,random
1,7.0913506e-05,0.0,s_ma,c_ms,c_ma,random
1,2.0222391e-05,0.0,s_ma,c_ms,c_ms,random
1,0.00024102042,0.0,s_ma,c_ms,c_ms,random
1,0.17512476,0.0,s_ms,c_ms,c_ms,random
1,0.12538967,0.0,s_ms,c_ms,c_ma,random
1,0.1155123,0.0,s_ms,c_ms,c_ma,random
1,0.045649596,0.0,s_ms,c_ms,c_ms,random
1,0.075839624,0.0,s_ms,c_ms,c_ma,random
1,2.9733354e-05,0.0,s_ma,c_ma,c_ma,random
1,0.0011099535,0.0,s_ma,c_ma,c_ms,random
1,0.00017823261,0.0,s_ma,c_ma,c_ms,random
1,0.00013267582,0.0,s_ma,c_ma,c_ma,random
1,0.31238437,0.0,s_ms,c_ma,c_ms,random
1,0.36698315,0.0,s_ms,c_ma,c_ma,random
1,0.4240613,0.0,s_ms,c_ma,c_ms,random
1,0.39389718,0.0,s_ms,c_ma,c_ma,random
1,0.38209945,0.0,s_ms,c_ma,c_ms,random
1,0.0014068518,0.0,s_ma,c_ms,c_ma,random
1,0.00024911892,0.0,s_ma,c_ms,c_ms,random
1,6.358084e-05,0.0,s_ma,c_ms,c_ma,random
1,4.5959765e-05,0.0,s_ma,c_ms,c_ms,random
1,0.00057854515,0.0,s_ma,c_ms,c_ms,random
1,0.14529416,0.0,s_ms,c_ms,c_ms,random
1,0.12580025,0.0,s_ms,c_ms,c_ma,random
1,0.057475388,0.0,s_ms,c_ms,c_ma,random
1,0.081697494,0.0,s_ms,c_ms,c_ms,random
1,0.055905726,0.0,s_ms,c_ms,c_ma,random
1,3.5854828e-05,0.0,s_ma,c_ma,c_ma,random
1,0.00015936737,0.0,s_ma,c_ma,c_ms,random
1,0.0004326854,0.0,s_ma,c_ma,c_ms,random
1,0.00013462591,0.0,s_ma,c_ma,c_ma,random
1,0.2704877,0.0,s_ms,c_ma,c_ms,random
1,0.33141106,0.0,s_ms,c_ma,c_ma,random
1,0.38080534,0.0,s_ms,c_ma,c_ms,random
1,0.13132846,0.0,s_ms,c_ma,c_ma,random
1,0.34008867,0.0,s_ms,c_ma,c_ms,random
1,0.6928102,1.0,s_ms,c_ms,c_ms,random
1,0.5349024,1.0,s_ms,c_ms,c_ma,random
1,0.68379545,1.0,s_ms,c_ms,c_ms,random
1,0.61020035,1.0,s_ms,c_ms,c_ma,random
1,0.62589,1.0,s_ms,c_ms,c_ma,random
1,8.839127e-05,0.0,s_ma,c_ms,c_ma,random
1,5.8308513e-05,0.0,s_ma,c_ms,c_ms,random
1,0.0008396718,0.0,s_ma,c_ms,c_ms,random
1,1.23083055e-05,0.0,s_ma,c_ms,c_ma,random
1,0.00021216455,0.0,s_ma,c_ms,c_ms,random
1,0.75017345,1.0,s_ms,c_ma,c_ms,random
1,0.7554915,1.0,s_ms,c_ma,c_ma,random
1,0.5303564,1.0,s_ms,c_ma,c_ma,random
1,0.57640874,1.0,s_ms,c_ma,c_ms,random
1,0.6572782,1.0,s_ms,c_ma,c_ms,random
1,0.0001843932,0.0,s_ma,c_ma,c_ms,random
1,0.0015621717,0.0,s_ma,c_ma,c_ma,random
1,0.00062958914,0.0,s_ma,c_ma,c_ms,random
1,0.0029226923,0.0,s_ma,c_ma,c_ma,random
1,0.7108964,1.0,s_ms,c_ms,c_ma,random
1,0.5648718,1.0,s_ms,c_ms,c_ms,random
1,0.6817886,1.0,s_ms,c_ms,c_ma,random
1,0.78546214,1.0,s_ms,c_ms,c_ms,random
1,0.5827842,1.0,s_ms,c_ms,c_ms,random
1,4.2153068e-05,0.0,s_ma,c_ms,c_ms,random
1,3.516303e-05,0.0,s_ma,c_ms,c_ma,random
1,0.00033911053,0.0,s_ma,c_ms,c_ma,random
1,0.00047592793,0.0,s_ma,c_ms,c_ms,random
1,0.00040813407,0.0,s_ma,c_ms,c_ma,random
1,0.59314144,1.0,s_ms,c_ma,c_ma,random
1,0.7034782,1.0,s_ms,c_ma,c_ms,random
1,0.6438818,1.0,s_ms,c_ma,c_ms,random
1,0.52692026,1.0,s_ms,c_ma,c_ma,random
1,0.5297066,1.0,s_ms,c_ma,c_ma,random
1,0.00018937218,0.0,s_ma,c_ma,c_ms,random
1,0.0039624562,0.0,s_ma,c_ma,c_ms,random
1,0.0003783493,0.0,s_ma,c_ma,c_ma,random
1,0.0007022979,0.0,s_ma,c_ma,c_ms,random
1,0.61201334,1.0,s_ms,c_ms,c_ms,random
1,0.4327193,0.0,s_ms,c_ms,c_ma,random
1,0.5610759,1.0,s_ms,c_ms,c_ms,random
1,0.665695,1.0,s_ms,c_ms,c_ma,random
1,0.6054419,1.0,s_ms,c_ms,c_ma,random
1,7.792977e-05,0.0,s_ma,c_ms,c_ma,random
1,0.00031410967,0.0,s_ma,c_ms,c_ms,random
1,0.014868435,0.0,s_ma,c_ms,c_ms,random
1,0.0024156459,0.0,s_ma,c_ms,c_ma,random
1,0.0014989387,0.0,s_ma,c_ms,c_ms,random
1,0.6805269,1.0,s_ms,c_ma,c_ms,random
1,0.6359873,1.0,s_ms,c_ma,c_ma,random
1,0.54053533,1.0,s_ms,c_ma,c_ma,random
1,0.49059996,0.0,s_ms,c_ma,c_ms,random
1,0.54103714,1.0,s_ms,c_ma,c_ms,random
1,0.0017854628,0.0,s_ma,c_ma,c_ma,random
1,0.004366845,0.0,s_ma,c_ma,c_ms,random
1,0.002858934,0.0,s_ma,c_ma,c_ms,random
1,0.0038678953,0.0,s_ma,c_ma,c_ma,random
1,0.53451884,1.0,s_ms,c_ms,c_ma,random
1,0.57561046,1.0,s_ms,c_ms,c_ms,random
1,0.48851305,0.0,s_ms,c_ms,c_ma,random
1,0.56853294,1.0,s_ms,c_ms,c_ms,random
1,0.3887698,0.0,s_ms,c_ms,c_ms,random
1,7.692676e-05,0.0,s_ma,c_ms,c_ms,random
1,0.00018998816,0.0,s_ma,c_ms,c_ma,random
1,0.00087927654,0.0,s_ma,c_ms,c_ma,random
1,2.8242184e-05,0.0,s_ma,c_ms,c_ms,random
1,0.0017400681,0.0,s_ma,c_ms,c_ma,random
1,0.7577908,1.0,s_ms,c_ma,c_ma,random
1,0.5913974,1.0,s_ms,c_ma,c_ms,random
1,0.85506403,1.0,s_ms,c_ma,c_ms,random
1,0.47646585,0.0,s_ms,c_ma,c_ma,random
1,0.8180865,1.0,s_ms,c_ma,c_ma,random
1,0.0006452999,0.0,s_ma,c_ma,c_ms,random
1,0.00038033843,0.0,s_ma,c_ma,c_ma,random
1,0.0027598662,0.0,s_ma,c_ma,c_ms,random
1,0.0006152303,0.0,s_ma,c_ma,c_ms,random
1,0.57042336,1.0,s_ms,c_ms,c_ms,random
1,0.4382712,0.0,s_ms,c_ms,c_ma,random
1,0.63426995,1.0,s_ms,c_ms,c_ms,random
1,0.68173385,1.0,s_ms,c_ms,c_ma,random
1,0.5925338,1.0,s_ms,c_ms,c_ma,random
1,0.00014195949,0.0,s_ma,c_ms,c_ma,random
1,0.0004232006,0.0,s_ma,c_ms,c_ms,random
1,0.0007955329,0.0,s_ma,c_ms,c_ms,random
1,0.00025419134,0.0,s_ma,c_ms,c_ma,random
1,0.0041597974,0.0,s_ma,c_ms,c_ms,random
1,0.66724,1.0,s_ms,c_ma,c_ms,random
1,0.7614796,1.0,s_ms,c_ma,c_ma,random
1,0.5894178,1.0,s_ms,c_ma,c_ma,random
1,0.53799355,1.0,s_ms,c_ma,c_ms,random
1,0.57883525,1.0,s_ms,c_ma,c_ms,random
1,0.0030965728,0.0,s_ma,c_ma,c_ma,random
1,0.00071655854,0.0,s_ma,c_ma,c_ms,random
1,0.003656946,0.0,s_ma,c_ma,c_ma,random
1,0.00064812,0.0,s_ma,c_ma,c_ms,random
2,2.4247996e-05,0.0,s_ma,c_ma,c_ms,blocked
2,1.1299313e-05,0.0,s_ma,c_ma,c_ma,blocked
2,5.036604e-06,0.0,s_ma,c_ma,c_ms,blocked
2,5.91835e-05,0.0,s_ma,c_ma,c_ms,blocked
2,0.22534615,0.0,s_ms,c_ma,c_ms,blocked
2,0.19708717,0.0,s_ms,c_ma,c_ma,blocked
2,0.19084233,0.0,s_ms,c_ma,c_ma,blocked
2,0.15789293,0.0,s_ms,c_ma,c_ms,blocked
2,0.1730451,0.0,s_ms,c_ma,c_ma,blocked
2,3.4346583e-06,0.0,s_ma,c_ms,c_ma,blocked
2,8.037263e-05,0.0,s_ma,c_ms,c_ms,blocked
2,0.00016854596,0.0,s_ma,c_ms,c_ms,blocked
2,8.9909794e-05,0.0,s_ma,c_ms,c_ma,blocked
2,1.7033706e-05,0.0,s_ma,c_ms,c_ma,blocked
2,0.09840504,0.0,s_ms,c_ms,c_ms,blocked
2,0.08184943,0.0,s_ms,c_ms,c_ma,blocked
2,0.086198136,0.0,s_ms,c_ms,c_ms,blocked
2,0.05307473,0.0,s_ms,c_ms,c_ma,blocked
2,0.13524178,0.0,s_ms,c_ms,c_ms,blocked
2,2.5876463e-05,0.0,s_ma,c_ma,c_ms,blocked
2,2.514839e-05,0.0,s_ma,c_ma,c_ms,blocked
2,1.4740679e-06,0.0,s_ma,c_ma,c_ma,blocked
2,6.530712e-05,0.0,s_ma,c_ma,c_ma,blocked
2,0.31736034,0.0,s_ms,c_ma,c_ma,blocked
2,0.23799536,0.0,s_ms,c_ma,c_ms,blocked
2,0.29634064,0.0,s_ms,c_ma,c_ms,blocked
2,0.21711038,0.0,s_ms,c_ma,c_ma,blocked
2,0.24375209,0.0,s_ms,c_ma,c_ms,blocked
2,8.7779335e-06,0.0,s_ma,c_ms,c_ms,blocked
2,2.5079167e-05,0.0,s_ma,c_ms,c_ma,blocked
2,4.559652e-05,0.0,s_ma,c_ms,c_ma,blocked
2,6.880121e-05,0.0,s_ma,c_ms,c_ms,blocked
2,1.8071773e-05,0.0,s_ma,c_ms,c_ms,blocked
2,0.14285614,0.0,s_ms,c_ms,c_ma,blocked
2,0.09086008,0.0,s_ms,c_ms,c_ms,blocked
2,0.10360038,0.0,s_ms,c_ms,c_ma,blocked
2,0.09213665,0.0,s_ms,c_ms,c_ms,blocked
2,0.1522375,0.0,s_ms,c_ms,c_ma,blocked
2,1.3511269e-05,0.0,s_ma,c_ma,c_ma,blocked
2,2.9723684e-05,0.0,s_ma,c_ma,c_ms,blocked
2,1.4456211e-05,0.0,s_ma,c_ma,c_ms,blocked
2,1.650046e-05,0.0,s_ma,c_ma,c_ms,blocked
2,0.31654945,0.0,s_ms,c_ma,c_ms,blocked
2,0.3402862,0.0,s_ms,c_ma,c_ma,blocked
2,0.27846107,0.0,s_ms,c_ma,c_ma,blocked
2,0.28905785,0.0,s_ms,c_ma,c_ms,blocked
2,0.29526782,0.0,s_ms,c_ma,c_ma,blocked
2,7.3307034e-05,0.0,s_ma,c_ms,c_ma,blocked
2,0.00013372005,0.0,s_ma,c_ms,c_ms,blocked
2,4.6240006e-05,0.0,s_ma,c_ms,c_ms,blocked
2,0.00016936404,0.0,s_ma,c_ms,c_ma,blocked
2,0.00016472672,0.0,s_ma,c_ms,c_ma,blocked
2,0.22972238,0.0,s_ms,c_ms,c_ms,blocked
2,0.18860692,0.0,s_ms,c_ms,c_ma,blocked
2,0.16767654,0.0,s_ms,c_ms,c_ms,blocked
2,0.14961363,0.0,s_ms,c_ms,c_ma,blocked
2,0.18643066,0.0,s_ms,c_ms,c_ms,blocked
2,4.8914562e-06,0.0,s_ma,c_ma,c_ms,blocked
2,1.3925635e-06,0.0,s_ma,c_ma,c_ma,blocked
2,1.287568e-05,0.0,s_ma,c_ma,c_ms,blocked
2,5.208133e-06,0.0,s_ma,c_ma,c_ma,blocked
2,0.22425358,0.0,s_ms,c_ma,c_ma,blocked
2,0.18850644,0.0,s_ms,c_ma,c_ms,blocked
2,0.20917082,0.0,s_ms,c_ma,c_ms,blocked
2,0.17315404,0.0,s_ms,c_ma,c_ma,blocked
2,0.1990507,0.0,s_ms,c_ma,c_ms,blocked
2,2.2329259e-05,0.0,s_ma,c_ms,c_ms,blocked
2,3.9747433e-06,0.0,s_ma,c_ms,c_ma,blocked
2,1.4277331e-05,0.0,s_ma,c_ms,c_ma,blocked
2,3.063684e-06,0.0,s_ma,c_ms,c_ms,blocked
2,9.138447e-05,0.0,s_ma,c_ms,c_ms,blocked
2,0.08151451,0.0,s_ms,c_ms,c_ma,blocked
2,0.080797136,0.0,s_ms,c_ms,c_ms,blocked
2,0.1281811,0.0,s_ms,c_ms,c_ma,blocked
2,0.11275527,0.0,s_ms,c_ms,c_ms,blocked
2,0.08787638,0.0,s_ms,c_ms,c_ma,blocked
2,5.5946515e-05,0.0,s_ma,c_ma,c_ms,blocked
2,6.6459084e-05,0.0,s_ma,c_ma,c_ma,blocked
2,1.4622278e-05,0.0,s_ma,c_ma,c_ms,blocked
2,5.021368e-06,0.0,s_ma,c_ma,c_ma,blocked
2,0.20137307,0.0,s_ms,c_ma,c_ma,blocked
2,0.17857206,0.0,s_ms,c_ma,c_ms,blocked
2,0.26606464,0.0,s_ms,c_ma,c_ms,blocked
2,0.121248275,0.0,s_ms,c_ma,c_ma,blocked
2,0.20277148,0.0,s_ms,c_ma,c_ms,blocked
2,3.7774662e-06,0.0,s_ma,c_ms,c_ms,blocked
2,5.956282e-06,0.0,s_ma,c_ms,c_ma,blocked
2,2.2088996e-05,0.0,s_ma,c_ms,c_ma,blocked
2,1.1202364e-05,0.0,s_ma,c_ms,c_ms,blocked
2,2.7575132e-05,0.0,s_ma,c_ms,c_ms,blocked
2,0.09332357,0.0,s_ms,c_ms,c_ma,blocked
2,0.0875368,0.0,s_ms,c_ms,c_ms,blocked
2,0.050302282,0.0,s_ms,c_ms,c_ma,blocked
2,0.05846431,0.0,s_ms,c_ms,c_ms,blocked
2,0.07885167,0.0,s_ms,c_ms,c_ma,blocked
2,0.66509855,1.0,s_ms,c_ma,c_ms,blocked
2,0.56439984,1.0,s_ms,c_ma,c_ma,blocked
2,0.56661236,1.0,s_ms,c_ma,c_ms,blocked
2,0.6586988,1.0,s_ms,c_ma,c_ma,blocked
2,0.7034111,1.0,s_ms,c_ma,c_ma,blocked
2,5.333695e-05,0.0,s_ma,c_ma,c_ms,blocked
2,4.3158252e-05,0.0,s_ma,c_ma,c_ms,blocked
2,2.2270451e-05,0.0,s_ma,c_ma,c_ma,blocked
2,0.00018655708,0.0,s_ma,c_ma,c_ms,blocked
2,0.24204421,0.0,s_ms,c_ms,c_ms,blocked
2,0.21015212,0.0,s_ms,c_ms,c_ma,blocked
2,0.29897368,0.0,s_ms,c_ms,c_ma,blocked
2,0.22377491,0.0,s_ms,c_ms,c_ms,blocked
2,0.33103514,0.0,s_ms,c_ms,c_ms,blocked
2,1.1893625e-05,0.0,s_ma,c_ms,c_ma,blocked
2,7.671195e-05,0.0,s_ma,c_ms,c_ms,blocked
2,0.00023363369,0.0,s_ma,c_ms,c_ma,blocked
2,0.00014693844,0.0,s_ma,c_ms,c_ms,blocked
2,5.0216113e-06,0.0,s_ma,c_ms,c_ma,blocked
2,0.67228496,1.0,s_ms,c_ma,c_ma,blocked
2,0.6308377,1.0,s_ms,c_ma,c_ms,blocked
2,0.5169507,1.0,s_ms,c_ma,c_ma,blocked
2,0.7224619,1.0,s_ms,c_ma,c_ms,blocked
2,0.6847185,1.0,s_ms,c_ma,c_ms,blocked
2,5.8807254e-05,0.0,s_ma,c_ma,c_ms,blocked
2,9.037439e-06,0.0,s_ma,c_ma,c_ma,blocked
2,1.8278943e-05,0.0,s_ma,c_ma,c_ms,blocked
2,0.0023198766,0.0,s_ma,c_ma,c_ma,blocked
2,0.21259224,0.0,s_ms,c_ms,c_ma,blocked
2,0.23228706,0.0,s_ms,c_ms,c_ms,blocked
2,0.28346595,0.0,s_ms,c_ms,c_ms,blocked
2,0.122961655,0.0,s_ms,c_ms,c_ma,blocked
2,0.16444725,0.0,s_ms,c_ms,c_ma,blocked
2,3.366007e-06,0.0,s_ma,c_ms,c_ms,blocked
2,2.5707785e-05,0.0,s_ma,c_ms,c_ma,blocked
2,0.00019427764,0.0,s_ma,c_ms,c_ms,blocked
2,1.934249e-05,0.0,s_ma,c_ms,c_ma,blocked
2,9.563404e-06,0.0,s_ma,c_ms,c_ms,blocked
2,0.73283654,1.0,s_ms,c_ma,c_ma,blocked
2,0.60903156,1.0,s_ms,c_ma,c_ms,blocked
2,0.6458515,1.0,s_ms,c_ma,c_ma,blocked
2,0.6958225,1.0,s_ms,c_ma,c_ms,blocked
2,0.60085213,1.0,s_ms,c_ma,c_ms,blocked
2,3.5208897e-05,0.0,s_ma,c_ma,c_ms,blocked
2,9.591152e-06,0.0,s_ma,c_ma,c_ma,blocked
2,0.00070256024,0.0,s_ma,c_ma,c_ms,blocked
2,3.1913405e-05,0.0,s_ma,c_ma,c_ma,blocked
2,0.4278903,0.0,s_ms,c_ms,c_ma,blocked
2,0.3114491,0.0,s_ms,c_ms,c_ms,blocked
2,0.4265278,0.0,s_ms,c_ms,c_ms,blocked
2,0.33137476,0.0,s_ms,c_ms,c_ma,blocked
2,0.39534798,0.0,s_ms,c_ms,c_ma,blocked
2,0.00037810722,0.0,s_ma,c_ms,c_ms,blocked
2,0.0001214752,0.0,s_ma,c_ms,c_ma,blocked
2,0.000988265,0.0,s_ma,c_ms,c_ms,blocked
2,0.0005328657,0.0,s_ma,c_ms,c_ma,blocked
2,0.0004376208,0.0,s_ma,c_ms,c_ms,blocked
2,0.7779937,1.0,s_ms,c_ma,c_ms,blocked
2,0.6869451,1.0,s_ms,c_ma,c_ma,blocked
2,0.5960115,1.0,s_ms,c_ma,c_ms,blocked
2,0.7461405,1.0,s_ms,c_ma,c_ma,blocked
2,0.81471163,1.0,s_ms,c_ma,c_ma,blocked
2,1.850985e-05,0.0,s_ma,c_ma,c_ma,blocked
2,2.0283516e-05,0.0,s_ma,c_ma,c_ms,blocked
2,0.00072524627,0.0,s_ma,c_ma,c_ms,blocked
2,0.00023369207,0.0,s_ma,c_ma,c_ms,blocked
2,0.45537287,0.0,s_ms,c_ms,c_ms,blocked
2,0.3789481,0.0,s_ms,c_ms,c_ma,blocked
2,0.3935433,0.0,s_ms,c_ms,c_ma,blocked
2,0.44718117,0.0,s_ms,c_ms,c_ms,blocked
2,0.42969346,0.0,s_ms,c_ms,c_ms,blocked
2,0.0007585916,0.0,s_ma,c_ms,c_ma,blocked
2,0.0001133434,0.0,s_ma,c_ms,c_ms,blocked
2,0.0001190124,0.0,s_ma,c_ms,c_ma,blocked
2,0.0005969316,0.0,s_ma,c_ms,c_ms,blocked
2,6.112016e-05,0.0,s_ma,c_ms,c_ma,blocked
2,0.7592151,1.0,s_ms,c_ma,c_ma,blocked
2,0.66049516,1.0,s_ms,c_ma,c_ms,blocked
2,0.59667814,1.0,s_ms,c_ma,c_ma,blocked
2,0.72374034,1.0,s_ms,c_ma,c_ms,blocked
2,0.6931266,1.0,s_ms,c_ma,c_ms,blocked
2,0.00018182068,0.0,s_ma,c_ma,c_ms,blocked
2,0.0026223974,0.0,s_ma,c_ma,c_ma,blocked
2,3.4517958e-05,0.0,s_ma,c_ma,c_ma,blocked
2,0.0002531925,0.0,s_ma,c_ma,c_ms,blocked
2,0.3745095,0.0,s_ms,c_ms,c_ma,blocked
2,0.45062417,0.0,s_ms,c_ms,c_ms,blocked
2,0.42411435,0.0,s_ms,c_ms,c_ms,blocked
2,0.36063856,0.0,s_ms,c_ms,c_ma,blocked
2,0.46204904,0.0,s_ms,c_ms,c_ma,blocked
2,5.841339e-05,0.0,s_ma,c_ms,c_ms,blocked
2,0.00013807743,0.0,s_ma,c_ms,c_ma,blocked
2,0.00040876234,0.0,s_ma,c_ms,c_ms,blocked
2,7.8964855e-05,0.0,s_ma,c_ms,c_ma,blocked
2,0.00010213959,0.0,s_ma,c_ms,c_ms,blocked
2,9.843431e-06,0.0,s_ma,c_ms,c_ma,blocked
2,4.1266994e-06,0.0,s_ma,c_ms,c_ms,blocked
2,8.7177345e-05,0.0,s_ma,c_ms,c_ma,blocked
2,8.785697e-05,0.0,s_ma,c_ms,c_ms,blocked
2,4.2346117e-05,0.0,s_ma,c_ms,c_ms,blocked
2,0.15772347,0.0,s_ms,c_ms,c_ms,blocked
2,0.08268955,0.0,s_ms,c_ms,c_ma,blocked
2,0.108541645,0.0,s_ms,c_ms,c_ma,blocked
2,0.09424588,0.0,s_ms,c_ms,c_ms,blocked
2,0.12744465,0.0,s_ms,c_ms,c_ma,blocked
2,8.077512e-06,0.0,s_ma,c_ma,c_ms,blocked
2,6.803238e-05,0.0,s_ma,c_ma,c_ms,blocked
2,0.00018239161,0.0,s_ma,c_ma,c_ma,blocked
2,0.0005708074,0.0,s_ma,c_ma,c_ma,blocked
2,0.38677374,0.0,s_ms,c_ma,c_ms,blocked
2,0.3050429,0.0,s_ms,c_ma,c_ma,blocked
2,0.31790158,0.0,s_ms,c_ma,c_ms,blocked
2,0.33949113,0.0,s_ms,c_ma,c_ma,blocked
2,0.39581236,0.0,s_ms,c_ma,c_ms,blocked
2,0.00030645,0.0,s_ma,c_ms,c_ms,blocked
2,1.2252144e-05,0.0,s_ma,c_ms,c_ma,blocked
2,0.00013704458,0.0,s_ma,c_ms,c_ms,blocked
2,2.1779915e-06,0.0,s_ma,c_ms,c_ma,blocked
2,3.468104e-05,0.0,s_ma,c_ms,c_ma,blocked
2,0.12680353,0.0,s_ms,c_ms,c_ma,blocked
2,0.14210284,0.0,s_ms,c_ms,c_ms,blocked
2,0.14600071,0.0,s_ms,c_ms,c_ms,blocked
2,0.107817546,0.0,s_ms,c_ms,c_ma,blocked
2,0.05158968,0.0,s_ms,c_ms,c_ms,blocked
2,7.4265813e-06,0.0,s_ma,c_ma,c_ms,blocked
2,0.00014071364,0.0,s_ma,c_ma,c_ma,blocked
2,5.660644e-05,0.0,s_ma,c_ma,c_ms,blocked
2,3.228548e-05,0.0,s_ma,c_ma,c_ms,blocked
2,0.31530276,0.0,s_ms,c_ma,c_ma,blocked
2,0.28527793,0.0,s_ms,c_ma,c_ms,blocked
2,0.36742616,0.0,s_ms,c_ma,c_ma,blocked
2,0.391821,0.0,s_ms,c_ma,c_ms,blocked
2,0.5004825,1.0,s_ms,c_ma,c_ma,blocked
2,0.0008875239,0.0,s_ma,c_ms,c_ms,blocked
2,2.8230485e-05,0.0,s_ma,c_ms,c_ma,blocked
2,3.5960536e-05,0.0,s_ma,c_ms,c_ms,blocked
2,4.696608e-06,0.0,s_ma,c_ms,c_ma,blocked
2,3.3525866e-05,0.0,s_ma,c_ms,c_ma,blocked
2,0.13985349,0.0,s_ms,c_ms,c_ma,blocked
2,0.0969716,0.0,s_ms,c_ms,c_ms,blocked
2,0.10087135,0.0,s_ms,c_ms,c_ms,blocked
2,0.12021127,0.0,s_ms,c_ms,c_ma,blocked
2,0.09541218,0.0,s_ms,c_ms,c_ms,blocked
2,6.633095e-05,0.0,s_ma,c_ma,c_ms,blocked
2,0.00013357907,0.0,s_ma,c_ma,c_ma,blocked
2,5.6107223e-05,0.0,s_ma,c_ma,c_ms,blocked
2,3.898353e-05,0.0,s_ma,c_ma,c_ms,blocked
2,0.42524883,0.0,s_ms,c_ma,c_ma,blocked
2,0.31755152,0.0,s_ms,c_ma,c_ms,blocked
2,0.4140075,0.0,s_ms,c_ma,c_ma,blocked
2,0.39634904,0.0,s_ms,c_ma,c_ms,blocked
2,0.40766716,0.0,s_ms,c_ma,c_ma,blocked
2,0.00036959146,0.0,s_ma,c_ms,c_ma,blocked
2,5.8569978e-05,0.0,s_ma,c_ms,c_ms,blocked
2,0.00016115925,0.0,s_ma,c_ms,c_ma,blocked
2,5.274875e-06,0.0,s_ma,c_ms,c_ms,blocked
2,7.577367e-05,0.0,s_ma,c_ms,c_ms,blocked
2,0.09695418,0.0,s_ms,c_ms,c_ms,blocked
2,0.11295839,0.0,s_ms,c_ms,c_ma,blocked
2,0.1387898,0.0,s_ms,c_ms,c_ma,blocked
2,0.08360501,0.0,s_ms,c_ms,c_ms,blocked
2,0.091226295,0.0,s_ms,c_ms,c_ma,blocked
2,0.00018185792,0.0,s_ma,c_ma,c_ma,blocked
2,5.990885e-05,0.0,s_ma,c_ma,c_ms,blocked
2,5.9360336e-05,0.0,s_ma,c_ma,c_ms,blocked
2,4.2379077e-05,0.0,s_ma,c_ma,c_ma,blocked
2,0.42520756,0.0,s_ms,c_ma,c_ms,blocked
2,0.31443673,0.0,s_ms,c_ma,c_ma,blocked
2,0.4548159,0.0,s_ms,c_ma,c_ms,blocked
2,0.34687334,0.0,s_ms,c_ma,c_ma,blocked
2,0.39537615,0.0,s_ms,c_ma,c_ms,blocked
2,7.387997e-05,0.0,s_ma,c_ms,c_ma,blocked
2,6.589903e-06,0.0,s_ma,c_ms,c_ms,blocked
2,0.000105827225,0.0,s_ma,c_ms,c_ma,blocked
2,5.4596254e-05,0.0,s_ma,c_ms,c_ms,blocked
2,0.00013343246,0.0,s_ma,c_ms,c_ms,blocked
2,0.081196606,0.0,s_ms,c_ms,c_ms,blocked
2,0.08533276,0.0,s_ms,c_ms,c_ma,blocked
2,0.20528813,0.0,s_ms,c_ms,c_ma,blocked
2,0.1025702,0.0,s_ms,c_ms,c_ms,blocked
2,0.08728108,0.0,s_ms,c_ms,c_ma,blocked
2,0.0005412467,0.0,s_ma,c_ma,c_ma,blocked
2,3.4766595e-05,0.0,s_ma,c_ma,c_ms,blocked
2,4.039551e-05,0.0,s_ma,c_ma,c_ms,blocked
2,4.08507e-05,0.0,s_ma,c_ma,c_ma,blocked
2,0.41898888,0.0,s_ms,c_ma,c_ms,blocked
2,0.29950157,0.0,s_ms,c_ma,c_ma,blocked
2,0.45514485,0.0,s_ms,c_ma,c_ms,blocked
2,0.34634447,0.0,s_ms,c_ma,c_ma,blocked
2,0.4332163,0.0,s_ms,c_ma,c_ms,blocked
2,0.21974443,0.0,s_ms,c_ms,c_ms,blocked
2,0.21188185,0.0,s_ms,c_ms,c_ma,blocked
2,0.2539046,0.0,s_ms,c_ms,c_ms,blocked
2,0.38766453,0.0,s_ms,c_ms,c_ma,blocked
2,0.28254908,0.0,s_ms,c_ms,c_ma,blocked
2,4.554417e-06,0.0,s_ma,c_ms,c_ma,blocked
2,3.4198108e-06,0.0,s_ma,c_ms,c_ms,blocked
2,0.00015808697,0.0,s_ma,c_ms,c_ms,blocked
2,0.00014843921,0.0,s_ma,c_ms,c_ma,blocked
2,1.6692162e-05,0.0,s_ma,c_ms,c_ms,blocked
2,0.50986874,1.0,s_ms,c_ma,c_ms,blocked
2,0.5729346,1.0,s_ms,c_ma,c_ma,blocked
2,0.46262547,0.0,s_ms,c_ma,c_ma,blocked
2,0.4738602,0.0,s_ms,c_ma,c_ms,blocked
2,0.4764786,0.0,s_ms,c_ma,c_ms,blocked
2,0.0012257788,0.0,s_ma,c_ma,c_ms,blocked
2,8.46791e-05,0.0,s_ma,c_ma,c_ma,blocked
2,0.00026504113,0.0,s_ma,c_ma,c_ms,blocked
2,9.189641e-05,0.0,s_ma,c_ma,c_ma,blocked
2,0.23614302,0.0,s_ms,c_ms,c_ma,blocked
2,0.24253866,0.0,s_ms,c_ms,c_ms,blocked
2,0.21120158,0.0,s_ms,c_ms,c_ma,blocked
2,0.34675303,0.0,s_ms,c_ms,c_ms,blocked
2,0.25555044,0.0,s_ms,c_ms,c_ms,blocked
2,2.3936684e-05,0.0,s_ma,c_ms,c_ms,blocked
2,4.1821906e-05,0.0,s_ma,c_ms,c_ma,blocked
2,0.00011028156,0.0,s_ma,c_ms,c_ma,blocked
2,8.366738e-05,0.0,s_ma,c_ms,c_ms,blocked
2,0.00010793506,0.0,s_ma,c_ms,c_ma,blocked
2,0.636936,1.0,s_ms,c_ma,c_ma,blocked
2,0.62656844,1.0,s_ms,c_ma,c_ms,blocked
2,0.5905566,1.0,s_ms,c_ma,c_ms,blocked
2,0.609232,1.0,s_ms,c_ma,c_ma,blocked
2,0.6287449,1.0,s_ms,c_ma,c_ma,blocked
2,0.0013170991,0.0,s_ma,c_ma,c_ms,blocked
2,0.00038429545,0.0,s_ma,c_ma,c_ms,blocked
2,0.00017771286,0.0,s_ma,c_ma,c_ma,blocked
2,0.0002938169,0.0,s_ma,c_ma,c_ms,blocked
2,0.21038595,0.0,s_ms,c_ms,c_ms,blocked
2,0.36240256,0.0,s_ms,c_ms,c_ma,blocked
2,0.3401633,0.0,s_ms,c_ms,c_ms,blocked
2,0.30777207,0.0,s_ms,c_ms,c_ma,blocked
2,0.25933617,0.0,s_ms,c_ms,c_ma,blocked
2,4.9562957e-05,0.0,s_ma,c_ms,c_ma,blocked
2,7.432613e-05,0.0,s_ma,c_ms,c_ms,blocked
2,0.00028912525,0.0,s_ma,c_ms,c_ms,blocked
2,1.1393341e-05,0.0,s_ma,c_ms,c_ma,blocked
2,0.00013159969,0.0,s_ma,c_ms,c_ms,blocked
2,0.58844113,1.0,s_ms,c_ma,c_ms,blocked
2,0.555677,1.0,s_ms,c_ma,c_ma,blocked
2,0.4621052,0.0,s_ms,c_ma,c_ma,blocked
2,0.44017157,0.0,s_ms,c_ma,c_ms,blocked
2,0.45162582,0.0,s_ms,c_ma,c_ms,blocked
2,8.5951986e-05,0.0,s_ma,c_ma,c_ma,blocked
2,0.00034491127,0.0,s_ma,c_ma,c_ms,blocked
2,5.766304e-05,0.0,s_ma,c_ma,c_ms,blocked
2,5.0319853e-05,0.0,s_ma,c_ma,c_ma,blocked
2,0.32273504,0.0,s_ms,c_ms,c_ma,blocked
2,0.38989204,0.0,s_ms,c_ms,c_ms,blocked
2,0.2450665,0.0,s_ms,c_ms,c_ma,blocked
2,0.39837572,0.0,s_ms,c_ms,c_ms,blocked
2,0.32950705,0.0,s_ms,c_ms,c_ms,blocked
2,9.568935e-05,0.0,s_ma,c_ms,c_ms,blocked
2,4.2085812e-05,0.0,s_ma,c_ms,c_ma,blocked
2,0.0005049148,0.0,s_ma,c_ms,c_ma,blocked
2,0.00041869498,0.0,s_ma,c_ms,c_ms,blocked
2,4.9204107e-05,0.0,s_ma,c_ms,c_ma,blocked
2,0.5950217,1.0,s_ms,c_ma,c_ma,blocked
2,0.52819896,1.0,s_ms,c_ma,c_ms,blocked
2,0.5252699,1.0,s_ms,c_ma,c_ms,blocked
2,0.5658235,1.0,s_ms,c_ma,c_ma,blocked
2,0.5768931,1.0,s_ms,c_ma,c_ma,blocked
2,0.00026033592,0.0,s_ma,c_ma,c_ms,blocked
2,0.00017146379,0.0,s_ma,c_ma,c_ma,blocked
2,5.8077232e-05,0.0,s_ma,c_ma,c_ms,blocked
2,0.00038581103,0.0,s_ma,c_ma,c_ms,blocked
2,0.20286866,0.0,s_ms,c_ms,c_ms,blocked
2,0.24684688,0.0,s_ms,c_ms,c_ma,blocked
2,0.334952,0.0,s_ms,c_ms,c_ms,blocked
2,0.34195736,0.0,s_ms,c_ms,c_ma,blocked
2,0.32310635,0.0,s_ms,c_ms,c_ma,blocked
2,1.4255967e-06,0.0,s_ma,c_ms,c_ma,blocked
2,1.12923735e-05,0.0,s_ma,c_ms,c_ms,blocked
2,0.0004278723,0.0,s_ma,c_ms,c_ms,blocked
2,1.7950015e-05,0.0,s_ma,c_ms,c_ma,blocked
2,6.4372405e-05,0.0,s_ma,c_ms,c_ms,blocked
2,0.52659523,1.0,s_ms,c_ma,c_ms,blocked
2,0.390229,0.0,s_ms,c_ma,c_ma,blocked
2,0.5012109,1.0,s_ms,c_ma,c_ma,blocked
2,0.48958105,0.0,s_ms,c_ma,c_ms,blocked
2,0.47694963,0.0,s_ms,c_ma,c_ms,blocked
2,9.224222e-05,0.0,s_ma,c_ma,c_ma,blocked
2,0.00028088104,0.0,s_ma,c_ma,c_ms,blocked
2,5.052048e-05,0.0,s_ma,c_ma,c_ma,blocked
2,0.00037953907,0.0,s_ma,c_ma,c_ms,blocked
2,3.6874182e-05,0.0,s_ma,c_ma,c_ms,interleaved
2,3.6559995e-05,0.0,s_ma,c_ma,c_ma,interleaved
2,1.1629905e-05,0.0,s_ma,c_ma,c_ms,interleaved
2,0.0003028186,0.0,s_ma,c_ma,c_ms,interleaved
2,0.24180059,0.0,s_ms,c_ma,c_ms,interleaved
2,0.46171492,0.0,s_ms,c_ma,c_ma,interleaved
2,0.2740508,0.0,s_ms,c_ma,c_ma,interleaved
2,0.16165906,0.0,s_ms,c_ma,c_ms,interleaved
2,0.18289673,0.0,s_ms,c_ma,c_ma,interleaved
2,4.8544734e-06,0.0,s_ma,c_ms,c_ma,interleaved
2,0.000189259,0.0,s_ma,c_ms,c_ms,interleaved
2,0.00041948818,0.0,s_ma,c_ms,c_ms,interleaved
2,0.00012873704,0.0,s_ma,c_ms,c_ma,interleaved
2,2.4830702e-05,0.0,s_ma,c_ms,c_ma,interleaved
2,0.52651674,1.0,s_ms,c_ms,c_ms,interleaved
2,0.45788288,0.0,s_ms,c_ms,c_ma,interleaved
2,0.41507453,0.0,s_ms,c_ms,c_ms,interleaved
2,0.36070275,0.0,s_ms,c_ms,c_ma,interleaved
2,0.43223357,0.0,s_ms,c_ms,c_ms,interleaved
2,3.8441194e-05,0.0,s_ma,c_ma,c_ms,interleaved
2,4.651647e-05,0.0,s_ma,c_ma,c_ms,interleaved
2,2.1017986e-06,0.0,s_ma,c_ma,c_ma,interleaved
2,9.7142765e-05,0.0,s_ma,c_ma,c_ma,interleaved
2,0.2601747,0.0,s_ms,c_ma,c_ma,interleaved
2,0.34816682,0.0,s_ms,c_ma,c_ms,interleaved
2,0.3200243,0.0,s_ms,c_ma,c_ms,interleaved
2,0.22385976,0.0,s_ms,c_ma,c_ma,interleaved
2,0.22768652,0.0,s_ms,c_ma,c_ms,interleaved
2,7.67954e-06,0.0,s_ma,c_ms,c_ms,interleaved
2,2.2506612e-05,0.0,s_ma,c_ms,c_ma,interleaved
2,5.6565874e-05,0.0,s_ma,c_ms,c_ma,interleaved
2,6.21262e-05,0.0,s_ma,c_ms,c_ms,interleaved
2,1.3327876e-05,0.0,s_ma,c_ms,c_ms,interleaved
2,0.46108702,0.0,s_ms,c_ms,c_ma,interleaved
2,0.47257653,0.0,s_ms,c_ms,c_ms,interleaved
2,0.32964122,0.0,s_ms,c_ms,c_ma,interleaved
2,0.18315953,0.0,s_ms,c_ms,c_ms,interleaved
2,0.35259837,0.0,s_ms,c_ms,c_ma,interleaved
2,4.332197e-05,0.0,s_ma,c_ma,c_ma,interleaved
2,5.868561e-05,0.0,s_ma,c_ma,c_ms,interleaved
2,1.9360514e-05,0.0,s_ma,c_ma,c_ms,interleaved
2,4.7107347e-05,0.0,s_ma,c_ma,c_ms,interleaved
2,0.30319846,0.0,s_ms,c_ma,c_ms,interleaved
2,0.5123073,1.0,s_ms,c_ma,c_ma,interleaved
2,0.32459447,0.0,s_ms,c_ma,c_ma,interleaved
2,0.27006564,0.0,s_ms,c_ma,c_ms,interleaved
2,0.33509308,0.0,s_ms,c_ma,c_ma,interleaved
2,5.0341197e-05,0.0,s_ma,c_ms,c_ma,interleaved
2,0.00016549462,0.0,s_ma,c_ms,c_ms,interleaved
2,4.8821697e-05,0.0,s_ma,c_ms,c_ms,interleaved
2,0.00015199614,0.0,s_ma,c_ms,c_ma,interleaved
2,9.002083e-05,0.0,s_ma,c_ms,c_ma,interleaved
2,0.547894,1.0,s_ms,c_ms,c_ms,interleaved
2,0.5018172,1.0,s_ms,c_ms,c_ma,interleaved
2,0.48829758,0.0,s_ms,c_ms,c_ms,interleaved
2,0.41815794,0.0,s_ms,c_ms,c_ma,interleaved
2,0.5049359,1.0,s_ms,c_ms,c_ms,interleaved
2,1.11846975e-05,0.0,s_ma,c_ma,c_ms,interleaved
2,2.0419598e-06,0.0,s_ma,c_ma,c_ma,interleaved
2,1.6324058e-05,0.0,s_ma,c_ma,c_ms,interleaved
2,1.2052243e-05,0.0,s_ma,c_ma,c_ma,interleaved
2,0.19339734,0.0,s_ms,c_ma,c_ma,interleaved
2,0.29308194,0.0,s_ms,c_ma,c_ms,interleaved
2,0.22971928,0.0,s_ms,c_ma,c_ms,interleaved
2,0.19937491,0.0,s_ms,c_ma,c_ma,interleaved
2,0.20783198,0.0,s_ms,c_ma,c_ms,interleaved
2,2.5594318e-05,0.0,s_ma,c_ms,c_ms,interleaved
2,2.8630827e-06,0.0,s_ma,c_ms,c_ma,interleaved
2,1.063474e-05,0.0,s_ma,c_ms,c_ma,interleaved
2,2.4028996e-06,0.0,s_ma,c_ms,c_ms,interleaved
2,4.801958e-05,0.0,s_ma,c_ms,c_ms,interleaved
2,0.39427915,0.0,s_ms,c_ms,c_ma,interleaved
2,0.36299223,0.0,s_ms,c_ms,c_ms,interleaved
2,0.46667355,0.0,s_ms,c_ms,c_ma,interleaved
2,0.32925013,0.0,s_ms,c_ms,c_ms,interleaved
2,0.36414504,0.0,s_ms,c_ms,c_ma,interleaved
2,0.00029424814,0.0,s_ma,c_ma,c_ms,interleaved
2,0.000100233476,0.0,s_ma,c_ma,c_ma,interleaved
2,3.9544757e-05,0.0,s_ma,c_ma,c_ms,interleaved
2,1.1523735e-05,0.0,s_ma,c_ma,c_ma,interleaved
2,0.18751141,0.0,s_ms,c_ma,c_ma,interleaved
2,0.28901476,0.0,s_ms,c_ma,c_ms,interleaved
2,0.31676686,0.0,s_ms,c_ma,c_ms,interleaved
2,0.19919027,0.0,s_ms,c_ma,c_ma,interleaved
2,0.2422148,0.0,s_ms,c_ma,c_ms,interleaved
2,5.8770174e-06,0.0,s_ma,c_ms,c_ms,interleaved
2,1.1018845e-05,0.0,s_ma,c_ms,c_ma,interleaved
2,2.572668e-05,0.0,s_ma,c_ms,c_ma,interleaved
2,2.2569133e-05,0.0,s_ma,c_ms,c_ms,interleaved
2,3.6682824e-05,0.0,s_ma,c_ms,c_ms,interleaved
2,0.51510525,1.0,s_ms,c_ms,c_ma,interleaved
2,0.3982717,0.0,s_ms,c_ms,c_ms,interleaved
2,0.25083113,0.0,s_ms,c_ms,c_ma,interleaved
2,0.35919324,0.0,s_ms,c_ms,c_ms,interleaved
2,0.45517632,0.0,s_ms,c_ms,c_ma,interleaved
2,0.67900157,1.0,s_ms,c_ma,c_ms,interleaved
2,0.6615491,1.0,s_ms,c_ma,c_ma,interleaved
2,0.6053762,1.0,s_ms,c_ma,c_ms,interleaved
2,0.73738873,1.0,s_ms,c_ma,c_ma,interleaved
2,0.74803805,1.0,s_ms,c_ma,c_ma,interleaved
2,6.259895e-05,0.0,s_ma,c_ma,c_ms,interleaved
2,2.8538898e-05,0.0,s_ma,c_ma,c_ms,interleaved
2,1.051795e-05,0.0,s_ma,c_ma,c_ma,interleaved
2,0.00014636466,0.0,s_ma,c_ma,c_ms,interleaved
2,0.430055,0.0,s_ms,c_ms,c_ms,interleaved
2,0.544455,1.0,s_ms,c_ms,c_ma,interleaved
2,0.53943276,1.0,s_ms,c_ms,c_ma,interleaved
2,0.5123876,1.0,s_ms,c_ms,c_ms,interleaved
2,0.62104434,1.0,s_ms,c_ms,c_ms,interleaved
2,7.1126137e-06,0.0,s_ma,c_ms,c_ma,interleaved
2,3.596493e-05,0.0,s_ma,c_ms,c_ms,interleaved
2,6.743407e-05,0.0,s_ma,c_ms,c_ma,interleaved
2,0.00015439533,0.0,s_ma,c_ms,c_ms,interleaved
2,2.813113e-06,0.0,s_ma,c_ms,c_ma,interleaved
2,0.3816895,0.0,s_ms,c_ma,c_ma,interleaved
2,0.5249518,1.0,s_ms,c_ma,c_ms,interleaved
2,0.37169722,0.0,s_ms,c_ma,c_ma,interleaved
2,0.59721684,1.0,s_ms,c_ma,c_ms,interleaved
2,0.58393145,1.0,s_ms,c_ma,c_ms,interleaved
2,6.935017e-05,0.0,s_ma,c_ma,c_ms,interleaved
2,4.2695856e-06,0.0,s_ma,c_ma,c_ma,interleaved
2,1.01667165e-05,0.0,s_ma,c_ma,c_ms,interleaved
2,0.0025346694,0.0,s_ma,c_ma,c_ma,interleaved
2,0.56326103,1.0,s_ms,c_ms,c_ma,interleaved
2,0.52729344,1.0,s_ms,c_ms,c_ms,interleaved
2,0.52724254,1.0,s_ms,c_ms,c_ms,interleaved
2,0.3271112,0.0,s_ms,c_ms,c_ma,interleaved
2,0.6283447,1.0,s_ms,c_ms,c_ma,interleaved
2,4.2735924e-06,0.0,s_ma,c_ms,c_ms,interleaved
2,2.1637874e-05,0.0,s_ma,c_ms,c_ma,interleaved
2,0.00011721905,0.0,s_ma,c_ms,c_ms,interleaved
2,5.1979212e-05,0.0,s_ma,c_ms,c_ma,interleaved
2,9.923476e-06,0.0,s_ma,c_ms,c_ms,interleaved
2,0.6383604,1.0,s_ms,c_ma,c_ma,interleaved
2,0.58508337,1.0,s_ms,c_ma,c_ms,interleaved
2,0.6021729,1.0,s_ms,c_ma,c_ma,interleaved
2,0.6714884,1.0,s_ms,c_ma,c_ms,interleaved
2,0.5570346,1.0,s_ms,c_ma,c_ms,interleaved
2,2.5683028e-05,0.0,s_ma,c_ma,c_ms,interleaved
2,4.8434713e-06,0.0,s_ma,c_ma,c_ma,interleaved
2,0.00075704296,0.0,s_ma,c_ma,c_ms,interleaved
2,2.7962444e-05,0.0,s_ma,c_ma,c_ma,interleaved
2,0.63606775,1.0,s_ms,c_ms,c_ma,interleaved
2,0.4741123,0.0,s_ms,c_ms,c_ms,interleaved
2,0.64230037,1.0,s_ms,c_ms,c_ms,interleaved
2,0.50911474,1.0,s_ms,c_ms,c_ma,interleaved
2,0.55324614,1.0,s_ms,c_ms,c_ma,interleaved
2,0.00029085483,0.0,s_ma,c_ms,c_ms,interleaved
2,0.00014033094,0.0,s_ma,c_ms,c_ma,interleaved
2,0.00048664524,0.0,s_ma,c_ms,c_ms,interleaved
2,0.0004866911,0.0,s_ma,c_ms,c_ma,interleaved
2,0.000663403,0.0,s_ma,c_ms,c_ms,interleaved
2,0.7725854,1.0,s_ms,c_ma,c_ms,interleaved
2,0.67916316,1.0,s_ms,c_ma,c_ma,interleaved
2,0.62063354,1.0,s_ms,c_ma,c_ms,interleaved
2,0.7177641,1.0,s_ms,c_ma,c_ma,interleaved
2,0.7130981,1.0,s_ms,c_ma,c_ma,interleaved
2,9.08371e-06,0.0,s_ma,c_ma,c_ma,interleaved
2,1.0084277e-05,0.0,s_ma,c_ma,c_ms,interleaved
2,0.0007560484,0.0,s_ma,c_ma,c_ms,interleaved
2,0.00017341968,0.0,s_ma,c_ma,c_ms,interleaved
2,0.78760934,1.0,s_ms,c_ms,c_ms,interleaved
2,0.65221524,1.0,s_ms,c_ms,c_ma,interleaved
2,0.67096674,1.0,s_ms,c_ms,c_ma,interleaved
2,0.7811127,1.0,s_ms,c_ms,c_ms,interleaved
2,0.6756785,1.0,s_ms,c_ms,c_ms,interleaved
2,0.00035057453,0.0,s_ma,c_ms,c_ma,interleaved
2,6.9550886e-05,0.0,s_ma,c_ms,c_ms,interleaved
2,3.5873127e-05,0.0,s_ma,c_ms,c_ma,interleaved
2,0.0005962573,0.0,s_ma,c_ms,c_ms,interleaved
2,4.5960278e-05,0.0,s_ma,c_ms,c_ma,interleaved
2,0.7478745,1.0,s_ms,c_ma,c_ma,interleaved
2,0.68445635,1.0,s_ms,c_ma,c_ms,interleaved
2,0.55220926,1.0,s_ms,c_ma,c_ma,interleaved
2,0.7142676,1.0,s_ms,c_ma,c_ms,interleaved
2,0.6422559,1.0,s_ms,c_ma,c_ms,interleaved
2,0.00014196488,0.0,s_ma,c_ma,c_ms,interleaved
2,0.0029252947,0.0,s_ma,c_ma,c_ma,interleaved
2,2.9427736e-05,0.0,s_ma,c_ma,c_ma,interleaved
2,0.0001822954,0.0,s_ma,c_ma,c_ms,interleaved
2,0.6712017,1.0,s_ms,c_ms,c_ma,interleaved
2,0.78979194,1.0,s_ms,c_ms,c_ms,interleaved
2,0.68302405,1.0,s_ms,c_ms,c_ms,interleaved
2,0.7178187,1.0,s_ms,c_ms,c_ma,interleaved
2,0.7248185,1.0,s_ms,c_ms,c_ma,interleaved
2,6.56431e-05,0.0,s_ma,c_ms,c_ms,interleaved
2,0.000107185915,0.0,s_ma,c_ms,c_ma,interleaved
2,0.00042321163,0.0,s_ma,c_ms,c_ms,interleaved
2,7.0563445e-05,0.0,s_ma,c_ms,c_ma,interleaved
2,0.00011724673,0.0,s_ma,c_ms,c_ms,interleaved
2,4.7208296e-06,0.0,s_ma,c_ms,c_ma,interleaved
2,8.046784e-06,0.0,s_ma,c_ms,c_ms,interleaved
2,4.8040572e-05,0.0,s_ma,c_ms,c_ma,interleaved
2,2.801715e-05,0.0,s_ma,c_ms,c_ms,interleaved
2,7.0368583e-06,0.0,s_ma,c_ms,c_ms,interleaved
2,0.5160372,1.0,s_ms,c_ms,c_ms,interleaved
2,0.34703028,0.0,s_ms,c_ms,c_ma,interleaved
2,0.25446612,0.0,s_ms,c_ms,c_ma,interleaved
2,0.1320476,0.0,s_ms,c_ms,c_ms,interleaved
2,0.23272242,0.0,s_ms,c_ms,c_ma,interleaved
2,8.733084e-06,0.0,s_ma,c_ma,c_ms,interleaved
2,7.493458e-05,0.0,s_ma,c_ma,c_ms,interleaved
2,8.3333915e-05,0.0,s_ma,c_ma,c_ma,interleaved
2,0.00054187444,0.0,s_ma,c_ma,c_ma,interleaved
2,0.42601693,0.0,s_ms,c_ma,c_ms,interleaved
2,0.44395354,0.0,s_ms,c_ma,c_ma,interleaved
2,0.29520956,0.0,s_ms,c_ma,c_ms,interleaved
2,0.36019635,0.0,s_ms,c_ma,c_ma,interleaved
2,0.3534779,0.0,s_ms,c_ma,c_ms,interleaved
2,0.00018436345,0.0,s_ma,c_ms,c_ms,interleaved
2,2.2281081e-05,0.0,s_ma,c_ms,c_ma,interleaved
2,0.00015823332,0.0,s_ma,c_ms,c_ms,interleaved
2,2.889147e-06,0.0,s_ma,c_ms,c_ma,interleaved
2,1.0532214e-05,0.0,s_ma,c_ms,c_ma,interleaved
2,0.3168881,0.0,s_ms,c_ms,c_ma,interleaved
2,0.36615354,0.0,s_ms,c_ms,c_ms,interleaved
2,0.3960418,0.0,s_ms,c_ms,c_ms,interleaved
2,0.22962677,0.0,s_ms,c_ms,c_ma,interleaved
2,0.1369454,0.0,s_ms,c_ms,c_ms,interleaved
2,8.0356585e-06,0.0,s_ma,c_ma,c_ms,interleaved
2,0.00025658513,0.0,s_ma,c_ma,c_ma,interleaved
2,4.9790877e-05,0.0,s_ma,c_ma,c_ms,interleaved
2,3.9534287e-05,0.0,s_ma,c_ma,c_ms,interleaved
2,0.26463813,0.0,s_ms,c_ma,c_ma,interleaved
2,0.31707937,0.0,s_ms,c_ma,c_ms,interleaved
2,0.25646937,0.0,s_ms,c_ma,c_ma,interleaved
2,0.3453823,0.0,s_ms,c_ma,c_ms,interleaved
2,0.47660547,0.0,s_ms,c_ma,c_ma,interleaved
2,0.00046449795,0.0,s_ma,c_ms,c_ms,interleaved
2,6.450302e-05,0.0,s_ma,c_ms,c_ma,interleaved
2,4.527819e-05,0.0,s_ma,c_ms,c_ms,interleaved
2,1.2828881e-05,0.0,s_ma,c_ms,c_ma,interleaved
2,2.4047631e-05,0.0,s_ma,c_ms,c_ma,interleaved
2,0.34415323,0.0,s_ms,c_ms,c_ma,interleaved
2,0.34826314,0.0,s_ms,c_ms,c_ms,interleaved
2,0.24858633,0.0,s_ms,c_ms,c_ms,interleaved
2,0.2481741,0.0,s_ms,c_ms,c_ma,interleaved
2,0.23022439,0.0,s_ms,c_ms,c_ms,interleaved
2,7.521325e-05,0.0,s_ma,c_ma,c_ms,interleaved
2,0.0002685332,0.0,s_ma,c_ma,c_ma,interleaved
2,6.324732e-05,0.0,s_ma,c_ma,c_ms,interleaved
2,5.7780086e-05,0.0,s_ma,c_ma,c_ms,interleaved
2,0.27150503,0.0,s_ms,c_ma,c_ma,interleaved
2,0.3406452,0.0,s_ms,c_ma,c_ms,interleaved
2,0.35945606,0.0,s_ms,c_ma,c_ma,interleaved
2,0.3368255,0.0,s_ms,c_ma,c_ms,interleaved
2,0.38403243,0.0,s_ms,c_ma,c_ma,interleaved
2,0.00013860798,0.0,s_ma,c_ms,c_ma,interleaved
2,7.3294745e-05,0.0,s_ma,c_ms,c_ms,interleaved
2,0.00012821442,0.0,s_ma,c_ms,c_ma,interleaved
2,2.5295667e-06,0.0,s_ma,c_ms,c_ms,interleaved
2,2.5690268e-05,0.0,s_ma,c_ms,c_ms,interleaved
2,0.39105105,0.0,s_ms,c_ms,c_ms,interleaved
2,0.53891855,1.0,s_ms,c_ms,c_ma,interleaved
2,0.36430806,0.0,s_ms,c_ms,c_ma,interleaved
2,0.13622847,0.0,s_ms,c_ms,c_ms,interleaved
2,0.17934851,0.0,s_ms,c_ms,c_ma,interleaved
2,8.008114e-05,0.0,s_ma,c_ma,c_ma,interleaved
2,5.1639145e-05,0.0,s_ma,c_ma,c_ms,interleaved
2,6.575021e-05,0.0,s_ma,c_ma,c_ms,interleaved
2,5.063e-05,0.0,s_ma,c_ma,c_ma,interleaved
2,0.4102444,0.0,s_ms,c_ma,c_ms,interleaved
2,0.36944902,0.0,s_ms,c_ma,c_ma,interleaved
2,0.4554733,0.0,s_ms,c_ma,c_ms,interleaved
2,0.28461143,0.0,s_ms,c_ma,c_ma,interleaved
2,0.42121798,0.0,s_ms,c_ma,c_ms,interleaved
2,2.6743863e-05,0.0,s_ma,c_ms,c_ma,interleaved
2,1.44757605e-05,0.0,s_ma,c_ms,c_ms,interleaved
2,9.0599584e-05,0.0,s_ma,c_ms,c_ma,interleaved
2,5.1801286e-05,0.0,s_ma,c_ms,c_ms,interleaved
2,4.0863284e-05,0.0,s_ma,c_ms,c_ms,interleaved
2,0.29209465,0.0,s_ms,c_ms,c_ms,interleaved
2,0.25566694,0.0,s_ms,c_ms,c_ma,interleaved
2,0.31158566,0.0,s_ms,c_ms,c_ma,interleaved
2,0.21788654,0.0,s_ms,c_ms,c_ms,interleaved
2,0.1816377,0.0,s_ms,c_ms,c_ma,interleaved
2,0.0005171448,0.0,s_ma,c_ma,c_ma,interleaved
2,4.2486172e-05,0.0,s_ma,c_ma,c_ms,interleaved
2,5.8681344e-05,0.0,s_ma,c_ma,c_ms,interleaved
2,4.8470938e-05,0.0,s_ma,c_ma,c_ma,interleaved
2,0.40002564,0.0,s_ms,c_ma,c_ms,interleaved
2,0.42855027,0.0,s_ms,c_ma,c_ma,interleaved
2,0.3544796,0.0,s_ms,c_ma,c_ms,interleaved
2,0.26312393,0.0,s_ms,c_ma,c_ma,interleaved
2,0.35873896,0.0,s_ms,c_ma,c_ms,interleaved
2,0.37527773,0.0,s_ms,c_ms,c_ms,interleaved
2,0.38896558,0.0,s_ms,c_ms,c_ma,interleaved
2,0.33798748,0.0,s_ms,c_ms,c_ms,interleaved
2,0.4721998,0.0,s_ms,c_ms,c_ma,interleaved
2,0.3613748,0.0,s_ms,c_ms,c_ma,interleaved
2,6.9749135e-06,0.0,s_ma,c_ms,c_ma,interleaved
2,4.5059737e-06,0.0,s_ma,c_ms,c_ms,interleaved
2,0.00029327403,0.0,s_ma,c_ms,c_ms,interleaved
2,0.00033155674,0.0,s_ma,c_ms,c_ma,interleaved
2,5.0268023e-05,0.0,s_ma,c_ms,c_ms,interleaved
2,0.4280942,0.0,s_ms,c_ma,c_ms,interleaved
2,0.6218763,1.0,s_ms,c_ma,c_ma,interleaved
2,0.6440038,1.0,s_ms,c_ma,c_ma,interleaved
2,0.43843344,0.0,s_ms,c_ma,c_ms,interleaved
2,0.4657976,0.0,s_ms,c_ma,c_ms,interleaved
2,0.0008990471,0.0,s_ma,c_ma,c_ms,interleaved
2,8.587393e-05,0.0,s_ma,c_ma,c_ma,interleaved
2,0.00022915928,0.0,s_ma,c_ma,c_ms,interleaved
2,8.1387e-05,0.0,s_ma,c_ma,c_ma,interleaved
2,0.37605688,0.0,s_ms,c_ms,c_ma,interleaved
2,0.3755005,0.0,s_ms,c_ms,c_ms,interleaved
2,0.377396,0.0,s_ms,c_ms,c_ma,interleaved
2,0.50969493,1.0,s_ms,c_ms,c_ms,interleaved
2,0.43105662,0.0,s_ms,c_ms,c_ms,interleaved
2,3.224661e-05,0.0,s_ma,c_ms,c_ms,interleaved
2,2.0455633e-05,0.0,s_ma,c_ms,c_ma,interleaved
2,0.00013625296,0.0,s_ma,c_ms,c_ma,interleaved
2,6.943928e-05,0.0,s_ma,c_ms,c_ms,interleaved
2,0.000116653464,0.0,s_ma,c_ms,c_ma,interleaved
2,0.47797766,0.0,s_ms,c_ma,c_ma,interleaved
2,0.54548913,1.0,s_ms,c_ma,c_ms,interleaved
2,0.55546343,1.0,s_ms,c_ma,c_ms,interleaved
2,0.52143204,1.0,s_ms,c_ma,c_ma,interleaved
2,0.4656948,0.0,s_ms,c_ma,c_ma,interleaved
2,0.00094581005,0.0,s_ma,c_ma,c_ms,interleaved
2,0.00032229087,0.0,s_ma,c_ma,c_ms,interleaved
2,0.0001287605,0.0,s_ma,c_ma,c_ma,interleaved
2,0.00022598747,0.0,s_ma,c_ma,c_ms,interleaved
2,0.46542168,0.0,s_ms,c_ms,c_ms,interleaved
2,0.5444337,1.0,s_ms,c_ms,c_ma,interleaved
2,0.44157618,0.0,s_ms,c_ms,c_ms,interleaved
2,0.42674494,0.0,s_ms,c_ms,c_ma,interleaved
2,0.64186907,1.0,s_ms,c_ms,c_ma,interleaved
2,6.389762e-05,0.0,s_ma,c_ms,c_ma,interleaved
2,0.00013483607,0.0,s_ma,c_ms,c_ms,interleaved
2,0.00047064,0.0,s_ma,c_ms,c_ms,interleaved
2,3.2166394e-05,0.0,s_ma,c_ms,c_ma,interleaved
2,0.00043973955,0.0,s_ma,c_ms,c_ms,interleaved
2,0.59465766,1.0,s_ms,c_ma,c_ms,interleaved
2,0.6587282,1.0,s_ms,c_ma,c_ma,interleaved
2,0.5236973,1.0,s_ms,c_ma,c_ma,interleaved
2,0.43347603,0.0,s_ms,c_ma,c_ms,interleaved
2,0.5201533,1.0,s_ms,c_ma,c_ms,interleaved
2,8.697894e-05,0.0,s_ma,c_ma,c_ma,interleaved
2,0.00030028648,0.0,s_ma,c_ma,c_ms,interleaved
2,0.00013611247,0.0,s_ma,c_ma,c_ms,interleaved
2,5.5183842e-05,0.0,s_ma,c_ma,c_ma,interleaved
2,0.5236989,1.0,s_ms,c_ms,c_ma,interleaved
2,0.73771846,1.0,s_ms,c_ms,c_ms,interleaved
2,0.51551807,1.0,s_ms,c_ms,c_ma,interleaved
2,0.57109386,1.0,s_ms,c_ms,c_ms,interleaved
2,0.5531088,1.0,s_ms,c_ms,c_ms,interleaved
2,0.00017176528,0.0,s_ma,c_ms,c_ms,interleaved
2,5.542842e-05,0.0,s_ma,c_ms,c_ma,interleaved
2,0.0005033806,0.0,s_ma,c_ms,c_ma,interleaved
2,0.0005788906,0.0,s_ma,c_ms,c_ms,interleaved
2,7.026747e-05,0.0,s_ma,c_ms,c_ma,interleaved
2,0.5608716,1.0,s_ms,c_ma,c_ma,interleaved
2,0.5608108,1.0,s_ms,c_ma,c_ms,interleaved
2,0.5804997,1.0,s_ms,c_ma,c_ms,interleaved
2,0.61812264,1.0,s_ms,c_ma,c_ma,interleaved
2,0.65320665,1.0,s_ms,c_ma,c_ma,interleaved
2,0.00022276586,0.0,s_ma,c_ma,c_ms,interleaved
2,0.00012678462,0.0,s_ma,c_ma,c_ma,interleaved
2,0.00013582944,0.0,s_ma,c_ma,c_ms,interleaved
2,0.00028831878,0.0,s_ma,c_ma,c_ms,interleaved
2,0.4370479,0.0,s_ms,c_ms,c_ms,interleaved
2,0.5175675,1.0,s_ms,c_ms,c_ma,interleaved
2,0.37374777,0.0,s_ms,c_ms,c_ms,interleaved
2,0.4883583,0.0,s_ms,c_ms,c_ma,interleaved
2,0.420921,0.0,s_ms,c_ms,c_ma,interleaved
2,2.8180625e-06,0.0,s_ma,c_ms,c_ma,interleaved
2,9.343867e-06,0.0,s_ma,c_ms,c_ms,interleaved
2,0.000650612,0.0,s_ma,c_ms,c_ms,interleaved
2,3.8890466e-05,0.0,s_ma,c_ms,c_ma,interleaved
2,0.0001080714,0.0,s_ma,c_ms,c_ms,interleaved
2,0.5452905,1.0,s_ms,c_ma,c_ms,interleaved
2,0.383623,0.0,s_ms,c_ma,c_ma,interleaved
2,0.49689418,0.0,s_ms,c_ma,c_ma,interleaved
2,0.42633796,0.0,s_ms,c_ma,c_ms,interleaved
2,0.5203097,1.0,s_ms,c_ma,c_ms,interleaved
2,8.274042e-05,0.0,s_ma,c_ma,c_ma,interleaved
2,0.00022100584,0.0,s_ma,c_ma,c_ms,interleaved
2,5.5088814e-05,0.0,s_ma,c_ma,c_ma,interleaved
2,0.00028377,0.0,s_ma,c_ma,c_ms,interleaved
2,3.6874182e-05,0.0,s_ma,c_ma,c_ms,random
2,3.6559995e-05,0.0,s_ma,c_ma,c_ma,random
2,1.1629905e-05,0.0,s_ma,c_ma,c_ms,random
2,0.0003028186,0.0,s_ma,c_ma,c_ms,random
2,0.24180059,0.0,s_ms,c_ma,c_ms,random
2,0.46171492,0.0,s_ms,c_ma,c_ma,random
2,0.2740508,0.0,s_ms,c_ma,c_ma,random
2,0.16165906,0.0,s_ms,c_ma,c_ms,random
2,0.18289673,0.0,s_ms,c_ma,c_ma,random
2,4.8544734e-06,0.0,s_ma,c_ms,c_ma,random
2,0.000189259,0.0,s_ma,c_ms,c_ms,random
2,0.00041948818,0.0,s_ma,c_ms,c_ms,random
2,0.00012873704,0.0,s_ma,c_ms,c_ma,random
2,2.4830702e-05,0.0,s_ma,c_ms,c_ma,random
2,0.52651674,1.0,s_ms,c_ms,c_ms,random
2,0.45788288,0.0,s_ms,c_ms,c_ma,random
2,0.41507453,0.0,s_ms,c_ms,c_ms,random
2,0.36070275,0.0,s_ms,c_ms,c_ma,random
2,0.43223357,0.0,s_ms,c_ms,c_ms,random
2,3.8441194e-05,0.0,s_ma,c_ma,c_ms,random
2,4.651647e-05,0.0,s_ma,c_ma,c_ms,random
2,2.1017986e-06,0.0,s_ma,c_ma,c_ma,random
2,9.7142765e-05,0.0,s_ma,c_ma,c_ma,random
2,0.2601747,0.0,s_ms,c_ma,c_ma,random
2,0.34816682,0.0,s_ms,c_ma,c_ms,random
2,0.3200243,0.0,s_ms,c_ma,c_ms,random
2,0.22385976,0.0,s_ms,c_ma,c_ma,random
2,0.22768652,0.0,s_ms,c_ma,c_ms,random
2,7.67954e-06,0.0,s_ma,c_ms,c_ms,random
2,2.2506612e-05,0.0,s_ma,c_ms,c_ma,random
2,5.6565874e-05,0.0,s_ma,c_ms,c_ma,random
2,6.21262e-05,0.0,s_ma,c_ms,c_ms,random
2,1.3327876e-05,0.0,s_ma,c_ms,c_ms,random
2,0.46108702,0.0,s_ms,c_ms,c_ma,random
2,0.47257653,0.0,s_ms,c_ms,c_ms,random
2,0.32964122,0.0,s_ms,c_ms,c_ma,random
2,0.18315953,0.0,s_ms,c_ms,c_ms,random
2,0.35259837,0.0,s_ms,c_ms,c_ma,random
2,4.332197e-05,0.0,s_ma,c_ma,c_ma,random
2,5.868561e-05,0.0,s_ma,c_ma,c_ms,random
2,1.9360514e-05,0.0,s_ma,c_ma,c_ms,random
2,4.7107347e-05,0.0,s_ma,c_ma,c_ms,random
2,0.30319846,0.0,s_ms,c_ma,c_ms,random
2,0.5123073,1.0,s_ms,c_ma,c_ma,random
2,0.32459447,0.0,s_ms,c_ma,c_ma,random
2,0.27006564,0.0,s_ms,c_ma,c_ms,random
2,0.33509308,0.0,s_ms,c_ma,c_ma,random
2,5.0341197e-05,0.0,s_ma,c_ms,c_ma,random
2,0.00016549462,0.0,s_ma,c_ms,c_ms,random
2,4.8821697e-05,0.0,s_ma,c_ms,c_ms,random
2,0.00015199614,0.0,s_ma,c_ms,c_ma,random
2,9.002083e-05,0.0,s_ma,c_ms,c_ma,random
2,0.547894,1.0,s_ms,c_ms,c_ms,random
2,0.5018172,1.0,s_ms,c_ms,c_ma,random
2,0.48829758,0.0,s_ms,c_ms,c_ms,random
2,0.41815794,0.0,s_ms,c_ms,c_ma,random
2,0.5049359,1.0,s_ms,c_ms,c_ms,random
2,1.11846975e-05,0.0,s_ma,c_ma,c_ms,random
2,2.0419598e-06,0.0,s_ma,c_ma,c_ma,random
2,1.6324058e-05,0.0,s_ma,c_ma,c_ms,random
2,1.2052243e-05,0.0,s_ma,c_ma,c_ma,random
2,0.19339734,0.0,s_ms,c_ma,c_ma,random
2,0.29308194,0.0,s_ms,c_ma,c_ms,random
2,0.22971928,0.0,s_ms,c_ma,c_ms,random
2,0.19937491,0.0,s_ms,c_ma,c_ma,random
2,0.20783198,0.0,s_ms,c_ma,c_ms,random
2,2.5594318e-05,0.0,s_ma,c_ms,c_ms,random
2,2.8630827e-06,0.0,s_ma,c_ms,c_ma,random
2,1.063474e-05,0.0,s_ma,c_ms,c_ma,random
2,2.4028996e-06,0.0,s_ma,c_ms,c_ms,random
2,4.801958e-05,0.0,s_ma,c_ms,c_ms,random
2,0.39427915,0.0,s_ms,c_ms,c_ma,random
2,0.36299223,0.0,s_ms,c_ms,c_ms,random
2,0.46667355,0.0,s_ms,c_ms,c_ma,random
2,0.32925013,0.0,s_ms,c_ms,c_ms,random
2,0.36414504,0.0,s_ms,c_ms,c_ma,random
2,0.00029424814,0.0,s_ma,c_ma,c_ms,random
2,0.000100233476,0.0,s_ma,c_ma,c_ma,random
2,3.9544757e-05,0.0,s_ma,c_ma,c_ms,random
2,1.1523735e-05,0.0,s_ma,c_ma,c_ma,random
2,0.18751141,0.0,s_ms,c_ma,c_ma,random
2,0.28901476,0.0,s_ms,c_ma,c_ms,random
2,0.31676686,0.0,s_ms,c_ma,c_ms,random
2,0.19919027,0.0,s_ms,c_ma,c_ma,random
2,0.2422148,0.0,s_ms,c_ma,c_ms,random
2,5.8770174e-06,0.0,s_ma,c_ms,c_ms,random
2,1.1018845e-05,0.0,s_ma,c_ms,c_ma,random
2,2.572668e-05,0.0,s_ma,c_ms,c_ma,random
2,2.2569133e-05,0.0,s_ma,c_ms,c_ms,random
2,3.6682824e-05,0.0,s_ma,c_ms,c_ms,random
2,0.51510525,1.0,s_ms,c_ms,c_ma,random
2,0.3982717,0.0,s_ms,c_ms,c_ms,random
2,0.25083113,0.0,s_ms,c_ms,c_ma,random
2,0.35919324,0.0,s_ms,c_ms,c_ms,random
2,0.45517632,0.0,s_ms,c_ms,c_ma,random
2,0.67900157,1.0,s_ms,c_ma,c_ms,random
2,0.6615491,1.0,s_ms,c_ma,c_ma,random
2,0.6053762,1.0,s_ms,c_ma,c_ms,random
2,0.73738873,1.0,s_ms,c_ma,c_ma,random
2,0.74803805,1.0,s_ms,c_ma,c_ma,random
2,6.259895e-05,0.0,s_ma,c_ma,c_ms,random
2,2.8538898e-05,0.0,s_ma,c_ma,c_ms,random
2,1.051795e-05,0.0,s_ma,c_ma,c_ma,random
2,0.00014636466,0.0,s_ma,c_ma,c_ms,random
2,0.430055,0.0,s_ms,c_ms,c_ms,random
2,0.544455,1.0,s_ms,c_ms,c_ma,random
2,0.53943276,1.0,s_ms,c_ms,c_ma,random
2,0.5123876,1.0,s_ms,c_ms,c_ms,random
2,0.62104434,1.0,s_ms,c_ms,c_ms,random
2,7.1126137e-06,0.0,s_ma,c_ms,c_ma,random
2,3.596493e-05,0.0,s_ma,c_ms,c_ms,random
2,6.743407e-05,0.0,s_ma,c_ms,c_ma,random
2,0.00015439533,0.0,s_ma,c_ms,c_ms,random
2,2.813113e-06,0.0,s_ma,c_ms,c_ma,random
2,0.3816895,0.0,s_ms,c_ma,c_ma,random
2,0.5249518,1.0,s_ms,c_ma,c_ms,random
2,0.37169722,0.0,s_ms,c_ma,c_ma,random
2,0.59721684,1.0,s_ms,c_ma,c_ms,random
2,0.58393145,1.0,s_ms,c_ma,c_ms,random
2,6.935017e-05,0.0,s_ma,c_ma,c_ms,random
2,4.2695856e-06,0.0,s_ma,c_ma,c_ma,random
2,1.01667165e-05,0.0,s_ma,c_ma,c_ms,random
2,0.0025346694,0.0,s_ma,c_ma,c_ma,random
2,0.56326103,1.0,s_ms,c_ms,c_ma,random
2,0.52729344,1.0,s_ms,c_ms,c_ms,random
2,0.52724254,1.0,s_ms,c_ms,c_ms,random
2,0.3271112,0.0,s_ms,c_ms,c_ma,random
2,0.6283447,1.0,s_ms,c_ms,c_ma,random
2,4.2735924e-06,0.0,s_ma,c_ms,c_ms,random
2,2.1637874e-05,0.0,s_ma,c_ms,c_ma,random
2,0.00011721905,0.0,s_ma,c_ms,c_ms,random
2,5.1979212e-05,0.0,s_ma,c_ms,c_ma,random
2,9.923476e-06,0.0,s_ma,c_ms,c_ms,random
2,0.6383604,1.0,s_ms,c_ma,c_ma,random
2,0.58508337,1.0,s_ms,c_ma,c_ms,random
2,0.6021729,1.0,s_ms,c_ma,c_ma,random
2,0.6714884,1.0,s_ms,c_ma,c_ms,random
2,0.5570346,1.0,s_ms,c_ma,c_ms,random
2,2.5683028e-05,0.0,s_ma,c_ma,c_ms,random
2,4.8434713e-06,0.0,s_ma,c_ma,c_ma,random
2,0.00075704296,0.0,s_ma,c_ma,c_ms,random
2,2.7962444e-05,0.0,s_ma,c_ma,c_ma,random
2,0.63606775,1.0,s_ms,c_ms,c_ma,random
2,0.4741123,0.0,s_ms,c_ms,c_ms,random
2,0.64230037,1.0,s_ms,c_ms,c_ms,random
2,0.50911474,1.0,s_ms,c_ms,c_ma,random
2,0.55324614,1.0,s_ms,c_ms,c_ma,random
2,0.00029085483,0.0,s_ma,c_ms,c_ms,random
2,0.00014033094,0.0,s_ma,c_ms,c_ma,random
2,0.00048664524,0.0,s_ma,c_ms,c_ms,random
2,0.0004866911,0.0,s_ma,c_ms,c_ma,random
2,0.000663403,0.0,s_ma,c_ms,c_ms,random
2,0.7725854,1.0,s_ms,c_ma,c_ms,random
2,0.67916316,1.0,s_ms,c_ma,c_ma,random
2,0.62063354,1.0,s_ms,c_ma,c_ms,random
2,0.7177641,1.0,s_ms,c_ma,c_ma,random
2,0.7130981,1.0,s_ms,c_ma,c_ma,random
2,9.08371e-06,0.0,s_ma,c_ma,c_ma,random
2,1.0084277e-05,0.0,s_ma,c_ma,c_ms,random
2,0.0007560484,0.0,s_ma,c_ma,c_ms,random
2,0.00017341968,0.0,s_ma,c_ma,c_ms,random
2,0.78760934,1.0,s_ms,c_ms,c_ms,random
2,0.65221524,1.0,s_ms,c_ms,c_ma,random
2,0.67096674,1.0,s_ms,c_ms,c_ma,random
2,0.7811127,1.0,s_ms,c_ms,c_ms,random
2,0.6756785,1.0,s_ms,c_ms,c_ms,random
2,0.00035057453,0.0,s_ma,c_ms,c_ma,random
2,6.9550886e-05,0.0,s_ma,c_ms,c_ms,random
2,3.5873127e-05,0.0,s_ma,c_ms,c_ma,random
2,0.0005962573,0.0,s_ma,c_ms,c_ms,random
2,4.5960278e-05,0.0,s_ma,c_ms,c_ma,random
2,0.7478745,1.0,s_ms,c_ma,c_ma,random
2,0.68445635,1.0,s_ms,c_ma,c_ms,random
2,0.55220926,1.0,s_ms,c_ma,c_ma,random
2,0.7142676,1.0,s_ms,c_ma,c_ms,random
2,0.6422559,1.0,s_ms,c_ma,c_ms,random
2,0.00014196488,0.0,s_ma,c_ma,c_ms,random
2,0.0029252947,0.0,s_ma,c_ma,c_ma,random
2,2.9427736e-05,0.0,s_ma,c_ma,c_ma,random
2,0.0001822954,0.0,s_ma,c_ma,c_ms,random
2,0.6712017,1.0,s_ms,c_ms,c_ma,random
2,0.78979194,1.0,s_ms,c_ms,c_ms,random
2,0.68302405,1.0,s_ms,c_ms,c_ms,random
2,0.7178187,1.0,s_ms,c_ms,c_ma,random
2,0.7248185,1.0,s_ms,c_ms,c_ma,random
2,6.56431e-05,0.0,s_ma,c_ms,c_ms,random
2,0.000107185915,0.0,s_ma,c_ms,c_ma,random
2,0.00042321163,0.0,s_ma,c_ms,c_ms,random
2,7.0563445e-05,0.0,s_ma,c_ms,c_ma,random
2,0.00011724673,0.0,s_ma,c_ms,c_ms,random
2,4.7208296e-06,0.0,s_ma,c_ms,c_ma,random
2,8.046784e-06,0.0,s_ma,c_ms,c_ms,random
2,4.8040572e-05,0.0,s_ma,c_ms,c_ma,random
2,2.801715e-05,0.0,s_ma,c_ms,c_ms,random
2,7.0368583e-06,0.0,s_ma,c_ms,c_ms,random
2,0.5160372,1.0,s_ms,c_ms,c_ms,random
2,0.34703028,0.0,s_ms,c_ms,c_ma,random
2,0.25446612,0.0,s_ms,c_ms,c_ma,random
2,0.1320476,0.0,s_ms,c_ms,c_ms,random
2,0.23272242,0.0,s_ms,c_ms,c_ma,random
2,8.733084e-06,0.0,s_ma,c_ma,c_ms,random
2,7.493458e-05,0.0,s_ma,c_ma,c_ms,random
2,8.3333915e-05,0.0,s_ma,c_ma,c_ma,random
2,0.00054187444,0.0,s_ma,c_ma,c_ma,random
2,0.42601693,0.0,s_ms,c_ma,c_ms,random
2,0.44395354,0.0,s_ms,c_ma,c_ma,random
2,0.29520956,0.0,s_ms,c_ma,c_ms,random
2,0.36019635,0.0,s_ms,c_ma,c_ma,random
2,0.3534779,0.0,s_ms,c_ma,c_ms,random
2,0.00018436345,0.0,s_ma,c_ms,c_ms,random
2,2.2281081e-05,0.0,s_ma,c_ms,c_ma,random
2,0.00015823332,0.0,s_ma,c_ms,c_ms,random
2,2.889147e-06,0.0,s_ma,c_ms,c_ma,random
2,1.0532214e-05,0.0,s_ma,c_ms,c_ma,random
2,0.3168881,0.0,s_ms,c_ms,c_ma,random
2,0.36615354,0.0,s_ms,c_ms,c_ms,random
2,0.3960418,0.0,s_ms,c_ms,c_ms,random
2,0.22962677,0.0,s_ms,c_ms,c_ma,random
2,0.1369454,0.0,s_ms,c_ms,c_ms,random
2,8.0356585e-06,0.0,s_ma,c_ma,c_ms,random
2,0.00025658513,0.0,s_ma,c_ma,c_ma,random
2,4.9790877e-05,0.0,s_ma,c_ma,c_ms,random
2,3.9534287e-05,0.0,s_ma,c_ma,c_ms,random
2,0.26463813,0.0,s_ms,c_ma,c_ma,random
2,0.31707937,0.0,s_ms,c_ma,c_ms,random
2,0.25646937,0.0,s_ms,c_ma,c_ma,random
2,0.3453823,0.0,s_ms,c_ma,c_ms,random
2,0.47660547,0.0,s_ms,c_ma,c_ma,random
2,0.00046449795,0.0,s_ma,c_ms,c_ms,random
2,6.450302e-05,0.0,s_ma,c_ms,c_ma,random
2,4.527819e-05,0.0,s_ma,c_ms,c_ms,random
2,1.2828881e-05,0.0,s_ma,c_ms,c_ma,random
2,2.4047631e-05,0.0,s_ma,c_ms,c_ma,random
2,0.34415323,0.0,s_ms,c_ms,c_ma,random
2,0.34826314,0.0,s_ms,c_ms,c_ms,random
2,0.24858633,0.0,s_ms,c_ms,c_ms,random
2,0.2481741,0.0,s_ms,c_ms,c_ma,random
2,0.23022439,0.0,s_ms,c_ms,c_ms,random
2,7.521325e-05,0.0,s_ma,c_ma,c_ms,random
2,0.0002685332,0.0,s_ma,c_ma,c_ma,random
2,6.324732e-05,0.0,s_ma,c_ma,c_ms,random
2,5.7780086e-05,0.0,s_ma,c_ma,c_ms,random
2,0.27150503,0.0,s_ms,c_ma,c_ma,random
2,0.3406452,0.0,s_ms,c_ma,c_ms,random
2,0.35945606,0.0,s_ms,c_ma,c_ma,random
2,0.3368255,0.0,s_ms,c_ma,c_ms,random
2,0.38403243,0.0,s_ms,c_ma,c_ma,random
2,0.00013860798,0.0,s_ma,c_ms,c_ma,random
2,7.3294745e-05,0.0,s_ma,c_ms,c_ms,random
2,0.00012821442,0.0,s_ma,c_ms,c_ma,random
2,2.5295667e-06,0.0,s_ma,c_ms,c_ms,random
2,2.5690268e-05,0.0,s_ma,c_ms,c_ms,random
2,0.39105105,0.0,s_ms,c_ms,c_ms,random
2,0.53891855,1.0,s_ms,c_ms,c_ma,random
2,0.36430806,0.0,s_ms,c_ms,c_ma,random
2,0.13622847,0.0,s_ms,c_ms,c_ms,random
2,0.17934851,0.0,s_ms,c_ms,c_ma,random
2,8.008114e-05,0.0,s_ma,c_ma,c_ma,random
2,5.1639145e-05,0.0,s_ma,c_ma,c_ms,random
2,6.575021e-05,0.0,s_ma,c_ma,c_ms,random
2,5.063e-05,0.0,s_ma,c_ma,c_ma,random
2,0.4102444,0.0,s_ms,c_ma,c_ms,random
2,0.36944902,0.0,s_ms,c_ma,c_ma,random
2,0.4554733,0.0,s_ms,c_ma,c_ms,random
2,0.28461143,0.0,s_ms,c_ma,c_ma,random
2,0.42121798,0.0,s_ms,c_ma,c_ms,random
2,2.6743863e-05,0.0,s_ma,c_ms,c_ma,random
2,1.44757605e-05,0.0,s_ma,c_ms,c_ms,random
2,9.0599584e-05,0.0,s_ma,c_ms,c_ma,random
2,5.1801286e-05,0.0,s_ma,c_ms,c_ms,random
2,4.0863284e-05,0.0,s_ma,c_ms,c_ms,random
2,0.29209465,0.0,s_ms,c_ms,c_ms,random
2,0.25566694,0.0,s_ms,c_ms,c_ma,random
2,0.31158566,0.0,s_ms,c_ms,c_ma,random
2,0.21788654,0.0,s_ms,c_ms,c_ms,random
2,0.1816377,0.0,s_ms,c_ms,c_ma,random
2,0.0005171448,0.0,s_ma,c_ma,c_ma,random
2,4.2486172e-05,0.0,s_ma,c_ma,c_ms,random
2,5.8681344e-05,0.0,s_ma,c_ma,c_ms,random
2,4.8470938e-05,0.0,s_ma,c_ma,c_ma,random
2,0.40002564,0.0,s_ms,c_ma,c_ms,random
2,0.42855027,0.0,s_ms,c_ma,c_ma,random
2,0.3544796,0.0,s_ms,c_ma,c_ms,random
2,0.26312393,0.0,s_ms,c_ma,c_ma,random
2,0.35873896,0.0,s_ms,c_ma,c_ms,random
2,0.37527773,0.0,s_ms,c_ms,c_ms,random
2,0.38896558,0.0,s_ms,c_ms,c_ma,random
2,0.33798748,0.0,s_ms,c_ms,c_ms,random
2,0.4721998,0.0,s_ms,c_ms,c_ma,random
2,0.3613748,0.0,s_ms,c_ms,c_ma,random
2,6.9749135e-06,0.0,s_ma,c_ms,c_ma,random
2,4.5059737e-06,0.0,s_ma,c_ms,c_ms,random
2,0.00029327403,0.0,s_ma,c_ms,c_ms,random
2,0.00033155674,0.0,s_ma,c_ms,c_ma,random
2,5.0268023e-05,0.0,s_ma,c_ms,c_ms,random
2,0.4280942,0.0,s_ms,c_ma,c_ms,random
2,0.6218763,1.0,s_ms,c_ma,c_ma,random
2,0.6440038,1.0,s_ms,c_ma,c_ma,random
2,0.43843344,0.0,s_ms,c_ma,c_ms,random
2,0.4657976,0.0,s_ms,c_ma,c_ms,random
2,0.0008990471,0.0,s_ma,c_ma,c_ms,random
2,8.587393e-05,0.0,s_ma,c_ma,c_ma,random
2,0.00022915928,0.0,s_ma,c_ma,c_ms,random
2,8.1387e-05,0.0,s_ma,c_ma,c_ma,random
2,0.37605688,0.0,s_ms,c_ms,c_ma,random
2,0.3755005,0.0,s_ms,c_ms,c_ms,random
2,0.377396,0.0,s_ms,c_ms,c_ma,random
2,0.50969493,1.0,s_ms,c_ms,c_ms,random
2,0.43105662,0.0,s_ms,c_ms,c_ms,random
2,3.224661e-05,0.0,s_ma,c_ms,c_ms,random
2,2.0455633e-05,0.0,s_ma,c_ms,c_ma,random
2,0.00013625296,0.0,s_ma,c_ms,c_ma,random
2,6.943928e-05,0.0,s_ma,c_ms,c_ms,random
2,0.000116653464,0.0,s_ma,c_ms,c_ma,random
2,0.47797766,0.0,s_ms,c_ma,c_ma,random
2,0.54548913,1.0,s_ms,c_ma,c_ms,random
2,0.55546343,1.0,s_ms,c_ma,c_ms,random
2,0.52143204,1.0,s_ms,c_ma,c_ma,random
2,0.4656948,0.0,s_ms,c_ma,c_ma,random
2,0.00094581005,0.0,s_ma,c_ma,c_ms,random
2,0.00032229087,0.0,s_ma,c_ma,c_ms,random
2,0.0001287605,0.0,s_ma,c_ma,c_ma,random
2,0.00022598747,0.0,s_ma,c_ma,c_ms,random
2,0.46542168,0.0,s_ms,c_ms,c_ms,random
2,0.5444337,1.0,s_ms,c_ms,c_ma,random
2,0.44157618,0.0,s_ms,c_ms,c_ms,random
2,0.42674494,0.0,s_ms,c_ms,c_ma,random
2,0.64186907,1.0,s_ms,c_ms,c_ma,random
2,6.389762e-05,0.0,s_ma,c_ms,c_ma,random
2,0.00013483607,0.0,s_ma,c_ms,c_ms,random
2,0.00047064,0.0,s_ma,c_ms,c_ms,random
2,3.2166394e-05,0.0,s_ma,c_ms,c_ma,random
2,0.00043973955,0.0,s_ma,c_ms,c_ms,random
2,0.59465766,1.0,s_ms,c_ma,c_ms,random
2,0.6587282,1.0,s_ms,c_ma,c_ma,random
2,0.5236973,1.0,s_ms,c_ma,c_ma,random
2,0.43347603,0.0,s_ms,c_ma,c_ms,random
2,0.5201533,1.0,s_ms,c_ma,c_ms,random
2,8.697894e-05,0.0,s_ma,c_ma,c_ma,random
2,0.00030028648,0.0,s_ma,c_ma,c_ms,random
2,0.00013611247,0.0,s_ma,c_ma,c_ms,random
2,5.5183842e-05,0.0,s_ma,c_ma,c_ma,random
2,0.5236989,1.0,s_ms,c_ms,c_ma,random
2,0.73771846,1.0,s_ms,c_ms,c_ms,random
2,0.51551807,1.0,s_ms,c_ms,c_ma,random
2,0.57109386,1.0,s_ms,c_ms,c_ms,random
2,0.5531088,1.0,s_ms,c_ms,c_ms,random
2,0.00017176528,0.0,s_ma,c_ms,c_ms,random
2,5.542842e-05,0.0,s_ma,c_ms,c_ma,random
2,0.0005033806,0.0,s_ma,c_ms,c_ma,random
2,0.0005788906,0.0,s_ma,c_ms,c_ms,random
2,7.026747e-05,0.0,s_ma,c_ms,c_ma,random
2,0.5608716,1.0,s_ms,c_ma,c_ma,random
2,0.5608108,1.0,s_ms,c_ma,c_ms,random
2,0.5804997,1.0,s_ms,c_ma,c_ms,random
2,0.61812264,1.0,s_ms,c_ma,c_ma,random
2,0.65320665,1.0,s_ms,c_ma,c_ma,random
2,0.00022276586,0.0,s_ma,c_ma,c_ms,random
2,0.00012678462,0.0,s_ma,c_ma,c_ma,random
2,0.00013582944,0.0,s_ma,c_ma,c_ms,random
2,0.00028831878,0.0,s_ma,c_ma,c_ms,random
2,0.4370479,0.0,s_ms,c_ms,c_ms,random
2,0.5175675,1.0,s_ms,c_ms,c_ma,random
2,0.37374777,0.0,s_ms,c_ms,c_ms,random
2,0.4883583,0.0,s_ms,c_ms,c_ma,random
2,0.420921,0.0,s_ms,c_ms,c_ma,random
2,2.8180625e-06,0.0,s_ma,c_ms,c_ma,random
2,9.343867e-06,0.0,s_ma,c_ms,c_ms,random
2,0.000650612,0.0,s_ma,c_ms,c_ms,random
2,3.8890466e-05,0.0,s_ma,c_ms,c_ma,random
2,0.0001080714,0.0,s_ma,c_ms,c_ms,random
2,0.5452905,1.0,s_ms,c_ma,c_ms,random
2,0.383623,0.0,s_ms,c_ma,c_ma,random
2,0.49689418,0.0,s_ms,c_ma,c_ma,random
2,0.42633796,0.0,s_ms,c_ma,c_ms,random
2,0.5203097,1.0,s_ms,c_ma,c_ms,random
2,8.274042e-05,0.0,s_ma,c_ma,c_ma,random
2,0.00022100584,0.0,s_ma,c_ma,c_ms,random
2,5.5088814e-05,0.0,s_ma,c_ma,c_ma,random
2,0.00028377,0.0,s_ma,c_ma,c_ms,random
3,0.00066971494,0.0,s_ma,c_ma,c_ms,blocked
3,0.00016627162,0.0,s_ma,c_ma,c_ma,blocked
3,0.0001160925,0.0,s_ma,c_ma,c_ms,blocked
3,0.00022243228,0.0,s_ma,c_ma,c_ms,blocked
3,0.47135547,0.0,s_ms,c_ma,c_ms,blocked
3,0.5261302,1.0,s_ms,c_ma,c_ma,blocked
3,0.5063472,1.0,s_ms,c_ma,c_ma,blocked
3,0.5474849,1.0,s_ms,c_ma,c_ms,blocked
3,0.590552,1.0,s_ms,c_ma,c_ma,blocked
3,4.612045e-05,0.0,s_ma,c_ms,c_ma,blocked
3,0.00052660314,0.0,s_ma,c_ms,c_ms,blocked
3,3.570088e-05,0.0,s_ma,c_ms,c_ms,blocked
3,5.8168574e-05,0.0,s_ma,c_ms,c_ma,blocked
3,0.0001457075,0.0,s_ma,c_ms,c_ma,blocked
3,0.10783173,0.0,s_ms,c_ms,c_ms,blocked
3,0.19014315,0.0,s_ms,c_ms,c_ma,blocked
3,0.10303031,0.0,s_ms,c_ms,c_ms,blocked
3,0.06603584,0.0,s_ms,c_ms,c_ma,blocked
3,0.12443229,0.0,s_ms,c_ms,c_ms,blocked
3,0.0007074833,0.0,s_ma,c_ma,c_ms,blocked
3,0.00017141858,0.0,s_ma,c_ma,c_ms,blocked
3,4.6013727e-05,0.0,s_ma,c_ma,c_ma,blocked
3,0.0014702539,0.0,s_ma,c_ma,c_ma,blocked
3,0.46375066,0.0,s_ms,c_ma,c_ma,blocked
3,0.49378,0.0,s_ms,c_ma,c_ms,blocked
3,0.4472267,0.0,s_ms,c_ma,c_ms,blocked
3,0.49736747,0.0,s_ms,c_ma,c_ma,blocked
3,0.54998165,1.0,s_ms,c_ma,c_ms,blocked
3,5.302491e-05,0.0,s_ma,c_ms,c_ms,blocked
3,0.0009294188,0.0,s_ma,c_ms,c_ma,blocked
3,0.0001522709,0.0,s_ma,c_ms,c_ma,blocked
3,0.000111995796,0.0,s_ma,c_ms,c_ms,blocked
3,0.00011939742,0.0,s_ma,c_ms,c_ms,blocked
3,0.29100212,0.0,s_ms,c_ms,c_ma,blocked
3,0.12671524,0.0,s_ms,c_ms,c_ms,blocked
3,0.03055843,0.0,s_ms,c_ms,c_ma,blocked
3,0.05868944,0.0,s_ms,c_ms,c_ms,blocked
3,0.09522019,0.0,s_ms,c_ms,c_ma,blocked
3,0.00015178352,0.0,s_ma,c_ma,c_ma,blocked
3,0.00014759431,0.0,s_ma,c_ma,c_ms,blocked
3,1.1008255e-05,0.0,s_ma,c_ma,c_ms,blocked
3,0.00042265296,0.0,s_ma,c_ma,c_ms,blocked
3,0.412647,0.0,s_ms,c_ma,c_ms,blocked
3,0.3481074,0.0,s_ms,c_ma,c_ma,blocked
3,0.37359688,0.0,s_ms,c_ma,c_ma,blocked
3,0.49389568,0.0,s_ms,c_ma,c_ms,blocked
3,0.5344367,1.0,s_ms,c_ma,c_ma,blocked
3,3.5304278e-05,0.0,s_ma,c_ms,c_ma,blocked
3,0.00042230124,0.0,s_ma,c_ms,c_ms,blocked
3,1.3471207e-05,0.0,s_ma,c_ms,c_ms,blocked
3,9.181313e-05,0.0,s_ma,c_ms,c_ma,blocked
3,3.9376988e-05,0.0,s_ma,c_ms,c_ma,blocked
3,0.13178608,0.0,s_ms,c_ms,c_ms,blocked
3,0.04922157,0.0,s_ms,c_ms,c_ma,blocked
3,0.089793,0.0,s_ms,c_ms,c_ms,blocked
3,0.05578565,0.0,s_ms,c_ms,c_ma,blocked
3,0.16332363,0.0,s_ms,c_ms,c_ms,blocked
3,0.00010712969,0.0,s_ma,c_ma,c_ms,blocked
3,4.404251e-05,0.0,s_ma,c_ma,c_ma,blocked
3,1.0437512e-05,0.0,s_ma,c_ma,c_ms,blocked
3,2.8930503e-05,0.0,s_ma,c_ma,c_ma,blocked
3,0.5318957,1.0,s_ms,c_ma,c_ma,blocked
3,0.5342273,1.0,s_ms,c_ma,c_ms,blocked
3,0.44727704,0.0,s_ms,c_ma,c_ms,blocked
3,0.5151522,1.0,s_ms,c_ma,c_ma,blocked
3,0.47593063,0.0,s_ms,c_ma,c_ms,blocked
3,0.0002995946,0.0,s_ma,c_ms,c_ms,blocked
3,0.000109964596,0.0,s_ma,c_ms,c_ma,blocked
3,0.0006835427,0.0,s_ma,c_ms,c_ma,blocked
3,0.00043491132,0.0,s_ma,c_ms,c_ms,blocked
3,0.00010078623,0.0,s_ma,c_ms,c_ms,blocked
3,0.24219841,0.0,s_ms,c_ms,c_ma,blocked
3,0.33241418,0.0,s_ms,c_ms,c_ms,blocked
3,0.3197802,0.0,s_ms,c_ms,c_ma,blocked
3,0.26821458,0.0,s_ms,c_ms,c_ms,blocked
3,0.28780442,0.0,s_ms,c_ms,c_ma,blocked
3,0.00022677713,0.0,s_ma,c_ma,c_ms,blocked
3,0.0013300282,0.0,s_ma,c_ma,c_ma,blocked
3,0.00043800336,0.0,s_ma,c_ma,c_ms,blocked
3,3.2880675e-05,0.0,s_ma,c_ma,c_ma,blocked
3,0.54326063,1.0,s_ms,c_ma,c_ma,blocked
3,0.54713094,1.0,s_ms,c_ma,c_ms,blocked
3,0.5108743,1.0,s_ms,c_ma,c_ms,blocked
3,0.5820484,1.0,s_ms,c_ma,c_ma,blocked
3,0.58966106,1.0,s_ms,c_ma,c_ms,blocked
3,5.778958e-05,0.0,s_ma,c_ms,c_ms,blocked
3,0.00024363003,0.0,s_ma,c_ms,c_ma,blocked
3,7.118773e-05,0.0,s_ma,c_ms,c_ma,blocked
3,0.000110086046,0.0,s_ma,c_ms,c_ms,blocked
3,7.866712e-05,0.0,s_ma,c_ms,c_ms,blocked
3,0.11836479,0.0,s_ms,c_ms,c_ma,blocked
3,0.050536845,0.0,s_ms,c_ms,c_ms,blocked
3,0.094629,0.0,s_ms,c_ms,c_ma,blocked
3,0.058628175,0.0,s_ms,c_ms,c_ms,blocked
3,0.07725793,0.0,s_ms,c_ms,c_ma,blocked
3,0.44475418,0.0,s_ms,c_ma,c_ms,blocked
3,0.47967023,0.0,s_ms,c_ma,c_ma,blocked
3,0.4973836,0.0,s_ms,c_ma,c_ms,blocked
3,0.35576287,0.0,s_ms,c_ma,c_ma,blocked
3,0.3793342,0.0,s_ms,c_ma,c_ma,blocked
3,0.00032805646,0.0,s_ma,c_ma,c_ms,blocked
3,9.305812e-06,0.0,s_ma,c_ma,c_ms,blocked
3,1.8349157e-05,0.0,s_ma,c_ma,c_ma,blocked
3,4.501705e-06,0.0,s_ma,c_ma,c_ms,blocked
3,0.20780732,0.0,s_ms,c_ms,c_ms,blocked
3,0.20185447,0.0,s_ms,c_ms,c_ma,blocked
3,0.1837319,0.0,s_ms,c_ms,c_ma,blocked
3,0.21502984,0.0,s_ms,c_ms,c_ms,blocked
3,0.25114095,0.0,s_ms,c_ms,c_ms,blocked
3,0.00017727916,0.0,s_ma,c_ms,c_ma,blocked
3,0.00027921412,0.0,s_ma,c_ms,c_ms,blocked
3,4.0888575e-05,0.0,s_ma,c_ms,c_ma,blocked
3,0.0004267934,0.0,s_ma,c_ms,c_ms,blocked
3,0.00012446393,0.0,s_ma,c_ms,c_ma,blocked
3,0.4259407,0.0,s_ms,c_ma,c_ma,blocked
3,0.42981827,0.0,s_ms,c_ma,c_ms,blocked
3,0.57609123,1.0,s_ms,c_ma,c_ma,blocked
3,0.39058876,0.0,s_ms,c_ma,c_ms,blocked
3,0.3904108,0.0,s_ms,c_ma,c_ms,blocked
3,0.0003499312,0.0,s_ma,c_ma,c_ms,blocked
3,2.5813102e-05,0.0,s_ma,c_ma,c_ma,blocked
3,6.722959e-06,0.0,s_ma,c_ma,c_ms,blocked
3,9.204447e-06,0.0,s_ma,c_ma,c_ma,blocked
3,0.20567727,0.0,s_ms,c_ms,c_ma,blocked
3,0.3244829,0.0,s_ms,c_ms,c_ms,blocked
3,0.12838033,0.0,s_ms,c_ms,c_ms,blocked
3,0.18577594,0.0,s_ms,c_ms,c_ma,blocked
3,0.34525013,0.0,s_ms,c_ms,c_ma,blocked
3,3.096842e-05,0.0,s_ma,c_ms,c_ms,blocked
3,0.00011799904,0.0,s_ma,c_ms,c_ma,blocked
3,5.11262e-05,0.0,s_ma,c_ms,c_ms,blocked
3,3.9062965e-05,0.0,s_ma,c_ms,c_ma,blocked
3,7.100051e-05,0.0,s_ma,c_ms,c_ms,blocked
3,0.44850466,0.0,s_ms,c_ma,c_ma,blocked
3,0.51125145,1.0,s_ms,c_ma,c_ms,blocked
3,0.532918,1.0,s_ms,c_ma,c_ma,blocked
3,0.478376,0.0,s_ms,c_ma,c_ms,blocked
3,0.45264852,0.0,s_ms,c_ma,c_ms,blocked
3,7.947734e-06,0.0,s_ma,c_ma,c_ms,blocked
3,2.3596576e-05,0.0,s_ma,c_ma,c_ma,blocked
3,3.1678433e-06,0.0,s_ma,c_ma,c_ms,blocked
3,1.1612234e-05,0.0,s_ma,c_ma,c_ma,blocked
3,0.4213336,0.0,s_ms,c_ms,c_ma,blocked
3,0.34622753,0.0,s_ms,c_ms,c_ms,blocked
3,0.28320354,0.0,s_ms,c_ms,c_ms,blocked
3,0.28274477,0.0,s_ms,c_ms,c_ma,blocked
3,0.32065523,0.0,s_ms,c_ms,c_ma,blocked
3,5.228986e-06,0.0,s_ma,c_ms,c_ms,blocked
3,5.1881038e-05,0.0,s_ma,c_ms,c_ma,blocked
3,1.7791965e-05,0.0,s_ma,c_ms,c_ms,blocked
3,1.9647721e-05,0.0,s_ma,c_ms,c_ma,blocked
3,4.1834514e-06,0.0,s_ma,c_ms,c_ms,blocked
3,0.36964014,0.0,s_ms,c_ma,c_ms,blocked
3,0.40918884,0.0,s_ms,c_ma,c_ma,blocked
3,0.44155547,0.0,s_ms,c_ma,c_ms,blocked
3,0.4150292,0.0,s_ms,c_ma,c_ma,blocked
3,0.3248889,0.0,s_ms,c_ma,c_ma,blocked
3,1.51240065e-05,0.0,s_ma,c_ma,c_ma,blocked
3,5.744601e-06,0.0,s_ma,c_ma,c_ms,blocked
3,2.7549816e-06,0.0,s_ma,c_ma,c_ms,blocked
3,1.10943565e-05,0.0,s_ma,c_ma,c_ms,blocked
3,0.37870625,0.0,s_ms,c_ms,c_ms,blocked
3,0.22510009,0.0,s_ms,c_ms,c_ma,blocked
3,0.25805515,0.0,s_ms,c_ms,c_ma,blocked
3,0.13146526,0.0,s_ms,c_ms,c_ms,blocked
3,0.23224156,0.0,s_ms,c_ms,c_ms,blocked
3,4.5590755e-07,0.0,s_ma,c_ms,c_ma,blocked
3,1.9634992e-06,0.0,s_ma,c_ms,c_ms,blocked
3,1.09230705e-05,0.0,s_ma,c_ms,c_ma,blocked
3,2.0230376e-05,0.0,s_ma,c_ms,c_ms,blocked
3,2.4270769e-06,0.0,s_ma,c_ms,c_ma,blocked
3,0.33620253,0.0,s_ms,c_ma,c_ma,blocked
3,0.40016294,0.0,s_ms,c_ma,c_ms,blocked
3,0.39358968,0.0,s_ms,c_ma,c_ma,blocked
3,0.4565549,0.0,s_ms,c_ma,c_ms,blocked
3,0.32705057,0.0,s_ms,c_ma,c_ms,blocked
3,3.9638862e-06,0.0,s_ma,c_ma,c_ms,blocked
3,6.5979816e-06,0.0,s_ma,c_ma,c_ma,blocked
3,1.1377591e-05,0.0,s_ma,c_ma,c_ma,blocked
3,1.3079797e-05,0.0,s_ma,c_ma,c_ms,blocked
3,0.2339884,0.0,s_ms,c_ms,c_ma,blocked
3,0.21755503,0.0,s_ms,c_ms,c_ms,blocked
3,0.16508484,0.0,s_ms,c_ms,c_ms,blocked
3,0.11714676,0.0,s_ms,c_ms,c_ma,blocked
3,0.105754144,0.0,s_ms,c_ms,c_ma,blocked
3,1.1423453e-05,0.0,s_ma,c_ms,c_ms,blocked
3,7.552685e-05,0.0,s_ma,c_ms,c_ma,blocked
3,4.8777252e-05,0.0,s_ma,c_ms,c_ms,blocked
3,3.582048e-05,0.0,s_ma,c_ms,c_ma,blocked
3,1.6204758e-05,0.0,s_ma,c_ms,c_ms,blocked
3,1.9429572e-06,0.0,s_ma,c_ms,c_ma,blocked
3,2.0842423e-05,0.0,s_ma,c_ms,c_ms,blocked
3,0.00013407042,0.0,s_ma,c_ms,c_ma,blocked
3,6.9017886e-05,0.0,s_ma,c_ms,c_ms,blocked
3,8.325317e-06,0.0,s_ma,c_ms,c_ms,blocked
3,0.063942775,0.0,s_ms,c_ms,c_ms,blocked
3,0.14980951,0.0,s_ms,c_ms,c_ma,blocked
3,0.15608206,0.0,s_ms,c_ms,c_ma,blocked
3,0.033215374,0.0,s_ms,c_ms,c_ms,blocked
3,0.0543064,0.0,s_ms,c_ms,c_ma,blocked
3,6.2235995e-06,0.0,s_ma,c_ma,c_ms,blocked
3,0.00033707425,0.0,s_ma,c_ma,c_ms,blocked
3,0.00014647063,0.0,s_ma,c_ma,c_ma,blocked
3,5.361339e-06,0.0,s_ma,c_ma,c_ma,blocked
3,0.3844897,0.0,s_ms,c_ma,c_ms,blocked
3,0.43815506,0.0,s_ms,c_ma,c_ma,blocked
3,0.35638756,0.0,s_ms,c_ma,c_ms,blocked
3,0.40326548,0.0,s_ms,c_ma,c_ma,blocked
3,0.27080023,0.0,s_ms,c_ma,c_ms,blocked
3,0.00011115742,0.0,s_ma,c_ms,c_ms,blocked
3,0.00017028389,0.0,s_ma,c_ms,c_ma,blocked
3,8.15639e-05,0.0,s_ma,c_ms,c_ms,blocked
3,1.450414e-06,0.0,s_ma,c_ms,c_ma,blocked
3,0.00037910615,0.0,s_ma,c_ms,c_ma,blocked
3,0.08944073,0.0,s_ms,c_ms,c_ma,blocked
3,0.09138601,0.0,s_ms,c_ms,c_ms,blocked
3,0.26208672,0.0,s_ms,c_ms,c_ms,blocked
3,0.01983107,0.0,s_ms,c_ms,c_ma,blocked
3,0.04169468,0.0,s_ms,c_ms,c_ms,blocked
3,5.8854584e-06,0.0,s_ma,c_ma,c_ms,blocked
3,3.5341072e-06,0.0,s_ma,c_ma,c_ma,blocked
3,8.096599e-05,0.0,s_ma,c_ma,c_ms,blocked
3,3.0867423e-06,0.0,s_ma,c_ma,c_ms,blocked
3,0.2443621,0.0,s_ms,c_ma,c_ma,blocked
3,0.12798512,0.0,s_ms,c_ma,c_ms,blocked
3,0.41010138,0.0,s_ms,c_ma,c_ma,blocked
3,0.28840476,0.0,s_ms,c_ma,c_ms,blocked
3,0.41070744,0.0,s_ms,c_ma,c_ma,blocked
3,1.0301303e-06,0.0,s_ma,c_ms,c_ms,blocked
3,2.1681406e-05,0.0,s_ma,c_ms,c_ma,blocked
3,1.7929113e-05,0.0,s_ma,c_ms,c_ms,blocked
3,6.2524865e-05,0.0,s_ma,c_ms,c_ma,blocked
3,9.720488e-06,0.0,s_ma,c_ms,c_ma,blocked
3,0.17039967,0.0,s_ms,c_ms,c_ma,blocked
3,0.15489727,0.0,s_ms,c_ms,c_ms,blocked
3,0.11870099,0.0,s_ms,c_ms,c_ms,blocked
3,0.015670665,0.0,s_ms,c_ms,c_ma,blocked
3,0.033179466,0.0,s_ms,c_ms,c_ms,blocked
3,0.00031839954,0.0,s_ma,c_ma,c_ms,blocked
3,3.4315174e-06,0.0,s_ma,c_ma,c_ma,blocked
3,0.00011673323,0.0,s_ma,c_ma,c_ms,blocked
3,1.229625e-06,0.0,s_ma,c_ma,c_ms,blocked
3,0.38215175,0.0,s_ms,c_ma,c_ma,blocked
3,0.4756321,0.0,s_ms,c_ma,c_ms,blocked
3,0.3481782,0.0,s_ms,c_ma,c_ma,blocked
3,0.33586794,0.0,s_ms,c_ma,c_ms,blocked
3,0.43935573,0.0,s_ms,c_ma,c_ma,blocked
3,4.6868763e-06,0.0,s_ma,c_ms,c_ma,blocked
3,1.8039824e-05,0.0,s_ma,c_ms,c_ms,blocked
3,2.7787511e-05,0.0,s_ma,c_ms,c_ma,blocked
3,7.68909e-06,0.0,s_ma,c_ms,c_ms,blocked
3,1.58396e-05,0.0,s_ma,c_ms,c_ms,blocked
3,0.09926424,0.0,s_ms,c_ms,c_ms,blocked
3,0.1435808,0.0,s_ms,c_ms,c_ma,blocked
3,0.1386886,0.0,s_ms,c_ms,c_ma,blocked
3,0.03551149,0.0,s_ms,c_ms,c_ms,blocked
3,0.076983325,0.0,s_ms,c_ms,c_ma,blocked
3,0.0001472531,0.0,s_ma,c_ma,c_ma,blocked
3,8.0079095e-05,0.0,s_ma,c_ma,c_ms,blocked
3,0.00012613737,0.0,s_ma,c_ma,c_ms,blocked
3,2.390797e-06,0.0,s_ma,c_ma,c_ma,blocked
3,0.47503215,0.0,s_ms,c_ma,c_ms,blocked
3,0.373718,0.0,s_ms,c_ma,c_ma,blocked
3,0.3845141,0.0,s_ms,c_ma,c_ms,blocked
3,0.47456852,0.0,s_ms,c_ma,c_ma,blocked
3,0.40183192,0.0,s_ms,c_ma,c_ms,blocked
3,4.5078573e-06,0.0,s_ma,c_ms,c_ma,blocked
3,7.485226e-05,0.0,s_ma,c_ms,c_ms,blocked
3,0.0003585628,0.0,s_ma,c_ms,c_ma,blocked
3,1.778747e-06,0.0,s_ma,c_ms,c_ms,blocked
3,0.0005816518,0.0,s_ma,c_ms,c_ms,blocked
3,0.113582365,0.0,s_ms,c_ms,c_ms,blocked
3,0.054361835,0.0,s_ms,c_ms,c_ma,blocked
3,0.24080752,0.0,s_ms,c_ms,c_ma,blocked
3,0.06656325,0.0,s_ms,c_ms,c_ms,blocked
3,0.022957472,0.0,s_ms,c_ms,c_ma,blocked
3,4.8729307e-06,0.0,s_ma,c_ma,c_ma,blocked
3,3.150574e-06,0.0,s_ma,c_ma,c_ms,blocked
3,1.2106984e-06,0.0,s_ma,c_ma,c_ms,blocked
3,2.1873338e-06,0.0,s_ma,c_ma,c_ma,blocked
3,0.37507468,0.0,s_ms,c_ma,c_ms,blocked
3,0.31013978,0.0,s_ms,c_ma,c_ma,blocked
3,0.27866638,0.0,s_ms,c_ma,c_ms,blocked
3,0.24824479,0.0,s_ms,c_ma,c_ma,blocked
3,0.21575058,0.0,s_ms,c_ma,c_ms,blocked
3,0.25264633,0.0,s_ms,c_ms,c_ms,blocked
3,0.27781713,0.0,s_ms,c_ms,c_ma,blocked
3,0.35290307,0.0,s_ms,c_ms,c_ms,blocked
3,0.49984527,0.0,s_ms,c_ms,c_ma,blocked
3,0.09531855,0.0,s_ms,c_ms,c_ma,blocked
3,2.7876755e-05,0.0,s_ma,c_ms,c_ma,blocked
3,1.9683506e-05,0.0,s_ma,c_ms,c_ms,blocked
3,4.6471473e-06,0.0,s_ma,c_ms,c_ms,blocked
3,1.0389867e-06,0.0,s_ma,c_ms,c_ma,blocked
3,1.6812117e-05,0.0,s_ma,c_ms,c_ms,blocked
3,0.5327816,1.0,s_ms,c_ma,c_ms,blocked
3,0.6641458,1.0,s_ms,c_ma,c_ma,blocked
3,0.53179127,1.0,s_ms,c_ma,c_ma,blocked
3,0.42959973,0.0,s_ms,c_ma,c_ms,blocked
3,0.4877586,0.0,s_ms,c_ma,c_ms,blocked
3,0.0004896442,0.0,s_ma,c_ma,c_ms,blocked
3,6.98732e-05,0.0,s_ma,c_ma,c_ma,blocked
3,7.1590357e-06,0.0,s_ma,c_ma,c_ms,blocked
3,6.2973806e-05,0.0,s_ma,c_ma,c_ma,blocked
3,0.19695902,0.0,s_ms,c_ms,c_ma,blocked
3,0.2678855,0.0,s_ms,c_ms,c_ms,blocked
3,0.42110944,0.0,s_ms,c_ms,c_ma,blocked
3,0.38867733,0.0,s_ms,c_ms,c_ms,blocked
3,0.16633561,0.0,s_ms,c_ms,c_ms,blocked
3,0.00032319396,0.0,s_ma,c_ms,c_ms,blocked
3,4.839971e-05,0.0,s_ma,c_ms,c_ma,blocked
3,5.9777405e-05,0.0,s_ma,c_ms,c_ma,blocked
3,3.8543785e-06,0.0,s_ma,c_ms,c_ms,blocked
3,0.0011420764,0.0,s_ma,c_ms,c_ma,blocked
3,0.48243305,0.0,s_ms,c_ma,c_ma,blocked
3,0.74706733,1.0,s_ms,c_ma,c_ms,blocked
3,0.4476486,0.0,s_ms,c_ma,c_ms,blocked
3,0.53182554,1.0,s_ms,c_ma,c_ma,blocked
3,0.61317354,1.0,s_ms,c_ma,c_ma,blocked
3,0.00047656606,0.0,s_ma,c_ma,c_ms,blocked
3,0.00022558507,0.0,s_ma,c_ma,c_ms,blocked
3,8.698415e-05,0.0,s_ma,c_ma,c_ma,blocked
3,0.00011823399,0.0,s_ma,c_ma,c_ms,blocked
3,0.27137303,0.0,s_ms,c_ms,c_ms,blocked
3,0.39252493,0.0,s_ms,c_ms,c_ma,blocked
3,0.35375342,0.0,s_ms,c_ms,c_ms,blocked
3,0.34195337,0.0,s_ms,c_ms,c_ma,blocked
3,0.06383218,0.0,s_ms,c_ms,c_ma,blocked
3,4.293675e-05,0.0,s_ma,c_ms,c_ma,blocked
3,4.293357e-05,0.0,s_ma,c_ms,c_ms,blocked
3,2.250351e-05,0.0,s_ma,c_ms,c_ms,blocked
3,7.903197e-05,0.0,s_ma,c_ms,c_ma,blocked
3,0.00033147619,0.0,s_ma,c_ms,c_ms,blocked
3,0.55320466,1.0,s_ms,c_ma,c_ms,blocked
3,0.5012821,1.0,s_ms,c_ma,c_ma,blocked
3,0.5670771,1.0,s_ms,c_ma,c_ma,blocked
3,0.50614315,1.0,s_ms,c_ma,c_ms,blocked
3,0.607967,1.0,s_ms,c_ma,c_ms,blocked
3,7.515168e-05,0.0,s_ma,c_ma,c_ma,blocked
3,0.00022147398,0.0,s_ma,c_ma,c_ms,blocked
3,0.00022890634,0.0,s_ma,c_ma,c_ms,blocked
3,0.0001873181,0.0,s_ma,c_ma,c_ma,blocked
3,0.2786926,0.0,s_ms,c_ms,c_ma,blocked
3,0.26653826,0.0,s_ms,c_ms,c_ms,blocked
3,0.30565393,0.0,s_ms,c_ms,c_ma,blocked
3,0.48148814,0.0,s_ms,c_ms,c_ms,blocked
3,0.12852556,0.0,s_ms,c_ms,c_ms,blocked
3,0.00031600113,0.0,s_ma,c_ms,c_ms,blocked
3,5.195715e-05,0.0,s_ma,c_ms,c_ma,blocked
3,2.0289837e-05,0.0,s_ma,c_ms,c_ma,blocked
3,5.17859e-05,0.0,s_ma,c_ms,c_ms,blocked
3,7.269076e-05,0.0,s_ma,c_ms,c_ma,blocked
3,0.48230356,0.0,s_ms,c_ma,c_ma,blocked
3,0.57088137,1.0,s_ms,c_ma,c_ms,blocked
3,0.5349242,1.0,s_ms,c_ma,c_ms,blocked
3,0.39798945,0.0,s_ms,c_ma,c_ma,blocked
3,0.58342224,1.0,s_ms,c_ma,c_ma,blocked
3,6.972843e-06,0.0,s_ma,c_ma,c_ms,blocked
3,8.423681e-05,0.0,s_ma,c_ma,c_ma,blocked
3,0.00021577993,0.0,s_ma,c_ma,c_ms,blocked
3,3.7408772e-05,0.0,s_ma,c_ma,c_ms,blocked
3,0.26845855,0.0,s_ms,c_ms,c_ms,blocked
3,0.28600425,0.0,s_ms,c_ms,c_ma,blocked
3,0.21789171,0.0,s_ms,c_ms,c_ms,blocked
3,0.5668206,1.0,s_ms,c_ms,c_ma,blocked
3,0.24434596,0.0,s_ms,c_ms,c_ma,blocked
3,0.000103186656,0.0,s_ma,c_ms,c_ma,blocked
3,6.965995e-05,0.0,s_ma,c_ms,c_ms,blocked
3,3.937876e-06,0.0,s_ma,c_ms,c_ms,blocked
3,6.900703e-06,0.0,s_ma,c_ms,c_ma,blocked
3,0.000102978476,0.0,s_ma,c_ms,c_ms,blocked
3,0.6449428,1.0,s_ms,c_ma,c_ms,blocked
3,0.4539106,0.0,s_ms,c_ma,c_ma,blocked
3,0.45480326,0.0,s_ms,c_ma,c_ma,blocked
3,0.5096079,1.0,s_ms,c_ma,c_ms,blocked
3,0.6727674,1.0,s_ms,c_ma,c_ms,blocked
3,6.2238396e-05,0.0,s_ma,c_ma,c_ma,blocked
3,0.00012466755,0.0,s_ma,c_ma,c_ms,blocked
3,0.00017590137,0.0,s_ma,c_ma,c_ma,blocked
3,3.68076e-05,0.0,s_ma,c_ma,c_ms,blocked
3,0.0005958033,0.0,s_ma,c_ma,c_ms,interleaved
3,0.00017645312,0.0,s_ma,c_ma,c_ma,interleaved
3,0.00016434441,0.0,s_ma,c_ma,c_ms,interleaved
3,0.00021092324,0.0,s_ma,c_ma,c_ms,interleaved
3,0.43557274,0.0,s_ms,c_ma,c_ms,interleaved
3,0.5301161,1.0,s_ms,c_ma,c_ma,interleaved
3,0.55136675,1.0,s_ms,c_ma,c_ma,interleaved
3,0.52723503,1.0,s_ms,c_ma,c_ms,interleaved
3,0.23906146,0.0,s_ms,c_ma,c_ma,interleaved
3,7.871845e-06,0.0,s_ma,c_ms,c_ma,interleaved
3,0.00015553964,0.0,s_ma,c_ms,c_ms,interleaved
3,3.685079e-06,0.0,s_ma,c_ms,c_ms,interleaved
3,1.7957187e-05,0.0,s_ma,c_ms,c_ma,interleaved
3,3.8474718e-05,0.0,s_ma,c_ms,c_ma,interleaved
3,0.33352596,0.0,s_ms,c_ms,c_ms,interleaved
3,0.2949972,0.0,s_ms,c_ms,c_ma,interleaved
3,0.27901646,0.0,s_ms,c_ms,c_ms,interleaved
3,0.24069296,0.0,s_ms,c_ms,c_ma,interleaved
3,0.29339543,0.0,s_ms,c_ms,c_ms,interleaved
3,0.0006320094,0.0,s_ma,c_ma,c_ms,interleaved
3,0.00017500318,0.0,s_ma,c_ma,c_ms,interleaved
3,0.00036946512,0.0,s_ma,c_ma,c_ma,interleaved
3,0.001276878,0.0,s_ma,c_ma,c_ma,interleaved
3,0.46297422,0.0,s_ms,c_ma,c_ma,interleaved
3,0.5961197,1.0,s_ms,c_ma,c_ms,interleaved
3,0.5029812,1.0,s_ms,c_ma,c_ms,interleaved
3,0.540905,1.0,s_ms,c_ma,c_ma,interleaved
3,0.48931062,0.0,s_ms,c_ma,c_ms,interleaved
3,5.787989e-05,0.0,s_ma,c_ms,c_ms,interleaved
3,0.00069873955,0.0,s_ma,c_ms,c_ma,interleaved
3,7.8872145e-05,0.0,s_ma,c_ms,c_ma,interleaved
3,9.910738e-05,0.0,s_ma,c_ms,c_ms,interleaved
3,0.00037383943,0.0,s_ma,c_ms,c_ms,interleaved
3,0.5340769,1.0,s_ms,c_ms,c_ma,interleaved
3,0.33443683,0.0,s_ms,c_ms,c_ms,interleaved
3,0.2084801,0.0,s_ms,c_ms,c_ma,interleaved
3,0.30962163,0.0,s_ms,c_ms,c_ms,interleaved
3,0.3783298,0.0,s_ms,c_ms,c_ma,interleaved
3,0.00015701052,0.0,s_ma,c_ma,c_ma,interleaved
3,0.00014926097,0.0,s_ma,c_ma,c_ms,interleaved
3,3.679051e-05,0.0,s_ma,c_ma,c_ms,interleaved
3,0.00037454136,0.0,s_ma,c_ma,c_ms,interleaved
3,0.5386493,1.0,s_ms,c_ma,c_ms,interleaved
3,0.49858958,0.0,s_ms,c_ma,c_ma,interleaved
3,0.56639993,1.0,s_ms,c_ma,c_ma,interleaved
3,0.5918858,1.0,s_ms,c_ma,c_ms,interleaved
3,0.534349,1.0,s_ms,c_ma,c_ma,interleaved
3,6.963651e-05,0.0,s_ma,c_ms,c_ma,interleaved
3,0.0004970321,0.0,s_ma,c_ms,c_ms,interleaved
3,2.149405e-05,0.0,s_ma,c_ms,c_ms,interleaved
3,7.512505e-05,0.0,s_ma,c_ms,c_ma,interleaved
3,0.00013120985,0.0,s_ma,c_ms,c_ma,interleaved
3,0.3953247,0.0,s_ms,c_ms,c_ms,interleaved
3,0.22705424,0.0,s_ms,c_ms,c_ma,interleaved
3,0.41339085,0.0,s_ms,c_ms,c_ms,interleaved
3,0.31924033,0.0,s_ms,c_ms,c_ma,interleaved
3,0.4804477,0.0,s_ms,c_ms,c_ms,interleaved
3,0.00016863014,0.0,s_ma,c_ma,c_ms,interleaved
3,0.00033333577,0.0,s_ma,c_ma,c_ma,interleaved
3,4.4549713e-05,0.0,s_ma,c_ma,c_ms,interleaved
3,0.00010010923,0.0,s_ma,c_ma,c_ma,interleaved
3,0.39278015,0.0,s_ms,c_ma,c_ma,interleaved
3,0.44203267,0.0,s_ms,c_ma,c_ms,interleaved
3,0.45087478,0.0,s_ms,c_ma,c_ms,interleaved
3,0.21772833,0.0,s_ms,c_ma,c_ma,interleaved
3,0.19599958,0.0,s_ms,c_ma,c_ms,interleaved
3,0.00056173274,0.0,s_ma,c_ms,c_ms,interleaved
3,3.500906e-06,0.0,s_ma,c_ms,c_ma,interleaved
3,0.00059484027,0.0,s_ma,c_ms,c_ma,interleaved
3,0.00042851787,0.0,s_ma,c_ms,c_ms,interleaved
3,7.294654e-06,0.0,s_ma,c_ms,c_ms,interleaved
3,0.39187998,0.0,s_ms,c_ms,c_ma,interleaved
3,0.4312335,0.0,s_ms,c_ms,c_ms,interleaved
3,0.48309138,0.0,s_ms,c_ms,c_ma,interleaved
3,0.33787793,0.0,s_ms,c_ms,c_ms,interleaved
3,0.31421018,0.0,s_ms,c_ms,c_ma,interleaved
3,0.00021615531,0.0,s_ma,c_ma,c_ms,interleaved
3,0.001170688,0.0,s_ma,c_ma,c_ma,interleaved
3,0.00039720553,0.0,s_ma,c_ma,c_ms,interleaved
3,0.00010908938,0.0,s_ma,c_ma,c_ma,interleaved
3,0.57798076,1.0,s_ms,c_ma,c_ma,interleaved
3,0.54268444,1.0,s_ms,c_ma,c_ms,interleaved
3,0.5562028,1.0,s_ms,c_ma,c_ms,interleaved
3,0.60418504,1.0,s_ms,c_ma,c_ma,interleaved
3,0.47176298,0.0,s_ms,c_ma,c_ms,interleaved
3,7.416103e-05,0.0,s_ma,c_ms,c_ms,interleaved
3,0.00050953135,0.0,s_ma,c_ms,c_ma,interleaved
3,6.490352e-05,0.0,s_ma,c_ms,c_ma,interleaved
3,0.00010270906,0.0,s_ma,c_ms,c_ms,interleaved
3,0.00052457314,0.0,s_ma,c_ms,c_ms,interleaved
3,0.66261315,1.0,s_ms,c_ms,c_ma,interleaved
3,0.29084587,0.0,s_ms,c_ms,c_ms,interleaved
3,0.4781771,0.0,s_ms,c_ms,c_ma,interleaved
3,0.36130682,0.0,s_ms,c_ms,c_ms,interleaved
3,0.22925639,0.0,s_ms,c_ms,c_ma,interleaved
3,0.45227456,0.0,s_ms,c_ma,c_ms,interleaved
3,0.45235974,0.0,s_ms,c_ma,c_ma,interleaved
3,0.34745765,0.0,s_ms,c_ma,c_ms,interleaved
3,0.4903544,0.0,s_ms,c_ma,c_ma,interleaved
3,0.3249468,0.0,s_ms,c_ma,c_ma,interleaved
3,0.0007562397,0.0,s_ma,c_ma,c_ms,interleaved
3,3.562431e-06,0.0,s_ma,c_ma,c_ms,interleaved
3,2.179183e-05,0.0,s_ma,c_ma,c_ma,interleaved
3,4.598013e-06,0.0,s_ma,c_ma,c_ms,interleaved
3,0.6384182,1.0,s_ms,c_ms,c_ms,interleaved
3,0.4782161,0.0,s_ms,c_ms,c_ma,interleaved
3,0.50979537,1.0,s_ms,c_ms,c_ma,interleaved
3,0.53781736,1.0,s_ms,c_ms,c_ms,interleaved
3,0.5154311,1.0,s_ms,c_ms,c_ms,interleaved
3,3.4319753e-05,0.0,s_ma,c_ms,c_ma,interleaved
3,0.0003258471,0.0,s_ma,c_ms,c_ms,interleaved
3,4.242715e-05,0.0,s_ma,c_ms,c_ma,interleaved
3,0.00043553032,0.0,s_ma,c_ms,c_ms,interleaved
3,0.00013821374,0.0,s_ma,c_ms,c_ma,interleaved
3,0.40958807,0.0,s_ms,c_ma,c_ma,interleaved
3,0.2883101,0.0,s_ms,c_ma,c_ms,interleaved
3,0.4083054,0.0,s_ms,c_ma,c_ma,interleaved
3,0.47665277,0.0,s_ms,c_ma,c_ms,interleaved
3,0.39310557,0.0,s_ms,c_ma,c_ms,interleaved
3,0.0008118471,0.0,s_ma,c_ma,c_ms,interleaved
3,2.9757564e-05,0.0,s_ma,c_ma,c_ma,interleaved
3,1.0870628e-05,0.0,s_ma,c_ma,c_ms,interleaved
3,1.1201125e-05,0.0,s_ma,c_ma,c_ma,interleaved
3,0.6899048,1.0,s_ms,c_ms,c_ma,interleaved
3,0.79995143,1.0,s_ms,c_ms,c_ms,interleaved
3,0.62501025,1.0,s_ms,c_ms,c_ms,interleaved
3,0.6218646,1.0,s_ms,c_ms,c_ma,interleaved
3,0.8870064,1.0,s_ms,c_ms,c_ma,interleaved
3,2.170851e-05,0.0,s_ma,c_ms,c_ms,interleaved
3,5.068005e-05,0.0,s_ma,c_ms,c_ma,interleaved
3,5.5167413e-05,0.0,s_ma,c_ms,c_ms,interleaved
3,4.671296e-05,0.0,s_ma,c_ms,c_ma,interleaved
3,7.4210184e-05,0.0,s_ma,c_ms,c_ms,interleaved
3,0.388196,0.0,s_ms,c_ma,c_ma,interleaved
3,0.4232156,0.0,s_ms,c_ma,c_ms,interleaved
3,0.3508492,0.0,s_ms,c_ma,c_ma,interleaved
3,0.47496986,0.0,s_ms,c_ma,c_ms,interleaved
3,0.37607422,0.0,s_ms,c_ma,c_ms,interleaved
3,3.0745532e-06,0.0,s_ma,c_ma,c_ms,interleaved
3,2.6368416e-05,0.0,s_ma,c_ma,c_ma,interleaved
3,5.1591633e-06,0.0,s_ma,c_ma,c_ms,interleaved
3,1.20068735e-05,0.0,s_ma,c_ma,c_ma,interleaved
3,0.50862175,1.0,s_ms,c_ms,c_ma,interleaved
3,0.40850264,0.0,s_ms,c_ms,c_ms,interleaved
3,0.49721307,0.0,s_ms,c_ms,c_ms,interleaved
3,0.36852536,0.0,s_ms,c_ms,c_ma,interleaved
3,0.5500804,1.0,s_ms,c_ms,c_ma,interleaved
3,4.511173e-06,0.0,s_ma,c_ms,c_ms,interleaved
3,5.4459902e-05,0.0,s_ma,c_ms,c_ma,interleaved
3,1.9420037e-05,0.0,s_ma,c_ms,c_ms,interleaved
3,2.125476e-05,0.0,s_ma,c_ms,c_ma,interleaved
3,4.1668663e-06,0.0,s_ma,c_ms,c_ms,interleaved
3,0.3727567,0.0,s_ms,c_ma,c_ms,interleaved
3,0.3508885,0.0,s_ms,c_ma,c_ma,interleaved
3,0.3309596,0.0,s_ms,c_ma,c_ms,interleaved
3,0.6886006,1.0,s_ms,c_ma,c_ma,interleaved
3,0.28700948,0.0,s_ms,c_ma,c_ma,interleaved
3,1.8502506e-05,0.0,s_ma,c_ma,c_ma,interleaved
3,9.460834e-06,0.0,s_ma,c_ma,c_ms,interleaved
3,4.3088185e-06,0.0,s_ma,c_ma,c_ms,interleaved
3,0.00011443842,0.0,s_ma,c_ma,c_ms,interleaved
3,0.7521952,1.0,s_ms,c_ms,c_ms,interleaved
3,0.7829369,1.0,s_ms,c_ms,c_ma,interleaved
3,0.7947749,1.0,s_ms,c_ms,c_ma,interleaved
3,0.6058445,1.0,s_ms,c_ms,c_ms,interleaved
3,0.64070463,1.0,s_ms,c_ms,c_ms,interleaved
3,5.121184e-07,0.0,s_ma,c_ms,c_ma,interleaved
3,2.7695778e-06,0.0,s_ma,c_ms,c_ms,interleaved
3,1.1584103e-05,0.0,s_ma,c_ms,c_ma,interleaved
3,1.590631e-05,0.0,s_ma,c_ms,c_ms,interleaved
3,2.7875162e-06,0.0,s_ma,c_ms,c_ma,interleaved
3,0.71415925,1.0,s_ms,c_ma,c_ma,interleaved
3,0.48696813,0.0,s_ms,c_ma,c_ms,interleaved
3,0.39111897,0.0,s_ms,c_ma,c_ma,interleaved
3,0.7328166,1.0,s_ms,c_ma,c_ms,interleaved
3,0.51365364,1.0,s_ms,c_ma,c_ms,interleaved
3,4.135537e-06,0.0,s_ma,c_ma,c_ms,interleaved
3,7.961072e-06,0.0,s_ma,c_ma,c_ma,interleaved
3,1.17238615e-05,0.0,s_ma,c_ma,c_ma,interleaved
3,0.0001374171,0.0,s_ma,c_ma,c_ms,interleaved
3,0.7142892,1.0,s_ms,c_ms,c_ma,interleaved
3,0.80857587,1.0,s_ms,c_ms,c_ms,interleaved
3,0.6199565,1.0,s_ms,c_ms,c_ms,interleaved
3,0.56368685,1.0,s_ms,c_ms,c_ma,interleaved
3,0.69143164,1.0,s_ms,c_ms,c_ma,interleaved
3,1.1886893e-05,0.0,s_ma,c_ms,c_ms,interleaved
3,0.000114909424,0.0,s_ma,c_ms,c_ma,interleaved
3,6.038184e-05,0.0,s_ma,c_ms,c_ms,interleaved
3,3.726213e-05,0.0,s_ma,c_ms,c_ma,interleaved
3,1.8722882e-05,0.0,s_ma,c_ms,c_ms,interleaved
3,7.2810176e-06,0.0,s_ma,c_ms,c_ma,interleaved
3,5.2119667e-05,0.0,s_ma,c_ms,c_ms,interleaved
3,7.4283365e-05,0.0,s_ma,c_ms,c_ma,interleaved
3,0.0005996288,0.0,s_ma,c_ms,c_ms,interleaved
3,7.6419004e-05,0.0,s_ma,c_ms,c_ms,interleaved
3,0.27376115,0.0,s_ms,c_ms,c_ms,interleaved
3,0.21138254,0.0,s_ms,c_ms,c_ma,interleaved
3,0.39987096,0.0,s_ms,c_ms,c_ma,interleaved
3,0.15126026,0.0,s_ms,c_ms,c_ms,interleaved
3,0.2078238,0.0,s_ms,c_ms,c_ma,interleaved
3,6.72595e-05,0.0,s_ma,c_ma,c_ms,interleaved
3,0.008157068,0.0,s_ma,c_ma,c_ms,interleaved
3,0.0022202893,0.0,s_ma,c_ma,c_ma,interleaved
3,0.000113083996,0.0,s_ma,c_ma,c_ma,interleaved
3,0.47952202,0.0,s_ms,c_ma,c_ms,interleaved
3,0.40737227,0.0,s_ms,c_ma,c_ma,interleaved
3,0.3288501,0.0,s_ms,c_ma,c_ms,interleaved
3,0.537337,1.0,s_ms,c_ma,c_ma,interleaved
3,0.35897017,0.0,s_ms,c_ma,c_ms,interleaved
3,0.00017273848,0.0,s_ma,c_ms,c_ms,interleaved
3,0.0007582875,0.0,s_ma,c_ms,c_ma,interleaved
3,0.00048483198,0.0,s_ma,c_ms,c_ms,interleaved
3,4.1534804e-06,0.0,s_ma,c_ms,c_ma,interleaved
3,0.0005351493,0.0,s_ma,c_ms,c_ma,interleaved
3,0.36931974,0.0,s_ms,c_ms,c_ma,interleaved
3,0.14781512,0.0,s_ms,c_ms,c_ms,interleaved
3,0.47400162,0.0,s_ms,c_ms,c_ms,interleaved
3,0.1499986,0.0,s_ms,c_ms,c_ma,interleaved
3,0.13046955,0.0,s_ms,c_ms,c_ms,interleaved
3,5.945302e-05,0.0,s_ma,c_ma,c_ms,interleaved
3,3.2974604e-05,0.0,s_ma,c_ma,c_ma,interleaved
3,0.00012741284,0.0,s_ma,c_ma,c_ms,interleaved
3,2.6722282e-05,0.0,s_ma,c_ma,c_ms,interleaved
3,0.21396647,0.0,s_ms,c_ma,c_ma,interleaved
3,0.14502619,0.0,s_ms,c_ma,c_ms,interleaved
3,0.4627816,0.0,s_ms,c_ma,c_ma,interleaved
3,0.30582443,0.0,s_ms,c_ma,c_ms,interleaved
3,0.3114459,0.0,s_ms,c_ma,c_ma,interleaved
3,3.1700242e-06,0.0,s_ma,c_ms,c_ms,interleaved
3,6.300081e-05,0.0,s_ma,c_ms,c_ma,interleaved
3,2.1970181e-05,0.0,s_ma,c_ms,c_ms,interleaved
3,0.00066058856,0.0,s_ma,c_ms,c_ma,interleaved
3,6.184655e-05,0.0,s_ma,c_ms,c_ma,interleaved
3,0.40432394,0.0,s_ms,c_ms,c_ma,interleaved
3,0.2778238,0.0,s_ms,c_ms,c_ms,interleaved
3,0.46049622,0.0,s_ms,c_ms,c_ms,interleaved
3,0.13487871,0.0,s_ms,c_ms,c_ma,interleaved
3,0.29035452,0.0,s_ms,c_ms,c_ms,interleaved
3,0.007507176,0.0,s_ma,c_ma,c_ms,interleaved
3,3.1463016e-05,0.0,s_ma,c_ma,c_ma,interleaved
3,0.0014872669,0.0,s_ma,c_ma,c_ms,interleaved
3,2.1634969e-05,0.0,s_ma,c_ma,c_ms,interleaved
3,0.46870252,0.0,s_ms,c_ma,c_ma,interleaved
3,0.5097417,1.0,s_ms,c_ma,c_ms,interleaved
3,0.39641505,0.0,s_ms,c_ma,c_ma,interleaved
3,0.42206562,0.0,s_ms,c_ma,c_ms,interleaved
3,0.4231606,0.0,s_ms,c_ma,c_ma,interleaved
3,1.6654905e-05,0.0,s_ma,c_ms,c_ma,interleaved
3,9.348446e-05,0.0,s_ma,c_ms,c_ms,interleaved
3,7.533683e-05,0.0,s_ma,c_ms,c_ma,interleaved
3,0.0005146969,0.0,s_ma,c_ms,c_ms,interleaved
3,9.3093346e-05,0.0,s_ma,c_ms,c_ms,interleaved
3,0.37134355,0.0,s_ms,c_ms,c_ms,interleaved
3,0.32243598,0.0,s_ms,c_ms,c_ma,interleaved
3,0.55223405,1.0,s_ms,c_ms,c_ma,interleaved
3,0.27153042,0.0,s_ms,c_ms,c_ms,interleaved
3,0.32279086,0.0,s_ms,c_ms,c_ma,interleaved
3,0.0021498096,0.0,s_ma,c_ma,c_ma,interleaved
3,0.00013303186,0.0,s_ma,c_ma,c_ms,interleaved
3,0.0015155895,0.0,s_ma,c_ma,c_ms,interleaved
3,4.1530977e-05,0.0,s_ma,c_ma,c_ma,interleaved
3,0.42065385,0.0,s_ms,c_ma,c_ms,interleaved
3,0.46608335,0.0,s_ms,c_ma,c_ma,interleaved
3,0.35303298,0.0,s_ms,c_ma,c_ms,interleaved
3,0.36939263,0.0,s_ms,c_ma,c_ma,interleaved
3,0.39845502,0.0,s_ms,c_ma,c_ms,interleaved
3,4.258121e-05,0.0,s_ma,c_ms,c_ma,interleaved
3,0.00040049892,0.0,s_ma,c_ms,c_ms,interleaved
3,0.0001375711,0.0,s_ma,c_ms,c_ma,interleaved
3,7.1075215e-06,0.0,s_ma,c_ms,c_ms,interleaved
3,0.00062757946,0.0,s_ma,c_ms,c_ms,interleaved
3,0.32330596,0.0,s_ms,c_ms,c_ms,interleaved
3,0.07632197,0.0,s_ms,c_ms,c_ma,interleaved
3,0.3463648,0.0,s_ms,c_ms,c_ma,interleaved
3,0.25873932,0.0,s_ms,c_ms,c_ms,interleaved
3,0.1897415,0.0,s_ms,c_ms,c_ma,interleaved
3,9.689486e-05,0.0,s_ma,c_ma,c_ma,interleaved
3,2.2982857e-05,0.0,s_ma,c_ma,c_ms,interleaved
3,2.0935266e-05,0.0,s_ma,c_ma,c_ms,interleaved
3,4.2427437e-05,0.0,s_ma,c_ma,c_ma,interleaved
3,0.43658352,0.0,s_ms,c_ma,c_ms,interleaved
3,0.39563695,0.0,s_ms,c_ma,c_ma,interleaved
3,0.29021543,0.0,s_ms,c_ma,c_ms,interleaved
3,0.4716022,0.0,s_ms,c_ma,c_ma,interleaved
3,0.5296147,1.0,s_ms,c_ma,c_ms,interleaved
3,0.55354965,1.0,s_ms,c_ms,c_ms,interleaved
3,0.4002053,0.0,s_ms,c_ms,c_ma,interleaved
3,0.45256275,0.0,s_ms,c_ms,c_ms,interleaved
3,0.5482496,1.0,s_ms,c_ms,c_ma,interleaved
3,0.2194062,0.0,s_ms,c_ms,c_ma,interleaved
3,3.3888915e-05,0.0,s_ma,c_ms,c_ma,interleaved
3,1.949978e-05,0.0,s_ma,c_ms,c_ms,interleaved
3,4.3635223e-06,0.0,s_ma,c_ms,c_ms,interleaved
3,5.267482e-07,0.0,s_ma,c_ms,c_ma,interleaved
3,1.4843532e-05,0.0,s_ma,c_ms,c_ms,interleaved
3,0.44446677,0.0,s_ms,c_ma,c_ms,interleaved
3,0.6531176,1.0,s_ms,c_ma,c_ma,interleaved
3,0.47001123,0.0,s_ms,c_ma,c_ma,interleaved
3,0.4654653,0.0,s_ms,c_ma,c_ms,interleaved
3,0.45900548,0.0,s_ms,c_ma,c_ms,interleaved
3,0.00053332065,0.0,s_ma,c_ma,c_ms,interleaved
3,0.00011011465,0.0,s_ma,c_ma,c_ma,interleaved
3,1.4248608e-05,0.0,s_ma,c_ma,c_ms,interleaved
3,9.780895e-05,0.0,s_ma,c_ma,c_ma,interleaved
3,0.5575559,1.0,s_ms,c_ms,c_ma,interleaved
3,0.5521723,1.0,s_ms,c_ms,c_ms,interleaved
3,0.6592938,1.0,s_ms,c_ms,c_ma,interleaved
3,0.4917485,0.0,s_ms,c_ms,c_ms,interleaved
3,0.5846162,1.0,s_ms,c_ms,c_ms,interleaved
3,0.0003565806,0.0,s_ma,c_ms,c_ms,interleaved
3,5.2199837e-05,0.0,s_ma,c_ms,c_ma,interleaved
3,5.7615565e-05,0.0,s_ma,c_ms,c_ma,interleaved
3,2.5744457e-06,0.0,s_ma,c_ms,c_ms,interleaved
3,0.00011236241,0.0,s_ma,c_ms,c_ma,interleaved
3,0.52185273,1.0,s_ms,c_ma,c_ma,interleaved
3,0.7711744,1.0,s_ms,c_ma,c_ms,interleaved
3,0.4122648,0.0,s_ms,c_ma,c_ms,interleaved
3,0.45916477,0.0,s_ms,c_ma,c_ma,interleaved
3,0.51791966,1.0,s_ms,c_ma,c_ma,interleaved
3,0.0005189788,0.0,s_ma,c_ma,c_ms,interleaved
3,0.00034884427,0.0,s_ma,c_ma,c_ms,interleaved
3,8.9843306e-05,0.0,s_ma,c_ma,c_ma,interleaved
3,0.00014818517,0.0,s_ma,c_ma,c_ms,interleaved
3,0.57532644,1.0,s_ms,c_ms,c_ms,interleaved
3,0.69916165,1.0,s_ms,c_ms,c_ma,interleaved
3,0.46148288,0.0,s_ms,c_ms,c_ms,interleaved
3,0.42749596,0.0,s_ms,c_ms,c_ma,interleaved
3,0.35835686,0.0,s_ms,c_ms,c_ma,interleaved
3,4.5109315e-05,0.0,s_ma,c_ms,c_ma,interleaved
3,5.3837502e-05,0.0,s_ma,c_ms,c_ms,interleaved
3,2.104984e-05,0.0,s_ma,c_ms,c_ms,interleaved
3,1.2853812e-05,0.0,s_ma,c_ms,c_ma,interleaved
3,5.8850765e-05,0.0,s_ma,c_ms,c_ms,interleaved
3,0.5900763,1.0,s_ms,c_ma,c_ms,interleaved
3,0.40710956,0.0,s_ms,c_ma,c_ma,interleaved
3,0.5480295,1.0,s_ms,c_ma,c_ma,interleaved
3,0.56221426,1.0,s_ms,c_ma,c_ms,interleaved
3,0.6536168,1.0,s_ms,c_ma,c_ms,interleaved
3,0.00012595639,0.0,s_ma,c_ma,c_ma,interleaved
3,0.0003555753,0.0,s_ma,c_ma,c_ms,interleaved
3,0.0007371988,0.0,s_ma,c_ma,c_ms,interleaved
3,0.00023372922,0.0,s_ma,c_ma,c_ma,interleaved
3,0.6131753,1.0,s_ms,c_ms,c_ma,interleaved
3,0.56100136,1.0,s_ms,c_ms,c_ms,interleaved
3,0.5287978,1.0,s_ms,c_ms,c_ma,interleaved
3,0.58025944,1.0,s_ms,c_ms,c_ms,interleaved
3,0.4885514,0.0,s_ms,c_ms,c_ms,interleaved
3,0.00048430572,0.0,s_ma,c_ms,c_ms,interleaved
3,4.55035e-05,0.0,s_ma,c_ms,c_ma,interleaved
3,2.0476125e-05,0.0,s_ma,c_ms,c_ma,interleaved
3,1.5447997e-05,0.0,s_ma,c_ms,c_ms,interleaved
3,3.498724e-05,0.0,s_ma,c_ms,c_ma,interleaved
3,0.39030492,0.0,s_ms,c_ma,c_ma,interleaved
3,0.58636415,1.0,s_ms,c_ma,c_ms,interleaved
3,0.5020958,1.0,s_ms,c_ma,c_ms,interleaved
3,0.509866,1.0,s_ms,c_ma,c_ma,interleaved
3,0.43327472,0.0,s_ms,c_ma,c_ma,interleaved
3,1.440752e-05,0.0,s_ma,c_ma,c_ms,interleaved
3,8.734009e-05,0.0,s_ma,c_ma,c_ma,interleaved
3,0.00072251493,0.0,s_ma,c_ma,c_ms,interleaved
3,4.54439e-05,0.0,s_ma,c_ma,c_ms,interleaved
3,0.60208154,1.0,s_ms,c_ms,c_ms,interleaved
3,0.54454553,1.0,s_ms,c_ms,c_ma,interleaved
3,0.38823804,0.0,s_ms,c_ms,c_ms,interleaved
3,0.6254966,1.0,s_ms,c_ms,c_ma,interleaved
3,0.6638471,1.0,s_ms,c_ms,c_ma,interleaved
3,0.00015546268,0.0,s_ma,c_ms,c_ma,interleaved
3,7.693571e-05,0.0,s_ma,c_ms,c_ms,interleaved
3,4.1163903e-06,0.0,s_ma,c_ms,c_ms,interleaved
3,2.9121409e-06,0.0,s_ma,c_ms,c_ma,interleaved
3,1.7887367e-05,0.0,s_ma,c_ms,c_ms,interleaved
3,0.5717597,1.0,s_ms,c_ma,c_ms,interleaved
3,0.56606126,1.0,s_ms,c_ma,c_ma,interleaved
3,0.48318636,0.0,s_ms,c_ma,c_ma,interleaved
3,0.51817083,1.0,s_ms,c_ma,c_ms,interleaved
3,0.38077778,0.0,s_ms,c_ma,c_ms,interleaved
3,0.0001015694,0.0,s_ma,c_ma,c_ma,interleaved
3,0.00015401219,0.0,s_ma,c_ma,c_ms,interleaved
3,0.00021976564,0.0,s_ma,c_ma,c_ma,interleaved
3,4.4224624e-05,0.0,s_ma,c_ma,c_ms,interleaved
3,0.0005958033,0.0,s_ma,c_ma,c_ms,random
3,0.00017645312,0.0,s_ma,c_ma,c_ma,random
3,0.00016434441,0.0,s_ma,c_ma,c_ms,random
3,0.00021092324,0.0,s_ma,c_ma,c_ms,random
3,0.43557274,0.0,s_ms,c_ma,c_ms,random
3,0.5301161,1.0,s_ms,c_ma,c_ma,random
3,0.55136675,1.0,s_ms,c_ma,c_ma,random
3,0.52723503,1.0,s_ms,c_ma,c_ms,random
3,0.23906146,0.0,s_ms,c_ma,c_ma,random
3,7.871845e-06,0.0,s_ma,c_ms,c_ma,random
3,0.00015553964,0.0,s_ma,c_ms,c_ms,random
3,3.685079e-06,0.0,s_ma,c_ms,c_ms,random
3,1.7957187e-05,0.0,s_ma,c_ms,c_ma,random
3,3.8474718e-05,0.0,s_ma,c_ms,c_ma,random
3,0.33352596,0.0,s_ms,c_ms,c_ms,random
3,0.2949972,0.0,s_ms,c_ms,c_ma,random
3,0.27901646,0.0,s_ms,c_ms,c_ms,random
3,0.24069296,0.0,s_ms,c_ms,c_ma,random
3,0.29339543,0.0,s_ms,c_ms,c_ms,random
3,0.0006320094,0.0,s_ma,c_ma,c_ms,random
3,0.00017500318,0.0,s_ma,c_ma,c_ms,random
3,0.00036946512,0.0,s_ma,c_ma,c_ma,random
3,0.001276878,0.0,s_ma,c_ma,c_ma,random
3,0.46297422,0.0,s_ms,c_ma,c_ma,random
3,0.5961197,1.0,s_ms,c_ma,c_ms,random
3,0.5029812,1.0,s_ms,c_ma,c_ms,random
3,0.540905,1.0,s_ms,c_ma,c_ma,random
3,0.48931062,0.0,s_ms,c_ma,c_ms,random
3,5.787989e-05,0.0,s_ma,c_ms,c_ms,random
3,0.00069873955,0.0,s_ma,c_ms,c_ma,random
3,7.8872145e-05,0.0,s_ma,c_ms,c_ma,random
3,9.910738e-05,0.0,s_ma,c_ms,c_ms,random
3,0.00037383943,0.0,s_ma,c_ms,c_ms,random
3,0.5340769,1.0,s_ms,c_ms,c_ma,random
3,0.33443683,0.0,s_ms,c_ms,c_ms,random
3,0.2084801,0.0,s_ms,c_ms,c_ma,random
3,0.30962163,0.0,s_ms,c_ms,c_ms,random
3,0.3783298,0.0,s_ms,c_ms,c_ma,random
3,0.00015701052,0.0,s_ma,c_ma,c_ma,random
3,0.00014926097,0.0,s_ma,c_ma,c_ms,random
3,3.679051e-05,0.0,s_ma,c_ma,c_ms,random
3,0.00037454136,0.0,s_ma,c_ma,c_ms,random
3,0.5386493,1.0,s_ms,c_ma,c_ms,random
3,0.49858958,0.0,s_ms,c_ma,c_ma,random
3,0.56639993,1.0,s_ms,c_ma,c_ma,random
3,0.5918858,1.0,s_ms,c_ma,c_ms,random
3,0.534349,1.0,s_ms,c_ma,c_ma,random
3,6.963651e-05,0.0,s_ma,c_ms,c_ma,random
3,0.0004970321,0.0,s_ma,c_ms,c_ms,random
3,2.149405e-05,0.0,s_ma,c_ms,c_ms,random
3,7.512505e-05,0.0,s_ma,c_ms,c_ma,random
3,0.00013120985,0.0,s_ma,c_ms,c_ma,random
3,0.3953247,0.0,s_ms,c_ms,c_ms,random
3,0.22705424,0.0,s_ms,c_ms,c_ma,random
3,0.41339085,0.0,s_ms,c_ms,c_ms,random
3,0.31924033,0.0,s_ms,c_ms,c_ma,random
3,0.4804477,0.0,s_ms,c_ms,c_ms,random
3,0.00016863014,0.0,s_ma,c_ma,c_ms,random
3,0.00033333577,0.0,s_ma,c_ma,c_ma,random
3,4.4549713e-05,0.0,s_ma,c_ma,c_ms,random
3,0.00010010923,0.0,s_ma,c_ma,c_ma,random
3,0.39278015,0.0,s_ms,c_ma,c_ma,random
3,0.44203267,0.0,s_ms,c_ma,c_ms,random
3,0.45087478,0.0,s_ms,c_ma,c_ms,random
3,0.21772833,0.0,s_ms,c_ma,c_ma,random
3,0.19599958,0.0,s_ms,c_ma,c_ms,random
3,0.00056173274,0.0,s_ma,c_ms,c_ms,random
3,3.500906e-06,0.0,s_ma,c_ms,c_ma,random
3,0.00059484027,0.0,s_ma,c_ms,c_ma,random
3,0.00042851787,0.0,s_ma,c_ms,c_ms,random
3,7.294654e-06,0.0,s_ma,c_ms,c_ms,random
3,0.39187998,0.0,s_ms,c_ms,c_ma,random
3,0.4312335,0.0,s_ms,c_ms,c_ms,random
3,0.48309138,0.0,s_ms,c_ms,c_ma,random
3,0.33787793,0.0,s_ms,c_ms,c_ms,random
3,0.31421018,0.0,s_ms,c_ms,c_ma,random
3,0.00021615531,0.0,s_ma,c_ma,c_ms,random
3,0.001170688,0.0,s_ma,c_ma,c_ma,random
3,0.00039720553,0.0,s_ma,c_ma,c_ms,random
3,0.00010908938,0.0,s_ma,c_ma,c_ma,random
3,0.57798076,1.0,s_ms,c_ma,c_ma,random
3,0.54268444,1.0,s_ms,c_ma,c_ms,random
3,0.5562028,1.0,s_ms,c_ma,c_ms,random
3,0.60418504,1.0,s_ms,c_ma,c_ma,random
3,0.47176298,0.0,s_ms,c_ma,c_ms,random
3,7.416103e-05,0.0,s_ma,c_ms,c_ms,random
3,0.00050953135,0.0,s_ma,c_ms,c_ma,random
3,6.490352e-05,0.0,s_ma,c_ms,c_ma,random
3,0.00010270906,0.0,s_ma,c_ms,c_ms,random
3,0.00052457314,0.0,s_ma,c_ms,c_ms,random
3,0.66261315,1.0,s_ms,c_ms,c_ma,random
3,0.29084587,0.0,s_ms,c_ms,c_ms,random
3,0.4781771,0.0,s_ms,c_ms,c_ma,random
3,0.36130682,0.0,s_ms,c_ms,c_ms,random
3,0.22925639,0.0,s_ms,c_ms,c_ma,random
3,0.45227456,0.0,s_ms,c_ma,c_ms,random
3,0.45235974,0.0,s_ms,c_ma,c_ma,random
3,0.34745765,0.0,s_ms,c_ma,c_ms,random
3,0.4903544,0.0,s_ms,c_ma,c_ma,random
3,0.3249468,0.0,s_ms,c_ma,c_ma,random
3,0.0007562397,0.0,s_ma,c_ma,c_ms,random
3,3.562431e-06,0.0,s_ma,c_ma,c_ms,random
3,2.179183e-05,0.0,s_ma,c_ma,c_ma,random
3,4.598013e-06,0.0,s_ma,c_ma,c_ms,random
3,0.6384182,1.0,s_ms,c_ms,c_ms,random
3,0.4782161,0.0,s_ms,c_ms,c_ma,random
3,0.50979537,1.0,s_ms,c_ms,c_ma,random
3,0.53781736,1.0,s_ms,c_ms,c_ms,random
3,0.5154311,1.0,s_ms,c_ms,c_ms,random
3,3.4319753e-05,0.0,s_ma,c_ms,c_ma,random
3,0.0003258471,0.0,s_ma,c_ms,c_ms,random
3,4.242715e-05,0.0,s_ma,c_ms,c_ma,random
3,0.00043553032,0.0,s_ma,c_ms,c_ms,random
3,0.00013821374,0.0,s_ma,c_ms,c_ma,random
3,0.40958807,0.0,s_ms,c_ma,c_ma,random
3,0.2883101,0.0,s_ms,c_ma,c_ms,random
3,0.4083054,0.0,s_ms,c_ma,c_ma,random
3,0.47665277,0.0,s_ms,c_ma,c_ms,random
3,0.39310557,0.0,s_ms,c_ma,c_ms,random
3,0.0008118471,0.0,s_ma,c_ma,c_ms,random
3,2.9757564e-05,0.0,s_ma,c_ma,c_ma,random
3,1.0870628e-05,0.0,s_ma,c_ma,c_ms,random
3,1.1201125e-05,0.0,s_ma,c_ma,c_ma,random
3,0.6899048,1.0,s_ms,c_ms,c_ma,random
3,0.79995143,1.0,s_ms,c_ms,c_ms,random
3,0.62501025,1.0,s_ms,c_ms,c_ms,random
3,0.6218646,1.0,s_ms,c_ms,c_ma,random
3,0.8870064,1.0,s_ms,c_ms,c_ma,random
3,2.170851e-05,0.0,s_ma,c_ms,c_ms,random
3,5.068005e-05,0.0,s_ma,c_ms,c_ma,random
3,5.5167413e-05,0.0,s_ma,c_ms,c_ms,random
3,4.671296e-05,0.0,s_ma,c_ms,c_ma,random
3,7.4210184e-05,0.0,s_ma,c_ms,c_ms,random
3,0.388196,0.0,s_ms,c_ma,c_ma,random
3,0.4232156,0.0,s_ms,c_ma,c_ms,random
3,0.3508492,0.0,s_ms,c_ma,c_ma,random
3,0.47496986,0.0,s_ms,c_ma,c_ms,random
3,0.37607422,0.0,s_ms,c_ma,c_ms,random
3,3.0745532e-06,0.0,s_ma,c_ma,c_ms,random
3,2.6368416e-05,0.0,s_ma,c_ma,c_ma,random
3,5.1591633e-06,0.0,s_ma,c_ma,c_ms,random
3,1.20068735e-05,0.0,s_ma,c_ma,c_ma,random
3,0.50862175,1.0,s_ms,c_ms,c_ma,random
3,0.40850264,0.0,s_ms,c_ms,c_ms,random
3,0.49721307,0.0,s_ms,c_ms,c_ms,random
3,0.36852536,0.0,s_ms,c_ms,c_ma,random
3,0.5500804,1.0,s_ms,c_ms,c_ma,random
3,4.511173e-06,0.0,s_ma,c_ms,c_ms,random
3,5.4459902e-05,0.0,s_ma,c_ms,c_ma,random
3,1.9420037e-05,0.0,s_ma,c_ms,c_ms,random
3,2.125476e-05,0.0,s_ma,c_ms,c_ma,random
3,4.1668663e-06,0.0,s_ma,c_ms,c_ms,random
3,0.3727567,0.0,s_ms,c_ma,c_ms,random
3,0.3508885,0.0,s_ms,c_ma,c_ma,random
3,0.3309596,0.0,s_ms,c_ma,c_ms,random
3,0.6886006,1.0,s_ms,c_ma,c_ma,random
3,0.28700948,0.0,s_ms,c_ma,c_ma,random
3,1.8502506e-05,0.0,s_ma,c_ma,c_ma,random
3,9.460834e-06,0.0,s_ma,c_ma,c_ms,random
3,4.3088185e-06,0.0,s_ma,c_ma,c_ms,random
3,0.00011443842,0.0,s_ma,c_ma,c_ms,random
3,0.7521952,1.0,s_ms,c_ms,c_ms,random
3,0.7829369,1.0,s_ms,c_ms,c_ma,random
3,0.7947749,1.0,s_ms,c_ms,c_ma,random
3,0.6058445,1.0,s_ms,c_ms,c_ms,random
3,0.64070463,1.0,s_ms,c_ms,c_ms,random
3,5.121184e-07,0.0,s_ma,c_ms,c_ma,random
3,2.7695778e-06,0.0,s_ma,c_ms,c_ms,random
3,1.1584103e-05,0.0,s_ma,c_ms,c_ma,random
3,1.590631e-05,0.0,s_ma,c_ms,c_ms,random
3,2.7875162e-06,0.0,s_ma,c_ms,c_ma,random
3,0.71415925,1.0,s_ms,c_ma,c_ma,random
3,0.48696813,0.0,s_ms,c_ma,c_ms,random
3,0.39111897,0.0,s_ms,c_ma,c_ma,random
3,0.7328166,1.0,s_ms,c_ma,c_ms,random
3,0.51365364,1.0,s_ms,c_ma,c_ms,random
3,4.135537e-06,0.0,s_ma,c_ma,c_ms,random
3,7.961072e-06,0.0,s_ma,c_ma,c_ma,random
3,1.17238615e-05,0.0,s_ma,c_ma,c_ma,random
3,0.0001374171,0.0,s_ma,c_ma,c_ms,random
3,0.7142892,1.0,s_ms,c_ms,c_ma,random
3,0.80857587,1.0,s_ms,c_ms,c_ms,random
3,0.6199565,1.0,s_ms,c_ms,c_ms,random
3,0.56368685,1.0,s_ms,c_ms,c_ma,random
3,0.69143164,1.0,s_ms,c_ms,c_ma,random
3,1.1886893e-05,0.0,s_ma,c_ms,c_ms,random
3,0.000114909424,0.0,s_ma,c_ms,c_ma,random
3,6.038184e-05,0.0,s_ma,c_ms,c_ms,random
3,3.726213e-05,0.0,s_ma,c_ms,c_ma,random
3,1.8722882e-05,0.0,s_ma,c_ms,c_ms,random
3,7.2810176e-06,0.0,s_ma,c_ms,c_ma,random
3,5.2119667e-05,0.0,s_ma,c_ms,c_ms,random
3,7.4283365e-05,0.0,s_ma,c_ms,c_ma,random
3,0.0005996288,0.0,s_ma,c_ms,c_ms,random
3,7.6419004e-05,0.0,s_ma,c_ms,c_ms,random
3,0.27376115,0.0,s_ms,c_ms,c_ms,random
3,0.21138254,0.0,s_ms,c_ms,c_ma,random
3,0.39987096,0.0,s_ms,c_ms,c_ma,random
3,0.15126026,0.0,s_ms,c_ms,c_ms,random
3,0.2078238,0.0,s_ms,c_ms,c_ma,random
3,6.72595e-05,0.0,s_ma,c_ma,c_ms,random
3,0.008157068,0.0,s_ma,c_ma,c_ms,random
3,0.0022202893,0.0,s_ma,c_ma,c_ma,random
3,0.000113083996,0.0,s_ma,c_ma,c_ma,random
3,0.47952202,0.0,s_ms,c_ma,c_ms,random
3,0.40737227,0.0,s_ms,c_ma,c_ma,random
3,0.3288501,0.0,s_ms,c_ma,c_ms,random
3,0.537337,1.0,s_ms,c_ma,c_ma,random
3,0.35897017,0.0,s_ms,c_ma,c_ms,random
3,0.00017273848,0.0,s_ma,c_ms,c_ms,random
3,0.0007582875,0.0,s_ma,c_ms,c_ma,random
3,0.00048483198,0.0,s_ma,c_ms,c_ms,random
3,4.1534804e-06,0.0,s_ma,c_ms,c_ma,random
3,0.0005351493,0.0,s_ma,c_ms,c_ma,random
3,0.36931974,0.0,s_ms,c_ms,c_ma,random
3,0.14781512,0.0,s_ms,c_ms,c_ms,random
3,0.47400162,0.0,s_ms,c_ms,c_ms,random
3,0.1499986,0.0,s_ms,c_ms,c_ma,random
3,0.13046955,0.0,s_ms,c_ms,c_ms,random
3,5.945302e-05,0.0,s_ma,c_ma,c_ms,random
3,3.2974604e-05,0.0,s_ma,c_ma,c_ma,random
3,0.00012741284,0.0,s_ma,c_ma,c_ms,random
3,2.6722282e-05,0.0,s_ma,c_ma,c_ms,random
3,0.21396647,0.0,s_ms,c_ma,c_ma,random
3,0.14502619,0.0,s_ms,c_ma,c_ms,random
3,0.4627816,0.0,s_ms,c_ma,c_ma,random
3,0.30582443,0.0,s_ms,c_ma,c_ms,random
3,0.3114459,0.0,s_ms,c_ma,c_ma,random
3,3.1700242e-06,0.0,s_ma,c_ms,c_ms,random
3,6.300081e-05,0.0,s_ma,c_ms,c_ma,random
3,2.1970181e-05,0.0,s_ma,c_ms,c_ms,random
3,0.00066058856,0.0,s_ma,c_ms,c_ma,random
3,6.184655e-05,0.0,s_ma,c_ms,c_ma,random
3,0.40432394,0.0,s_ms,c_ms,c_ma,random
3,0.2778238,0.0,s_ms,c_ms,c_ms,random
3,0.46049622,0.0,s_ms,c_ms,c_ms,random
3,0.13487871,0.0,s_ms,c_ms,c_ma,random
3,0.29035452,0.0,s_ms,c_ms,c_ms,random
3,0.007507176,0.0,s_ma,c_ma,c_ms,random
3,3.1463016e-05,0.0,s_ma,c_ma,c_ma,random
3,0.0014872669,0.0,s_ma,c_ma,c_ms,random
3,2.1634969e-05,0.0,s_ma,c_ma,c_ms,random
3,0.46870252,0.0,s_ms,c_ma,c_ma,random
3,0.5097417,1.0,s_ms,c_ma,c_ms,random
3,0.39641505,0.0,s_ms,c_ma,c_ma,random
3,0.42206562,0.0,s_ms,c_ma,c_ms,random
3,0.4231606,0.0,s_ms,c_ma,c_ma,random
3,1.6654905e-05,0.0,s_ma,c_ms,c_ma,random
3,9.348446e-05,0.0,s_ma,c_ms,c_ms,random
3,7.533683e-05,0.0,s_ma,c_ms,c_ma,random
3,0.0005146969,0.0,s_ma,c_ms,c_ms,random
3,9.3093346e-05,0.0,s_ma,c_ms,c_ms,random
3,0.37134355,0.0,s_ms,c_ms,c_ms,random
3,0.32243598,0.0,s_ms,c_ms,c_ma,random
3,0.55223405,1.0,s_ms,c_ms,c_ma,random
3,0.27153042,0.0,s_ms,c_ms,c_ms,random
3,0.32279086,0.0,s_ms,c_ms,c_ma,random
3,0.0021498096,0.0,s_ma,c_ma,c_ma,random
3,0.00013303186,0.0,s_ma,c_ma,c_ms,random
3,0.0015155895,0.0,s_ma,c_ma,c_ms,random
3,4.1530977e-05,0.0,s_ma,c_ma,c_ma,random
3,0.42065385,0.0,s_ms,c_ma,c_ms,random
3,0.46608335,0.0,s_ms,c_ma,c_ma,random
3,0.35303298,0.0,s_ms,c_ma,c_ms,random
3,0.36939263,0.0,s_ms,c_ma,c_ma,random
3,0.39845502,0.0,s_ms,c_ma,c_ms,random
3,4.258121e-05,0.0,s_ma,c_ms,c_ma,random
3,0.00040049892,0.0,s_ma,c_ms,c_ms,random
3,0.0001375711,0.0,s_ma,c_ms,c_ma,random
3,7.1075215e-06,0.0,s_ma,c_ms,c_ms,random
3,0.00062757946,0.0,s_ma,c_ms,c_ms,random
3,0.32330596,0.0,s_ms,c_ms,c_ms,random
3,0.07632197,0.0,s_ms,c_ms,c_ma,random
3,0.3463648,0.0,s_ms,c_ms,c_ma,random
3,0.25873932,0.0,s_ms,c_ms,c_ms,random
3,0.1897415,0.0,s_ms,c_ms,c_ma,random
3,9.689486e-05,0.0,s_ma,c_ma,c_ma,random
3,2.2982857e-05,0.0,s_ma,c_ma,c_ms,random
3,2.0935266e-05,0.0,s_ma,c_ma,c_ms,random
3,4.2427437e-05,0.0,s_ma,c_ma,c_ma,random
3,0.43658352,0.0,s_ms,c_ma,c_ms,random
3,0.39563695,0.0,s_ms,c_ma,c_ma,random
3,0.29021543,0.0,s_ms,c_ma,c_ms,random
3,0.4716022,0.0,s_ms,c_ma,c_ma,random
3,0.5296147,1.0,s_ms,c_ma,c_ms,random
3,0.55354965,1.0,s_ms,c_ms,c_ms,random
3,0.4002053,0.0,s_ms,c_ms,c_ma,random
3,0.45256275,0.0,s_ms,c_ms,c_ms,random
3,0.5482496,1.0,s_ms,c_ms,c_ma,random
3,0.2194062,0.0,s_ms,c_ms,c_ma,random
3,3.3888915e-05,0.0,s_ma,c_ms,c_ma,random
3,1.949978e-05,0.0,s_ma,c_ms,c_ms,random
3,4.3635223e-06,0.0,s_ma,c_ms,c_ms,random
3,5.267482e-07,0.0,s_ma,c_ms,c_ma,random
3,1.4843532e-05,0.0,s_ma,c_ms,c_ms,random
3,0.44446677,0.0,s_ms,c_ma,c_ms,random
3,0.6531176,1.0,s_ms,c_ma,c_ma,random
3,0.47001123,0.0,s_ms,c_ma,c_ma,random
3,0.4654653,0.0,s_ms,c_ma,c_ms,random
3,0.45900548,0.0,s_ms,c_ma,c_ms,random
3,0.00053332065,0.0,s_ma,c_ma,c_ms,random
3,0.00011011465,0.0,s_ma,c_ma,c_ma,random
3,1.4248608e-05,0.0,s_ma,c_ma,c_ms,random
3,9.780895e-05,0.0,s_ma,c_ma,c_ma,random
3,0.5575559,1.0,s_ms,c_ms,c_ma,random
3,0.5521723,1.0,s_ms,c_ms,c_ms,random
3,0.6592938,1.0,s_ms,c_ms,c_ma,random
3,0.4917485,0.0,s_ms,c_ms,c_ms,random
3,0.5846162,1.0,s_ms,c_ms,c_ms,random
3,0.0003565806,0.0,s_ma,c_ms,c_ms,random
3,5.2199837e-05,0.0,s_ma,c_ms,c_ma,random
3,5.7615565e-05,0.0,s_ma,c_ms,c_ma,random
3,2.5744457e-06,0.0,s_ma,c_ms,c_ms,random
3,0.00011236241,0.0,s_ma,c_ms,c_ma,random
3,0.52185273,1.0,s_ms,c_ma,c_ma,random
3,0.7711744,1.0,s_ms,c_ma,c_ms,random
3,0.4122648,0.0,s_ms,c_ma,c_ms,random
3,0.45916477,0.0,s_ms,c_ma,c_ma,random
3,0.51791966,1.0,s_ms,c_ma,c_ma,random
3,0.0005189788,0.0,s_ma,c_ma,c_ms,random
3,0.00034884427,0.0,s_ma,c_ma,c_ms,random
3,8.9843306e-05,0.0,s_ma,c_ma,c_ma,random
3,0.00014818517,0.0,s_ma,c_ma,c_ms,random
3,0.57532644,1.0,s_ms,c_ms,c_ms,random
3,0.69916165,1.0,s_ms,c_ms,c_ma,random
3,0.46148288,0.0,s_ms,c_ms,c_ms,random
3,0.42749596,0.0,s_ms,c_ms,c_ma,random
3,0.35835686,0.0,s_ms,c_ms,c_ma,random
3,4.5109315e-05,0.0,s_ma,c_ms,c_ma,random
3,5.3837502e-05,0.0,s_ma,c_ms,c_ms,random
3,2.104984e-05,0.0,s_ma,c_ms,c_ms,random
3,1.2853812e-05,0.0,s_ma,c_ms,c_ma,random
3,5.8850765e-05,0.0,s_ma,c_ms,c_ms,random
3,0.5900763,1.0,s_ms,c_ma,c_ms,random
3,0.40710956,0.0,s_ms,c_ma,c_ma,random
3,0.5480295,1.0,s_ms,c_ma,c_ma,random
3,0.56221426,1.0,s_ms,c_ma,c_ms,random
3,0.6536168,1.0,s_ms,c_ma,c_ms,random
3,0.00012595639,0.0,s_ma,c_ma,c_ma,random
3,0.0003555753,0.0,s_ma,c_ma,c_ms,random
3,0.0007371988,0.0,s_ma,c_ma,c_ms,random
3,0.00023372922,0.0,s_ma,c_ma,c_ma,random
3,0.6131753,1.0,s_ms,c_ms,c_ma,random
3,0.56100136,1.0,s_ms,c_ms,c_ms,random
3,0.5287978,1.0,s_ms,c_ms,c_ma,random
3,0.58025944,1.0,s_ms,c_ms,c_ms,random
3,0.4885514,0.0,s_ms,c_ms,c_ms,random
3,0.00048430572,0.0,s_ma,c_ms,c_ms,random
3,4.55035e-05,0.0,s_ma,c_ms,c_ma,random
3,2.0476125e-05,0.0,s_ma,c_ms,c_ma,random
3,1.5447997e-05,0.0,s_ma,c_ms,c_ms,random
3,3.498724e-05,0.0,s_ma,c_ms,c_ma,random
3,0.39030492,0.0,s_ms,c_ma,c_ma,random
3,0.58636415,1.0,s_ms,c_ma,c_ms,random
3,0.5020958,1.0,s_ms,c_ma,c_ms,random
3,0.509866,1.0,s_ms,c_ma,c_ma,random
3,0.43327472,0.0,s_ms,c_ma,c_ma,random
3,1.440752e-05,0.0,s_ma,c_ma,c_ms,random
3,8.734009e-05,0.0,s_ma,c_ma,c_ma,random
3,0.00072251493,0.0,s_ma,c_ma,c_ms,random
3,4.54439e-05,0.0,s_ma,c_ma,c_ms,random
3,0.60208154,1.0,s_ms,c_ms,c_ms,random
3,0.54454553,1.0,s_ms,c_ms,c_ma,random
3,0.38823804,0.0,s_ms,c_ms,c_ms,random
3,0.6254966,1.0,s_ms,c_ms,c_ma,random
3,0.6638471,1.0,s_ms,c_ms,c_ma,random
3,0.00015546268,0.0,s_ma,c_ms,c_ma,random
3,7.693571e-05,0.0,s_ma,c_ms,c_ms,random
3,4.1163903e-06,0.0,s_ma,c_ms,c_ms,random
3,2.9121409e-06,0.0,s_ma,c_ms,c_ma,random
3,1.7887367e-05,0.0,s_ma,c_ms,c_ms,random
3,0.5717597,1.0,s_ms,c_ma,c_ms,random
3,0.56606126,1.0,s_ms,c_ma,c_ma,random
3,0.48318636,0.0,s_ms,c_ma,c_ma,random
3,0.51817083,1.0,s_ms,c_ma,c_ms,random
3,0.38077778,0.0,s_ms,c_ma,c_ms,random
3,0.0001015694,0.0,s_ma,c_ma,c_ma,random
3,0.00015401219,0.0,s_ma,c_ma,c_ms,random
3,0.00021976564,0.0,s_ma,c_ma,c_ma,random
3,4.4224624e-05,0.0,s_ma,c_ma,c_ms,random
4,7.562221e-05,0.0,s_ma,c_ma,c_ms,blocked
4,0.00017896207,0.0,s_ma,c_ma,c_ma,blocked
4,1.02688155e-05,0.0,s_ma,c_ma,c_ms,blocked
4,3.917606e-05,0.0,s_ma,c_ma,c_ms,blocked
4,0.4053503,0.0,s_ms,c_ma,c_ms,blocked
4,0.30881074,0.0,s_ms,c_ma,c_ma,blocked
4,0.33541995,0.0,s_ms,c_ma,c_ma,blocked
4,0.4432271,0.0,s_ms,c_ma,c_ms,blocked
4,0.31630978,0.0,s_ms,c_ma,c_ma,blocked
4,6.033728e-06,0.0,s_ma,c_ms,c_ma,blocked
4,8.6882865e-05,0.0,s_ma,c_ms,c_ms,blocked
4,4.9977352e-06,0.0,s_ma,c_ms,c_ms,blocked
4,5.60719e-05,0.0,s_ma,c_ms,c_ma,blocked
4,7.970234e-06,0.0,s_ma,c_ms,c_ma,blocked
4,0.024306245,0.0,s_ms,c_ms,c_ms,blocked
4,0.04740678,0.0,s_ms,c_ms,c_ma,blocked
4,0.033056643,0.0,s_ms,c_ms,c_ms,blocked
4,0.05391337,0.0,s_ms,c_ms,c_ma,blocked
4,0.043103278,0.0,s_ms,c_ms,c_ms,blocked
4,7.997079e-05,0.0,s_ma,c_ma,c_ms,blocked
4,1.8909544e-05,0.0,s_ma,c_ma,c_ms,blocked
4,3.1276468e-05,0.0,s_ma,c_ma,c_ma,blocked
4,3.23297e-05,0.0,s_ma,c_ma,c_ma,blocked
4,0.37626618,0.0,s_ms,c_ma,c_ma,blocked
4,0.45287818,0.0,s_ms,c_ma,c_ms,blocked
4,0.41177082,0.0,s_ms,c_ma,c_ms,blocked
4,0.41882533,0.0,s_ms,c_ma,c_ma,blocked
4,0.39536163,0.0,s_ms,c_ma,c_ms,blocked
4,2.8064878e-06,0.0,s_ma,c_ms,c_ms,blocked
4,2.128089e-05,0.0,s_ma,c_ms,c_ma,blocked
4,8.643376e-07,0.0,s_ma,c_ms,c_ma,blocked
4,5.2793957e-06,0.0,s_ma,c_ms,c_ms,blocked
4,4.179843e-06,0.0,s_ma,c_ms,c_ms,blocked
4,0.039892886,0.0,s_ms,c_ms,c_ma,blocked
4,0.047801174,0.0,s_ms,c_ms,c_ms,blocked
4,0.056854054,0.0,s_ms,c_ms,c_ma,blocked
4,0.030377904,0.0,s_ms,c_ms,c_ms,blocked
4,0.067031965,0.0,s_ms,c_ms,c_ma,blocked
4,0.00019235951,0.0,s_ma,c_ma,c_ma,blocked
4,1.9145646e-05,0.0,s_ma,c_ma,c_ms,blocked
4,1.6029631e-05,0.0,s_ma,c_ma,c_ms,blocked
4,6.95551e-05,0.0,s_ma,c_ma,c_ms,blocked
4,0.39669475,0.0,s_ms,c_ma,c_ms,blocked
4,0.35848346,0.0,s_ms,c_ma,c_ma,blocked
4,0.3567699,0.0,s_ms,c_ma,c_ma,blocked
4,0.3736133,0.0,s_ms,c_ma,c_ms,blocked
4,0.33185408,0.0,s_ms,c_ma,c_ma,blocked
4,7.026757e-06,0.0,s_ma,c_ms,c_ma,blocked
4,7.116989e-05,0.0,s_ma,c_ms,c_ms,blocked
4,1.1084803e-05,0.0,s_ma,c_ms,c_ms,blocked
4,1.983022e-05,0.0,s_ma,c_ms,c_ma,blocked
4,2.068644e-05,0.0,s_ma,c_ms,c_ma,blocked
4,0.11761473,0.0,s_ms,c_ms,c_ms,blocked
4,0.11873258,0.0,s_ms,c_ms,c_ma,blocked
4,0.05942264,0.0,s_ms,c_ms,c_ms,blocked
4,0.067989,0.0,s_ms,c_ms,c_ma,blocked
4,0.0695219,0.0,s_ms,c_ms,c_ms,blocked
4,9.368789e-06,0.0,s_ma,c_ma,c_ms,blocked
4,3.039915e-05,0.0,s_ma,c_ma,c_ma,blocked
4,1.3241054e-05,0.0,s_ma,c_ma,c_ms,blocked
4,1.2356973e-05,0.0,s_ma,c_ma,c_ma,blocked
4,0.45068234,0.0,s_ms,c_ma,c_ma,blocked
4,0.42667717,0.0,s_ms,c_ma,c_ms,blocked
4,0.328937,0.0,s_ms,c_ma,c_ms,blocked
4,0.47527587,0.0,s_ms,c_ma,c_ma,blocked
4,0.3810656,0.0,s_ms,c_ma,c_ms,blocked
4,4.5884735e-06,0.0,s_ma,c_ms,c_ms,blocked
4,3.818564e-05,0.0,s_ma,c_ms,c_ma,blocked
4,2.4578972e-06,0.0,s_ma,c_ms,c_ma,blocked
4,1.092206e-05,0.0,s_ma,c_ms,c_ms,blocked
4,1.9996842e-06,0.0,s_ma,c_ms,c_ms,blocked
4,0.06314906,0.0,s_ms,c_ms,c_ma,blocked
4,0.052686922,0.0,s_ms,c_ms,c_ms,blocked
4,0.069432266,0.0,s_ms,c_ms,c_ma,blocked
4,0.09905573,0.0,s_ms,c_ms,c_ms,blocked
4,0.06388026,0.0,s_ms,c_ms,c_ma,blocked
4,3.8690447e-05,0.0,s_ma,c_ma,c_ms,blocked
4,2.7736873e-05,0.0,s_ma,c_ma,c_ma,blocked
4,6.3199564e-05,0.0,s_ma,c_ma,c_ms,blocked
4,1.2601391e-05,0.0,s_ma,c_ma,c_ma,blocked
4,0.35008508,0.0,s_ms,c_ma,c_ma,blocked
4,0.42222017,0.0,s_ms,c_ma,c_ms,blocked
4,0.36637902,0.0,s_ms,c_ma,c_ms,blocked
4,0.38698286,0.0,s_ms,c_ma,c_ma,blocked
4,0.39857814,0.0,s_ms,c_ma,c_ms,blocked
4,2.9028552e-06,0.0,s_ma,c_ms,c_ms,blocked
4,9.949891e-05,0.0,s_ma,c_ms,c_ma,blocked
4,6.3931775e-06,0.0,s_ma,c_ms,c_ma,blocked
4,2.3688566e-05,0.0,s_ma,c_ms,c_ms,blocked
4,2.1439446e-05,0.0,s_ma,c_ms,c_ms,blocked
4,0.06507305,0.0,s_ms,c_ms,c_ma,blocked
4,0.0574084,0.0,s_ms,c_ms,c_ms,blocked
4,0.033426095,0.0,s_ms,c_ms,c_ma,blocked
4,0.097859375,0.0,s_ms,c_ms,c_ms,blocked
4,0.067577496,0.0,s_ms,c_ms,c_ma,blocked
4,0.5359263,1.0,s_ms,c_ma,c_ms,blocked
4,0.58030176,1.0,s_ms,c_ma,c_ma,blocked
4,0.5605724,1.0,s_ms,c_ma,c_ms,blocked
4,0.48028958,0.0,s_ms,c_ma,c_ma,blocked
4,0.5718491,1.0,s_ms,c_ma,c_ma,blocked
4,0.00026639417,0.0,s_ma,c_ma,c_ms,blocked
4,0.00027187692,0.0,s_ma,c_ma,c_ms,blocked
4,0.0012296829,0.0,s_ma,c_ma,c_ma,blocked
4,0.000583581,0.0,s_ma,c_ma,c_ms,blocked
4,0.113503225,0.0,s_ms,c_ms,c_ms,blocked
4,0.18313111,0.0,s_ms,c_ms,c_ma,blocked
4,0.09991957,0.0,s_ms,c_ms,c_ma,blocked
4,0.0603229,0.0,s_ms,c_ms,c_ms,blocked
4,0.07354599,0.0,s_ms,c_ms,c_ms,blocked
4,1.9001265e-05,0.0,s_ma,c_ms,c_ma,blocked
4,7.2492214e-05,0.0,s_ma,c_ms,c_ms,blocked
4,7.4357136e-05,0.0,s_ma,c_ms,c_ma,blocked
4,8.153789e-05,0.0,s_ma,c_ms,c_ms,blocked
4,1.9522035e-05,0.0,s_ma,c_ms,c_ma,blocked
4,0.6368511,1.0,s_ms,c_ma,c_ma,blocked
4,0.4792434,0.0,s_ms,c_ma,c_ms,blocked
4,0.5960651,1.0,s_ms,c_ma,c_ma,blocked
4,0.51282746,1.0,s_ms,c_ma,c_ms,blocked
4,0.5135754,1.0,s_ms,c_ma,c_ms,blocked
4,0.0002595643,0.0,s_ma,c_ma,c_ms,blocked
4,0.0011625774,0.0,s_ma,c_ma,c_ma,blocked
4,0.0010094406,0.0,s_ma,c_ma,c_ms,blocked
4,0.005804085,0.0,s_ma,c_ma,c_ma,blocked
4,0.09669207,0.0,s_ms,c_ms,c_ma,blocked
4,0.20702013,0.0,s_ms,c_ms,c_ms,blocked
4,0.09460136,0.0,s_ms,c_ms,c_ms,blocked
4,0.063368976,0.0,s_ms,c_ms,c_ma,blocked
4,0.13452274,0.0,s_ms,c_ms,c_ma,blocked
4,3.1329455e-05,0.0,s_ma,c_ms,c_ms,blocked
4,1.947519e-05,0.0,s_ma,c_ms,c_ma,blocked
4,2.0594303e-05,0.0,s_ma,c_ms,c_ms,blocked
4,4.4408585e-05,0.0,s_ma,c_ms,c_ma,blocked
4,9.50192e-06,0.0,s_ma,c_ms,c_ms,blocked
4,0.60728955,1.0,s_ms,c_ma,c_ma,blocked
4,0.51367384,1.0,s_ms,c_ma,c_ms,blocked
4,0.59806347,1.0,s_ms,c_ma,c_ma,blocked
4,0.57118905,1.0,s_ms,c_ma,c_ms,blocked
4,0.576929,1.0,s_ms,c_ma,c_ms,blocked
4,0.00030130698,0.0,s_ma,c_ma,c_ms,blocked
4,0.0012921403,0.0,s_ma,c_ma,c_ma,blocked
4,0.0003532729,0.0,s_ma,c_ma,c_ms,blocked
4,0.003682509,0.0,s_ma,c_ma,c_ma,blocked
4,0.33017355,0.0,s_ms,c_ms,c_ma,blocked
4,0.4468848,0.0,s_ms,c_ms,c_ms,blocked
4,0.3941829,0.0,s_ms,c_ms,c_ms,blocked
4,0.24316691,0.0,s_ms,c_ms,c_ma,blocked
4,0.36493313,0.0,s_ms,c_ms,c_ma,blocked
4,5.0748607e-05,0.0,s_ma,c_ms,c_ms,blocked
4,0.00017507286,0.0,s_ma,c_ms,c_ma,blocked
4,6.521539e-05,0.0,s_ma,c_ms,c_ms,blocked
4,6.0959504e-05,0.0,s_ma,c_ms,c_ma,blocked
4,8.241743e-05,0.0,s_ma,c_ms,c_ms,blocked
4,0.5000698,1.0,s_ms,c_ma,c_ms,blocked
4,0.49558908,0.0,s_ms,c_ma,c_ma,blocked
4,0.5414924,1.0,s_ms,c_ma,c_ms,blocked
4,0.42263603,0.0,s_ms,c_ma,c_ma,blocked
4,0.55041814,1.0,s_ms,c_ma,c_ma,blocked
4,0.0013190594,0.0,s_ma,c_ma,c_ma,blocked
4,0.0010798216,0.0,s_ma,c_ma,c_ms,blocked
4,0.00035203356,0.0,s_ma,c_ma,c_ms,blocked
4,0.0016284873,0.0,s_ma,c_ma,c_ms,blocked
4,0.18264382,0.0,s_ms,c_ms,c_ms,blocked
4,0.30560562,0.0,s_ms,c_ms,c_ma,blocked
4,0.14532483,0.0,s_ms,c_ms,c_ma,blocked
4,0.18357214,0.0,s_ms,c_ms,c_ms,blocked
4,0.095943876,0.0,s_ms,c_ms,c_ms,blocked
4,3.7821075e-05,0.0,s_ma,c_ms,c_ma,blocked
4,1.6241507e-05,0.0,s_ma,c_ms,c_ms,blocked
4,2.1127727e-05,0.0,s_ma,c_ms,c_ma,blocked
4,6.964858e-05,0.0,s_ma,c_ms,c_ms,blocked
4,1.7154198e-05,0.0,s_ma,c_ms,c_ma,blocked
4,0.6259315,1.0,s_ms,c_ma,c_ma,blocked
4,0.54878753,1.0,s_ms,c_ma,c_ms,blocked
4,0.6009476,1.0,s_ms,c_ma,c_ma,blocked
4,0.5667728,1.0,s_ms,c_ma,c_ms,blocked
4,0.54423326,1.0,s_ms,c_ma,c_ms,blocked
4,0.0006855172,0.0,s_ma,c_ma,c_ms,blocked
4,0.006656605,0.0,s_ma,c_ma,c_ma,blocked
4,0.0037349663,0.0,s_ma,c_ma,c_ma,blocked
4,0.0016888643,0.0,s_ma,c_ma,c_ms,blocked
4,0.3907735,0.0,s_ms,c_ms,c_ma,blocked
4,0.34134626,0.0,s_ms,c_ms,c_ms,blocked
4,0.3732127,0.0,s_ms,c_ms,c_ms,blocked
4,0.27334777,0.0,s_ms,c_ms,c_ma,blocked
4,0.4902557,0.0,s_ms,c_ms,c_ma,blocked
4,0.000667055,0.0,s_ma,c_ms,c_ms,blocked
4,0.0004163066,0.0,s_ma,c_ms,c_ma,blocked
4,0.0015681413,0.0,s_ma,c_ms,c_ms,blocked
4,0.0004334351,0.0,s_ma,c_ms,c_ma,blocked
4,0.00063832616,0.0,s_ma,c_ms,c_ms,blocked
4,1.2364284e-05,0.0,s_ma,c_ms,c_ma,blocked
4,1.1137787e-05,0.0,s_ma,c_ms,c_ms,blocked
4,5.5136557e-06,0.0,s_ma,c_ms,c_ma,blocked
4,1.6177285e-06,0.0,s_ma,c_ms,c_ms,blocked
4,1.9862703e-06,0.0,s_ma,c_ms,c_ms,blocked
4,0.15939733,0.0,s_ms,c_ms,c_ms,blocked
4,0.100563765,0.0,s_ms,c_ms,c_ma,blocked
4,0.16954365,0.0,s_ms,c_ms,c_ma,blocked
4,0.16353624,0.0,s_ms,c_ms,c_ms,blocked
4,0.20171688,0.0,s_ms,c_ms,c_ma,blocked
4,3.6287805e-05,0.0,s_ma,c_ma,c_ms,blocked
4,0.00014629355,0.0,s_ma,c_ma,c_ms,blocked
4,0.00010206202,0.0,s_ma,c_ma,c_ma,blocked
4,3.9457533e-05,0.0,s_ma,c_ma,c_ma,blocked
4,0.32282227,0.0,s_ms,c_ma,c_ms,blocked
4,0.3095168,0.0,s_ms,c_ma,c_ma,blocked
4,0.23555925,0.0,s_ms,c_ma,c_ms,blocked
4,0.23998693,0.0,s_ms,c_ma,c_ma,blocked
4,0.31313968,0.0,s_ms,c_ma,c_ms,blocked
4,0.00011791227,0.0,s_ma,c_ms,c_ms,blocked
4,5.523225e-05,0.0,s_ma,c_ms,c_ma,blocked
4,0.00017125424,0.0,s_ma,c_ms,c_ms,blocked
4,1.889482e-05,0.0,s_ma,c_ms,c_ma,blocked
4,2.5200463e-05,0.0,s_ma,c_ms,c_ma,blocked
4,0.12966476,0.0,s_ms,c_ms,c_ma,blocked
4,0.14515011,0.0,s_ms,c_ms,c_ms,blocked
4,0.0945214,0.0,s_ms,c_ms,c_ms,blocked
4,0.15170532,0.0,s_ms,c_ms,c_ma,blocked
4,0.2026343,0.0,s_ms,c_ms,c_ms,blocked
4,3.5481862e-05,0.0,s_ma,c_ma,c_ms,blocked
4,0.0002982911,0.0,s_ma,c_ma,c_ma,blocked
4,0.000180989,0.0,s_ma,c_ma,c_ms,blocked
4,6.708146e-05,0.0,s_ma,c_ma,c_ms,blocked
4,0.14569509,0.0,s_ms,c_ma,c_ma,blocked
4,0.23679797,0.0,s_ms,c_ma,c_ms,blocked
4,0.26965877,0.0,s_ms,c_ma,c_ma,blocked
4,0.2861253,0.0,s_ms,c_ma,c_ms,blocked
4,0.23438089,0.0,s_ms,c_ma,c_ma,blocked
4,7.1733986e-05,0.0,s_ma,c_ms,c_ms,blocked
4,7.962058e-06,0.0,s_ma,c_ms,c_ma,blocked
4,0.0001596426,0.0,s_ma,c_ms,c_ms,blocked
4,1.9743513e-05,0.0,s_ma,c_ms,c_ma,blocked
4,9.5402065e-06,0.0,s_ma,c_ms,c_ma,blocked
4,0.09389726,0.0,s_ms,c_ms,c_ma,blocked
4,0.11263915,0.0,s_ms,c_ms,c_ms,blocked
4,0.15176333,0.0,s_ms,c_ms,c_ms,blocked
4,0.14196885,0.0,s_ms,c_ms,c_ma,blocked
4,0.1318696,0.0,s_ms,c_ms,c_ms,blocked
4,0.00014844186,0.0,s_ma,c_ma,c_ms,blocked
4,0.00027984875,0.0,s_ma,c_ma,c_ma,blocked
4,0.00021111844,0.0,s_ma,c_ma,c_ms,blocked
4,0.00021945141,0.0,s_ma,c_ma,c_ms,blocked
4,0.3182262,0.0,s_ms,c_ma,c_ma,blocked
4,0.25047418,0.0,s_ms,c_ma,c_ms,blocked
4,0.35348725,0.0,s_ms,c_ma,c_ma,blocked
4,0.33258367,0.0,s_ms,c_ma,c_ms,blocked
4,0.4019457,0.0,s_ms,c_ma,c_ma,blocked
4,7.306817e-05,0.0,s_ma,c_ms,c_ma,blocked
4,1.304609e-05,0.0,s_ma,c_ms,c_ms,blocked
4,3.0283356e-05,0.0,s_ma,c_ms,c_ma,blocked
4,8.6919845e-06,0.0,s_ma,c_ms,c_ms,blocked
4,1.8126126e-05,0.0,s_ma,c_ms,c_ms,blocked
4,0.08563872,0.0,s_ms,c_ms,c_ms,blocked
4,0.085373044,0.0,s_ms,c_ms,c_ma,blocked
4,0.090768754,0.0,s_ms,c_ms,c_ma,blocked
4,0.13543226,0.0,s_ms,c_ms,c_ms,blocked
4,0.11363788,0.0,s_ms,c_ms,c_ma,blocked
4,9.676897e-05,0.0,s_ma,c_ma,c_ma,blocked
4,0.00018259106,0.0,s_ma,c_ma,c_ms,blocked
4,0.00021767688,0.0,s_ma,c_ma,c_ms,blocked
4,5.2931828e-05,0.0,s_ma,c_ma,c_ma,blocked
4,0.2821461,0.0,s_ms,c_ma,c_ms,blocked
4,0.23948714,0.0,s_ms,c_ma,c_ma,blocked
4,0.30786425,0.0,s_ms,c_ma,c_ms,blocked
4,0.33630356,0.0,s_ms,c_ma,c_ma,blocked
4,0.33692166,0.0,s_ms,c_ma,c_ms,blocked
4,1.5514339e-05,0.0,s_ma,c_ms,c_ma,blocked
4,4.6726877e-06,0.0,s_ma,c_ms,c_ms,blocked
4,0.00014857022,0.0,s_ma,c_ms,c_ma,blocked
4,1.3041952e-05,0.0,s_ma,c_ms,c_ms,blocked
4,6.5732784e-06,0.0,s_ma,c_ms,c_ms,blocked
4,0.1087406,0.0,s_ms,c_ms,c_ms,blocked
4,0.07679072,0.0,s_ms,c_ms,c_ma,blocked
4,0.1342817,0.0,s_ms,c_ms,c_ma,blocked
4,0.17060308,0.0,s_ms,c_ms,c_ms,blocked
4,0.16361271,0.0,s_ms,c_ms,c_ma,blocked
4,3.950177e-05,0.0,s_ma,c_ma,c_ma,blocked
4,6.5101194e-05,0.0,s_ma,c_ma,c_ms,blocked
4,0.00020750068,0.0,s_ma,c_ma,c_ms,blocked
4,5.0558123e-05,0.0,s_ma,c_ma,c_ma,blocked
4,0.32025868,0.0,s_ms,c_ma,c_ms,blocked
4,0.26134172,0.0,s_ms,c_ma,c_ma,blocked
4,0.2622338,0.0,s_ms,c_ma,c_ms,blocked
4,0.29127443,0.0,s_ms,c_ma,c_ma,blocked
4,0.25968754,0.0,s_ms,c_ma,c_ms,blocked
4,0.50965935,1.0,s_ms,c_ms,c_ms,blocked
4,0.32584274,0.0,s_ms,c_ms,c_ma,blocked
4,0.46007282,0.0,s_ms,c_ms,c_ms,blocked
4,0.36940864,0.0,s_ms,c_ms,c_ma,blocked
4,0.43556935,0.0,s_ms,c_ms,c_ma,blocked
4,0.00017799351,0.0,s_ma,c_ms,c_ma,blocked
4,0.00016174669,0.0,s_ma,c_ms,c_ms,blocked
4,0.00012110753,0.0,s_ma,c_ms,c_ms,blocked
4,3.748252e-05,0.0,s_ma,c_ms,c_ma,blocked
4,0.0007877066,0.0,s_ma,c_ms,c_ms,blocked
4,0.59360886,1.0,s_ms,c_ma,c_ms,blocked
4,0.7512239,1.0,s_ms,c_ma,c_ma,blocked
4,0.6195915,1.0,s_ms,c_ma,c_ma,blocked
4,0.63435555,1.0,s_ms,c_ma,c_ms,blocked
4,0.5855011,1.0,s_ms,c_ma,c_ms,blocked
4,5.304572e-05,0.0,s_ma,c_ma,c_ms,blocked
4,0.00039731723,0.0,s_ma,c_ma,c_ma,blocked
4,0.00019104856,0.0,s_ma,c_ma,c_ms,blocked
4,0.00076322246,0.0,s_ma,c_ma,c_ma,blocked
4,0.40016645,0.0,s_ms,c_ms,c_ma,blocked
4,0.20328346,0.0,s_ms,c_ms,c_ms,blocked
4,0.33029926,0.0,s_ms,c_ms,c_ma,blocked
4,0.23535015,0.0,s_ms,c_ms,c_ms,blocked
4,0.2990589,0.0,s_ms,c_ms,c_ms,blocked
4,8.1131504e-05,0.0,s_ma,c_ms,c_ms,blocked
4,2.2636721e-05,0.0,s_ma,c_ms,c_ma,blocked
4,0.00021810424,0.0,s_ma,c_ms,c_ma,blocked
4,3.353039e-05,0.0,s_ma,c_ms,c_ms,blocked
4,0.00045728902,0.0,s_ma,c_ms,c_ma,blocked
4,0.5744107,1.0,s_ms,c_ma,c_ma,blocked
4,0.65216434,1.0,s_ms,c_ma,c_ms,blocked
4,0.649395,1.0,s_ms,c_ma,c_ms,blocked
4,0.68841475,1.0,s_ms,c_ma,c_ma,blocked
4,0.65347576,1.0,s_ms,c_ma,c_ma,blocked
4,4.7620324e-05,0.0,s_ma,c_ma,c_ms,blocked
4,6.281185e-05,0.0,s_ma,c_ma,c_ms,blocked
4,3.3573306e-05,0.0,s_ma,c_ma,c_ma,blocked
4,4.766283e-05,0.0,s_ma,c_ma,c_ms,blocked
4,0.39474815,0.0,s_ms,c_ms,c_ms,blocked
4,0.33191583,0.0,s_ms,c_ms,c_ma,blocked
4,0.51717937,1.0,s_ms,c_ms,c_ms,blocked
4,0.28158858,0.0,s_ms,c_ms,c_ma,blocked
4,0.43391734,0.0,s_ms,c_ms,c_ma,blocked
4,0.0010792513,0.0,s_ma,c_ms,c_ma,blocked
4,5.6658722e-05,0.0,s_ma,c_ms,c_ms,blocked
4,0.00018435974,0.0,s_ma,c_ms,c_ms,blocked
4,9.360282e-05,0.0,s_ma,c_ms,c_ma,blocked
4,0.0018447365,0.0,s_ma,c_ms,c_ms,blocked
4,0.705445,1.0,s_ms,c_ma,c_ms,blocked
4,0.641865,1.0,s_ms,c_ma,c_ma,blocked
4,0.5802134,1.0,s_ms,c_ma,c_ma,blocked
4,0.61109173,1.0,s_ms,c_ma,c_ms,blocked
4,0.66271555,1.0,s_ms,c_ma,c_ms,blocked
4,0.00043794964,0.0,s_ma,c_ma,c_ma,blocked
4,6.4663865e-05,0.0,s_ma,c_ma,c_ms,blocked
4,0.00028316127,0.0,s_ma,c_ma,c_ms,blocked
4,0.00035769568,0.0,s_ma,c_ma,c_ma,blocked
4,0.3539098,0.0,s_ms,c_ms,c_ma,blocked
4,0.30432162,0.0,s_ms,c_ms,c_ms,blocked
4,0.42052746,0.0,s_ms,c_ms,c_ma,blocked
4,0.21741477,0.0,s_ms,c_ms,c_ms,blocked
4,0.23462796,0.0,s_ms,c_ms,c_ms,blocked
4,0.00058824004,0.0,s_ma,c_ms,c_ms,blocked
4,0.0001262307,0.0,s_ma,c_ms,c_ma,blocked
4,7.685581e-05,0.0,s_ma,c_ms,c_ma,blocked
4,0.0001839734,0.0,s_ma,c_ms,c_ms,blocked
4,0.000348848,0.0,s_ma,c_ms,c_ma,blocked
4,0.6797392,1.0,s_ms,c_ma,c_ma,blocked
4,0.61473596,1.0,s_ms,c_ma,c_ms,blocked
4,0.58801866,1.0,s_ms,c_ma,c_ms,blocked
4,0.562551,1.0,s_ms,c_ma,c_ma,blocked
4,0.6144651,1.0,s_ms,c_ma,c_ma,blocked
4,0.00018785465,0.0,s_ma,c_ma,c_ms,blocked
4,3.6029807e-05,0.0,s_ma,c_ma,c_ma,blocked
4,0.00030369,0.0,s_ma,c_ma,c_ms,blocked
4,8.031949e-05,0.0,s_ma,c_ma,c_ms,blocked
4,0.32224184,0.0,s_ms,c_ms,c_ms,blocked
4,0.27993494,0.0,s_ms,c_ms,c_ma,blocked
4,0.455352,0.0,s_ms,c_ms,c_ms,blocked
4,0.2524759,0.0,s_ms,c_ms,c_ma,blocked
4,0.2850375,0.0,s_ms,c_ms,c_ma,blocked
4,0.00018743717,0.0,s_ma,c_ms,c_ma,blocked
4,5.334167e-05,0.0,s_ma,c_ms,c_ms,blocked
4,0.00034478476,0.0,s_ma,c_ms,c_ms,blocked
4,7.057189e-05,0.0,s_ma,c_ms,c_ma,blocked
4,0.0004499929,0.0,s_ma,c_ms,c_ms,blocked
4,0.60562825,1.0,s_ms,c_ma,c_ms,blocked
4,0.67267746,1.0,s_ms,c_ma,c_ma,blocked
4,0.5303364,1.0,s_ms,c_ma,c_ma,blocked
4,0.5669352,1.0,s_ms,c_ma,c_ms,blocked
4,0.65126514,1.0,s_ms,c_ma,c_ms,blocked
4,0.00076611305,0.0,s_ma,c_ma,c_ma,blocked
4,5.0740186e-05,0.0,s_ma,c_ma,c_ms,blocked
4,0.00033000158,0.0,s_ma,c_ma,c_ma,blocked
4,8.157366e-05,0.0,s_ma,c_ma,c_ms,blocked
4,4.774529e-05,0.0,s_ma,c_ma,c_ms,interleaved
4,0.00015197067,0.0,s_ma,c_ma,c_ma,interleaved
4,9.095562e-06,0.0,s_ma,c_ma,c_ms,interleaved
4,2.8147351e-05,0.0,s_ma,c_ma,c_ms,interleaved
4,0.3753902,0.0,s_ms,c_ma,c_ms,interleaved
4,0.3000037,0.0,s_ms,c_ma,c_ma,interleaved
4,0.31765446,0.0,s_ms,c_ma,c_ma,interleaved
4,0.39185965,0.0,s_ms,c_ma,c_ms,interleaved
4,0.3325314,0.0,s_ms,c_ma,c_ma,interleaved
4,5.980054e-06,0.0,s_ma,c_ms,c_ma,interleaved
4,3.4536795e-05,0.0,s_ma,c_ms,c_ms,interleaved
4,1.6203092e-05,0.0,s_ma,c_ms,c_ms,interleaved
4,3.9262348e-05,0.0,s_ma,c_ms,c_ma,interleaved
4,1.0304746e-05,0.0,s_ma,c_ms,c_ma,interleaved
4,0.029440708,0.0,s_ms,c_ms,c_ms,interleaved
4,0.08748542,0.0,s_ms,c_ms,c_ma,interleaved
4,0.048616033,0.0,s_ms,c_ms,c_ms,interleaved
4,0.09420032,0.0,s_ms,c_ms,c_ma,interleaved
4,0.05557988,0.0,s_ms,c_ms,c_ms,interleaved
4,5.162007e-05,0.0,s_ma,c_ma,c_ms,interleaved
4,1.8666098e-05,0.0,s_ma,c_ma,c_ms,interleaved
4,3.2308806e-05,0.0,s_ma,c_ma,c_ma,interleaved
4,2.1375316e-05,0.0,s_ma,c_ma,c_ma,interleaved
4,0.34118128,0.0,s_ms,c_ma,c_ma,interleaved
4,0.38268805,0.0,s_ms,c_ma,c_ms,interleaved
4,0.47766492,0.0,s_ms,c_ma,c_ms,interleaved
4,0.2826139,0.0,s_ms,c_ma,c_ma,interleaved
4,0.4134502,0.0,s_ms,c_ma,c_ms,interleaved
4,3.0807817e-06,0.0,s_ma,c_ms,c_ms,interleaved
4,1.9554283e-05,0.0,s_ma,c_ms,c_ma,interleaved
4,8.5175407e-07,0.0,s_ma,c_ms,c_ma,interleaved
4,3.6771964e-06,0.0,s_ma,c_ms,c_ms,interleaved
4,4.4100675e-06,0.0,s_ma,c_ms,c_ms,interleaved
4,0.07161705,0.0,s_ms,c_ms,c_ma,interleaved
4,0.088875555,0.0,s_ms,c_ms,c_ms,interleaved
4,0.078481704,0.0,s_ms,c_ms,c_ma,interleaved
4,0.062360987,0.0,s_ms,c_ms,c_ms,interleaved
4,0.11745564,0.0,s_ms,c_ms,c_ma,interleaved
4,0.00016255822,0.0,s_ma,c_ma,c_ma,interleaved
4,1.9083005e-05,0.0,s_ma,c_ma,c_ms,interleaved
4,1.7034046e-05,0.0,s_ma,c_ma,c_ms,interleaved
4,7.566711e-05,0.0,s_ma,c_ma,c_ms,interleaved
4,0.36586067,0.0,s_ms,c_ma,c_ms,interleaved
4,0.353654,0.0,s_ms,c_ma,c_ma,interleaved
4,0.36151454,0.0,s_ms,c_ma,c_ma,interleaved
4,0.37024078,0.0,s_ms,c_ma,c_ms,interleaved
4,0.34896594,0.0,s_ms,c_ma,c_ma,interleaved
4,7.1090985e-06,0.0,s_ma,c_ms,c_ma,interleaved
4,7.986374e-05,0.0,s_ma,c_ms,c_ms,interleaved
4,1.16099345e-05,0.0,s_ma,c_ms,c_ms,interleaved
4,1.5389196e-05,0.0,s_ma,c_ms,c_ma,interleaved
4,2.3496234e-05,0.0,s_ma,c_ms,c_ma,interleaved
4,0.105639525,0.0,s_ms,c_ms,c_ms,interleaved
4,0.1463674,0.0,s_ms,c_ms,c_ma,interleaved
4,0.06850488,0.0,s_ms,c_ms,c_ms,interleaved
4,0.08331621,0.0,s_ms,c_ms,c_ma,interleaved
4,0.07568095,0.0,s_ms,c_ms,c_ms,interleaved
4,8.49168e-06,0.0,s_ma,c_ma,c_ms,interleaved
4,3.1429157e-05,0.0,s_ma,c_ma,c_ma,interleaved
4,1.4303223e-05,0.0,s_ma,c_ma,c_ms,interleaved
4,1.2121723e-05,0.0,s_ma,c_ma,c_ma,interleaved
4,0.43081784,0.0,s_ms,c_ma,c_ma,interleaved
4,0.41250068,0.0,s_ms,c_ma,c_ms,interleaved
4,0.44348115,0.0,s_ms,c_ma,c_ms,interleaved
4,0.41506594,0.0,s_ms,c_ma,c_ma,interleaved
4,0.4134175,0.0,s_ms,c_ma,c_ms,interleaved
4,4.1573076e-06,0.0,s_ma,c_ms,c_ms,interleaved
4,3.2071715e-05,0.0,s_ma,c_ms,c_ma,interleaved
4,2.8364916e-06,0.0,s_ma,c_ms,c_ma,interleaved
4,1.1379685e-05,0.0,s_ma,c_ms,c_ms,interleaved
4,2.4762694e-06,0.0,s_ma,c_ms,c_ms,interleaved
4,0.08780209,0.0,s_ms,c_ms,c_ma,interleaved
4,0.10634056,0.0,s_ms,c_ms,c_ms,interleaved
4,0.09343746,0.0,s_ms,c_ms,c_ma,interleaved
4,0.14854132,0.0,s_ms,c_ms,c_ms,interleaved
4,0.09474643,0.0,s_ms,c_ms,c_ma,interleaved
4,2.787639e-05,0.0,s_ma,c_ma,c_ms,interleaved
4,1.8151972e-05,0.0,s_ma,c_ma,c_ma,interleaved
4,6.854389e-05,0.0,s_ma,c_ma,c_ms,interleaved
4,1.2422885e-05,0.0,s_ma,c_ma,c_ma,interleaved
4,0.31812012,0.0,s_ms,c_ma,c_ma,interleaved
4,0.36859006,0.0,s_ms,c_ma,c_ms,interleaved
4,0.32374904,0.0,s_ms,c_ma,c_ms,interleaved
4,0.35706556,0.0,s_ms,c_ma,c_ma,interleaved
4,0.41709366,0.0,s_ms,c_ma,c_ms,interleaved
4,3.190074e-06,0.0,s_ma,c_ms,c_ms,interleaved
4,2.7379596e-05,0.0,s_ma,c_ms,c_ma,interleaved
4,4.5910356e-06,0.0,s_ma,c_ms,c_ma,interleaved
4,1.3062288e-05,0.0,s_ma,c_ms,c_ms,interleaved
4,1.8115914e-05,0.0,s_ma,c_ms,c_ms,interleaved
4,0.07040514,0.0,s_ms,c_ms,c_ma,interleaved
4,0.09910175,0.0,s_ms,c_ms,c_ms,interleaved
4,0.040147282,0.0,s_ms,c_ms,c_ma,interleaved
4,0.10828648,0.0,s_ms,c_ms,c_ms,interleaved
4,0.078370854,0.0,s_ms,c_ms,c_ma,interleaved
4,0.573781,1.0,s_ms,c_ma,c_ms,interleaved
4,0.6187577,1.0,s_ms,c_ma,c_ma,interleaved
4,0.59124434,1.0,s_ms,c_ma,c_ms,interleaved
4,0.5121682,1.0,s_ms,c_ma,c_ma,interleaved
4,0.6047188,1.0,s_ms,c_ma,c_ma,interleaved
4,0.0006310035,0.0,s_ma,c_ma,c_ms,interleaved
4,0.000988185,0.0,s_ma,c_ma,c_ms,interleaved
4,0.0029732157,0.0,s_ma,c_ma,c_ma,interleaved
4,0.0010385601,0.0,s_ma,c_ma,c_ms,interleaved
4,0.559516,1.0,s_ms,c_ms,c_ms,interleaved
4,0.67339945,1.0,s_ms,c_ms,c_ma,interleaved
4,0.58838415,1.0,s_ms,c_ms,c_ma,interleaved
4,0.5904466,1.0,s_ms,c_ms,c_ms,interleaved
4,0.55452096,1.0,s_ms,c_ms,c_ms,interleaved
4,4.6195262e-05,0.0,s_ma,c_ms,c_ma,interleaved
4,5.2583153e-05,0.0,s_ma,c_ms,c_ms,interleaved
4,0.0001792209,0.0,s_ma,c_ms,c_ma,interleaved
4,0.0002648166,0.0,s_ma,c_ms,c_ms,interleaved
4,2.6353971e-05,0.0,s_ma,c_ms,c_ma,interleaved
4,0.64573824,1.0,s_ms,c_ma,c_ma,interleaved
4,0.56597036,1.0,s_ms,c_ma,c_ms,interleaved
4,0.6032214,1.0,s_ms,c_ma,c_ma,interleaved
4,0.5380237,1.0,s_ms,c_ma,c_ms,interleaved
4,0.5667402,1.0,s_ms,c_ma,c_ms,interleaved
4,0.0005966482,0.0,s_ma,c_ma,c_ms,interleaved
4,0.0019851357,0.0,s_ma,c_ma,c_ma,interleaved
4,0.0012777151,0.0,s_ma,c_ma,c_ms,interleaved
4,0.008485146,0.0,s_ma,c_ma,c_ma,interleaved
4,0.61661994,1.0,s_ms,c_ms,c_ma,interleaved
4,0.666652,1.0,s_ms,c_ms,c_ms,interleaved
4,0.57491183,1.0,s_ms,c_ms,c_ms,interleaved
4,0.5921574,1.0,s_ms,c_ms,c_ma,interleaved
4,0.66059774,1.0,s_ms,c_ms,c_ma,interleaved
4,3.6904727e-05,0.0,s_ma,c_ms,c_ms,interleaved
4,1.5734455e-05,0.0,s_ma,c_ms,c_ma,interleaved
4,1.9385958e-05,0.0,s_ma,c_ms,c_ms,interleaved
4,4.4359113e-05,0.0,s_ma,c_ms,c_ma,interleaved
4,1.553851e-05,0.0,s_ma,c_ms,c_ms,interleaved
4,0.6246446,1.0,s_ms,c_ma,c_ma,interleaved
4,0.46186578,0.0,s_ms,c_ma,c_ms,interleaved
4,0.5973636,1.0,s_ms,c_ma,c_ma,interleaved
4,0.50552773,1.0,s_ms,c_ma,c_ms,interleaved
4,0.611902,1.0,s_ms,c_ma,c_ms,interleaved
4,0.0010448266,0.0,s_ma,c_ma,c_ms,interleaved
4,0.0021029536,0.0,s_ma,c_ma,c_ma,interleaved
4,0.0007074342,0.0,s_ma,c_ma,c_ms,interleaved
4,0.0025320132,0.0,s_ma,c_ma,c_ma,interleaved
4,0.6782021,1.0,s_ms,c_ms,c_ma,interleaved
4,0.78207517,1.0,s_ms,c_ms,c_ms,interleaved
4,0.6777327,1.0,s_ms,c_ms,c_ms,interleaved
4,0.69911337,1.0,s_ms,c_ms,c_ma,interleaved
4,0.5966605,1.0,s_ms,c_ms,c_ma,interleaved
4,4.810764e-05,0.0,s_ma,c_ms,c_ms,interleaved
4,0.0002093968,0.0,s_ma,c_ms,c_ma,interleaved
4,6.311687e-05,0.0,s_ma,c_ms,c_ms,interleaved
4,6.1004906e-05,0.0,s_ma,c_ms,c_ma,interleaved
4,0.00011249597,0.0,s_ma,c_ms,c_ms,interleaved
4,0.5611618,1.0,s_ms,c_ma,c_ms,interleaved
4,0.6553706,1.0,s_ms,c_ma,c_ma,interleaved
4,0.5782764,1.0,s_ms,c_ma,c_ms,interleaved
4,0.52968407,1.0,s_ms,c_ma,c_ma,interleaved
4,0.58766764,1.0,s_ms,c_ma,c_ma,interleaved
4,0.0032506108,0.0,s_ma,c_ma,c_ma,interleaved
4,0.0013951816,0.0,s_ma,c_ma,c_ms,interleaved
4,0.0006423514,0.0,s_ma,c_ma,c_ms,interleaved
4,0.0017614855,0.0,s_ma,c_ma,c_ms,interleaved
4,0.54061264,1.0,s_ms,c_ms,c_ms,interleaved
4,0.64566714,1.0,s_ms,c_ms,c_ma,interleaved
4,0.5522517,1.0,s_ms,c_ms,c_ma,interleaved
4,0.65582734,1.0,s_ms,c_ms,c_ms,interleaved
4,0.46196702,0.0,s_ms,c_ms,c_ms,interleaved
4,4.3606447e-05,0.0,s_ma,c_ms,c_ma,interleaved
4,2.2994884e-05,0.0,s_ma,c_ms,c_ms,interleaved
4,2.733132e-05,0.0,s_ma,c_ms,c_ma,interleaved
4,9.235551e-05,0.0,s_ma,c_ms,c_ms,interleaved
4,1.9855055e-05,0.0,s_ma,c_ms,c_ma,interleaved
4,0.6074149,1.0,s_ms,c_ma,c_ma,interleaved
4,0.53229743,1.0,s_ms,c_ma,c_ms,interleaved
4,0.5926727,1.0,s_ms,c_ma,c_ma,interleaved
4,0.5431484,1.0,s_ms,c_ma,c_ms,interleaved
4,0.5368826,1.0,s_ms,c_ma,c_ms,interleaved
4,0.001219874,0.0,s_ma,c_ma,c_ms,interleaved
4,0.009358301,0.0,s_ma,c_ma,c_ma,interleaved
4,0.0025697018,0.0,s_ma,c_ma,c_ma,interleaved
4,0.0017160906,0.0,s_ma,c_ma,c_ms,interleaved
4,0.6974466,1.0,s_ms,c_ms,c_ma,interleaved
4,0.46933943,0.0,s_ms,c_ms,c_ms,interleaved
4,0.6013261,1.0,s_ms,c_ms,c_ms,interleaved
4,0.7190547,1.0,s_ms,c_ms,c_ma,interleaved
4,0.49144548,0.0,s_ms,c_ms,c_ma,interleaved
4,0.00071140163,0.0,s_ma,c_ms,c_ms,interleaved
4,0.00045609137,0.0,s_ma,c_ms,c_ma,interleaved
4,0.0014296904,0.0,s_ma,c_ms,c_ms,interleaved
4,0.00057151576,0.0,s_ma,c_ms,c_ma,interleaved
4,0.00063524203,0.0,s_ma,c_ms,c_ms,interleaved
4,5.7260922e-06,0.0,s_ma,c_ms,c_ma,interleaved
4,2.7626636e-06,0.0,s_ma,c_ms,c_ms,interleaved
4,6.5522077e-06,0.0,s_ma,c_ms,c_ma,interleaved
4,4.3600608e-06,0.0,s_ma,c_ms,c_ms,interleaved
4,3.3563306e-06,0.0,s_ma,c_ms,c_ms,interleaved
4,0.3301259,0.0,s_ms,c_ms,c_ms,interleaved
4,0.29502755,0.0,s_ms,c_ms,c_ma,interleaved
4,0.24606764,0.0,s_ms,c_ms,c_ma,interleaved
4,0.3824485,0.0,s_ms,c_ms,c_ms,interleaved
4,0.23813392,0.0,s_ms,c_ms,c_ma,interleaved
4,7.6136944e-06,0.0,s_ma,c_ma,c_ms,interleaved
4,2.0509293e-05,0.0,s_ma,c_ma,c_ms,interleaved
4,1.04355e-05,0.0,s_ma,c_ma,c_ma,interleaved
4,2.829953e-06,0.0,s_ma,c_ma,c_ma,interleaved
4,0.02880584,0.0,s_ms,c_ma,c_ms,interleaved
4,0.03813652,0.0,s_ms,c_ma,c_ma,interleaved
4,0.024045411,0.0,s_ms,c_ma,c_ms,interleaved
4,0.021246623,0.0,s_ms,c_ma,c_ma,interleaved
4,0.027957413,0.0,s_ms,c_ma,c_ms,interleaved
4,3.4936093e-05,0.0,s_ma,c_ms,c_ms,interleaved
4,2.1807544e-05,0.0,s_ma,c_ms,c_ma,interleaved
4,7.354398e-05,0.0,s_ma,c_ms,c_ms,interleaved
4,3.458149e-05,0.0,s_ma,c_ms,c_ma,interleaved
4,2.4091754e-05,0.0,s_ma,c_ms,c_ma,interleaved
4,0.2657426,0.0,s_ms,c_ms,c_ma,interleaved
4,0.29375246,0.0,s_ms,c_ms,c_ms,interleaved
4,0.16740245,0.0,s_ms,c_ms,c_ms,interleaved
4,0.2714573,0.0,s_ms,c_ms,c_ma,interleaved
4,0.43655103,0.0,s_ms,c_ms,c_ms,interleaved
4,8.013274e-06,0.0,s_ma,c_ma,c_ms,interleaved
4,0.00013232396,0.0,s_ma,c_ma,c_ma,interleaved
4,1.8498858e-05,0.0,s_ma,c_ma,c_ms,interleaved
4,9.281966e-06,0.0,s_ma,c_ma,c_ms,interleaved
4,0.020986103,0.0,s_ms,c_ma,c_ma,interleaved
4,0.05305683,0.0,s_ms,c_ma,c_ms,interleaved
4,0.021729704,0.0,s_ms,c_ma,c_ma,interleaved
4,0.033209845,0.0,s_ms,c_ma,c_ms,interleaved
4,0.027859772,0.0,s_ms,c_ma,c_ma,interleaved
4,1.9951782e-05,0.0,s_ma,c_ms,c_ms,interleaved
4,9.112086e-07,0.0,s_ma,c_ms,c_ma,interleaved
4,1.11904255e-05,0.0,s_ma,c_ms,c_ms,interleaved
4,3.0742117e-06,0.0,s_ma,c_ms,c_ma,interleaved
4,4.135806e-06,0.0,s_ma,c_ms,c_ma,interleaved
4,0.32740656,0.0,s_ms,c_ms,c_ma,interleaved
4,0.34727818,0.0,s_ms,c_ms,c_ms,interleaved
4,0.26152685,0.0,s_ms,c_ms,c_ms,interleaved
4,0.37966663,0.0,s_ms,c_ms,c_ma,interleaved
4,0.2842477,0.0,s_ms,c_ms,c_ms,interleaved
4,2.4038887e-05,0.0,s_ma,c_ma,c_ms,interleaved
4,0.00014245522,0.0,s_ma,c_ma,c_ma,interleaved
4,0.00013361577,0.0,s_ma,c_ma,c_ms,interleaved
4,1.8733444e-05,0.0,s_ma,c_ma,c_ms,interleaved
4,0.21766677,0.0,s_ms,c_ma,c_ma,interleaved
4,0.77296555,1.0,s_ms,c_ma,c_ms,interleaved
4,0.32879353,0.0,s_ms,c_ma,c_ma,interleaved
4,0.32386112,0.0,s_ms,c_ma,c_ms,interleaved
4,0.3567723,0.0,s_ms,c_ma,c_ma,interleaved
4,4.053451e-05,0.0,s_ma,c_ms,c_ma,interleaved
4,4.033108e-06,0.0,s_ma,c_ms,c_ms,interleaved
4,1.3829859e-05,0.0,s_ma,c_ms,c_ma,interleaved
4,1.1900182e-05,0.0,s_ma,c_ms,c_ms,interleaved
4,1.33936865e-05,0.0,s_ma,c_ms,c_ms,interleaved
4,0.30210426,0.0,s_ms,c_ms,c_ms,interleaved
4,0.29755104,0.0,s_ms,c_ms,c_ma,interleaved
4,0.21280715,0.0,s_ms,c_ms,c_ma,interleaved
4,0.2570076,0.0,s_ms,c_ms,c_ms,interleaved
4,0.20497417,0.0,s_ms,c_ms,c_ma,interleaved
4,1.0506383e-05,0.0,s_ma,c_ma,c_ma,interleaved
4,1.869492e-05,0.0,s_ma,c_ma,c_ms,interleaved
4,0.00012812749,0.0,s_ma,c_ma,c_ms,interleaved
4,1.1044792e-05,0.0,s_ma,c_ma,c_ma,interleaved
4,0.04094531,0.0,s_ms,c_ma,c_ms,interleaved
4,0.0622411,0.0,s_ms,c_ma,c_ma,interleaved
4,0.09604359,0.0,s_ms,c_ma,c_ms,interleaved
4,0.058343135,0.0,s_ms,c_ma,c_ma,interleaved
4,0.10428182,0.0,s_ms,c_ma,c_ms,interleaved
4,1.0449472e-05,0.0,s_ma,c_ms,c_ma,interleaved
4,4.0265095e-06,0.0,s_ma,c_ms,c_ms,interleaved
4,2.048676e-05,0.0,s_ma,c_ms,c_ma,interleaved
4,2.5388886e-06,0.0,s_ma,c_ms,c_ms,interleaved
4,1.6801947e-05,0.0,s_ma,c_ms,c_ms,interleaved
4,0.3162938,0.0,s_ms,c_ms,c_ms,interleaved
4,0.25413072,0.0,s_ms,c_ms,c_ma,interleaved
4,0.31754896,0.0,s_ms,c_ms,c_ma,interleaved
4,0.44366887,0.0,s_ms,c_ms,c_ms,interleaved
4,0.41918272,0.0,s_ms,c_ms,c_ma,interleaved
4,2.714923e-06,0.0,s_ma,c_ma,c_ma,interleaved
4,8.529096e-06,0.0,s_ma,c_ma,c_ms,interleaved
4,1.6521504e-05,0.0,s_ma,c_ma,c_ms,interleaved
4,1.0511254e-05,0.0,s_ma,c_ma,c_ma,interleaved
4,0.097817205,0.0,s_ms,c_ma,c_ms,interleaved
4,0.051286116,0.0,s_ms,c_ma,c_ma,interleaved
4,0.033508934,0.0,s_ms,c_ma,c_ms,interleaved
4,0.053815156,0.0,s_ms,c_ma,c_ma,interleaved
4,0.048932415,0.0,s_ms,c_ma,c_ms,interleaved
4,0.9516021,1.0,s_ms,c_ms,c_ms,interleaved
4,0.88401365,1.0,s_ms,c_ms,c_ma,interleaved
4,0.8409985,1.0,s_ms,c_ms,c_ms,interleaved
4,0.85892737,1.0,s_ms,c_ms,c_ma,interleaved
4,0.8962075,1.0,s_ms,c_ms,c_ma,interleaved
4,3.4949633e-05,0.0,s_ma,c_ms,c_ma,interleaved
4,3.1385658e-05,0.0,s_ma,c_ms,c_ms,interleaved
4,3.9775063e-05,0.0,s_ma,c_ms,c_ms,interleaved
4,4.0382376e-05,0.0,s_ma,c_ms,c_ma,interleaved
4,0.0005972168,0.0,s_ma,c_ms,c_ms,interleaved
4,0.9566085,1.0,s_ms,c_ma,c_ms,interleaved
4,0.9675617,1.0,s_ms,c_ma,c_ma,interleaved
4,0.7195794,1.0,s_ms,c_ma,c_ma,interleaved
4,0.93326294,1.0,s_ms,c_ma,c_ms,interleaved
4,0.8318114,1.0,s_ms,c_ma,c_ms,interleaved
4,4.604847e-05,0.0,s_ma,c_ma,c_ms,interleaved
4,0.00019522978,0.0,s_ma,c_ma,c_ma,interleaved
4,0.00011837707,0.0,s_ma,c_ma,c_ms,interleaved
4,0.00040186723,0.0,s_ma,c_ma,c_ma,interleaved
4,0.86108905,1.0,s_ms,c_ms,c_ma,interleaved
4,0.8728663,1.0,s_ms,c_ms,c_ms,interleaved
4,0.80670977,1.0,s_ms,c_ms,c_ma,interleaved
4,0.84158754,1.0,s_ms,c_ms,c_ms,interleaved
4,0.84673566,1.0,s_ms,c_ms,c_ms,interleaved
4,5.05701e-05,0.0,s_ma,c_ms,c_ms,interleaved
4,1.5041187e-05,0.0,s_ma,c_ms,c_ma,interleaved
4,0.0002027914,0.0,s_ma,c_ms,c_ma,interleaved
4,2.2418257e-05,0.0,s_ma,c_ms,c_ms,interleaved
4,0.00035869182,0.0,s_ma,c_ms,c_ma,interleaved
4,0.9285135,1.0,s_ms,c_ma,c_ma,interleaved
4,0.89723146,1.0,s_ms,c_ma,c_ms,interleaved
4,0.15049438,0.0,s_ms,c_ma,c_ms,interleaved
4,0.894287,1.0,s_ms,c_ma,c_ma,interleaved
4,0.9101689,1.0,s_ms,c_ma,c_ma,interleaved
4,4.3780117e-05,0.0,s_ma,c_ma,c_ms,interleaved
4,3.1755546e-05,0.0,s_ma,c_ma,c_ms,interleaved
4,4.8866037e-05,0.0,s_ma,c_ma,c_ma,interleaved
4,2.0421016e-05,0.0,s_ma,c_ma,c_ms,interleaved
4,0.9267817,1.0,s_ms,c_ms,c_ms,interleaved
4,0.8987474,1.0,s_ms,c_ms,c_ma,interleaved
4,0.90487576,1.0,s_ms,c_ms,c_ms,interleaved
4,0.8637525,1.0,s_ms,c_ms,c_ma,interleaved
4,0.9402205,1.0,s_ms,c_ms,c_ma,interleaved
4,0.00017021297,0.0,s_ma,c_ms,c_ma,interleaved
4,1.7674849e-05,0.0,s_ma,c_ms,c_ms,interleaved
4,5.8392317e-05,0.0,s_ma,c_ms,c_ms,interleaved
4,2.7958227e-05,0.0,s_ma,c_ms,c_ma,interleaved
4,0.0011601284,0.0,s_ma,c_ms,c_ms,interleaved
4,0.9663199,1.0,s_ms,c_ma,c_ms,interleaved
4,0.96551573,1.0,s_ms,c_ma,c_ma,interleaved
4,0.6121777,1.0,s_ms,c_ma,c_ma,interleaved
4,0.8520273,1.0,s_ms,c_ma,c_ms,interleaved
4,0.95103663,1.0,s_ms,c_ma,c_ms,interleaved
4,0.00023913675,0.0,s_ma,c_ma,c_ma,interleaved
4,3.133784e-05,0.0,s_ma,c_ma,c_ms,interleaved
4,0.0003316557,0.0,s_ma,c_ma,c_ms,interleaved
4,0.0003237045,0.0,s_ma,c_ma,c_ma,interleaved
4,0.8720262,1.0,s_ms,c_ms,c_ma,interleaved
4,0.9095262,1.0,s_ms,c_ms,c_ms,interleaved
4,0.883632,1.0,s_ms,c_ms,c_ma,interleaved
4,0.7936044,1.0,s_ms,c_ms,c_ms,interleaved
4,0.8407208,1.0,s_ms,c_ms,c_ms,interleaved
4,0.00022655571,0.0,s_ma,c_ms,c_ms,interleaved
4,4.5328645e-05,0.0,s_ma,c_ms,c_ma,interleaved
4,5.2291405e-05,0.0,s_ma,c_ms,c_ma,interleaved
4,8.050662e-05,0.0,s_ma,c_ms,c_ms,interleaved
4,0.000466226,0.0,s_ma,c_ms,c_ma,interleaved
4,0.9680531,1.0,s_ms,c_ma,c_ma,interleaved
4,0.9423685,1.0,s_ms,c_ma,c_ms,interleaved
4,0.58049434,1.0,s_ms,c_ma,c_ms,interleaved
4,0.90176576,1.0,s_ms,c_ma,c_ma,interleaved
4,0.91501975,1.0,s_ms,c_ma,c_ma,interleaved
4,0.00011952336,0.0,s_ma,c_ma,c_ms,interleaved
4,5.1862466e-05,0.0,s_ma,c_ma,c_ma,interleaved
4,0.00036922816,0.0,s_ma,c_ma,c_ms,interleaved
4,1.3753467e-05,0.0,s_ma,c_ma,c_ms,interleaved
4,0.90983874,1.0,s_ms,c_ms,c_ms,interleaved
4,0.84756815,1.0,s_ms,c_ms,c_ma,interleaved
4,0.8957252,1.0,s_ms,c_ms,c_ms,interleaved
4,0.8621882,1.0,s_ms,c_ms,c_ma,interleaved
4,0.87688774,1.0,s_ms,c_ms,c_ma,interleaved
4,2.7120985e-05,0.0,s_ma,c_ms,c_ma,interleaved
4,1.6236223e-05,0.0,s_ma,c_ms,c_ms,interleaved
4,9.9954894e-05,0.0,s_ma,c_ms,c_ms,interleaved
4,1.932839e-05,0.0,s_ma,c_ms,c_ma,interleaved
4,0.0005628293,0.0,s_ma,c_ms,c_ms,interleaved
4,0.9580622,1.0,s_ms,c_ma,c_ms,interleaved
4,0.95589805,1.0,s_ms,c_ma,c_ma,interleaved
4,0.55511355,1.0,s_ms,c_ma,c_ma,interleaved
4,0.83272827,1.0,s_ms,c_ma,c_ms,interleaved
4,0.9084186,1.0,s_ms,c_ma,c_ms,interleaved
4,0.00039542,0.0,s_ma,c_ma,c_ma,interleaved
4,1.9294803e-05,0.0,s_ma,c_ma,c_ms,interleaved
4,0.00026042154,0.0,s_ma,c_ma,c_ma,interleaved
4,1.351644e-05,0.0,s_ma,c_ma,c_ms,interleaved
4,4.774529e-05,0.0,s_ma,c_ma,c_ms,random
4,0.00015197067,0.0,s_ma,c_ma,c_ma,random
4,9.095562e-06,0.0,s_ma,c_ma,c_ms,random
4,2.8147351e-05,0.0,s_ma,c_ma,c_ms,random
4,0.3753902,0.0,s_ms,c_ma,c_ms,random
4,0.3000037,0.0,s_ms,c_ma,c_ma,random
4,0.31765446,0.0,s_ms,c_ma,c_ma,random
4,0.39185965,0.0,s_ms,c_ma,c_ms,random
4,0.3325314,0.0,s_ms,c_ma,c_ma,random
4,5.980054e-06,0.0,s_ma,c_ms,c_ma,random
4,3.4536795e-05,0.0,s_ma,c_ms,c_ms,random
4,1.6203092e-05,0.0,s_ma,c_ms,c_ms,random
4,3.9262348e-05,0.0,s_ma,c_ms,c_ma,random
4,1.0304746e-05,0.0,s_ma,c_ms,c_ma,random
4,0.029440708,0.0,s_ms,c_ms,c_ms,random
4,0.08748542,0.0,s_ms,c_ms,c_ma,random
4,0.048616033,0.0,s_ms,c_ms,c_ms,random
4,0.09420032,0.0,s_ms,c_ms,c_ma,random
4,0.05557988,0.0,s_ms,c_ms,c_ms,random
4,5.162007e-05,0.0,s_ma,c_ma,c_ms,random
4,1.8666098e-05,0.0,s_ma,c_ma,c_ms,random
4,3.2308806e-05,0.0,s_ma,c_ma,c_ma,random
4,2.1375316e-05,0.0,s_ma,c_ma,c_ma,random
4,0.34118128,0.0,s_ms,c_ma,c_ma,random
4,0.38268805,0.0,s_ms,c_ma,c_ms,random
4,0.47766492,0.0,s_ms,c_ma,c_ms,random
4,0.2826139,0.0,s_ms,c_ma,c_ma,random
4,0.4134502,0.0,s_ms,c_ma,c_ms,random
4,3.0807817e-06,0.0,s_ma,c_ms,c_ms,random
4,1.9554283e-05,0.0,s_ma,c_ms,c_ma,random
4,8.5175407e-07,0.0,s_ma,c_ms,c_ma,random
4,3.6771964e-06,0.0,s_ma,c_ms,c_ms,random
4,4.4100675e-06,0.0,s_ma,c_ms,c_ms,random
4,0.07161705,0.0,s_ms,c_ms,c_ma,random
4,0.088875555,0.0,s_ms,c_ms,c_ms,random
4,0.078481704,0.0,s_ms,c_ms,c_ma,random
4,0.062360987,0.0,s_ms,c_ms,c_ms,random
4,0.11745564,0.0,s_ms,c_ms,c_ma,random
4,0.00016255822,0.0,s_ma,c_ma,c_ma,random
4,1.9083005e-05,0.0,s_ma,c_ma,c_ms,random
4,1.7034046e-05,0.0,s_ma,c_ma,c_ms,random
4,7.566711e-05,0.0,s_ma,c_ma,c_ms,random
4,0.36586067,0.0,s_ms,c_ma,c_ms,random
4,0.353654,0.0,s_ms,c_ma,c_ma,random
4,0.36151454,0.0,s_ms,c_ma,c_ma,random
4,0.37024078,0.0,s_ms,c_ma,c_ms,random
4,0.34896594,0.0,s_ms,c_ma,c_ma,random
4,7.1090985e-06,0.0,s_ma,c_ms,c_ma,random
4,7.986374e-05,0.0,s_ma,c_ms,c_ms,random
4,1.16099345e-05,0.0,s_ma,c_ms,c_ms,random
4,1.5389196e-05,0.0,s_ma,c_ms,c_ma,random
4,2.3496234e-05,0.0,s_ma,c_ms,c_ma,random
4,0.105639525,0.0,s_ms,c_ms,c_ms,random
4,0.1463674,0.0,s_ms,c_ms,c_ma,random
4,0.06850488,0.0,s_ms,c_ms,c_ms,random
4,0.08331621,0.0,s_ms,c_ms,c_ma,random
4,0.07568095,0.0,s_ms,c_ms,c_ms,random
4,8.49168e-06,0.0,s_ma,c_ma,c_ms,random
4,3.1429157e-05,0.0,s_ma,c_ma,c_ma,random
4,1.4303223e-05,0.0,s_ma,c_ma,c_ms,random
4,1.2121723e-05,0.0,s_ma,c_ma,c_ma,random
4,0.43081784,0.0,s_ms,c_ma,c_ma,random
4,0.41250068,0.0,s_ms,c_ma,c_ms,random
4,0.44348115,0.0,s_ms,c_ma,c_ms,random
4,0.41506594,0.0,s_ms,c_ma,c_ma,random
4,0.4134175,0.0,s_ms,c_ma,c_ms,random
4,4.1573076e-06,0.0,s_ma,c_ms,c_ms,random
4,3.2071715e-05,0.0,s_ma,c_ms,c_ma,random
4,2.8364916e-06,0.0,s_ma,c_ms,c_ma,random
4,1.1379685e-05,0.0,s_ma,c_ms,c_ms,random
4,2.4762694e-06,0.0,s_ma,c_ms,c_ms,random
4,0.08780209,0.0,s_ms,c_ms,c_ma,random
4,0.10634056,0.0,s_ms,c_ms,c_ms,random
4,0.09343746,0.0,s_ms,c_ms,c_ma,random
4,0.14854132,0.0,s_ms,c_ms,c_ms,random
4,0.09474643,0.0,s_ms,c_ms,c_ma,random
4,2.787639e-05,0.0,s_ma,c_ma,c_ms,random
4,1.8151972e-05,0.0,s_ma,c_ma,c_ma,random
4,6.854389e-05,0.0,s_ma,c_ma,c_ms,random
4,1.2422885e-05,0.0,s_ma,c_ma,c_ma,random
4,0.31812012,0.0,s_ms,c_ma,c_ma,random
4,0.36859006,0.0,s_ms,c_ma,c_ms,random
4,0.32374904,0.0,s_ms,c_ma,c_ms,random
4,0.35706556,0.0,s_ms,c_ma,c_ma,random
4,0.41709366,0.0,s_ms,c_ma,c_ms,random
4,3.190074e-06,0.0,s_ma,c_ms,c_ms,random
4,2.7379596e-05,0.0,s_ma,c_ms,c_ma,random
4,4.5910356e-06,0.0,s_ma,c_ms,c_ma,random
4,1.3062288e-05,0.0,s_ma,c_ms,c_ms,random
4,1.8115914e-05,0.0,s_ma,c_ms,c_ms,random
4,0.07040514,0.0,s_ms,c_ms,c_ma,random
4,0.09910175,0.0,s_ms,c_ms,c_ms,random
4,0.040147282,0.0,s_ms,c_ms,c_ma,random
4,0.10828648,0.0,s_ms,c_ms,c_ms,random
4,0.078370854,0.0,s_ms,c_ms,c_ma,random
4,0.573781,1.0,s_ms,c_ma,c_ms,random
4,0.6187577,1.0,s_ms,c_ma,c_ma,random
4,0.59124434,1.0,s_ms,c_ma,c_ms,random
4,0.5121682,1.0,s_ms,c_ma,c_ma,random
4,0.6047188,1.0,s_ms,c_ma,c_ma,random
4,0.0006310035,0.0,s_ma,c_ma,c_ms,random
4,0.000988185,0.0,s_ma,c_ma,c_ms,random
4,0.0029732157,0.0,s_ma,c_ma,c_ma,random
4,0.0010385601,0.0,s_ma,c_ma,c_ms,random
4,0.559516,1.0,s_ms,c_ms,c_ms,random
4,0.67339945,1.0,s_ms,c_ms,c_ma,random
4,0.58838415,1.0,s_ms,c_ms,c_ma,random
4,0.5904466,1.0,s_ms,c_ms,c_ms,random
4,0.55452096,1.0,s_ms,c_ms,c_ms,random
4,4.6195262e-05,0.0,s_ma,c_ms,c_ma,random
4,5.2583153e-05,0.0,s_ma,c_ms,c_ms,random
4,0.0001792209,0.0,s_ma,c_ms,c_ma,random
4,0.0002648166,0.0,s_ma,c_ms,c_ms,random
4,2.6353971e-05,0.0,s_ma,c_ms,c_ma,random
4,0.64573824,1.0,s_ms,c_ma,c_ma,random
4,0.56597036,1.0,s_ms,c_ma,c_ms,random
4,0.6032214,1.0,s_ms,c_ma,c_ma,random
4,0.5380237,1.0,s_ms,c_ma,c_ms,random
4,0.5667402,1.0,s_ms,c_ma,c_ms,random
4,0.0005966482,0.0,s_ma,c_ma,c_ms,random
4,0.0019851357,0.0,s_ma,c_ma,c_ma,random
4,0.0012777151,0.0,s_ma,c_ma,c_ms,random
4,0.008485146,0.0,s_ma,c_ma,c_ma,random
4,0.61661994,1.0,s_ms,c_ms,c_ma,random
4,0.666652,1.0,s_ms,c_ms,c_ms,random
4,0.57491183,1.0,s_ms,c_ms,c_ms,random
4,0.5921574,1.0,s_ms,c_ms,c_ma,random
4,0.66059774,1.0,s_ms,c_ms,c_ma,random
4,3.6904727e-05,0.0,s_ma,c_ms,c_ms,random
4,1.5734455e-05,0.0,s_ma,c_ms,c_ma,random
4,1.9385958e-05,0.0,s_ma,c_ms,c_ms,random
4,4.4359113e-05,0.0,s_ma,c_ms,c_ma,random
4,1.553851e-05,0.0,s_ma,c_ms,c_ms,random
4,0.6246446,1.0,s_ms,c_ma,c_ma,random
4,0.46186578,0.0,s_ms,c_ma,c_ms,random
4,0.5973636,1.0,s_ms,c_ma,c_ma,random
4,0.50552773,1.0,s_ms,c_ma,c_ms,random
4,0.611902,1.0,s_ms,c_ma,c_ms,random
4,0.0010448266,0.0,s_ma,c_ma,c_ms,random
4,0.0021029536,0.0,s_ma,c_ma,c_ma,random
4,0.0007074342,0.0,s_ma,c_ma,c_ms,random
4,0.0025320132,0.0,s_ma,c_ma,c_ma,random
4,0.6782021,1.0,s_ms,c_ms,c_ma,random
4,0.78207517,1.0,s_ms,c_ms,c_ms,random
4,0.6777327,1.0,s_ms,c_ms,c_ms,random
4,0.69911337,1.0,s_ms,c_ms,c_ma,random
4,0.5966605,1.0,s_ms,c_ms,c_ma,random
4,4.810764e-05,0.0,s_ma,c_ms,c_ms,random
4,0.0002093968,0.0,s_ma,c_ms,c_ma,random
4,6.311687e-05,0.0,s_ma,c_ms,c_ms,random
4,6.1004906e-05,0.0,s_ma,c_ms,c_ma,random
4,0.00011249597,0.0,s_ma,c_ms,c_ms,random
4,0.5611618,1.0,s_ms,c_ma,c_ms,random
4,0.6553706,1.0,s_ms,c_ma,c_ma,random
4,0.5782764,1.0,s_ms,c_ma,c_ms,random
4,0.52968407,1.0,s_ms,c_ma,c_ma,random
4,0.58766764,1.0,s_ms,c_ma,c_ma,random
4,0.0032506108,0.0,s_ma,c_ma,c_ma,random
4,0.0013951816,0.0,s_ma,c_ma,c_ms,random
4,0.0006423514,0.0,s_ma,c_ma,c_ms,random
4,0.0017614855,0.0,s_ma,c_ma,c_ms,random
4,0.54061264,1.0,s_ms,c_ms,c_ms,random
4,0.64566714,1.0,s_ms,c_ms,c_ma,random
4,0.5522517,1.0,s_ms,c_ms,c_ma,random
4,0.65582734,1.0,s_ms,c_ms,c_ms,random
4,0.46196702,0.0,s_ms,c_ms,c_ms,random
4,4.3606447e-05,0.0,s_ma,c_ms,c_ma,random
4,2.2994884e-05,0.0,s_ma,c_ms,c_ms,random
4,2.733132e-05,0.0,s_ma,c_ms,c_ma,random
4,9.235551e-05,0.0,s_ma,c_ms,c_ms,random
4,1.9855055e-05,0.0,s_ma,c_ms,c_ma,random
4,0.6074149,1.0,s_ms,c_ma,c_ma,random
4,0.53229743,1.0,s_ms,c_ma,c_ms,random
4,0.5926727,1.0,s_ms,c_ma,c_ma,random
4,0.5431484,1.0,s_ms,c_ma,c_ms,random
4,0.5368826,1.0,s_ms,c_ma,c_ms,random
4,0.001219874,0.0,s_ma,c_ma,c_ms,random
4,0.009358301,0.0,s_ma,c_ma,c_ma,random
4,0.0025697018,0.0,s_ma,c_ma,c_ma,random
4,0.0017160906,0.0,s_ma,c_ma,c_ms,random
4,0.6974466,1.0,s_ms,c_ms,c_ma,random
4,0.46933943,0.0,s_ms,c_ms,c_ms,random
4,0.6013261,1.0,s_ms,c_ms,c_ms,random
4,0.7190547,1.0,s_ms,c_ms,c_ma,random
4,0.49144548,0.0,s_ms,c_ms,c_ma,random
4,0.00071140163,0.0,s_ma,c_ms,c_ms,random
4,0.00045609137,0.0,s_ma,c_ms,c_ma,random
4,0.0014296904,0.0,s_ma,c_ms,c_ms,random
4,0.00057151576,0.0,s_ma,c_ms,c_ma,random
4,0.00063524203,0.0,s_ma,c_ms,c_ms,random
4,5.7260922e-06,0.0,s_ma,c_ms,c_ma,random
4,2.7626636e-06,0.0,s_ma,c_ms,c_ms,random
4,6.5522077e-06,0.0,s_ma,c_ms,c_ma,random
4,4.3600608e-06,0.0,s_ma,c_ms,c_ms,random
4,3.3563306e-06,0.0,s_ma,c_ms,c_ms,random
4,0.3301259,0.0,s_ms,c_ms,c_ms,random
4,0.29502755,0.0,s_ms,c_ms,c_ma,random
4,0.24606764,0.0,s_ms,c_ms,c_ma,random
4,0.3824485,0.0,s_ms,c_ms,c_ms,random
4,0.23813392,0.0,s_ms,c_ms,c_ma,random
4,7.6136944e-06,0.0,s_ma,c_ma,c_ms,random
4,2.0509293e-05,0.0,s_ma,c_ma,c_ms,random
4,1.04355e-05,0.0,s_ma,c_ma,c_ma,random
4,2.829953e-06,0.0,s_ma,c_ma,c_ma,random
4,0.02880584,0.0,s_ms,c_ma,c_ms,random
4,0.03813652,0.0,s_ms,c_ma,c_ma,random
4,0.024045411,0.0,s_ms,c_ma,c_ms,random
4,0.021246623,0.0,s_ms,c_ma,c_ma,random
4,0.027957413,0.0,s_ms,c_ma,c_ms,random
4,3.4936093e-05,0.0,s_ma,c_ms,c_ms,random
4,2.1807544e-05,0.0,s_ma,c_ms,c_ma,random
4,7.354398e-05,0.0,s_ma,c_ms,c_ms,random
4,3.458149e-05,0.0,s_ma,c_ms,c_ma,random
4,2.4091754e-05,0.0,s_ma,c_ms,c_ma,random
4,0.2657426,0.0,s_ms,c_ms,c_ma,random
4,0.29375246,0.0,s_ms,c_ms,c_ms,random
4,0.16740245,0.0,s_ms,c_ms,c_ms,random
4,0.2714573,0.0,s_ms,c_ms,c_ma,random
4,0.43655103,0.0,s_ms,c_ms,c_ms,random
4,8.013274e-06,0.0,s_ma,c_ma,c_ms,random
4,0.00013232396,0.0,s_ma,c_ma,c_ma,random
4,1.8498858e-05,0.0,s_ma,c_ma,c_ms,random
4,9.281966e-06,0.0,s_ma,c_ma,c_ms,random
4,0.020986103,0.0,s_ms,c_ma,c_ma,random
4,0.05305683,0.0,s_ms,c_ma,c_ms,random
4,0.021729704,0.0,s_ms,c_ma,c_ma,random
4,0.033209845,0.0,s_ms,c_ma,c_ms,random
4,0.027859772,0.0,s_ms,c_ma,c_ma,random
4,1.9951782e-05,0.0,s_ma,c_ms,c_ms,random
4,9.112086e-07,0.0,s_ma,c_ms,c_ma,random
4,1.11904255e-05,0.0,s_ma,c_ms,c_ms,random
4,3.0742117e-06,0.0,s_ma,c_ms,c_ma,random
4,4.135806e-06,0.0,s_ma,c_ms,c_ma,random
4,0.32740656,0.0,s_ms,c_ms,c_ma,random
4,0.34727818,0.0,s_ms,c_ms,c_ms,random
4,0.26152685,0.0,s_ms,c_ms,c_ms,random
4,0.37966663,0.0,s_ms,c_ms,c_ma,random
4,0.2842477,0.0,s_ms,c_ms,c_ms,random
4,2.4038887e-05,0.0,s_ma,c_ma,c_ms,random
4,0.00014245522,0.0,s_ma,c_ma,c_ma,random
4,0.00013361577,0.0,s_ma,c_ma,c_ms,random
4,1.8733444e-05,0.0,s_ma,c_ma,c_ms,random
4,0.21766677,0.0,s_ms,c_ma,c_ma,random
4,0.77296555,1.0,s_ms,c_ma,c_ms,random
4,0.32879353,0.0,s_ms,c_ma,c_ma,random
4,0.32386112,0.0,s_ms,c_ma,c_ms,random
4,0.3567723,0.0,s_ms,c_ma,c_ma,random
4,4.053451e-05,0.0,s_ma,c_ms,c_ma,random
4,4.033108e-06,0.0,s_ma,c_ms,c_ms,random
4,1.3829859e-05,0.0,s_ma,c_ms,c_ma,random
4,1.1900182e-05,0.0,s_ma,c_ms,c_ms,random
4,1.33936865e-05,0.0,s_ma,c_ms,c_ms,random
4,0.30210426,0.0,s_ms,c_ms,c_ms,random
4,0.29755104,0.0,s_ms,c_ms,c_ma,random
4,0.21280715,0.0,s_ms,c_ms,c_ma,random
4,0.2570076,0.0,s_ms,c_ms,c_ms,random
4,0.20497417,0.0,s_ms,c_ms,c_ma,random
4,1.0506383e-05,0.0,s_ma,c_ma,c_ma,random
4,1.869492e-05,0.0,s_ma,c_ma,c_ms,random
4,0.00012812749,0.0,s_ma,c_ma,c_ms,random
4,1.1044792e-05,0.0,s_ma,c_ma,c_ma,random
4,0.04094531,0.0,s_ms,c_ma,c_ms,random
4,0.0622411,0.0,s_ms,c_ma,c_ma,random
4,0.09604359,0.0,s_ms,c_ma,c_ms,random
4,0.058343135,0.0,s_ms,c_ma,c_ma,random
4,0.10428182,0.0,s_ms,c_ma,c_ms,random
4,1.0449472e-05,0.0,s_ma,c_ms,c_ma,random
4,4.0265095e-06,0.0,s_ma,c_ms,c_ms,random
4,2.048676e-05,0.0,s_ma,c_ms,c_ma,random
4,2.5388886e-06,0.0,s_ma,c_ms,c_ms,random
4,1.6801947e-05,0.0,s_ma,c_ms,c_ms,random
4,0.3162938,0.0,s_ms,c_ms,c_ms,random
4,0.25413072,0.0,s_ms,c_ms,c_ma,random
4,0.31754896,0.0,s_ms,c_ms,c_ma,random
4,0.44366887,0.0,s_ms,c_ms,c_ms,random
4,0.41918272,0.0,s_ms,c_ms,c_ma,random
4,2.714923e-06,0.0,s_ma,c_ma,c_ma,random
4,8.529096e-06,0.0,s_ma,c_ma,c_ms,random
4,1.6521504e-05,0.0,s_ma,c_ma,c_ms,random
4,1.0511254e-05,0.0,s_ma,c_ma,c_ma,random
4,0.097817205,0.0,s_ms,c_ma,c_ms,random
4,0.051286116,0.0,s_ms,c_ma,c_ma,random
4,0.033508934,0.0,s_ms,c_ma,c_ms,random
4,0.053815156,0.0,s_ms,c_ma,c_ma,random
4,0.048932415,0.0,s_ms,c_ma,c_ms,random
4,0.9516021,1.0,s_ms,c_ms,c_ms,random
4,0.88401365,1.0,s_ms,c_ms,c_ma,random
4,0.8409985,1.0,s_ms,c_ms,c_ms,random
4,0.85892737,1.0,s_ms,c_ms,c_ma,random
4,0.8962075,1.0,s_ms,c_ms,c_ma,random
4,3.4949633e-05,0.0,s_ma,c_ms,c_ma,random
4,3.1385658e-05,0.0,s_ma,c_ms,c_ms,random
4,3.9775063e-05,0.0,s_ma,c_ms,c_ms,random
4,4.0382376e-05,0.0,s_ma,c_ms,c_ma,random
4,0.0005972168,0.0,s_ma,c_ms,c_ms,random
4,0.9566085,1.0,s_ms,c_ma,c_ms,random
4,0.9675617,1.0,s_ms,c_ma,c_ma,random
4,0.7195794,1.0,s_ms,c_ma,c_ma,random
4,0.93326294,1.0,s_ms,c_ma,c_ms,random
4,0.8318114,1.0,s_ms,c_ma,c_ms,random
4,4.604847e-05,0.0,s_ma,c_ma,c_ms,random
4,0.00019522978,0.0,s_ma,c_ma,c_ma,random
4,0.00011837707,0.0,s_ma,c_ma,c_ms,random
4,0.00040186723,0.0,s_ma,c_ma,c_ma,random
4,0.86108905,1.0,s_ms,c_ms,c_ma,random
4,0.8728663,1.0,s_ms,c_ms,c_ms,random
4,0.80670977,1.0,s_ms,c_ms,c_ma,random
4,0.84158754,1.0,s_ms,c_ms,c_ms,random
4,0.84673566,1.0,s_ms,c_ms,c_ms,random
4,5.05701e-05,0.0,s_ma,c_ms,c_ms,random
4,1.5041187e-05,0.0,s_ma,c_ms,c_ma,random
4,0.0002027914,0.0,s_ma,c_ms,c_ma,random
4,2.2418257e-05,0.0,s_ma,c_ms,c_ms,random
4,0.00035869182,0.0,s_ma,c_ms,c_ma,random
4,0.9285135,1.0,s_ms,c_ma,c_ma,random
4,0.89723146,1.0,s_ms,c_ma,c_ms,random
4,0.15049438,0.0,s_ms,c_ma,c_ms,random
4,0.894287,1.0,s_ms,c_ma,c_ma,random
4,0.9101689,1.0,s_ms,c_ma,c_ma,random
4,4.3780117e-05,0.0,s_ma,c_ma,c_ms,random
4,3.1755546e-05,0.0,s_ma,c_ma,c_ms,random
4,4.8866037e-05,0.0,s_ma,c_ma,c_ma,random
4,2.0421016e-05,0.0,s_ma,c_ma,c_ms,random
4,0.9267817,1.0,s_ms,c_ms,c_ms,random
4,0.8987474,1.0,s_ms,c_ms,c_ma,random
4,0.90487576,1.0,s_ms,c_ms,c_ms,random
4,0.8637525,1.0,s_ms,c_ms,c_ma,random
4,0.9402205,1.0,s_ms,c_ms,c_ma,random
4,0.00017021297,0.0,s_ma,c_ms,c_ma,random
4,1.7674849e-05,0.0,s_ma,c_ms,c_ms,random
4,5.8392317e-05,0.0,s_ma,c_ms,c_ms,random
4,2.7958227e-05,0.0,s_ma,c_ms,c_ma,random
4,0.0011601284,0.0,s_ma,c_ms,c_ms,random
4,0.9663199,1.0,s_ms,c_ma,c_ms,random
4,0.96551573,1.0,s_ms,c_ma,c_ma,random
4,0.6121777,1.0,s_ms,c_ma,c_ma,random
4,0.8520273,1.0,s_ms,c_ma,c_ms,random
4,0.95103663,1.0,s_ms,c_ma,c_ms,random
4,0.00023913675,0.0,s_ma,c_ma,c_ma,random
4,3.133784e-05,0.0,s_ma,c_ma,c_ms,random
4,0.0003316557,0.0,s_ma,c_ma,c_ms,random
4,0.0003237045,0.0,s_ma,c_ma,c_ma,random
4,0.8720262,1.0,s_ms,c_ms,c_ma,random
4,0.9095262,1.0,s_ms,c_ms,c_ms,random
4,0.883632,1.0,s_ms,c_ms,c_ma,random
4,0.7936044,1.0,s_ms,c_ms,c_ms,random
4,0.8407208,1.0,s_ms,c_ms,c_ms,random
4,0.00022655571,0.0,s_ma,c_ms,c_ms,random
4,4.5328645e-05,0.0,s_ma,c_ms,c_ma,random
4,5.2291405e-05,0.0,s_ma,c_ms,c_ma,random
4,8.050662e-05,0.0,s_ma,c_ms,c_ms,random
4,0.000466226,0.0,s_ma,c_ms,c_ma,random
4,0.9680531,1.0,s_ms,c_ma,c_ma,random
4,0.9423685,1.0,s_ms,c_ma,c_ms,random
4,0.58049434,1.0,s_ms,c_ma,c_ms,random
4,0.90176576,1.0,s_ms,c_ma,c_ma,random
4,0.91501975,1.0,s_ms,c_ma,c_ma,random
4,0.00011952336,0.0,s_ma,c_ma,c_ms,random
4,5.1862466e-05,0.0,s_ma,c_ma,c_ma,random
4,0.00036922816,0.0,s_ma,c_ma,c_ms,random
4,1.3753467e-05,0.0,s_ma,c_ma,c_ms,random
4,0.90983874,1.0,s_ms,c_ms,c_ms,random
4,0.84756815,1.0,s_ms,c_ms,c_ma,random
4,0.8957252,1.0,s_ms,c_ms,c_ms,random
4,0.8621882,1.0,s_ms,c_ms,c_ma,random
4,0.87688774,1.0,s_ms,c_ms,c_ma,random
4,2.7120985e-05,0.0,s_ma,c_ms,c_ma,random
4,1.6236223e-05,0.0,s_ma,c_ms,c_ms,random
4,9.9954894e-05,0.0,s_ma,c_ms,c_ms,random
4,1.932839e-05,0.0,s_ma,c_ms,c_ma,random
4,0.0005628293,0.0,s_ma,c_ms,c_ms,random
4,0.9580622,1.0,s_ms,c_ma,c_ms,random
4,0.95589805,1.0,s_ms,c_ma,c_ma,random
4,0.55511355,1.0,s_ms,c_ma,c_ma,random
4,0.83272827,1.0,s_ms,c_ma,c_ms,random
4,0.9084186,1.0,s_ms,c_ma,c_ms,random
4,0.00039542,0.0,s_ma,c_ma,c_ma,random
4,1.9294803e-05,0.0,s_ma,c_ma,c_ms,random
4,0.00026042154,0.0,s_ma,c_ma,c_ma,random
4,1.351644e-05,0.0,s_ma,c_ma,c_ms,random
5,0.00027692725,0.0,s_ma,c_ma,c_ms,blocked
5,0.00024480303,0.0,s_ma,c_ma,c_ma,blocked
5,7.876554e-05,0.0,s_ma,c_ma,c_ms,blocked
5,0.0006048619,0.0,s_ma,c_ma,c_ms,blocked
5,0.47998095,0.0,s_ms,c_ma,c_ms,blocked
5,0.50353044,1.0,s_ms,c_ma,c_ma,blocked
5,0.460538,0.0,s_ms,c_ma,c_ma,blocked
5,0.5474911,1.0,s_ms,c_ma,c_ms,blocked
5,0.6456827,1.0,s_ms,c_ma,c_ma,blocked
5,0.00026334857,0.0,s_ma,c_ms,c_ma,blocked
5,0.0010644477,0.0,s_ma,c_ms,c_ms,blocked
5,0.00021658983,0.0,s_ma,c_ms,c_ms,blocked
5,0.0004841779,0.0,s_ma,c_ms,c_ma,blocked
5,0.00017109909,0.0,s_ma,c_ms,c_ma,blocked
5,0.4110162,0.0,s_ms,c_ms,c_ms,blocked
5,0.348653,0.0,s_ms,c_ms,c_ma,blocked
5,0.2626257,0.0,s_ms,c_ms,c_ms,blocked
5,0.11770889,0.0,s_ms,c_ms,c_ma,blocked
5,0.5071957,1.0,s_ms,c_ms,c_ms,blocked
5,0.00026974568,0.0,s_ma,c_ma,c_ms,blocked
5,0.00029487722,0.0,s_ma,c_ma,c_ms,blocked
5,0.00016019997,0.0,s_ma,c_ma,c_ma,blocked
5,0.0006226853,0.0,s_ma,c_ma,c_ma,blocked
5,0.5536542,1.0,s_ms,c_ma,c_ma,blocked
5,0.49104667,0.0,s_ms,c_ma,c_ms,blocked
5,0.482192,0.0,s_ms,c_ma,c_ms,blocked
5,0.37985665,0.0,s_ms,c_ma,c_ma,blocked
5,0.7064308,1.0,s_ms,c_ma,c_ms,blocked
5,0.00027765066,0.0,s_ma,c_ms,c_ms,blocked
5,0.0010133542,0.0,s_ma,c_ms,c_ma,blocked
5,0.000655684,0.0,s_ma,c_ms,c_ma,blocked
5,0.00010582817,0.0,s_ma,c_ms,c_ms,blocked
5,4.7278932e-05,0.0,s_ma,c_ms,c_ms,blocked
5,0.19284546,0.0,s_ms,c_ms,c_ma,blocked
5,0.27879223,0.0,s_ms,c_ms,c_ms,blocked
5,0.20836756,0.0,s_ms,c_ms,c_ma,blocked
5,0.13303271,0.0,s_ms,c_ms,c_ms,blocked
5,0.37791497,0.0,s_ms,c_ms,c_ma,blocked
5,0.00026447355,0.0,s_ma,c_ma,c_ma,blocked
5,0.00033885209,0.0,s_ma,c_ma,c_ms,blocked
5,0.00016653568,0.0,s_ma,c_ma,c_ms,blocked
5,0.00035647274,0.0,s_ma,c_ma,c_ms,blocked
5,0.4823444,0.0,s_ms,c_ma,c_ms,blocked
5,0.53089976,1.0,s_ms,c_ma,c_ma,blocked
5,0.36074606,0.0,s_ms,c_ma,c_ma,blocked
5,0.40958026,0.0,s_ms,c_ma,c_ms,blocked
5,0.46143043,0.0,s_ms,c_ma,c_ma,blocked
5,0.003356089,0.0,s_ma,c_ms,c_ma,blocked
5,0.00019529276,0.0,s_ma,c_ms,c_ms,blocked
5,0.0009910765,0.0,s_ma,c_ms,c_ms,blocked
5,0.0021908218,0.0,s_ma,c_ms,c_ma,blocked
5,0.00051891076,0.0,s_ma,c_ms,c_ma,blocked
5,0.23314211,0.0,s_ms,c_ms,c_ms,blocked
5,0.1627826,0.0,s_ms,c_ms,c_ma,blocked
5,0.14181978,0.0,s_ms,c_ms,c_ms,blocked
5,0.105895355,0.0,s_ms,c_ms,c_ma,blocked
5,0.26054204,0.0,s_ms,c_ms,c_ms,blocked
5,8.213414e-05,0.0,s_ma,c_ma,c_ms,blocked
5,0.00016397983,0.0,s_ma,c_ma,c_ma,blocked
5,0.00015150494,0.0,s_ma,c_ma,c_ms,blocked
5,8.8208886e-05,0.0,s_ma,c_ma,c_ma,blocked
5,0.51548946,1.0,s_ms,c_ma,c_ma,blocked
5,0.4308442,0.0,s_ms,c_ma,c_ms,blocked
5,0.338022,0.0,s_ms,c_ma,c_ms,blocked
5,0.6111057,1.0,s_ms,c_ma,c_ma,blocked
5,0.66818714,1.0,s_ms,c_ma,c_ms,blocked
5,0.0014445002,0.0,s_ma,c_ms,c_ms,blocked
5,0.00042538586,0.0,s_ma,c_ms,c_ma,blocked
5,0.0007631156,0.0,s_ma,c_ms,c_ma,blocked
5,0.0003994021,0.0,s_ma,c_ms,c_ms,blocked
5,0.00034230374,0.0,s_ma,c_ms,c_ms,blocked
5,0.21592838,0.0,s_ms,c_ms,c_ma,blocked
5,0.3432045,0.0,s_ms,c_ms,c_ms,blocked
5,0.12412221,0.0,s_ms,c_ms,c_ma,blocked
5,0.14238428,0.0,s_ms,c_ms,c_ms,blocked
5,0.35117626,0.0,s_ms,c_ms,c_ma,blocked
5,0.0006255712,0.0,s_ma,c_ma,c_ms,blocked
5,0.0006530824,0.0,s_ma,c_ma,c_ma,blocked
5,0.00031990279,0.0,s_ma,c_ma,c_ms,blocked
5,9.4367206e-05,0.0,s_ma,c_ma,c_ma,blocked
5,0.49267244,0.0,s_ms,c_ma,c_ma,blocked
5,0.4871313,0.0,s_ms,c_ma,c_ms,blocked
5,0.39263946,0.0,s_ms,c_ma,c_ms,blocked
5,0.48477384,0.0,s_ms,c_ma,c_ma,blocked
5,0.57943577,1.0,s_ms,c_ma,c_ms,blocked
5,0.00031973846,0.0,s_ma,c_ms,c_ms,blocked
5,0.00081648474,0.0,s_ma,c_ms,c_ma,blocked
5,0.00035638624,0.0,s_ma,c_ms,c_ma,blocked
5,0.0010339876,0.0,s_ma,c_ms,c_ms,blocked
5,0.00013787024,0.0,s_ma,c_ms,c_ms,blocked
5,0.20329925,0.0,s_ms,c_ms,c_ma,blocked
5,0.25829083,0.0,s_ms,c_ms,c_ms,blocked
5,0.22225367,0.0,s_ms,c_ms,c_ma,blocked
5,0.12362931,0.0,s_ms,c_ms,c_ms,blocked
5,0.39502794,0.0,s_ms,c_ms,c_ma,blocked
5,0.4143745,0.0,s_ms,c_ma,c_ms,blocked
5,0.3278168,0.0,s_ms,c_ma,c_ma,blocked
5,0.43812364,0.0,s_ms,c_ma,c_ms,blocked
5,0.39438143,0.0,s_ms,c_ma,c_ma,blocked
5,0.4035319,0.0,s_ms,c_ma,c_ma,blocked
5,0.000570965,0.0,s_ma,c_ma,c_ms,blocked
5,6.645116e-05,0.0,s_ma,c_ma,c_ms,blocked
5,8.884647e-05,0.0,s_ma,c_ma,c_ma,blocked
5,8.8366935e-05,0.0,s_ma,c_ma,c_ms,blocked
5,0.23776898,0.0,s_ms,c_ms,c_ms,blocked
5,0.15103596,0.0,s_ms,c_ms,c_ma,blocked
5,0.06934232,0.0,s_ms,c_ms,c_ma,blocked
5,0.07385714,0.0,s_ms,c_ms,c_ms,blocked
5,0.21884212,0.0,s_ms,c_ms,c_ms,blocked
5,1.3387388e-05,0.0,s_ma,c_ms,c_ma,blocked
5,0.00022162744,0.0,s_ma,c_ms,c_ms,blocked
5,8.930946e-05,0.0,s_ma,c_ms,c_ma,blocked
5,0.00021981256,0.0,s_ma,c_ms,c_ms,blocked
5,1.3420643e-05,0.0,s_ma,c_ms,c_ma,blocked
5,0.40168938,0.0,s_ms,c_ma,c_ma,blocked
5,0.4167362,0.0,s_ms,c_ma,c_ms,blocked
5,0.36831564,0.0,s_ms,c_ma,c_ma,blocked
5,0.46769166,0.0,s_ms,c_ma,c_ms,blocked
5,0.42850694,0.0,s_ms,c_ma,c_ms,blocked
5,0.00059869414,0.0,s_ma,c_ma,c_ms,blocked
5,0.00022930442,0.0,s_ma,c_ma,c_ma,blocked
5,0.00023749388,0.0,s_ma,c_ma,c_ms,blocked
5,0.00017640552,0.0,s_ma,c_ma,c_ma,blocked
5,0.19164786,0.0,s_ms,c_ms,c_ma,blocked
5,0.19760598,0.0,s_ms,c_ms,c_ms,blocked
5,0.052234687,0.0,s_ms,c_ms,c_ms,blocked
5,0.13374333,0.0,s_ms,c_ms,c_ma,blocked
5,0.23946287,0.0,s_ms,c_ms,c_ma,blocked
5,2.2047429e-05,0.0,s_ma,c_ms,c_ms,blocked
5,2.5954734e-05,0.0,s_ma,c_ms,c_ma,blocked
5,8.601255e-05,0.0,s_ma,c_ms,c_ms,blocked
5,0.00050475565,0.0,s_ma,c_ms,c_ma,blocked
5,5.3122058e-06,0.0,s_ma,c_ms,c_ms,blocked
5,0.4421146,0.0,s_ms,c_ma,c_ma,blocked
5,0.42064512,0.0,s_ms,c_ma,c_ms,blocked
5,0.5476477,1.0,s_ms,c_ma,c_ma,blocked
5,0.55866134,1.0,s_ms,c_ma,c_ms,blocked
5,0.50297666,1.0,s_ms,c_ma,c_ms,blocked
5,7.172215e-05,0.0,s_ma,c_ma,c_ms,blocked
5,0.00019146646,0.0,s_ma,c_ma,c_ma,blocked
5,5.8141977e-05,0.0,s_ma,c_ma,c_ms,blocked
5,1.8797533e-05,0.0,s_ma,c_ma,c_ma,blocked
5,0.28113633,0.0,s_ms,c_ms,c_ma,blocked
5,0.21066551,0.0,s_ms,c_ms,c_ms,blocked
5,0.19894418,0.0,s_ms,c_ms,c_ms,blocked
5,0.25429738,0.0,s_ms,c_ms,c_ma,blocked
5,0.5408879,1.0,s_ms,c_ms,c_ma,blocked
5,9.854572e-05,0.0,s_ma,c_ms,c_ms,blocked
5,0.00021922388,0.0,s_ma,c_ms,c_ma,blocked
5,0.0004614744,0.0,s_ma,c_ms,c_ms,blocked
5,0.00025077164,0.0,s_ma,c_ms,c_ma,blocked
5,0.00010660656,0.0,s_ma,c_ms,c_ms,blocked
5,0.32015923,0.0,s_ms,c_ma,c_ms,blocked
5,0.46599877,0.0,s_ms,c_ma,c_ma,blocked
5,0.4889574,0.0,s_ms,c_ma,c_ms,blocked
5,0.289721,0.0,s_ms,c_ma,c_ma,blocked
5,0.40238944,0.0,s_ms,c_ma,c_ma,blocked
5,7.612151e-05,0.0,s_ma,c_ma,c_ma,blocked
5,0.00018864925,0.0,s_ma,c_ma,c_ms,blocked
5,5.551789e-05,0.0,s_ma,c_ma,c_ms,blocked
5,3.8540726e-05,0.0,s_ma,c_ma,c_ms,blocked
5,0.066569015,0.0,s_ms,c_ms,c_ms,blocked
5,0.111170374,0.0,s_ms,c_ms,c_ma,blocked
5,0.08858325,0.0,s_ms,c_ms,c_ma,blocked
5,0.044175375,0.0,s_ms,c_ms,c_ms,blocked
5,0.25645575,0.0,s_ms,c_ms,c_ms,blocked
5,2.1535037e-05,0.0,s_ma,c_ms,c_ma,blocked
5,0.00013381109,0.0,s_ma,c_ms,c_ms,blocked
5,3.060959e-05,0.0,s_ma,c_ms,c_ma,blocked
5,0.0002613859,0.0,s_ma,c_ms,c_ms,blocked
5,3.196743e-05,0.0,s_ma,c_ms,c_ma,blocked
5,0.22675276,0.0,s_ms,c_ma,c_ma,blocked
5,0.17178643,0.0,s_ms,c_ma,c_ms,blocked
5,0.43699136,0.0,s_ms,c_ma,c_ma,blocked
5,0.23561057,0.0,s_ms,c_ma,c_ms,blocked
5,0.30908597,0.0,s_ms,c_ma,c_ms,blocked
5,8.978293e-05,0.0,s_ma,c_ma,c_ms,blocked
5,0.00013857536,0.0,s_ma,c_ma,c_ma,blocked
5,1.8445859e-05,0.0,s_ma,c_ma,c_ma,blocked
5,3.7765698e-05,0.0,s_ma,c_ma,c_ms,blocked
5,0.17528947,0.0,s_ms,c_ms,c_ma,blocked
5,0.19933143,0.0,s_ms,c_ms,c_ms,blocked
5,0.079225905,0.0,s_ms,c_ms,c_ms,blocked
5,0.0979919,0.0,s_ms,c_ms,c_ma,blocked
5,0.23389424,0.0,s_ms,c_ms,c_ma,blocked
5,4.317901e-05,0.0,s_ma,c_ms,c_ms,blocked
5,0.00014182358,0.0,s_ma,c_ms,c_ma,blocked
5,3.141497e-05,0.0,s_ma,c_ms,c_ms,blocked
5,8.360151e-05,0.0,s_ma,c_ms,c_ma,blocked
5,4.4329056e-05,0.0,s_ma,c_ms,c_ms,blocked
5,3.4723133e-05,0.0,s_ma,c_ms,c_ma,blocked
5,6.445131e-05,0.0,s_ma,c_ms,c_ms,blocked
5,0.0014772159,0.0,s_ma,c_ms,c_ma,blocked
5,0.0001812833,0.0,s_ma,c_ms,c_ms,blocked
5,0.00023799419,0.0,s_ma,c_ms,c_ms,blocked
5,0.056460783,0.0,s_ms,c_ms,c_ms,blocked
5,0.09365383,0.0,s_ms,c_ms,c_ma,blocked
5,0.13458577,0.0,s_ms,c_ms,c_ma,blocked
5,0.04092349,0.0,s_ms,c_ms,c_ms,blocked
5,0.06287852,0.0,s_ms,c_ms,c_ma,blocked
5,0.00023071781,0.0,s_ma,c_ma,c_ms,blocked
5,0.00010338063,0.0,s_ma,c_ma,c_ms,blocked
5,0.00030397117,0.0,s_ma,c_ma,c_ma,blocked
5,0.000580004,0.0,s_ma,c_ma,c_ma,blocked
5,0.35579413,0.0,s_ms,c_ma,c_ms,blocked
5,0.2655329,0.0,s_ms,c_ma,c_ma,blocked
5,0.4592105,0.0,s_ms,c_ma,c_ms,blocked
5,0.41501445,0.0,s_ms,c_ma,c_ma,blocked
5,0.3742262,0.0,s_ms,c_ma,c_ms,blocked
5,5.227595e-05,0.0,s_ma,c_ms,c_ms,blocked
5,1.771615e-05,0.0,s_ma,c_ms,c_ma,blocked
5,4.0242245e-05,0.0,s_ma,c_ms,c_ms,blocked
5,1.10086185e-05,0.0,s_ma,c_ms,c_ma,blocked
5,0.00014862062,0.0,s_ma,c_ms,c_ma,blocked
5,0.13856426,0.0,s_ms,c_ms,c_ma,blocked
5,0.0705463,0.0,s_ms,c_ms,c_ms,blocked
5,0.07632531,0.0,s_ms,c_ms,c_ms,blocked
5,0.037796207,0.0,s_ms,c_ms,c_ma,blocked
5,0.08259704,0.0,s_ms,c_ms,c_ms,blocked
5,0.00021172823,0.0,s_ma,c_ma,c_ms,blocked
5,2.8808212e-05,0.0,s_ma,c_ma,c_ma,blocked
5,0.00013762187,0.0,s_ma,c_ma,c_ms,blocked
5,1.0153107e-05,0.0,s_ma,c_ma,c_ms,blocked
5,0.3031807,0.0,s_ms,c_ma,c_ma,blocked
5,0.3712523,0.0,s_ms,c_ma,c_ms,blocked
5,0.4876436,0.0,s_ms,c_ma,c_ma,blocked
5,0.3767839,0.0,s_ms,c_ma,c_ms,blocked
5,0.32308653,0.0,s_ms,c_ma,c_ma,blocked
5,1.05812005e-05,0.0,s_ma,c_ms,c_ms,blocked
5,1.0445389e-05,0.0,s_ma,c_ms,c_ma,blocked
5,0.00024158847,0.0,s_ma,c_ms,c_ms,blocked
5,1.9271169e-05,0.0,s_ma,c_ms,c_ma,blocked
5,4.1114876e-05,0.0,s_ma,c_ms,c_ma,blocked
5,0.07891719,0.0,s_ms,c_ms,c_ma,blocked
5,0.081469,0.0,s_ms,c_ms,c_ms,blocked
5,0.109948926,0.0,s_ms,c_ms,c_ms,blocked
5,0.062370323,0.0,s_ms,c_ms,c_ma,blocked
5,0.07985987,0.0,s_ms,c_ms,c_ms,blocked
5,8.5802e-05,0.0,s_ma,c_ma,c_ms,blocked
5,2.5667316e-05,0.0,s_ma,c_ma,c_ma,blocked
5,0.000117307696,0.0,s_ma,c_ma,c_ms,blocked
5,6.2295753e-06,0.0,s_ma,c_ma,c_ms,blocked
5,0.4494564,0.0,s_ms,c_ma,c_ma,blocked
5,0.31770188,0.0,s_ms,c_ma,c_ms,blocked
5,0.373298,0.0,s_ms,c_ma,c_ma,blocked
5,0.34736222,0.0,s_ms,c_ma,c_ms,blocked
5,0.37677196,0.0,s_ms,c_ma,c_ma,blocked
5,1.4593506e-05,0.0,s_ma,c_ms,c_ma,blocked
5,3.4807897e-06,0.0,s_ma,c_ms,c_ms,blocked
5,0.00030726084,0.0,s_ma,c_ms,c_ma,blocked
5,1.2380002e-05,0.0,s_ma,c_ms,c_ms,blocked
5,3.118477e-05,0.0,s_ma,c_ms,c_ms,blocked
5,0.044018902,0.0,s_ms,c_ms,c_ms,blocked
5,0.073251784,0.0,s_ms,c_ms,c_ma,blocked
5,0.07927261,0.0,s_ms,c_ms,c_ma,blocked
5,0.059995033,0.0,s_ms,c_ms,c_ms,blocked
5,0.103264794,0.0,s_ms,c_ms,c_ma,blocked
5,0.00028640885,0.0,s_ma,c_ma,c_ma,blocked
5,0.00014330665,0.0,s_ma,c_ma,c_ms,blocked
5,0.00013205697,0.0,s_ma,c_ma,c_ms,blocked
5,5.2178562e-05,0.0,s_ma,c_ma,c_ma,blocked
5,0.30383742,0.0,s_ms,c_ma,c_ms,blocked
5,0.30943134,0.0,s_ms,c_ma,c_ma,blocked
5,0.360318,0.0,s_ms,c_ma,c_ms,blocked
5,0.31679708,0.0,s_ms,c_ma,c_ma,blocked
5,0.22848463,0.0,s_ms,c_ma,c_ms,blocked
5,1.7813898e-05,0.0,s_ma,c_ms,c_ma,blocked
5,4.8226957e-06,0.0,s_ma,c_ms,c_ms,blocked
5,0.00049600017,0.0,s_ma,c_ms,c_ma,blocked
5,7.2975956e-05,0.0,s_ma,c_ms,c_ms,blocked
5,6.234685e-05,0.0,s_ma,c_ms,c_ms,blocked
5,0.069847226,0.0,s_ms,c_ms,c_ms,blocked
5,0.031114897,0.0,s_ms,c_ms,c_ma,blocked
5,0.26239175,0.0,s_ms,c_ms,c_ma,blocked
5,0.05214154,0.0,s_ms,c_ms,c_ms,blocked
5,0.13789098,0.0,s_ms,c_ms,c_ma,blocked
5,0.0005605888,0.0,s_ma,c_ma,c_ma,blocked
5,1.0980594e-05,0.0,s_ma,c_ma,c_ms,blocked
5,6.861991e-06,0.0,s_ma,c_ma,c_ms,blocked
5,5.367394e-05,0.0,s_ma,c_ma,c_ma,blocked
5,0.4480917,0.0,s_ms,c_ma,c_ms,blocked
5,0.37887445,0.0,s_ms,c_ma,c_ma,blocked
5,0.37551272,0.0,s_ms,c_ma,c_ms,blocked
5,0.29865766,0.0,s_ms,c_ma,c_ma,blocked
5,0.37181133,0.0,s_ms,c_ma,c_ms,blocked
5,0.50327224,1.0,s_ms,c_ms,c_ms,blocked
5,0.3036892,0.0,s_ms,c_ms,c_ma,blocked
5,0.20230255,0.0,s_ms,c_ms,c_ms,blocked
5,0.30896777,0.0,s_ms,c_ms,c_ma,blocked
5,0.22169298,0.0,s_ms,c_ms,c_ma,blocked
5,4.554041e-05,0.0,s_ma,c_ms,c_ma,blocked
5,0.00012297792,0.0,s_ma,c_ms,c_ms,blocked
5,4.453612e-05,0.0,s_ma,c_ms,c_ms,blocked
5,9.054914e-06,0.0,s_ma,c_ms,c_ma,blocked
5,2.7217337e-05,0.0,s_ma,c_ms,c_ms,blocked
5,0.53853357,1.0,s_ms,c_ma,c_ms,blocked
5,0.58026415,1.0,s_ms,c_ma,c_ma,blocked
5,0.44940007,0.0,s_ms,c_ma,c_ma,blocked
5,0.56270105,1.0,s_ms,c_ma,c_ms,blocked
5,0.4459954,0.0,s_ms,c_ma,c_ms,blocked
5,0.00011904962,0.0,s_ma,c_ma,c_ms,blocked
5,7.740144e-05,0.0,s_ma,c_ma,c_ma,blocked
5,0.000112445065,0.0,s_ma,c_ma,c_ms,blocked
5,9.1614835e-05,0.0,s_ma,c_ma,c_ma,blocked
5,0.32620704,0.0,s_ms,c_ms,c_ma,blocked
5,0.2586288,0.0,s_ms,c_ms,c_ms,blocked
5,0.13394776,0.0,s_ms,c_ms,c_ma,blocked
5,0.0654986,0.0,s_ms,c_ms,c_ms,blocked
5,0.062693425,0.0,s_ms,c_ms,c_ms,blocked
5,0.00037751213,0.0,s_ma,c_ms,c_ms,blocked
5,0.00016838143,0.0,s_ma,c_ms,c_ma,blocked
5,0.00023213442,0.0,s_ma,c_ms,c_ma,blocked
5,0.00015972415,0.0,s_ma,c_ms,c_ms,blocked
5,0.00045404377,0.0,s_ma,c_ms,c_ma,blocked
5,0.63467395,1.0,s_ms,c_ma,c_ma,blocked
5,0.4938548,0.0,s_ms,c_ma,c_ms,blocked
5,0.5857515,1.0,s_ms,c_ma,c_ms,blocked
5,0.5495188,1.0,s_ms,c_ma,c_ma,blocked
5,0.54301023,1.0,s_ms,c_ma,c_ma,blocked
5,0.00013938289,0.0,s_ma,c_ma,c_ms,blocked
5,0.0008578799,0.0,s_ma,c_ma,c_ms,blocked
5,0.001264383,0.0,s_ma,c_ma,c_ma,blocked
5,0.0017104369,0.0,s_ma,c_ma,c_ms,blocked
5,0.19457927,0.0,s_ms,c_ms,c_ms,blocked
5,0.18120858,0.0,s_ms,c_ms,c_ma,blocked
5,0.19613984,0.0,s_ms,c_ms,c_ms,blocked
5,0.24899104,0.0,s_ms,c_ms,c_ma,blocked
5,0.18648037,0.0,s_ms,c_ms,c_ma,blocked
5,0.00011853993,0.0,s_ma,c_ms,c_ma,blocked
5,0.00020904711,0.0,s_ma,c_ms,c_ms,blocked
5,0.0001571796,0.0,s_ma,c_ms,c_ms,blocked
5,7.2335664e-05,0.0,s_ma,c_ms,c_ma,blocked
5,4.920985e-05,0.0,s_ma,c_ms,c_ms,blocked
5,0.47363368,0.0,s_ms,c_ma,c_ms,blocked
5,0.41486812,0.0,s_ms,c_ma,c_ma,blocked
5,0.52882844,1.0,s_ms,c_ma,c_ma,blocked
5,0.5249952,1.0,s_ms,c_ma,c_ms,blocked
5,0.51486,1.0,s_ms,c_ma,c_ms,blocked
5,7.304796e-05,0.0,s_ma,c_ma,c_ma,blocked
5,0.00078289997,0.0,s_ma,c_ma,c_ms,blocked
5,0.0015587097,0.0,s_ma,c_ma,c_ms,blocked
5,0.0007830123,0.0,s_ma,c_ma,c_ma,blocked
5,0.12143012,0.0,s_ms,c_ms,c_ma,blocked
5,0.10887329,0.0,s_ms,c_ms,c_ms,blocked
5,0.14336234,0.0,s_ms,c_ms,c_ma,blocked
5,0.12391378,0.0,s_ms,c_ms,c_ms,blocked
5,0.13995901,0.0,s_ms,c_ms,c_ms,blocked
5,0.000105789906,0.0,s_ma,c_ms,c_ms,blocked
5,0.00029481453,0.0,s_ma,c_ms,c_ma,blocked
5,5.3440028e-05,0.0,s_ma,c_ms,c_ma,blocked
5,0.00012487531,0.0,s_ma,c_ms,c_ms,blocked
5,6.3261374e-05,0.0,s_ma,c_ms,c_ma,blocked
5,0.5054813,1.0,s_ms,c_ma,c_ma,blocked
5,0.48595843,0.0,s_ms,c_ma,c_ms,blocked
5,0.54562616,1.0,s_ms,c_ma,c_ms,blocked
5,0.57039666,1.0,s_ms,c_ma,c_ma,blocked
5,0.6078007,1.0,s_ms,c_ma,c_ma,blocked
5,0.00010931163,0.0,s_ma,c_ma,c_ms,blocked
5,0.001222181,0.0,s_ma,c_ma,c_ma,blocked
5,0.0017078252,0.0,s_ma,c_ma,c_ms,blocked
5,0.00061013876,0.0,s_ma,c_ma,c_ms,blocked
5,0.41374475,0.0,s_ms,c_ms,c_ms,blocked
5,0.4241039,0.0,s_ms,c_ms,c_ma,blocked
5,0.3124735,0.0,s_ms,c_ms,c_ms,blocked
5,0.28542638,0.0,s_ms,c_ms,c_ma,blocked
5,0.3151179,0.0,s_ms,c_ms,c_ma,blocked
5,3.498738e-05,0.0,s_ma,c_ms,c_ma,blocked
5,0.00013416313,0.0,s_ma,c_ms,c_ms,blocked
5,0.0002762099,0.0,s_ma,c_ms,c_ms,blocked
5,7.691941e-05,0.0,s_ma,c_ms,c_ma,blocked
5,8.63481e-05,0.0,s_ma,c_ms,c_ms,blocked
5,0.53726727,1.0,s_ms,c_ma,c_ms,blocked
5,0.54642594,1.0,s_ms,c_ma,c_ma,blocked
5,0.5187819,1.0,s_ms,c_ma,c_ma,blocked
5,0.65958345,1.0,s_ms,c_ma,c_ms,blocked
5,0.53827035,1.0,s_ms,c_ma,c_ms,blocked
5,0.00010194004,0.0,s_ma,c_ma,c_ma,blocked
5,0.0015769148,0.0,s_ma,c_ma,c_ms,blocked
5,0.0008542709,0.0,s_ma,c_ma,c_ma,blocked
5,0.00061783823,0.0,s_ma,c_ma,c_ms,blocked
5,0.00021687213,0.0,s_ma,c_ma,c_ms,interleaved
5,0.0002320723,0.0,s_ma,c_ma,c_ma,interleaved
5,3.8101e-05,0.0,s_ma,c_ma,c_ms,interleaved
5,0.0006773021,0.0,s_ma,c_ma,c_ms,interleaved
5,0.39325398,0.0,s_ms,c_ma,c_ms,interleaved
5,0.35109797,0.0,s_ms,c_ma,c_ma,interleaved
5,0.41150552,0.0,s_ms,c_ma,c_ma,interleaved
5,0.41515815,0.0,s_ms,c_ma,c_ms,interleaved
5,0.36827958,0.0,s_ms,c_ma,c_ma,interleaved
5,0.00018584977,0.0,s_ma,c_ms,c_ma,interleaved
5,0.0009624344,0.0,s_ma,c_ms,c_ms,interleaved
5,8.955715e-05,0.0,s_ma,c_ms,c_ms,interleaved
5,0.00017577999,0.0,s_ma,c_ms,c_ma,interleaved
5,0.00012786337,0.0,s_ma,c_ms,c_ma,interleaved
5,0.43032047,0.0,s_ms,c_ms,c_ms,interleaved
5,0.35417092,0.0,s_ms,c_ms,c_ma,interleaved
5,0.52767575,1.0,s_ms,c_ms,c_ms,interleaved
5,0.5771923,1.0,s_ms,c_ms,c_ma,interleaved
5,0.50594515,1.0,s_ms,c_ms,c_ms,interleaved
5,0.00020887813,0.0,s_ma,c_ma,c_ms,interleaved
5,0.00024530978,0.0,s_ma,c_ma,c_ms,interleaved
5,0.000105309504,0.0,s_ma,c_ma,c_ma,interleaved
5,0.00076247833,0.0,s_ma,c_ma,c_ma,interleaved
5,0.29877546,0.0,s_ms,c_ma,c_ma,interleaved
5,0.22876292,0.0,s_ms,c_ma,c_ms,interleaved
5,0.41423088,0.0,s_ms,c_ma,c_ms,interleaved
5,0.2680754,0.0,s_ms,c_ma,c_ma,interleaved
5,0.54919374,1.0,s_ms,c_ma,c_ms,interleaved
5,0.00020324958,0.0,s_ma,c_ms,c_ms,interleaved
5,0.00037235743,0.0,s_ma,c_ms,c_ma,interleaved
5,0.00033005874,0.0,s_ma,c_ms,c_ma,interleaved
5,6.343331e-05,0.0,s_ma,c_ms,c_ms,interleaved
5,2.6697453e-05,0.0,s_ma,c_ms,c_ms,interleaved
5,0.43073857,0.0,s_ms,c_ms,c_ma,interleaved
5,0.5195394,1.0,s_ms,c_ms,c_ms,interleaved
5,0.37713772,0.0,s_ms,c_ms,c_ma,interleaved
5,0.5890119,1.0,s_ms,c_ms,c_ms,interleaved
5,0.5024025,1.0,s_ms,c_ms,c_ma,interleaved
5,0.00025954147,0.0,s_ma,c_ma,c_ma,interleaved
5,0.0002887976,0.0,s_ma,c_ma,c_ms,interleaved
5,0.00013081887,0.0,s_ma,c_ma,c_ms,interleaved
5,0.0003319398,0.0,s_ma,c_ma,c_ms,interleaved
5,0.4162943,0.0,s_ms,c_ma,c_ms,interleaved
5,0.21789208,0.0,s_ms,c_ma,c_ma,interleaved
5,0.5593873,1.0,s_ms,c_ma,c_ma,interleaved
5,0.26361898,0.0,s_ms,c_ma,c_ms,interleaved
5,0.42295018,0.0,s_ms,c_ma,c_ma,interleaved
5,0.003530906,0.0,s_ma,c_ms,c_ma,interleaved
5,0.00029557478,0.0,s_ma,c_ms,c_ms,interleaved
5,0.0012606856,0.0,s_ma,c_ms,c_ms,interleaved
5,0.0017269815,0.0,s_ma,c_ms,c_ma,interleaved
5,0.00054090517,0.0,s_ma,c_ms,c_ma,interleaved
5,0.48634234,0.0,s_ms,c_ms,c_ms,interleaved
5,0.49445844,0.0,s_ms,c_ms,c_ma,interleaved
5,0.39448917,0.0,s_ms,c_ms,c_ms,interleaved
5,0.39400488,0.0,s_ms,c_ms,c_ma,interleaved
5,0.33612433,0.0,s_ms,c_ms,c_ms,interleaved
5,4.274478e-05,0.0,s_ma,c_ma,c_ms,interleaved
5,0.000110307716,0.0,s_ma,c_ma,c_ma,interleaved
5,0.00011294074,0.0,s_ma,c_ma,c_ms,interleaved
5,9.085852e-05,0.0,s_ma,c_ma,c_ma,interleaved
5,0.3986141,0.0,s_ms,c_ma,c_ma,interleaved
5,0.30450004,0.0,s_ms,c_ma,c_ms,interleaved
5,0.31814057,0.0,s_ms,c_ma,c_ms,interleaved
5,0.44549805,0.0,s_ms,c_ma,c_ma,interleaved
5,0.40240628,0.0,s_ms,c_ma,c_ms,interleaved
5,0.0010366304,0.0,s_ma,c_ms,c_ms,interleaved
5,0.00015930831,0.0,s_ma,c_ms,c_ma,interleaved
5,0.00055135484,0.0,s_ma,c_ms,c_ma,interleaved
5,0.00012204192,0.0,s_ma,c_ms,c_ms,interleaved
5,0.00042664786,0.0,s_ma,c_ms,c_ms,interleaved
5,0.45528853,0.0,s_ms,c_ms,c_ma,interleaved
5,0.666993,1.0,s_ms,c_ms,c_ms,interleaved
5,0.43180418,0.0,s_ms,c_ms,c_ma,interleaved
5,0.505147,1.0,s_ms,c_ms,c_ms,interleaved
5,0.43323138,0.0,s_ms,c_ms,c_ma,interleaved
5,0.0006975912,0.0,s_ma,c_ma,c_ms,interleaved
5,0.00079529267,0.0,s_ma,c_ma,c_ma,interleaved
5,0.0002976222,0.0,s_ma,c_ma,c_ms,interleaved
5,9.5208474e-05,0.0,s_ma,c_ma,c_ma,interleaved
5,0.31835175,0.0,s_ms,c_ma,c_ma,interleaved
5,0.3107793,0.0,s_ms,c_ma,c_ms,interleaved
5,0.38609692,0.0,s_ms,c_ma,c_ms,interleaved
5,0.35456425,0.0,s_ms,c_ma,c_ma,interleaved
5,0.50871384,1.0,s_ms,c_ma,c_ms,interleaved
5,0.00054776494,0.0,s_ma,c_ms,c_ms,interleaved
5,0.00087808154,0.0,s_ma,c_ms,c_ma,interleaved
5,0.00046384757,0.0,s_ma,c_ms,c_ma,interleaved
5,0.00034173205,0.0,s_ma,c_ms,c_ms,interleaved
5,0.00023585142,0.0,s_ma,c_ms,c_ms,interleaved
5,0.44529414,0.0,s_ms,c_ms,c_ma,interleaved
5,0.62044907,1.0,s_ms,c_ms,c_ms,interleaved
5,0.6539299,1.0,s_ms,c_ms,c_ma,interleaved
5,0.5351769,1.0,s_ms,c_ms,c_ms,interleaved
5,0.45014298,0.0,s_ms,c_ms,c_ma,interleaved
5,0.5053143,1.0,s_ms,c_ma,c_ms,interleaved
5,0.5946811,1.0,s_ms,c_ma,c_ma,interleaved
5,0.528676,1.0,s_ms,c_ma,c_ms,interleaved
5,0.5138396,1.0,s_ms,c_ma,c_ma,interleaved
5,0.5846673,1.0,s_ms,c_ma,c_ma,interleaved
5,0.001572514,0.0,s_ma,c_ma,c_ms,interleaved
5,0.00013389415,0.0,s_ma,c_ma,c_ms,interleaved
5,0.00036594152,0.0,s_ma,c_ma,c_ma,interleaved
5,0.00014153097,0.0,s_ma,c_ma,c_ms,interleaved
5,0.3412534,0.0,s_ms,c_ms,c_ms,interleaved
5,0.5453836,1.0,s_ms,c_ms,c_ma,interleaved
5,0.3152937,0.0,s_ms,c_ms,c_ma,interleaved
5,0.51131034,1.0,s_ms,c_ms,c_ms,interleaved
5,0.4239539,0.0,s_ms,c_ms,c_ms,interleaved
5,8.581803e-06,0.0,s_ma,c_ms,c_ma,interleaved
5,0.00020583978,0.0,s_ma,c_ms,c_ms,interleaved
5,5.726019e-05,0.0,s_ma,c_ms,c_ma,interleaved
5,0.00011463046,0.0,s_ma,c_ms,c_ms,interleaved
5,1.5316295e-05,0.0,s_ma,c_ms,c_ma,interleaved
5,0.5790899,1.0,s_ms,c_ma,c_ma,interleaved
5,0.7231655,1.0,s_ms,c_ma,c_ms,interleaved
5,0.73977196,1.0,s_ms,c_ma,c_ma,interleaved
5,0.64426935,1.0,s_ms,c_ma,c_ms,interleaved
5,0.6146289,1.0,s_ms,c_ma,c_ms,interleaved
5,0.0016875027,0.0,s_ma,c_ma,c_ms,interleaved
5,0.0008214963,0.0,s_ma,c_ma,c_ma,interleaved
5,0.0011374612,0.0,s_ma,c_ma,c_ms,interleaved
5,0.0016102884,0.0,s_ma,c_ma,c_ma,interleaved
5,0.7722652,1.0,s_ms,c_ms,c_ma,interleaved
5,0.7445837,1.0,s_ms,c_ms,c_ms,interleaved
5,0.63345575,1.0,s_ms,c_ms,c_ms,interleaved
5,0.816643,1.0,s_ms,c_ms,c_ma,interleaved
5,0.731941,1.0,s_ms,c_ms,c_ma,interleaved
5,5.1391904e-05,0.0,s_ma,c_ms,c_ms,interleaved
5,3.151658e-05,0.0,s_ma,c_ms,c_ma,interleaved
5,6.0829498e-05,0.0,s_ma,c_ms,c_ms,interleaved
5,0.00039128988,0.0,s_ma,c_ms,c_ma,interleaved
5,8.94903e-06,0.0,s_ma,c_ms,c_ms,interleaved
5,0.4965983,0.0,s_ms,c_ma,c_ma,interleaved
5,0.49131075,0.0,s_ms,c_ma,c_ms,interleaved
5,0.34501082,0.0,s_ms,c_ma,c_ma,interleaved
5,0.57944036,1.0,s_ms,c_ma,c_ms,interleaved
5,0.5115508,1.0,s_ms,c_ma,c_ms,interleaved
5,0.000151135,0.0,s_ma,c_ma,c_ms,interleaved
5,0.0007153129,0.0,s_ma,c_ma,c_ma,interleaved
5,0.00011940275,0.0,s_ma,c_ma,c_ms,interleaved
5,3.9470757e-05,0.0,s_ma,c_ma,c_ma,interleaved
5,0.4477056,0.0,s_ms,c_ms,c_ma,interleaved
5,0.81647396,1.0,s_ms,c_ms,c_ms,interleaved
5,0.45102245,0.0,s_ms,c_ms,c_ms,interleaved
5,0.80002713,1.0,s_ms,c_ms,c_ma,interleaved
5,0.57018054,1.0,s_ms,c_ms,c_ma,interleaved
5,4.8694164e-05,0.0,s_ma,c_ms,c_ms,interleaved
5,0.00011079429,0.0,s_ma,c_ms,c_ma,interleaved
5,0.00019410305,0.0,s_ma,c_ms,c_ms,interleaved
5,8.8431974e-05,0.0,s_ma,c_ms,c_ma,interleaved
5,0.00010279215,0.0,s_ma,c_ms,c_ms,interleaved
5,0.44354957,0.0,s_ms,c_ma,c_ms,interleaved
5,0.6132019,1.0,s_ms,c_ma,c_ma,interleaved
5,0.6119863,1.0,s_ms,c_ma,c_ms,interleaved
5,0.43564343,0.0,s_ms,c_ma,c_ma,interleaved
5,0.53945243,1.0,s_ms,c_ma,c_ma,interleaved
5,0.00030327597,0.0,s_ma,c_ma,c_ma,interleaved
5,0.00092798023,0.0,s_ma,c_ma,c_ms,interleaved
5,0.00011278084,0.0,s_ma,c_ma,c_ms,interleaved
5,0.00026378367,0.0,s_ma,c_ma,c_ms,interleaved
5,0.3883715,0.0,s_ms,c_ms,c_ms,interleaved
5,0.79166174,1.0,s_ms,c_ms,c_ma,interleaved
5,0.54856616,1.0,s_ms,c_ms,c_ma,interleaved
5,0.51504964,1.0,s_ms,c_ms,c_ms,interleaved
5,0.5663022,1.0,s_ms,c_ms,c_ms,interleaved
5,9.117318e-06,0.0,s_ma,c_ms,c_ma,interleaved
5,6.435947e-05,0.0,s_ma,c_ms,c_ms,interleaved
5,2.833315e-05,0.0,s_ma,c_ms,c_ma,interleaved
5,6.002857e-05,0.0,s_ma,c_ms,c_ms,interleaved
5,3.0788175e-05,0.0,s_ma,c_ms,c_ma,interleaved
5,0.48934388,0.0,s_ms,c_ma,c_ma,interleaved
5,0.30828357,0.0,s_ms,c_ma,c_ms,interleaved
5,0.47586125,0.0,s_ms,c_ma,c_ma,interleaved
5,0.49383578,0.0,s_ms,c_ma,c_ms,interleaved
5,0.36763686,0.0,s_ms,c_ma,c_ms,interleaved
5,0.00013663297,0.0,s_ma,c_ma,c_ms,interleaved
5,0.0012852118,0.0,s_ma,c_ma,c_ma,interleaved
5,3.6360165e-05,0.0,s_ma,c_ma,c_ma,interleaved
5,0.00027553237,0.0,s_ma,c_ma,c_ms,interleaved
5,0.45877784,0.0,s_ms,c_ms,c_ma,interleaved
5,0.7544657,1.0,s_ms,c_ms,c_ms,interleaved
5,0.48369485,0.0,s_ms,c_ms,c_ms,interleaved
5,0.571283,1.0,s_ms,c_ms,c_ma,interleaved
5,0.51949006,1.0,s_ms,c_ms,c_ma,interleaved
5,2.6514768e-05,0.0,s_ma,c_ms,c_ms,interleaved
5,6.921457e-05,0.0,s_ma,c_ms,c_ma,interleaved
5,2.8933264e-05,0.0,s_ma,c_ms,c_ms,interleaved
5,5.1603703e-05,0.0,s_ma,c_ms,c_ma,interleaved
5,3.9856266e-05,0.0,s_ma,c_ms,c_ms,interleaved
5,0.0002093558,0.0,s_ma,c_ms,c_ma,interleaved
5,0.00021837658,0.0,s_ma,c_ms,c_ms,interleaved
5,0.0037366957,0.0,s_ma,c_ms,c_ma,interleaved
5,0.0011327532,0.0,s_ma,c_ms,c_ms,interleaved
5,0.00056344765,0.0,s_ma,c_ms,c_ms,interleaved
5,0.5865451,1.0,s_ms,c_ms,c_ms,interleaved
5,0.18683389,0.0,s_ms,c_ms,c_ma,interleaved
5,0.46392795,0.0,s_ms,c_ms,c_ma,interleaved
5,0.5225843,1.0,s_ms,c_ms,c_ms,interleaved
5,0.47118875,0.0,s_ms,c_ms,c_ma,interleaved
5,0.0018477486,0.0,s_ma,c_ma,c_ms,interleaved
5,0.0009809058,0.0,s_ma,c_ma,c_ms,interleaved
5,0.0013394537,0.0,s_ma,c_ma,c_ma,interleaved
5,0.0005505792,0.0,s_ma,c_ma,c_ma,interleaved
5,0.4118253,0.0,s_ms,c_ma,c_ms,interleaved
5,0.2511776,0.0,s_ms,c_ma,c_ma,interleaved
5,0.38166177,0.0,s_ms,c_ma,c_ms,interleaved
5,0.17947479,0.0,s_ms,c_ma,c_ma,interleaved
5,0.41679326,0.0,s_ms,c_ma,c_ms,interleaved
5,0.000997979,0.0,s_ma,c_ms,c_ms,interleaved
5,0.00037174975,0.0,s_ma,c_ms,c_ma,interleaved
5,0.0002629143,0.0,s_ma,c_ms,c_ms,interleaved
5,0.00017429434,0.0,s_ma,c_ms,c_ma,interleaved
5,0.0008401456,0.0,s_ma,c_ms,c_ma,interleaved
5,0.37388518,0.0,s_ms,c_ms,c_ma,interleaved
5,0.2126292,0.0,s_ms,c_ms,c_ms,interleaved
5,0.11719189,0.0,s_ms,c_ms,c_ms,interleaved
5,0.15872656,0.0,s_ms,c_ms,c_ma,interleaved
5,0.1988342,0.0,s_ms,c_ms,c_ms,interleaved
5,0.0016880871,0.0,s_ma,c_ma,c_ms,interleaved
5,9.648682e-05,0.0,s_ma,c_ma,c_ma,interleaved
5,0.00054265035,0.0,s_ma,c_ma,c_ms,interleaved
5,6.0288905e-05,0.0,s_ma,c_ma,c_ms,interleaved
5,0.35343498,0.0,s_ms,c_ma,c_ma,interleaved
5,0.3310731,0.0,s_ms,c_ma,c_ms,interleaved
5,0.4317351,0.0,s_ms,c_ma,c_ma,interleaved
5,0.1245852,0.0,s_ms,c_ma,c_ms,interleaved
5,0.54202056,1.0,s_ms,c_ma,c_ma,interleaved
5,7.419657e-05,0.0,s_ma,c_ms,c_ms,interleaved
5,0.00029223048,0.0,s_ma,c_ms,c_ma,interleaved
5,0.0012538953,0.0,s_ma,c_ms,c_ms,interleaved
5,0.0005485877,0.0,s_ma,c_ms,c_ma,interleaved
5,0.0003792137,0.0,s_ma,c_ms,c_ma,interleaved
5,0.5860516,1.0,s_ms,c_ms,c_ma,interleaved
5,0.31133515,0.0,s_ms,c_ms,c_ms,interleaved
5,0.43172312,0.0,s_ms,c_ms,c_ms,interleaved
5,0.37295443,0.0,s_ms,c_ms,c_ma,interleaved
5,0.41519973,0.0,s_ms,c_ms,c_ms,interleaved
5,0.0008116023,0.0,s_ma,c_ma,c_ms,interleaved
5,8.767878e-05,0.0,s_ma,c_ma,c_ma,interleaved
5,0.00032267446,0.0,s_ma,c_ma,c_ms,interleaved
5,3.2766555e-05,0.0,s_ma,c_ma,c_ms,interleaved
5,0.31536952,0.0,s_ms,c_ma,c_ma,interleaved
5,0.46075588,0.0,s_ms,c_ma,c_ms,interleaved
5,0.19492814,0.0,s_ms,c_ma,c_ma,interleaved
5,0.20104554,0.0,s_ms,c_ma,c_ms,interleaved
5,0.46690112,0.0,s_ms,c_ma,c_ma,interleaved
5,0.00018289611,0.0,s_ma,c_ms,c_ma,interleaved
5,7.350221e-05,0.0,s_ma,c_ms,c_ms,interleaved
5,0.0015747043,0.0,s_ma,c_ms,c_ma,interleaved
5,0.00013604984,0.0,s_ma,c_ms,c_ms,interleaved
5,0.00031538535,0.0,s_ma,c_ms,c_ms,interleaved
5,0.41766506,0.0,s_ms,c_ms,c_ms,interleaved
5,0.15803768,0.0,s_ms,c_ms,c_ma,interleaved
5,0.13983762,0.0,s_ms,c_ms,c_ma,interleaved
5,0.4178431,0.0,s_ms,c_ms,c_ms,interleaved
5,0.33107257,0.0,s_ms,c_ms,c_ma,interleaved
5,0.0012102564,0.0,s_ma,c_ma,c_ma,interleaved
5,0.0005616506,0.0,s_ma,c_ma,c_ms,interleaved
5,0.00034813033,0.0,s_ma,c_ma,c_ms,interleaved
5,0.0003765956,0.0,s_ma,c_ma,c_ma,interleaved
5,0.45969856,0.0,s_ms,c_ma,c_ms,interleaved
5,0.5373952,1.0,s_ms,c_ma,c_ma,interleaved
5,0.45475453,0.0,s_ms,c_ma,c_ms,interleaved
5,0.12539539,0.0,s_ms,c_ma,c_ma,interleaved
5,0.7161753,1.0,s_ms,c_ma,c_ms,interleaved
5,0.0001263822,0.0,s_ma,c_ms,c_ma,interleaved
5,2.6333715e-05,0.0,s_ma,c_ms,c_ms,interleaved
5,0.0004934636,0.0,s_ma,c_ms,c_ma,interleaved
5,0.00041049547,0.0,s_ma,c_ms,c_ms,interleaved
5,0.0002204668,0.0,s_ma,c_ms,c_ms,interleaved
5,0.4903136,0.0,s_ms,c_ms,c_ms,interleaved
5,0.25210983,0.0,s_ms,c_ms,c_ma,interleaved
5,0.32607025,0.0,s_ms,c_ms,c_ma,interleaved
5,0.3222984,0.0,s_ms,c_ms,c_ms,interleaved
5,0.3595003,0.0,s_ms,c_ms,c_ma,interleaved
5,0.00049182534,0.0,s_ma,c_ma,c_ma,interleaved
5,6.255141e-05,0.0,s_ma,c_ma,c_ms,interleaved
5,3.409257e-05,0.0,s_ma,c_ma,c_ms,interleaved
5,0.00035586834,0.0,s_ma,c_ma,c_ma,interleaved
5,0.3206639,0.0,s_ms,c_ma,c_ms,interleaved
5,0.35942805,0.0,s_ms,c_ma,c_ma,interleaved
5,0.28710628,0.0,s_ms,c_ma,c_ms,interleaved
5,0.20739624,0.0,s_ms,c_ma,c_ma,interleaved
5,0.2607449,0.0,s_ms,c_ma,c_ms,interleaved
5,0.50373065,1.0,s_ms,c_ms,c_ms,interleaved
5,0.47858843,0.0,s_ms,c_ms,c_ma,interleaved
5,0.41450307,0.0,s_ms,c_ms,c_ms,interleaved
5,0.4716518,0.0,s_ms,c_ms,c_ma,interleaved
5,0.47058302,0.0,s_ms,c_ms,c_ma,interleaved
5,9.895325e-06,0.0,s_ma,c_ms,c_ma,interleaved
5,4.9168895e-05,0.0,s_ma,c_ms,c_ms,interleaved
5,5.0745555e-05,0.0,s_ma,c_ms,c_ms,interleaved
5,1.0491602e-05,0.0,s_ma,c_ms,c_ma,interleaved
5,2.9970739e-05,0.0,s_ma,c_ms,c_ms,interleaved
5,0.5013629,1.0,s_ms,c_ma,c_ms,interleaved
5,0.5399576,1.0,s_ms,c_ma,c_ma,interleaved
5,0.58280873,1.0,s_ms,c_ma,c_ma,interleaved
5,0.42879546,0.0,s_ms,c_ma,c_ms,interleaved
5,0.58429736,1.0,s_ms,c_ma,c_ms,interleaved
5,0.00013805696,0.0,s_ma,c_ma,c_ms,interleaved
5,0.00012826522,0.0,s_ma,c_ma,c_ma,interleaved
5,9.052074e-05,0.0,s_ma,c_ma,c_ms,interleaved
5,0.00019670026,0.0,s_ma,c_ma,c_ma,interleaved
5,0.559446,1.0,s_ms,c_ms,c_ma,interleaved
5,0.36772203,0.0,s_ms,c_ms,c_ms,interleaved
5,0.36767983,0.0,s_ms,c_ms,c_ma,interleaved
5,0.26292402,0.0,s_ms,c_ms,c_ms,interleaved
5,0.28589153,0.0,s_ms,c_ms,c_ms,interleaved
5,0.00020454788,0.0,s_ma,c_ms,c_ms,interleaved
5,2.9599378e-05,0.0,s_ma,c_ms,c_ma,interleaved
5,0.00010511714,0.0,s_ma,c_ms,c_ma,interleaved
5,6.960494e-05,0.0,s_ma,c_ms,c_ms,interleaved
5,7.517443e-05,0.0,s_ma,c_ms,c_ma,interleaved
5,0.69226694,1.0,s_ms,c_ma,c_ma,interleaved
5,0.6035285,1.0,s_ms,c_ma,c_ms,interleaved
5,0.46807283,0.0,s_ms,c_ma,c_ms,interleaved
5,0.3839739,0.0,s_ms,c_ma,c_ma,interleaved
5,0.5681986,1.0,s_ms,c_ma,c_ma,interleaved
5,0.00016407754,0.0,s_ma,c_ma,c_ms,interleaved
5,0.0013329389,0.0,s_ma,c_ma,c_ms,interleaved
5,0.0019558235,0.0,s_ma,c_ma,c_ma,interleaved
5,0.003972916,0.0,s_ma,c_ma,c_ms,interleaved
5,0.33867753,0.0,s_ms,c_ms,c_ms,interleaved
5,0.47457755,0.0,s_ms,c_ms,c_ma,interleaved
5,0.47735667,0.0,s_ms,c_ms,c_ms,interleaved
5,0.46785617,0.0,s_ms,c_ms,c_ma,interleaved
5,0.26510388,0.0,s_ms,c_ms,c_ma,interleaved
5,6.6023356e-05,0.0,s_ma,c_ms,c_ma,interleaved
5,6.022172e-05,0.0,s_ma,c_ms,c_ms,interleaved
5,0.00019141867,0.0,s_ma,c_ms,c_ms,interleaved
5,3.214831e-05,0.0,s_ma,c_ms,c_ma,interleaved
5,2.9202505e-05,0.0,s_ma,c_ms,c_ms,interleaved
5,0.57700914,1.0,s_ms,c_ma,c_ms,interleaved
5,0.49458456,0.0,s_ms,c_ma,c_ma,interleaved
5,0.7273351,1.0,s_ms,c_ma,c_ma,interleaved
5,0.45135573,0.0,s_ms,c_ma,c_ms,interleaved
5,0.6299621,1.0,s_ms,c_ma,c_ms,interleaved
5,0.00012662301,0.0,s_ma,c_ma,c_ma,interleaved
5,0.0012545979,0.0,s_ma,c_ma,c_ms,interleaved
5,0.0018624406,0.0,s_ma,c_ma,c_ms,interleaved
5,0.002839214,0.0,s_ma,c_ma,c_ma,interleaved
5,0.2777955,0.0,s_ms,c_ms,c_ma,interleaved
5,0.29183936,0.0,s_ms,c_ms,c_ms,interleaved
5,0.51649904,1.0,s_ms,c_ms,c_ma,interleaved
5,0.43214422,0.0,s_ms,c_ms,c_ms,interleaved
5,0.3465836,0.0,s_ms,c_ms,c_ms,interleaved
5,0.00012191968,0.0,s_ma,c_ms,c_ms,interleaved
5,0.0003398004,0.0,s_ma,c_ms,c_ma,interleaved
5,9.160803e-05,0.0,s_ma,c_ms,c_ma,interleaved
5,7.1712224e-05,0.0,s_ma,c_ms,c_ms,interleaved
5,5.8487818e-05,0.0,s_ma,c_ms,c_ma,interleaved
5,0.7518891,1.0,s_ms,c_ma,c_ma,interleaved
5,0.8348155,1.0,s_ms,c_ma,c_ms,interleaved
5,0.7177329,1.0,s_ms,c_ma,c_ms,interleaved
5,0.8337154,1.0,s_ms,c_ma,c_ma,interleaved
5,0.72852814,1.0,s_ms,c_ma,c_ma,interleaved
5,8.6599044e-05,0.0,s_ma,c_ma,c_ms,interleaved
5,0.0019091102,0.0,s_ma,c_ma,c_ma,interleaved
5,0.001944581,0.0,s_ma,c_ma,c_ms,interleaved
5,0.00077544426,0.0,s_ma,c_ma,c_ms,interleaved
5,0.4118216,0.0,s_ms,c_ms,c_ms,interleaved
5,0.41671735,0.0,s_ms,c_ms,c_ma,interleaved
5,0.5339295,1.0,s_ms,c_ms,c_ms,interleaved
5,0.5048374,1.0,s_ms,c_ms,c_ma,interleaved
5,0.4812594,0.0,s_ms,c_ms,c_ma,interleaved
5,1.9495506e-05,0.0,s_ma,c_ms,c_ma,interleaved
5,8.576022e-06,0.0,s_ma,c_ms,c_ms,interleaved
5,9.6800744e-05,0.0,s_ma,c_ms,c_ms,interleaved
5,3.43192e-05,0.0,s_ma,c_ms,c_ma,interleaved
5,4.515187e-05,0.0,s_ma,c_ms,c_ms,interleaved
5,0.5057305,1.0,s_ms,c_ma,c_ms,interleaved
5,0.37750846,0.0,s_ms,c_ma,c_ma,interleaved
5,0.4438986,0.0,s_ms,c_ma,c_ma,interleaved
5,0.21497157,0.0,s_ms,c_ma,c_ms,interleaved
5,0.6638553,1.0,s_ms,c_ma,c_ms,interleaved
5,0.00021415907,0.0,s_ma,c_ma,c_ma,interleaved
5,0.003726025,0.0,s_ma,c_ma,c_ms,interleaved
5,0.003224453,0.0,s_ma,c_ma,c_ma,interleaved
5,0.0008673722,0.0,s_ma,c_ma,c_ms,interleaved
5,0.00021687213,0.0,s_ma,c_ma,c_ms,random
5,0.0002320723,0.0,s_ma,c_ma,c_ma,random
5,3.8101e-05,0.0,s_ma,c_ma,c_ms,random
5,0.0006773021,0.0,s_ma,c_ma,c_ms,random
5,0.39325398,0.0,s_ms,c_ma,c_ms,random
5,0.35109797,0.0,s_ms,c_ma,c_ma,random
5,0.41150552,0.0,s_ms,c_ma,c_ma,random
5,0.41515815,0.0,s_ms,c_ma,c_ms,random
5,0.36827958,0.0,s_ms,c_ma,c_ma,random
5,0.00018584977,0.0,s_ma,c_ms,c_ma,random
5,0.0009624344,0.0,s_ma,c_ms,c_ms,random
5,8.955715e-05,0.0,s_ma,c_ms,c_ms,random
5,0.00017577999,0.0,s_ma,c_ms,c_ma,random
5,0.00012786337,0.0,s_ma,c_ms,c_ma,random
5,0.43032047,0.0,s_ms,c_ms,c_ms,random
5,0.35417092,0.0,s_ms,c_ms,c_ma,random
5,0.52767575,1.0,s_ms,c_ms,c_ms,random
5,0.5771923,1.0,s_ms,c_ms,c_ma,random
5,0.50594515,1.0,s_ms,c_ms,c_ms,random
5,0.00020887813,0.0,s_ma,c_ma,c_ms,random
5,0.00024530978,0.0,s_ma,c_ma,c_ms,random
5,0.000105309504,0.0,s_ma,c_ma,c_ma,random
5,0.00076247833,0.0,s_ma,c_ma,c_ma,random
5,0.29877546,0.0,s_ms,c_ma,c_ma,random
5,0.22876292,0.0,s_ms,c_ma,c_ms,random
5,0.41423088,0.0,s_ms,c_ma,c_ms,random
5,0.2680754,0.0,s_ms,c_ma,c_ma,random
5,0.54919374,1.0,s_ms,c_ma,c_ms,random
5,0.00020324958,0.0,s_ma,c_ms,c_ms,random
5,0.00037235743,0.0,s_ma,c_ms,c_ma,random
5,0.00033005874,0.0,s_ma,c_ms,c_ma,random
5,6.343331e-05,0.0,s_ma,c_ms,c_ms,random
5,2.6697453e-05,0.0,s_ma,c_ms,c_ms,random
5,0.43073857,0.0,s_ms,c_ms,c_ma,random
5,0.5195394,1.0,s_ms,c_ms,c_ms,random
5,0.37713772,0.0,s_ms,c_ms,c_ma,random
5,0.5890119,1.0,s_ms,c_ms,c_ms,random
5,0.5024025,1.0,s_ms,c_ms,c_ma,random
5,0.00025954147,0.0,s_ma,c_ma,c_ma,random
5,0.0002887976,0.0,s_ma,c_ma,c_ms,random
5,0.00013081887,0.0,s_ma,c_ma,c_ms,random
5,0.0003319398,0.0,s_ma,c_ma,c_ms,random
5,0.4162943,0.0,s_ms,c_ma,c_ms,random
5,0.21789208,0.0,s_ms,c_ma,c_ma,random
5,0.5593873,1.0,s_ms,c_ma,c_ma,random
5,0.26361898,0.0,s_ms,c_ma,c_ms,random
5,0.42295018,0.0,s_ms,c_ma,c_ma,random
5,0.003530906,0.0,s_ma,c_ms,c_ma,random
5,0.00029557478,0.0,s_ma,c_ms,c_ms,random
5,0.0012606856,0.0,s_ma,c_ms,c_ms,random
5,0.0017269815,0.0,s_ma,c_ms,c_ma,random
5,0.00054090517,0.0,s_ma,c_ms,c_ma,random
5,0.48634234,0.0,s_ms,c_ms,c_ms,random
5,0.49445844,0.0,s_ms,c_ms,c_ma,random
5,0.39448917,0.0,s_ms,c_ms,c_ms,random
5,0.39400488,0.0,s_ms,c_ms,c_ma,random
5,0.33612433,0.0,s_ms,c_ms,c_ms,random
5,4.274478e-05,0.0,s_ma,c_ma,c_ms,random
5,0.000110307716,0.0,s_ma,c_ma,c_ma,random
5,0.00011294074,0.0,s_ma,c_ma,c_ms,random
5,9.085852e-05,0.0,s_ma,c_ma,c_ma,random
5,0.3986141,0.0,s_ms,c_ma,c_ma,random
5,0.30450004,0.0,s_ms,c_ma,c_ms,random
5,0.31814057,0.0,s_ms,c_ma,c_ms,random
5,0.44549805,0.0,s_ms,c_ma,c_ma,random
5,0.40240628,0.0,s_ms,c_ma,c_ms,random
5,0.0010366304,0.0,s_ma,c_ms,c_ms,random
5,0.00015930831,0.0,s_ma,c_ms,c_ma,random
5,0.00055135484,0.0,s_ma,c_ms,c_ma,random
5,0.00012204192,0.0,s_ma,c_ms,c_ms,random
5,0.00042664786,0.0,s_ma,c_ms,c_ms,random
5,0.45528853,0.0,s_ms,c_ms,c_ma,random
5,0.666993,1.0,s_ms,c_ms,c_ms,random
5,0.43180418,0.0,s_ms,c_ms,c_ma,random
5,0.505147,1.0,s_ms,c_ms,c_ms,random
5,0.43323138,0.0,s_ms,c_ms,c_ma,random
5,0.0006975912,0.0,s_ma,c_ma,c_ms,random
5,0.00079529267,0.0,s_ma,c_ma,c_ma,random
5,0.0002976222,0.0,s_ma,c_ma,c_ms,random
5,9.5208474e-05,0.0,s_ma,c_ma,c_ma,random
5,0.31835175,0.0,s_ms,c_ma,c_ma,random
5,0.3107793,0.0,s_ms,c_ma,c_ms,random
5,0.38609692,0.0,s_ms,c_ma,c_ms,random
5,0.35456425,0.0,s_ms,c_ma,c_ma,random
5,0.50871384,1.0,s_ms,c_ma,c_ms,random
5,0.00054776494,0.0,s_ma,c_ms,c_ms,random
5,0.00087808154,0.0,s_ma,c_ms,c_ma,random
5,0.00046384757,0.0,s_ma,c_ms,c_ma,random
5,0.00034173205,0.0,s_ma,c_ms,c_ms,random
5,0.00023585142,0.0,s_ma,c_ms,c_ms,random
5,0.44529414,0.0,s_ms,c_ms,c_ma,random
5,0.62044907,1.0,s_ms,c_ms,c_ms,random
5,0.6539299,1.0,s_ms,c_ms,c_ma,random
5,0.5351769,1.0,s_ms,c_ms,c_ms,random
5,0.45014298,0.0,s_ms,c_ms,c_ma,random
5,0.5053143,1.0,s_ms,c_ma,c_ms,random
5,0.5946811,1.0,s_ms,c_ma,c_ma,random
5,0.528676,1.0,s_ms,c_ma,c_ms,random
5,0.5138396,1.0,s_ms,c_ma,c_ma,random
5,0.5846673,1.0,s_ms,c_ma,c_ma,random
5,0.001572514,0.0,s_ma,c_ma,c_ms,random
5,0.00013389415,0.0,s_ma,c_ma,c_ms,random
5,0.00036594152,0.0,s_ma,c_ma,c_ma,random
5,0.00014153097,0.0,s_ma,c_ma,c_ms,random
5,0.3412534,0.0,s_ms,c_ms,c_ms,random
5,0.5453836,1.0,s_ms,c_ms,c_ma,random
5,0.3152937,0.0,s_ms,c_ms,c_ma,random
5,0.51131034,1.0,s_ms,c_ms,c_ms,random
5,0.4239539,0.0,s_ms,c_ms,c_ms,random
5,8.581803e-06,0.0,s_ma,c_ms,c_ma,random
5,0.00020583978,0.0,s_ma,c_ms,c_ms,random
5,5.726019e-05,0.0,s_ma,c_ms,c_ma,random
5,0.00011463046,0.0,s_ma,c_ms,c_ms,random
5,1.5316295e-05,0.0,s_ma,c_ms,c_ma,random
5,0.5790899,1.0,s_ms,c_ma,c_ma,random
5,0.7231655,1.0,s_ms,c_ma,c_ms,random
5,0.73977196,1.0,s_ms,c_ma,c_ma,random
5,0.64426935,1.0,s_ms,c_ma,c_ms,random
5,0.6146289,1.0,s_ms,c_ma,c_ms,random
5,0.0016875027,0.0,s_ma,c_ma,c_ms,random
5,0.0008214963,0.0,s_ma,c_ma,c_ma,random
5,0.0011374612,0.0,s_ma,c_ma,c_ms,random
5,0.0016102884,0.0,s_ma,c_ma,c_ma,random
5,0.7722652,1.0,s_ms,c_ms,c_ma,random
5,0.7445837,1.0,s_ms,c_ms,c_ms,random
5,0.63345575,1.0,s_ms,c_ms,c_ms,random
5,0.816643,1.0,s_ms,c_ms,c_ma,random
5,0.731941,1.0,s_ms,c_ms,c_ma,random
5,5.1391904e-05,0.0,s_ma,c_ms,c_ms,random
5,3.151658e-05,0.0,s_ma,c_ms,c_ma,random
5,6.0829498e-05,0.0,s_ma,c_ms,c_ms,random
5,0.00039128988,0.0,s_ma,c_ms,c_ma,random
5,8.94903e-06,0.0,s_ma,c_ms,c_ms,random
5,0.4965983,0.0,s_ms,c_ma,c_ma,random
5,0.49131075,0.0,s_ms,c_ma,c_ms,random
5,0.34501082,0.0,s_ms,c_ma,c_ma,random
5,0.57944036,1.0,s_ms,c_ma,c_ms,random
5,0.5115508,1.0,s_ms,c_ma,c_ms,random
5,0.000151135,0.0,s_ma,c_ma,c_ms,random
5,0.0007153129,0.0,s_ma,c_ma,c_ma,random
5,0.00011940275,0.0,s_ma,c_ma,c_ms,random
5,3.9470757e-05,0.0,s_ma,c_ma,c_ma,random
5,0.4477056,0.0,s_ms,c_ms,c_ma,random
5,0.81647396,1.0,s_ms,c_ms,c_ms,random
5,0.45102245,0.0,s_ms,c_ms,c_ms,random
5,0.80002713,1.0,s_ms,c_ms,c_ma,random
5,0.57018054,1.0,s_ms,c_ms,c_ma,random
5,4.8694164e-05,0.0,s_ma,c_ms,c_ms,random
5,0.00011079429,0.0,s_ma,c_ms,c_ma,random
5,0.00019410305,0.0,s_ma,c_ms,c_ms,random
5,8.8431974e-05,0.0,s_ma,c_ms,c_ma,random
5,0.00010279215,0.0,s_ma,c_ms,c_ms,random
5,0.44354957,0.0,s_ms,c_ma,c_ms,random
5,0.6132019,1.0,s_ms,c_ma,c_ma,random
5,0.6119863,1.0,s_ms,c_ma,c_ms,random
5,0.43564343,0.0,s_ms,c_ma,c_ma,random
5,0.53945243,1.0,s_ms,c_ma,c_ma,random
5,0.00030327597,0.0,s_ma,c_ma,c_ma,random
5,0.00092798023,0.0,s_ma,c_ma,c_ms,random
5,0.00011278084,0.0,s_ma,c_ma,c_ms,random
5,0.00026378367,0.0,s_ma,c_ma,c_ms,random
5,0.3883715,0.0,s_ms,c_ms,c_ms,random
5,0.79166174,1.0,s_ms,c_ms,c_ma,random
5,0.54856616,1.0,s_ms,c_ms,c_ma,random
5,0.51504964,1.0,s_ms,c_ms,c_ms,random
5,0.5663022,1.0,s_ms,c_ms,c_ms,random
5,9.117318e-06,0.0,s_ma,c_ms,c_ma,random
5,6.435947e-05,0.0,s_ma,c_ms,c_ms,random
5,2.833315e-05,0.0,s_ma,c_ms,c_ma,random
5,6.002857e-05,0.0,s_ma,c_ms,c_ms,random
5,3.0788175e-05,0.0,s_ma,c_ms,c_ma,random
5,0.48934388,0.0,s_ms,c_ma,c_ma,random
5,0.30828357,0.0,s_ms,c_ma,c_ms,random
5,0.47586125,0.0,s_ms,c_ma,c_ma,random
5,0.49383578,0.0,s_ms,c_ma,c_ms,random
5,0.36763686,0.0,s_ms,c_ma,c_ms,random
5,0.00013663297,0.0,s_ma,c_ma,c_ms,random
5,0.0012852118,0.0,s_ma,c_ma,c_ma,random
5,3.6360165e-05,0.0,s_ma,c_ma,c_ma,random
5,0.00027553237,0.0,s_ma,c_ma,c_ms,random
5,0.45877784,0.0,s_ms,c_ms,c_ma,random
5,0.7544657,1.0,s_ms,c_ms,c_ms,random
5,0.48369485,0.0,s_ms,c_ms,c_ms,random
5,0.571283,1.0,s_ms,c_ms,c_ma,random
5,0.51949006,1.0,s_ms,c_ms,c_ma,random
5,2.6514768e-05,0.0,s_ma,c_ms,c_ms,random
5,6.921457e-05,0.0,s_ma,c_ms,c_ma,random
5,2.8933264e-05,0.0,s_ma,c_ms,c_ms,random
5,5.1603703e-05,0.0,s_ma,c_ms,c_ma,random
5,3.9856266e-05,0.0,s_ma,c_ms,c_ms,random
5,0.0002093558,0.0,s_ma,c_ms,c_ma,random
5,0.00021837658,0.0,s_ma,c_ms,c_ms,random
5,0.0037366957,0.0,s_ma,c_ms,c_ma,random
5,0.0011327532,0.0,s_ma,c_ms,c_ms,random
5,0.00056344765,0.0,s_ma,c_ms,c_ms,random
5,0.5865451,1.0,s_ms,c_ms,c_ms,random
5,0.18683389,0.0,s_ms,c_ms,c_ma,random
5,0.46392795,0.0,s_ms,c_ms,c_ma,random
5,0.5225843,1.0,s_ms,c_ms,c_ms,random
5,0.47118875,0.0,s_ms,c_ms,c_ma,random
5,0.0018477486,0.0,s_ma,c_ma,c_ms,random
5,0.0009809058,0.0,s_ma,c_ma,c_ms,random
5,0.0013394537,0.0,s_ma,c_ma,c_ma,random
5,0.0005505792,0.0,s_ma,c_ma,c_ma,random
5,0.4118253,0.0,s_ms,c_ma,c_ms,random
5,0.2511776,0.0,s_ms,c_ma,c_ma,random
5,0.38166177,0.0,s_ms,c_ma,c_ms,random
5,0.17947479,0.0,s_ms,c_ma,c_ma,random
5,0.41679326,0.0,s_ms,c_ma,c_ms,random
5,0.000997979,0.0,s_ma,c_ms,c_ms,random
5,0.00037174975,0.0,s_ma,c_ms,c_ma,random
5,0.0002629143,0.0,s_ma,c_ms,c_ms,random
5,0.00017429434,0.0,s_ma,c_ms,c_ma,random
5,0.0008401456,0.0,s_ma,c_ms,c_ma,random
5,0.37388518,0.0,s_ms,c_ms,c_ma,random
5,0.2126292,0.0,s_ms,c_ms,c_ms,random
5,0.11719189,0.0,s_ms,c_ms,c_ms,random
5,0.15872656,0.0,s_ms,c_ms,c_ma,random
5,0.1988342,0.0,s_ms,c_ms,c_ms,random
5,0.0016880871,0.0,s_ma,c_ma,c_ms,random
5,9.648682e-05,0.0,s_ma,c_ma,c_ma,random
5,0.00054265035,0.0,s_ma,c_ma,c_ms,random
5,6.0288905e-05,0.0,s_ma,c_ma,c_ms,random
5,0.35343498,0.0,s_ms,c_ma,c_ma,random
5,0.3310731,0.0,s_ms,c_ma,c_ms,random
5,0.4317351,0.0,s_ms,c_ma,c_ma,random
5,0.1245852,0.0,s_ms,c_ma,c_ms,random
5,0.54202056,1.0,s_ms,c_ma,c_ma,random
5,7.419657e-05,0.0,s_ma,c_ms,c_ms,random
5,0.00029223048,0.0,s_ma,c_ms,c_ma,random
5,0.0012538953,0.0,s_ma,c_ms,c_ms,random
5,0.0005485877,0.0,s_ma,c_ms,c_ma,random
5,0.0003792137,0.0,s_ma,c_ms,c_ma,random
5,0.5860516,1.0,s_ms,c_ms,c_ma,random
5,0.31133515,0.0,s_ms,c_ms,c_ms,random
5,0.43172312,0.0,s_ms,c_ms,c_ms,random
5,0.37295443,0.0,s_ms,c_ms,c_ma,random
5,0.41519973,0.0,s_ms,c_ms,c_ms,random
5,0.0008116023,0.0,s_ma,c_ma,c_ms,random
5,8.767878e-05,0.0,s_ma,c_ma,c_ma,random
5,0.00032267446,0.0,s_ma,c_ma,c_ms,random
5,3.2766555e-05,0.0,s_ma,c_ma,c_ms,random
5,0.31536952,0.0,s_ms,c_ma,c_ma,random
5,0.46075588,0.0,s_ms,c_ma,c_ms,random
5,0.19492814,0.0,s_ms,c_ma,c_ma,random
5,0.20104554,0.0,s_ms,c_ma,c_ms,random
5,0.46690112,0.0,s_ms,c_ma,c_ma,random
5,0.00018289611,0.0,s_ma,c_ms,c_ma,random
5,7.350221e-05,0.0,s_ma,c_ms,c_ms,random
5,0.0015747043,0.0,s_ma,c_ms,c_ma,random
5,0.00013604984,0.0,s_ma,c_ms,c_ms,random
5,0.00031538535,0.0,s_ma,c_ms,c_ms,random
5,0.41766506,0.0,s_ms,c_ms,c_ms,random
5,0.15803768,0.0,s_ms,c_ms,c_ma,random
5,0.13983762,0.0,s_ms,c_ms,c_ma,random
5,0.4178431,0.0,s_ms,c_ms,c_ms,random
5,0.33107257,0.0,s_ms,c_ms,c_ma,random
5,0.0012102564,0.0,s_ma,c_ma,c_ma,random
5,0.0005616506,0.0,s_ma,c_ma,c_ms,random
5,0.00034813033,0.0,s_ma,c_ma,c_ms,random
5,0.0003765956,0.0,s_ma,c_ma,c_ma,random
5,0.45969856,0.0,s_ms,c_ma,c_ms,random
5,0.5373952,1.0,s_ms,c_ma,c_ma,random
5,0.45475453,0.0,s_ms,c_ma,c_ms,random
5,0.12539539,0.0,s_ms,c_ma,c_ma,random
5,0.7161753,1.0,s_ms,c_ma,c_ms,random
5,0.0001263822,0.0,s_ma,c_ms,c_ma,random
5,2.6333715e-05,0.0,s_ma,c_ms,c_ms,random
5,0.0004934636,0.0,s_ma,c_ms,c_ma,random
5,0.00041049547,0.0,s_ma,c_ms,c_ms,random
5,0.0002204668,0.0,s_ma,c_ms,c_ms,random
5,0.4903136,0.0,s_ms,c_ms,c_ms,random
5,0.25210983,0.0,s_ms,c_ms,c_ma,random
5,0.32607025,0.0,s_ms,c_ms,c_ma,random
5,0.3222984,0.0,s_ms,c_ms,c_ms,random
5,0.3595003,0.0,s_ms,c_ms,c_ma,random
5,0.00049182534,0.0,s_ma,c_ma,c_ma,random
5,6.255141e-05,0.0,s_ma,c_ma,c_ms,random
5,3.409257e-05,0.0,s_ma,c_ma,c_ms,random
5,0.00035586834,0.0,s_ma,c_ma,c_ma,random
5,0.3206639,0.0,s_ms,c_ma,c_ms,random
5,0.35942805,0.0,s_ms,c_ma,c_ma,random
5,0.28710628,0.0,s_ms,c_ma,c_ms,random
5,0.20739624,0.0,s_ms,c_ma,c_ma,random
5,0.2607449,0.0,s_ms,c_ma,c_ms,random
5,0.50373065,1.0,s_ms,c_ms,c_ms,random
5,0.47858843,0.0,s_ms,c_ms,c_ma,random
5,0.41450307,0.0,s_ms,c_ms,c_ms,random
5,0.4716518,0.0,s_ms,c_ms,c_ma,random
5,0.47058302,0.0,s_ms,c_ms,c_ma,random
5,9.895325e-06,0.0,s_ma,c_ms,c_ma,random
5,4.9168895e-05,0.0,s_ma,c_ms,c_ms,random
5,5.0745555e-05,0.0,s_ma,c_ms,c_ms,random
5,1.0491602e-05,0.0,s_ma,c_ms,c_ma,random
5,2.9970739e-05,0.0,s_ma,c_ms,c_ms,random
5,0.5013629,1.0,s_ms,c_ma,c_ms,random
5,0.5399576,1.0,s_ms,c_ma,c_ma,random
5,0.58280873,1.0,s_ms,c_ma,c_ma,random
5,0.42879546,0.0,s_ms,c_ma,c_ms,random
5,0.58429736,1.0,s_ms,c_ma,c_ms,random
5,0.00013805696,0.0,s_ma,c_ma,c_ms,random
5,0.00012826522,0.0,s_ma,c_ma,c_ma,random
5,9.052074e-05,0.0,s_ma,c_ma,c_ms,random
5,0.00019670026,0.0,s_ma,c_ma,c_ma,random
5,0.559446,1.0,s_ms,c_ms,c_ma,random
5,0.36772203,0.0,s_ms,c_ms,c_ms,random
5,0.36767983,0.0,s_ms,c_ms,c_ma,random
5,0.26292402,0.0,s_ms,c_ms,c_ms,random
5,0.28589153,0.0,s_ms,c_ms,c_ms,random
5,0.00020454788,0.0,s_ma,c_ms,c_ms,random
5,2.9599378e-05,0.0,s_ma,c_ms,c_ma,random
5,0.00010511714,0.0,s_ma,c_ms,c_ma,random
5,6.960494e-05,0.0,s_ma,c_ms,c_ms,random
5,7.517443e-05,0.0,s_ma,c_ms,c_ma,random
5,0.69226694,1.0,s_ms,c_ma,c_ma,random
5,0.6035285,1.0,s_ms,c_ma,c_ms,random
5,0.46807283,0.0,s_ms,c_ma,c_ms,random
5,0.3839739,0.0,s_ms,c_ma,c_ma,random
5,0.5681986,1.0,s_ms,c_ma,c_ma,random
5,0.00016407754,0.0,s_ma,c_ma,c_ms,random
5,0.0013329389,0.0,s_ma,c_ma,c_ms,random
5,0.0019558235,0.0,s_ma,c_ma,c_ma,random
5,0.003972916,0.0,s_ma,c_ma,c_ms,random
5,0.33867753,0.0,s_ms,c_ms,c_ms,random
5,0.47457755,0.0,s_ms,c_ms,c_ma,random
5,0.47735667,0.0,s_ms,c_ms,c_ms,random
5,0.46785617,0.0,s_ms,c_ms,c_ma,random
5,0.26510388,0.0,s_ms,c_ms,c_ma,random
5,6.6023356e-05,0.0,s_ma,c_ms,c_ma,random
5,6.022172e-05,0.0,s_ma,c_ms,c_ms,random
5,0.00019141867,0.0,s_ma,c_ms,c_ms,random
5,3.214831e-05,0.0,s_ma,c_ms,c_ma,random
5,2.9202505e-05,0.0,s_ma,c_ms,c_ms,random
5,0.57700914,1.0,s_ms,c_ma,c_ms,random
5,0.49458456,0.0,s_ms,c_ma,c_ma,random
5,0.7273351,1.0,s_ms,c_ma,c_ma,random
5,0.45135573,0.0,s_ms,c_ma,c_ms,random
5,0.6299621,1.0,s_ms,c_ma,c_ms,random
5,0.00012662301,0.0,s_ma,c_ma,c_ma,random
5,0.0012545979,0.0,s_ma,c_ma,c_ms,random
5,0.0018624406,0.0,s_ma,c_ma,c_ms,random
5,0.002839214,0.0,s_ma,c_ma,c_ma,random
5,0.2777955,0.0,s_ms,c_ms,c_ma,random
5,0.29183936,0.0,s_ms,c_ms,c_ms,random
5,0.51649904,1.0,s_ms,c_ms,c_ma,random
5,0.43214422,0.0,s_ms,c_ms,c_ms,random
5,0.3465836,0.0,s_ms,c_ms,c_ms,random
5,0.00012191968,0.0,s_ma,c_ms,c_ms,random
5,0.0003398004,0.0,s_ma,c_ms,c_ma,random
5,9.160803e-05,0.0,s_ma,c_ms,c_ma,random
5,7.1712224e-05,0.0,s_ma,c_ms,c_ms,random
5,5.8487818e-05,0.0,s_ma,c_ms,c_ma,random
5,0.7518891,1.0,s_ms,c_ma,c_ma,random
5,0.8348155,1.0,s_ms,c_ma,c_ms,random
5,0.7177329,1.0,s_ms,c_ma,c_ms,random
5,0.8337154,1.0,s_ms,c_ma,c_ma,random
5,0.72852814,1.0,s_ms,c_ma,c_ma,random
5,8.6599044e-05,0.0,s_ma,c_ma,c_ms,random
5,0.0019091102,0.0,s_ma,c_ma,c_ma,random
5,0.001944581,0.0,s_ma,c_ma,c_ms,random
5,0.00077544426,0.0,s_ma,c_ma,c_ms,random
5,0.4118216,0.0,s_ms,c_ms,c_ms,random
5,0.41671735,0.0,s_ms,c_ms,c_ma,random
5,0.5339295,1.0,s_ms,c_ms,c_ms,random
5,0.5048374,1.0,s_ms,c_ms,c_ma,random
5,0.4812594,0.0,s_ms,c_ms,c_ma,random
5,1.9495506e-05,0.0,s_ma,c_ms,c_ma,random
5,8.576022e-06,0.0,s_ma,c_ms,c_ms,random
5,9.6800744e-05,0.0,s_ma,c_ms,c_ms,random
5,3.43192e-05,0.0,s_ma,c_ms,c_ma,random
5,4.515187e-05,0.0,s_ma,c_ms,c_ms,random
5,0.5057305,1.0,s_ms,c_ma,c_ms,random
5,0.37750846,0.0,s_ms,c_ma,c_ma,random
5,0.4438986,0.0,s_ms,c_ma,c_ma,random
5,0.21497157,0.0,s_ms,c_ma,c_ms,random
5,0.6638553,1.0,s_ms,c_ma,c_ms,random
5,0.00021415907,0.0,s_ma,c_ma,c_ma,random
5,0.003726025,0.0,s_ma,c_ma,c_ms,random
5,0.003224453,0.0,s_ma,c_ma,c_ma,random
5,0.0008673722,0.0,s_ma,c_ma,c_ms,random
6,5.3238555e-06,0.0,s_ma,c_ma,c_ms,blocked
6,0.0001986943,0.0,s_ma,c_ma,c_ma,blocked
6,6.455374e-05,0.0,s_ma,c_ma,c_ms,blocked
6,6.815746e-05,0.0,s_ma,c_ma,c_ms,blocked
6,0.41277325,0.0,s_ms,c_ma,c_ms,blocked
6,0.4646451,0.0,s_ms,c_ma,c_ma,blocked
6,0.34515017,0.0,s_ms,c_ma,c_ma,blocked
6,0.41625357,0.0,s_ms,c_ma,c_ms,blocked
6,0.51108134,1.0,s_ms,c_ma,c_ma,blocked
6,8.69877e-06,0.0,s_ma,c_ms,c_ma,blocked
6,7.721165e-06,0.0,s_ma,c_ms,c_ms,blocked
6,4.730219e-06,0.0,s_ma,c_ms,c_ms,blocked
6,1.929147e-05,0.0,s_ma,c_ms,c_ma,blocked
6,1.9216668e-05,0.0,s_ma,c_ms,c_ma,blocked
6,0.03301131,0.0,s_ms,c_ms,c_ms,blocked
6,0.16670334,0.0,s_ms,c_ms,c_ma,blocked
6,0.017558359,0.0,s_ms,c_ms,c_ms,blocked
6,0.026993454,0.0,s_ms,c_ms,c_ma,blocked
6,0.01884406,0.0,s_ms,c_ms,c_ms,blocked
6,5.1749175e-06,0.0,s_ma,c_ma,c_ms,blocked
6,0.00010216192,0.0,s_ma,c_ma,c_ms,blocked
6,2.6147238e-05,0.0,s_ma,c_ma,c_ma,blocked
6,9.505888e-07,0.0,s_ma,c_ma,c_ma,blocked
6,0.38075322,0.0,s_ms,c_ma,c_ma,blocked
6,0.45825225,0.0,s_ms,c_ma,c_ms,blocked
6,0.49774566,0.0,s_ms,c_ma,c_ms,blocked
6,0.43449298,0.0,s_ms,c_ma,c_ma,blocked
6,0.37540036,0.0,s_ms,c_ma,c_ms,blocked
6,2.4176452e-06,0.0,s_ma,c_ms,c_ms,blocked
6,1.8875506e-05,0.0,s_ma,c_ms,c_ma,blocked
6,3.4597786e-06,0.0,s_ma,c_ms,c_ma,blocked
6,3.4066234e-06,0.0,s_ma,c_ms,c_ms,blocked
6,1.3917938e-05,0.0,s_ma,c_ms,c_ms,blocked
6,0.029982071,0.0,s_ms,c_ms,c_ma,blocked
6,0.15209974,0.0,s_ms,c_ms,c_ms,blocked
6,0.024189651,0.0,s_ms,c_ms,c_ma,blocked
6,0.021814791,0.0,s_ms,c_ms,c_ms,blocked
6,0.024345499,0.0,s_ms,c_ms,c_ma,blocked
6,0.00018121966,0.0,s_ma,c_ma,c_ma,blocked
6,0.00011545411,0.0,s_ma,c_ma,c_ms,blocked
6,0.00021820693,0.0,s_ma,c_ma,c_ms,blocked
6,7.7547025e-05,0.0,s_ma,c_ma,c_ms,blocked
6,0.5938642,1.0,s_ms,c_ma,c_ms,blocked
6,0.52632576,1.0,s_ms,c_ma,c_ma,blocked
6,0.46064553,0.0,s_ms,c_ma,c_ma,blocked
6,0.49863607,0.0,s_ms,c_ma,c_ms,blocked
6,0.5321656,1.0,s_ms,c_ma,c_ma,blocked
6,0.0005403928,0.0,s_ma,c_ms,c_ma,blocked
6,0.00022311733,0.0,s_ma,c_ms,c_ms,blocked
6,0.00026506264,0.0,s_ma,c_ms,c_ms,blocked
6,0.00013091248,0.0,s_ma,c_ms,c_ma,blocked
6,0.00033015758,0.0,s_ma,c_ms,c_ma,blocked
6,0.16096798,0.0,s_ms,c_ms,c_ms,blocked
6,0.2620989,0.0,s_ms,c_ms,c_ma,blocked
6,0.1564976,0.0,s_ms,c_ms,c_ms,blocked
6,0.16048932,0.0,s_ms,c_ms,c_ma,blocked
6,0.15283093,0.0,s_ms,c_ms,c_ms,blocked
6,5.904113e-05,0.0,s_ma,c_ma,c_ms,blocked
6,2.5842632e-05,0.0,s_ma,c_ma,c_ma,blocked
6,0.0002203665,0.0,s_ma,c_ma,c_ms,blocked
6,2.8041373e-05,0.0,s_ma,c_ma,c_ma,blocked
6,0.44193393,0.0,s_ms,c_ma,c_ma,blocked
6,0.45723826,0.0,s_ms,c_ma,c_ms,blocked
6,0.4962323,0.0,s_ms,c_ma,c_ms,blocked
6,0.4537569,0.0,s_ms,c_ma,c_ma,blocked
6,0.41754395,0.0,s_ms,c_ma,c_ms,blocked
6,0.00089798,0.0,s_ma,c_ms,c_ms,blocked
6,2.4055436e-05,0.0,s_ma,c_ms,c_ma,blocked
6,5.5028362e-05,0.0,s_ma,c_ms,c_ma,blocked
6,0.00019903744,0.0,s_ma,c_ms,c_ms,blocked
6,0.00036829026,0.0,s_ma,c_ms,c_ms,blocked
6,0.20061632,0.0,s_ms,c_ms,c_ma,blocked
6,0.18348001,0.0,s_ms,c_ms,c_ms,blocked
6,0.12671885,0.0,s_ms,c_ms,c_ma,blocked
6,0.1724206,0.0,s_ms,c_ms,c_ms,blocked
6,0.180216,0.0,s_ms,c_ms,c_ma,blocked
6,6.6912864e-05,0.0,s_ma,c_ma,c_ms,blocked
6,9.863708e-07,0.0,s_ma,c_ma,c_ma,blocked
6,7.3111805e-05,0.0,s_ma,c_ma,c_ms,blocked
6,2.8854869e-05,0.0,s_ma,c_ma,c_ma,blocked
6,0.4659531,0.0,s_ms,c_ma,c_ma,blocked
6,0.4490776,0.0,s_ms,c_ma,c_ms,blocked
6,0.4165235,0.0,s_ms,c_ma,c_ms,blocked
6,0.2512996,0.0,s_ms,c_ma,c_ma,blocked
6,0.3782412,0.0,s_ms,c_ma,c_ms,blocked
6,7.737148e-06,0.0,s_ma,c_ms,c_ms,blocked
6,4.645513e-06,0.0,s_ma,c_ms,c_ma,blocked
6,5.3979975e-06,0.0,s_ma,c_ms,c_ma,blocked
6,5.395559e-06,0.0,s_ma,c_ms,c_ms,blocked
6,6.4844976e-06,0.0,s_ma,c_ms,c_ms,blocked
6,0.04648668,0.0,s_ms,c_ms,c_ma,blocked
6,0.122370765,0.0,s_ms,c_ms,c_ms,blocked
6,0.028310508,0.0,s_ms,c_ms,c_ma,blocked
6,0.032876424,0.0,s_ms,c_ms,c_ms,blocked
6,0.015382625,0.0,s_ms,c_ms,c_ma,blocked
6,0.49572957,0.0,s_ms,c_ma,c_ms,blocked
6,0.4789472,0.0,s_ms,c_ma,c_ma,blocked
6,0.30228686,0.0,s_ms,c_ma,c_ms,blocked
6,0.469994,0.0,s_ms,c_ma,c_ma,blocked
6,0.43645722,0.0,s_ms,c_ma,c_ma,blocked
6,1.5708316e-05,0.0,s_ma,c_ma,c_ms,blocked
6,0.00023922723,0.0,s_ma,c_ma,c_ms,blocked
6,0.00018857232,0.0,s_ma,c_ma,c_ma,blocked
6,0.00010396973,0.0,s_ma,c_ma,c_ms,blocked
6,0.14806414,0.0,s_ms,c_ms,c_ms,blocked
6,0.16690019,0.0,s_ms,c_ms,c_ma,blocked
6,0.21941568,0.0,s_ms,c_ms,c_ma,blocked
6,0.18846983,0.0,s_ms,c_ms,c_ms,blocked
6,0.1489329,0.0,s_ms,c_ms,c_ms,blocked
6,4.282168e-05,0.0,s_ma,c_ms,c_ma,blocked
6,0.00042619044,0.0,s_ma,c_ms,c_ms,blocked
6,9.037142e-05,0.0,s_ma,c_ms,c_ma,blocked
6,0.00023058687,0.0,s_ma,c_ms,c_ms,blocked
6,8.7280074e-05,0.0,s_ma,c_ms,c_ma,blocked
6,0.43324524,0.0,s_ms,c_ma,c_ma,blocked
6,0.39998052,0.0,s_ms,c_ma,c_ms,blocked
6,0.34278554,0.0,s_ms,c_ma,c_ma,blocked
6,0.40983725,0.0,s_ms,c_ma,c_ms,blocked
6,0.42992723,0.0,s_ms,c_ma,c_ms,blocked
6,1.5847589e-05,0.0,s_ma,c_ma,c_ms,blocked
6,0.0009465456,0.0,s_ma,c_ma,c_ma,blocked
6,0.00010796222,0.0,s_ma,c_ma,c_ms,blocked
6,0.00037463568,0.0,s_ma,c_ma,c_ma,blocked
6,0.20528568,0.0,s_ms,c_ms,c_ma,blocked
6,0.17161539,0.0,s_ms,c_ms,c_ms,blocked
6,0.2062139,0.0,s_ms,c_ms,c_ms,blocked
6,0.23201613,0.0,s_ms,c_ms,c_ma,blocked
6,0.26667148,0.0,s_ms,c_ms,c_ma,blocked
6,7.1601324e-05,0.0,s_ma,c_ms,c_ms,blocked
6,0.00051246746,0.0,s_ma,c_ms,c_ma,blocked
6,0.00019468361,0.0,s_ma,c_ms,c_ms,blocked
6,0.0009575318,0.0,s_ma,c_ms,c_ma,blocked
6,8.285908e-05,0.0,s_ma,c_ms,c_ms,blocked
6,0.5525022,1.0,s_ms,c_ma,c_ma,blocked
6,0.39837563,0.0,s_ms,c_ma,c_ms,blocked
6,0.4383006,0.0,s_ms,c_ma,c_ma,blocked
6,0.3851853,0.0,s_ms,c_ma,c_ms,blocked
6,0.47007522,0.0,s_ms,c_ma,c_ms,blocked
6,0.00022539964,0.0,s_ma,c_ma,c_ms,blocked
6,0.00086558674,0.0,s_ma,c_ma,c_ma,blocked
6,0.00012756228,0.0,s_ma,c_ma,c_ms,blocked
6,0.00031617496,0.0,s_ma,c_ma,c_ma,blocked
6,0.1477209,0.0,s_ms,c_ms,c_ma,blocked
6,0.22478098,0.0,s_ms,c_ms,c_ms,blocked
6,0.20339508,0.0,s_ms,c_ms,c_ms,blocked
6,0.2099456,0.0,s_ms,c_ms,c_ma,blocked
6,0.21912679,0.0,s_ms,c_ms,c_ma,blocked
6,7.7520504e-05,0.0,s_ma,c_ms,c_ms,blocked
6,0.0001533838,0.0,s_ma,c_ms,c_ma,blocked
6,3.5389592e-05,0.0,s_ma,c_ms,c_ms,blocked
6,0.00015528324,0.0,s_ma,c_ms,c_ma,blocked
6,3.0655323e-05,0.0,s_ma,c_ms,c_ms,blocked
6,0.48072517,0.0,s_ms,c_ma,c_ms,blocked
6,0.45500112,0.0,s_ms,c_ma,c_ma,blocked
6,0.37289923,0.0,s_ms,c_ma,c_ms,blocked
6,0.46683085,0.0,s_ms,c_ma,c_ma,blocked
6,0.675769,1.0,s_ms,c_ma,c_ma,blocked
6,0.00019018645,0.0,s_ma,c_ma,c_ma,blocked
6,0.00011424676,0.0,s_ma,c_ma,c_ms,blocked
6,0.00012577084,0.0,s_ma,c_ma,c_ms,blocked
6,0.0025351816,0.0,s_ma,c_ma,c_ms,blocked
6,0.17532055,0.0,s_ms,c_ms,c_ms,blocked
6,0.17327133,0.0,s_ms,c_ms,c_ma,blocked
6,0.18657179,0.0,s_ms,c_ms,c_ma,blocked
6,0.27095228,0.0,s_ms,c_ms,c_ms,blocked
6,0.2195121,0.0,s_ms,c_ms,c_ms,blocked
6,2.4194262e-05,0.0,s_ma,c_ms,c_ma,blocked
6,0.00047956902,0.0,s_ma,c_ms,c_ms,blocked
6,0.001154556,0.0,s_ma,c_ms,c_ma,blocked
6,0.0017351995,0.0,s_ma,c_ms,c_ms,blocked
6,5.710029e-05,0.0,s_ma,c_ms,c_ma,blocked
6,0.39417756,0.0,s_ms,c_ma,c_ma,blocked
6,0.55589783,1.0,s_ms,c_ma,c_ms,blocked
6,0.38746157,0.0,s_ms,c_ma,c_ma,blocked
6,0.48756304,0.0,s_ms,c_ma,c_ms,blocked
6,0.5347835,1.0,s_ms,c_ma,c_ms,blocked
6,0.0001065684,0.0,s_ma,c_ma,c_ms,blocked
6,0.00043877328,0.0,s_ma,c_ma,c_ma,blocked
6,0.0003380229,0.0,s_ma,c_ma,c_ma,blocked
6,0.0025026477,0.0,s_ma,c_ma,c_ms,blocked
6,0.30610633,0.0,s_ms,c_ms,c_ma,blocked
6,0.38667113,0.0,s_ms,c_ms,c_ms,blocked
6,0.49924293,0.0,s_ms,c_ms,c_ms,blocked
6,0.35824925,0.0,s_ms,c_ms,c_ma,blocked
6,0.22920237,0.0,s_ms,c_ms,c_ma,blocked
6,2.761625e-05,0.0,s_ma,c_ms,c_ms,blocked
6,1.9234241e-05,0.0,s_ma,c_ms,c_ma,blocked
6,0.0002190934,0.0,s_ma,c_ms,c_ms,blocked
6,0.00029599055,0.0,s_ma,c_ms,c_ma,blocked
6,6.423662e-05,0.0,s_ma,c_ms,c_ms,blocked
6,0.0018052411,0.0,s_ma,c_ms,c_ma,blocked
6,0.00012244936,0.0,s_ma,c_ms,c_ms,blocked
6,0.0066048666,0.0,s_ma,c_ms,c_ma,blocked
6,0.0018332603,0.0,s_ma,c_ms,c_ms,blocked
6,0.0015331245,0.0,s_ma,c_ms,c_ms,blocked
6,0.5461663,1.0,s_ms,c_ms,c_ms,blocked
6,0.51736623,1.0,s_ms,c_ms,c_ma,blocked
6,0.5065229,1.0,s_ms,c_ms,c_ma,blocked
6,0.5646516,1.0,s_ms,c_ms,c_ms,blocked
6,0.57474107,1.0,s_ms,c_ms,c_ma,blocked
6,0.00037392494,0.0,s_ma,c_ma,c_ms,blocked
6,0.00062552426,0.0,s_ma,c_ma,c_ms,blocked
6,0.0010234541,0.0,s_ma,c_ma,c_ma,blocked
6,0.0013888788,0.0,s_ma,c_ma,c_ma,blocked
6,0.6256722,1.0,s_ms,c_ma,c_ms,blocked
6,0.69218814,1.0,s_ms,c_ma,c_ma,blocked
6,0.68924457,1.0,s_ms,c_ma,c_ms,blocked
6,0.59113723,1.0,s_ms,c_ma,c_ma,blocked
6,0.5704365,1.0,s_ms,c_ma,c_ms,blocked
6,0.00042611573,0.0,s_ma,c_ms,c_ms,blocked
6,0.0013183407,0.0,s_ma,c_ms,c_ma,blocked
6,0.0052842177,0.0,s_ma,c_ms,c_ms,blocked
6,0.00011162795,0.0,s_ma,c_ms,c_ma,blocked
6,0.00011602242,0.0,s_ma,c_ms,c_ma,blocked
6,0.44266528,0.0,s_ms,c_ms,c_ma,blocked
6,0.46777865,0.0,s_ms,c_ms,c_ms,blocked
6,0.40353876,0.0,s_ms,c_ms,c_ms,blocked
6,0.5498017,1.0,s_ms,c_ms,c_ma,blocked
6,0.559592,1.0,s_ms,c_ms,c_ms,blocked
6,0.0003883745,0.0,s_ma,c_ma,c_ms,blocked
6,0.003962015,0.0,s_ma,c_ma,c_ma,blocked
6,0.0007678424,0.0,s_ma,c_ma,c_ms,blocked
6,0.003518422,0.0,s_ma,c_ma,c_ms,blocked
6,0.46349007,0.0,s_ms,c_ma,c_ma,blocked
6,0.5259553,1.0,s_ms,c_ma,c_ms,blocked
6,0.5769217,1.0,s_ms,c_ma,c_ma,blocked
6,0.54664993,1.0,s_ms,c_ma,c_ms,blocked
6,0.6034965,1.0,s_ms,c_ma,c_ma,blocked
6,0.00020167122,0.0,s_ma,c_ms,c_ms,blocked
6,0.00017581905,0.0,s_ma,c_ms,c_ma,blocked
6,0.010359651,0.0,s_ma,c_ms,c_ms,blocked
6,0.00010476913,0.0,s_ma,c_ms,c_ma,blocked
6,5.4989858e-05,0.0,s_ma,c_ms,c_ma,blocked
6,0.47068912,0.0,s_ms,c_ms,c_ma,blocked
6,0.5007019,1.0,s_ms,c_ms,c_ms,blocked
6,0.4077906,0.0,s_ms,c_ms,c_ms,blocked
6,0.48505837,0.0,s_ms,c_ms,c_ma,blocked
6,0.42150468,0.0,s_ms,c_ms,c_ms,blocked
6,0.0005757482,0.0,s_ma,c_ma,c_ms,blocked
6,0.0039881906,0.0,s_ma,c_ma,c_ma,blocked
6,0.0011115605,0.0,s_ma,c_ma,c_ms,blocked
6,0.0010966118,0.0,s_ma,c_ma,c_ms,blocked
6,0.5047387,1.0,s_ms,c_ma,c_ma,blocked
6,0.62407184,1.0,s_ms,c_ma,c_ms,blocked
6,0.6008284,1.0,s_ms,c_ma,c_ma,blocked
6,0.47628912,0.0,s_ms,c_ma,c_ms,blocked
6,0.5603126,1.0,s_ms,c_ma,c_ma,blocked
6,0.004358936,0.0,s_ma,c_ms,c_ma,blocked
6,0.000112890215,0.0,s_ma,c_ms,c_ms,blocked
6,0.004200666,0.0,s_ma,c_ms,c_ma,blocked
6,0.0004885623,0.0,s_ma,c_ms,c_ms,blocked
6,0.0008013304,0.0,s_ma,c_ms,c_ms,blocked
6,0.5186608,1.0,s_ms,c_ms,c_ms,blocked
6,0.38637912,0.0,s_ms,c_ms,c_ma,blocked
6,0.34867647,0.0,s_ms,c_ms,c_ma,blocked
6,0.44808003,0.0,s_ms,c_ms,c_ms,blocked
6,0.3862841,0.0,s_ms,c_ms,c_ma,blocked
6,0.0010956717,0.0,s_ma,c_ma,c_ma,blocked
6,0.000739382,0.0,s_ma,c_ma,c_ms,blocked
6,0.0010560253,0.0,s_ma,c_ma,c_ms,blocked
6,0.00018678451,0.0,s_ma,c_ma,c_ma,blocked
6,0.42795974,0.0,s_ms,c_ma,c_ms,blocked
6,0.5100322,1.0,s_ms,c_ma,c_ma,blocked
6,0.56663555,1.0,s_ms,c_ma,c_ms,blocked
6,0.45022738,0.0,s_ms,c_ma,c_ma,blocked
6,0.37226078,0.0,s_ms,c_ma,c_ms,blocked
6,0.00085789716,0.0,s_ma,c_ms,c_ma,blocked
6,0.0019916694,0.0,s_ma,c_ms,c_ms,blocked
6,0.012608423,0.0,s_ma,c_ms,c_ma,blocked
6,0.0025857347,0.0,s_ma,c_ms,c_ms,blocked
6,0.0002363411,0.0,s_ma,c_ms,c_ms,blocked
6,0.50678575,1.0,s_ms,c_ms,c_ms,blocked
6,0.41031265,0.0,s_ms,c_ms,c_ma,blocked
6,0.61777747,1.0,s_ms,c_ms,c_ma,blocked
6,0.6703608,1.0,s_ms,c_ms,c_ms,blocked
6,0.68923926,1.0,s_ms,c_ms,c_ma,blocked
6,0.0012805739,0.0,s_ma,c_ma,c_ma,blocked
6,0.0032940984,0.0,s_ma,c_ma,c_ms,blocked
6,0.0010892837,0.0,s_ma,c_ma,c_ms,blocked
6,0.00017304266,0.0,s_ma,c_ma,c_ma,blocked
6,0.47721535,0.0,s_ms,c_ma,c_ms,blocked
6,0.7615349,1.0,s_ms,c_ma,c_ma,blocked
6,0.6168641,1.0,s_ms,c_ma,c_ms,blocked
6,0.4686476,0.0,s_ms,c_ma,c_ma,blocked
6,0.4406191,0.0,s_ms,c_ma,c_ms,blocked
6,0.017325524,0.0,s_ms,c_ms,c_ms,blocked
6,0.14975235,0.0,s_ms,c_ms,c_ma,blocked
6,0.07397255,0.0,s_ms,c_ms,c_ms,blocked
6,0.10154811,0.0,s_ms,c_ms,c_ma,blocked
6,0.014126878,0.0,s_ms,c_ms,c_ma,blocked
6,1.8007697e-05,0.0,s_ma,c_ms,c_ma,blocked
6,5.725329e-05,0.0,s_ma,c_ms,c_ms,blocked
6,7.0092974e-05,0.0,s_ma,c_ms,c_ms,blocked
6,2.5414964e-05,0.0,s_ma,c_ms,c_ma,blocked
6,4.498683e-05,0.0,s_ma,c_ms,c_ms,blocked
6,0.29419535,0.0,s_ms,c_ma,c_ms,blocked
6,0.43577692,0.0,s_ms,c_ma,c_ma,blocked
6,0.40689266,0.0,s_ms,c_ma,c_ma,blocked
6,0.446394,0.0,s_ms,c_ma,c_ms,blocked
6,0.4450403,0.0,s_ms,c_ma,c_ms,blocked
6,5.3332602e-05,0.0,s_ma,c_ma,c_ms,blocked
6,2.2520142e-06,0.0,s_ma,c_ma,c_ma,blocked
6,2.7308764e-05,0.0,s_ma,c_ma,c_ms,blocked
6,9.041442e-06,0.0,s_ma,c_ma,c_ma,blocked
6,0.036419373,0.0,s_ms,c_ms,c_ma,blocked
6,0.06912282,0.0,s_ms,c_ms,c_ms,blocked
6,0.056859143,0.0,s_ms,c_ms,c_ma,blocked
6,0.13992348,0.0,s_ms,c_ms,c_ms,blocked
6,0.027530171,0.0,s_ms,c_ms,c_ms,blocked
6,0.0005109595,0.0,s_ma,c_ms,c_ms,blocked
6,0.00029193377,0.0,s_ma,c_ms,c_ma,blocked
6,0.00016689074,0.0,s_ma,c_ms,c_ma,blocked
6,0.00042934093,0.0,s_ma,c_ms,c_ms,blocked
6,2.7559829e-05,0.0,s_ma,c_ms,c_ma,blocked
6,0.22953051,0.0,s_ms,c_ma,c_ma,blocked
6,0.37498277,0.0,s_ms,c_ma,c_ms,blocked
6,0.28125268,0.0,s_ms,c_ma,c_ms,blocked
6,0.40616393,0.0,s_ms,c_ma,c_ma,blocked
6,0.16383925,0.0,s_ms,c_ma,c_ma,blocked
6,5.70415e-05,0.0,s_ma,c_ma,c_ms,blocked
6,3.8339484e-05,0.0,s_ma,c_ma,c_ms,blocked
6,5.1717703e-05,0.0,s_ma,c_ma,c_ma,blocked
6,5.610528e-05,0.0,s_ma,c_ma,c_ms,blocked
6,0.024379386,0.0,s_ms,c_ms,c_ms,blocked
6,0.15590952,0.0,s_ms,c_ms,c_ma,blocked
6,0.1785798,0.0,s_ms,c_ms,c_ms,blocked
6,0.17635429,0.0,s_ms,c_ms,c_ma,blocked
6,0.03644294,0.0,s_ms,c_ms,c_ma,blocked
6,0.00015099606,0.0,s_ma,c_ms,c_ma,blocked
6,0.00013723005,0.0,s_ma,c_ms,c_ms,blocked
6,2.915354e-05,0.0,s_ma,c_ms,c_ms,blocked
6,0.0010849847,0.0,s_ma,c_ms,c_ma,blocked
6,0.00016610094,0.0,s_ma,c_ms,c_ms,blocked
6,0.23824228,0.0,s_ms,c_ma,c_ms,blocked
6,0.34943557,0.0,s_ms,c_ma,c_ma,blocked
6,0.30355456,0.0,s_ms,c_ma,c_ma,blocked
6,0.34406364,0.0,s_ms,c_ma,c_ms,blocked
6,0.29122102,0.0,s_ms,c_ma,c_ms,blocked
6,2.4458675e-06,0.0,s_ma,c_ma,c_ma,blocked
6,3.8384456e-05,0.0,s_ma,c_ma,c_ms,blocked
6,8.183658e-05,0.0,s_ma,c_ma,c_ms,blocked
6,2.450584e-05,0.0,s_ma,c_ma,c_ma,blocked
6,0.1305913,0.0,s_ms,c_ms,c_ma,blocked
6,0.034077108,0.0,s_ms,c_ms,c_ms,blocked
6,0.10669209,0.0,s_ms,c_ms,c_ma,blocked
6,0.29731035,0.0,s_ms,c_ms,c_ms,blocked
6,0.026364576,0.0,s_ms,c_ms,c_ms,blocked
6,0.00025341133,0.0,s_ma,c_ms,c_ms,blocked
6,0.00076274923,0.0,s_ma,c_ms,c_ma,blocked
6,0.00014473817,0.0,s_ma,c_ms,c_ma,blocked
6,0.0017382592,0.0,s_ma,c_ms,c_ms,blocked
6,0.00022874636,0.0,s_ma,c_ms,c_ma,blocked
6,0.319641,0.0,s_ms,c_ma,c_ma,blocked
6,0.3603912,0.0,s_ms,c_ma,c_ms,blocked
6,0.4185804,0.0,s_ms,c_ma,c_ms,blocked
6,0.4643893,0.0,s_ms,c_ma,c_ma,blocked
6,0.4247151,0.0,s_ms,c_ma,c_ma,blocked
6,2.9299277e-05,0.0,s_ma,c_ma,c_ms,blocked
6,5.7145528e-05,0.0,s_ma,c_ma,c_ma,blocked
6,8.618924e-05,0.0,s_ma,c_ma,c_ms,blocked
6,5.7162677e-05,0.0,s_ma,c_ma,c_ms,blocked
6,0.043333873,0.0,s_ms,c_ms,c_ms,blocked
6,0.115369976,0.0,s_ms,c_ms,c_ma,blocked
6,0.038683876,0.0,s_ms,c_ms,c_ms,blocked
6,0.14472644,0.0,s_ms,c_ms,c_ma,blocked
6,0.031135552,0.0,s_ms,c_ms,c_ma,blocked
6,3.8819082e-05,0.0,s_ma,c_ms,c_ma,blocked
6,6.777143e-05,0.0,s_ma,c_ms,c_ms,blocked
6,3.3176617e-05,0.0,s_ma,c_ms,c_ms,blocked
6,8.519939e-05,0.0,s_ma,c_ms,c_ma,blocked
6,9.530723e-05,0.0,s_ma,c_ms,c_ms,blocked
6,0.33169046,0.0,s_ms,c_ma,c_ms,blocked
6,0.31041917,0.0,s_ms,c_ma,c_ma,blocked
6,0.33586726,0.0,s_ms,c_ma,c_ma,blocked
6,0.4939152,0.0,s_ms,c_ma,c_ms,blocked
6,0.45472997,0.0,s_ms,c_ma,c_ms,blocked
6,9.419453e-06,0.0,s_ma,c_ma,c_ma,blocked
6,5.6358345e-05,0.0,s_ma,c_ma,c_ms,blocked
6,2.3646317e-05,0.0,s_ma,c_ma,c_ma,blocked
6,5.9019952e-05,0.0,s_ma,c_ma,c_ms,blocked
6,3.567294e-05,0.0,s_ma,c_ma,c_ms,interleaved
6,0.0007101137,0.0,s_ma,c_ma,c_ma,interleaved
6,0.00061290554,0.0,s_ma,c_ma,c_ms,interleaved
6,0.001020903,0.0,s_ma,c_ma,c_ms,interleaved
6,0.67812884,1.0,s_ms,c_ma,c_ms,interleaved
6,0.58183813,1.0,s_ms,c_ma,c_ma,interleaved
6,0.39342797,0.0,s_ms,c_ma,c_ma,interleaved
6,0.5323107,1.0,s_ms,c_ma,c_ms,interleaved
6,0.570305,1.0,s_ms,c_ma,c_ma,interleaved
6,0.00013786057,0.0,s_ma,c_ms,c_ma,interleaved
6,2.6772208e-05,0.0,s_ma,c_ms,c_ms,interleaved
6,3.1751083e-06,0.0,s_ma,c_ms,c_ms,interleaved
6,0.00028909103,0.0,s_ma,c_ms,c_ma,interleaved
6,4.135934e-05,0.0,s_ma,c_ms,c_ma,interleaved
6,0.80107737,1.0,s_ms,c_ms,c_ms,interleaved
6,0.6504968,1.0,s_ms,c_ms,c_ma,interleaved
6,0.69018996,1.0,s_ms,c_ms,c_ms,interleaved
6,0.63530946,1.0,s_ms,c_ms,c_ma,interleaved
6,0.41651928,0.0,s_ms,c_ms,c_ms,interleaved
6,3.1529144e-05,0.0,s_ma,c_ma,c_ms,interleaved
6,0.0015412841,0.0,s_ma,c_ma,c_ms,interleaved
6,0.00024761533,0.0,s_ma,c_ma,c_ma,interleaved
6,7.843812e-06,0.0,s_ma,c_ma,c_ma,interleaved
6,0.36707616,0.0,s_ms,c_ma,c_ma,interleaved
6,0.44915235,0.0,s_ms,c_ma,c_ms,interleaved
6,0.5194311,1.0,s_ms,c_ma,c_ms,interleaved
6,0.43410674,0.0,s_ms,c_ma,c_ma,interleaved
6,0.37730393,0.0,s_ms,c_ma,c_ms,interleaved
6,9.905777e-06,0.0,s_ma,c_ms,c_ms,interleaved
6,0.00011455689,0.0,s_ma,c_ms,c_ma,interleaved
6,6.188451e-06,0.0,s_ma,c_ms,c_ma,interleaved
6,5.567848e-06,0.0,s_ma,c_ms,c_ms,interleaved
6,5.7457568e-05,0.0,s_ma,c_ms,c_ms,interleaved
6,0.66374135,1.0,s_ms,c_ms,c_ma,interleaved
6,0.62064135,1.0,s_ms,c_ms,c_ms,interleaved
6,0.40960416,0.0,s_ms,c_ms,c_ma,interleaved
6,0.5672731,1.0,s_ms,c_ms,c_ms,interleaved
6,0.46244943,0.0,s_ms,c_ms,c_ma,interleaved
6,0.0006357637,0.0,s_ma,c_ma,c_ma,interleaved
6,0.0017577353,0.0,s_ma,c_ma,c_ms,interleaved
6,0.0024728985,0.0,s_ma,c_ma,c_ms,interleaved
6,0.00022235578,0.0,s_ma,c_ma,c_ms,interleaved
6,0.65270495,1.0,s_ms,c_ma,c_ms,interleaved
6,0.57898235,1.0,s_ms,c_ma,c_ma,interleaved
6,0.57520574,1.0,s_ms,c_ma,c_ma,interleaved
6,0.50232065,1.0,s_ms,c_ma,c_ms,interleaved
6,0.54085904,1.0,s_ms,c_ma,c_ma,interleaved
6,0.005786503,0.0,s_ma,c_ms,c_ma,interleaved
6,0.0010457677,0.0,s_ma,c_ms,c_ms,interleaved
6,0.0009970705,0.0,s_ma,c_ms,c_ms,interleaved
6,0.0028795663,0.0,s_ma,c_ms,c_ma,interleaved
6,0.0019461397,0.0,s_ma,c_ms,c_ma,interleaved
6,0.5031513,1.0,s_ms,c_ms,c_ms,interleaved
6,0.82541186,1.0,s_ms,c_ms,c_ma,interleaved
6,0.6074999,1.0,s_ms,c_ms,c_ms,interleaved
6,0.74658525,1.0,s_ms,c_ms,c_ma,interleaved
6,0.725104,1.0,s_ms,c_ms,c_ms,interleaved
6,0.0005608367,0.0,s_ma,c_ma,c_ms,interleaved
6,0.00023572589,0.0,s_ma,c_ma,c_ma,interleaved
6,0.0023986553,0.0,s_ma,c_ma,c_ms,interleaved
6,5.2491494e-05,0.0,s_ma,c_ma,c_ma,interleaved
6,0.51634437,1.0,s_ms,c_ma,c_ma,interleaved
6,0.50103205,1.0,s_ms,c_ma,c_ms,interleaved
6,0.52046996,1.0,s_ms,c_ma,c_ms,interleaved
6,0.4800613,0.0,s_ms,c_ma,c_ma,interleaved
6,0.44278356,0.0,s_ms,c_ma,c_ms,interleaved
6,0.0024387008,0.0,s_ma,c_ms,c_ms,interleaved
6,5.5825127e-05,0.0,s_ma,c_ms,c_ma,interleaved
6,2.6725691e-05,0.0,s_ma,c_ms,c_ma,interleaved
6,0.00037582256,0.0,s_ma,c_ms,c_ms,interleaved
6,0.0008500954,0.0,s_ma,c_ms,c_ms,interleaved
6,0.56145453,1.0,s_ms,c_ms,c_ma,interleaved
6,0.5202118,1.0,s_ms,c_ms,c_ms,interleaved
6,0.53330505,1.0,s_ms,c_ms,c_ma,interleaved
6,0.5400118,1.0,s_ms,c_ms,c_ms,interleaved
6,0.54494995,1.0,s_ms,c_ms,c_ma,interleaved
6,0.0010693544,0.0,s_ma,c_ma,c_ms,interleaved
6,8.593786e-06,0.0,s_ma,c_ma,c_ma,interleaved
6,0.00020501776,0.0,s_ma,c_ma,c_ms,interleaved
6,5.1773943e-05,0.0,s_ma,c_ma,c_ma,interleaved
6,0.70988977,1.0,s_ms,c_ma,c_ma,interleaved
6,0.51507294,1.0,s_ms,c_ma,c_ms,interleaved
6,0.52352214,1.0,s_ms,c_ma,c_ms,interleaved
6,0.26058888,0.0,s_ms,c_ma,c_ma,interleaved
6,0.39482737,0.0,s_ms,c_ma,c_ms,interleaved
6,0.00021516865,0.0,s_ma,c_ms,c_ms,interleaved
6,4.7696617e-06,0.0,s_ma,c_ms,c_ma,interleaved
6,9.14487e-06,0.0,s_ma,c_ms,c_ma,interleaved
6,3.475692e-05,0.0,s_ma,c_ms,c_ms,interleaved
6,2.2650067e-05,0.0,s_ma,c_ms,c_ms,interleaved
6,0.81796765,1.0,s_ms,c_ms,c_ma,interleaved
6,0.43204117,0.0,s_ms,c_ms,c_ms,interleaved
6,0.59241045,1.0,s_ms,c_ms,c_ma,interleaved
6,0.78093624,1.0,s_ms,c_ms,c_ms,interleaved
6,0.34835115,0.0,s_ms,c_ms,c_ma,interleaved
6,0.28398687,0.0,s_ms,c_ma,c_ms,interleaved
6,0.5147841,1.0,s_ms,c_ma,c_ma,interleaved
6,0.26233786,0.0,s_ms,c_ma,c_ms,interleaved
6,0.3985262,0.0,s_ms,c_ma,c_ma,interleaved
6,0.24169147,0.0,s_ms,c_ma,c_ma,interleaved
6,1.9818355e-05,0.0,s_ma,c_ma,c_ms,interleaved
6,0.00017511357,0.0,s_ma,c_ma,c_ms,interleaved
6,0.00021362239,0.0,s_ma,c_ma,c_ma,interleaved
6,0.00010115362,0.0,s_ma,c_ma,c_ms,interleaved
6,0.20942359,0.0,s_ms,c_ms,c_ms,interleaved
6,0.30287224,0.0,s_ms,c_ms,c_ma,interleaved
6,0.35750836,0.0,s_ms,c_ms,c_ma,interleaved
6,0.30338657,0.0,s_ms,c_ms,c_ms,interleaved
6,0.24149975,0.0,s_ms,c_ms,c_ms,interleaved
6,3.8720224e-05,0.0,s_ma,c_ms,c_ma,interleaved
6,0.00054432,0.0,s_ma,c_ms,c_ms,interleaved
6,0.0001323804,0.0,s_ma,c_ms,c_ma,interleaved
6,0.00033675294,0.0,s_ma,c_ms,c_ms,interleaved
6,5.836595e-05,0.0,s_ma,c_ms,c_ma,interleaved
6,0.3596259,0.0,s_ms,c_ma,c_ma,interleaved
6,0.41270182,0.0,s_ms,c_ma,c_ms,interleaved
6,0.3000961,0.0,s_ms,c_ma,c_ma,interleaved
6,0.3700655,0.0,s_ms,c_ma,c_ms,interleaved
6,0.38459158,0.0,s_ms,c_ma,c_ms,interleaved
6,2.0312778e-05,0.0,s_ma,c_ma,c_ms,interleaved
6,0.00095789175,0.0,s_ma,c_ma,c_ma,interleaved
6,0.00011714937,0.0,s_ma,c_ma,c_ms,interleaved
6,0.00035969092,0.0,s_ma,c_ma,c_ma,interleaved
6,0.3286273,0.0,s_ms,c_ms,c_ma,interleaved
6,0.31550425,0.0,s_ms,c_ms,c_ms,interleaved
6,0.35081357,0.0,s_ms,c_ms,c_ms,interleaved
6,0.3626389,0.0,s_ms,c_ms,c_ma,interleaved
6,0.32294795,0.0,s_ms,c_ms,c_ma,interleaved
6,7.8961566e-05,0.0,s_ma,c_ms,c_ms,interleaved
6,0.0003764747,0.0,s_ma,c_ms,c_ma,interleaved
6,0.00016534001,0.0,s_ma,c_ms,c_ms,interleaved
6,0.00095134997,0.0,s_ma,c_ms,c_ma,interleaved
6,7.1860224e-05,0.0,s_ma,c_ms,c_ms,interleaved
6,0.52205646,1.0,s_ms,c_ma,c_ma,interleaved
6,0.38387024,0.0,s_ms,c_ma,c_ms,interleaved
6,0.3355898,0.0,s_ms,c_ma,c_ma,interleaved
6,0.36158526,0.0,s_ms,c_ma,c_ms,interleaved
6,0.37839833,0.0,s_ms,c_ma,c_ms,interleaved
6,0.00016519723,0.0,s_ma,c_ma,c_ms,interleaved
6,0.0009446684,0.0,s_ma,c_ma,c_ma,interleaved
6,0.00019510608,0.0,s_ma,c_ma,c_ms,interleaved
6,0.0005036696,0.0,s_ma,c_ma,c_ma,interleaved
6,0.25558588,0.0,s_ms,c_ms,c_ma,interleaved
6,0.3381588,0.0,s_ms,c_ms,c_ms,interleaved
6,0.39372838,0.0,s_ms,c_ms,c_ms,interleaved
6,0.3989885,0.0,s_ms,c_ms,c_ma,interleaved
6,0.24955605,0.0,s_ms,c_ms,c_ma,interleaved
6,8.0116064e-05,0.0,s_ma,c_ms,c_ms,interleaved
6,0.00019413664,0.0,s_ma,c_ms,c_ma,interleaved
6,3.0706367e-05,0.0,s_ma,c_ms,c_ms,interleaved
6,0.00017987184,0.0,s_ma,c_ms,c_ma,interleaved
6,3.2453412e-05,0.0,s_ma,c_ms,c_ms,interleaved
6,0.4012274,0.0,s_ms,c_ma,c_ms,interleaved
6,0.46265268,0.0,s_ms,c_ma,c_ma,interleaved
6,0.37033182,0.0,s_ms,c_ma,c_ms,interleaved
6,0.4443757,0.0,s_ms,c_ma,c_ma,interleaved
6,0.6735004,1.0,s_ms,c_ma,c_ma,interleaved
6,0.00022088873,0.0,s_ma,c_ma,c_ma,interleaved
6,0.00012782462,0.0,s_ma,c_ma,c_ms,interleaved
6,0.00019339233,0.0,s_ma,c_ma,c_ms,interleaved
6,0.0027022343,0.0,s_ma,c_ma,c_ms,interleaved
6,0.24331187,0.0,s_ms,c_ms,c_ms,interleaved
6,0.20688438,0.0,s_ms,c_ms,c_ma,interleaved
6,0.24572614,0.0,s_ms,c_ms,c_ma,interleaved
6,0.3511994,0.0,s_ms,c_ms,c_ms,interleaved
6,0.23099302,0.0,s_ms,c_ms,c_ms,interleaved
6,3.79765e-05,0.0,s_ma,c_ms,c_ma,interleaved
6,0.0004706156,0.0,s_ma,c_ms,c_ms,interleaved
6,0.0011799957,0.0,s_ma,c_ms,c_ma,interleaved
6,0.0018423009,0.0,s_ma,c_ms,c_ms,interleaved
6,8.5406165e-05,0.0,s_ma,c_ms,c_ma,interleaved
6,0.3511033,0.0,s_ms,c_ma,c_ma,interleaved
6,0.5584572,1.0,s_ms,c_ma,c_ms,interleaved
6,0.38178986,0.0,s_ms,c_ma,c_ma,interleaved
6,0.4716528,0.0,s_ms,c_ma,c_ms,interleaved
6,0.5264132,1.0,s_ms,c_ma,c_ms,interleaved
6,0.00011213879,0.0,s_ma,c_ma,c_ms,interleaved
6,0.0004234208,0.0,s_ma,c_ma,c_ma,interleaved
6,0.00054766616,0.0,s_ma,c_ma,c_ma,interleaved
6,0.0026601334,0.0,s_ma,c_ma,c_ms,interleaved
6,0.33337712,0.0,s_ms,c_ms,c_ma,interleaved
6,0.36913013,0.0,s_ms,c_ms,c_ms,interleaved
6,0.46000272,0.0,s_ms,c_ms,c_ms,interleaved
6,0.39222372,0.0,s_ms,c_ms,c_ma,interleaved
6,0.22821668,0.0,s_ms,c_ms,c_ma,interleaved
6,3.49268e-05,0.0,s_ma,c_ms,c_ms,interleaved
6,2.5383204e-05,0.0,s_ma,c_ms,c_ma,interleaved
6,0.00019431558,0.0,s_ma,c_ms,c_ms,interleaved
6,0.00028203748,0.0,s_ma,c_ms,c_ma,interleaved
6,8.435175e-05,0.0,s_ma,c_ms,c_ms,interleaved
6,0.00010645093,0.0,s_ma,c_ms,c_ma,interleaved
6,1.0150521e-05,0.0,s_ma,c_ms,c_ms,interleaved
6,0.0063584745,0.0,s_ma,c_ms,c_ma,interleaved
6,0.0021428247,0.0,s_ma,c_ms,c_ms,interleaved
6,0.00020197862,0.0,s_ma,c_ms,c_ms,interleaved
6,0.6979164,1.0,s_ms,c_ms,c_ms,interleaved
6,0.56111443,1.0,s_ms,c_ms,c_ma,interleaved
6,0.6243158,1.0,s_ms,c_ms,c_ma,interleaved
6,0.6772722,1.0,s_ms,c_ms,c_ms,interleaved
6,0.5837732,1.0,s_ms,c_ms,c_ma,interleaved
6,0.00015481224,0.0,s_ma,c_ma,c_ms,interleaved
6,0.00018041671,0.0,s_ma,c_ma,c_ms,interleaved
6,0.00054391846,0.0,s_ma,c_ma,c_ma,interleaved
6,0.00034527283,0.0,s_ma,c_ma,c_ma,interleaved
6,0.6402037,1.0,s_ms,c_ma,c_ms,interleaved
6,0.66329443,1.0,s_ms,c_ma,c_ma,interleaved
6,0.6540705,1.0,s_ms,c_ma,c_ms,interleaved
6,0.55437165,1.0,s_ms,c_ma,c_ma,interleaved
6,0.59643465,1.0,s_ms,c_ma,c_ms,interleaved
6,2.6458763e-05,0.0,s_ma,c_ms,c_ms,interleaved
6,0.00010676115,0.0,s_ma,c_ms,c_ma,interleaved
6,0.001108004,0.0,s_ma,c_ms,c_ms,interleaved
6,5.4092216e-05,0.0,s_ma,c_ms,c_ma,interleaved
6,4.381132e-06,0.0,s_ma,c_ms,c_ma,interleaved
6,0.5749239,1.0,s_ms,c_ms,c_ma,interleaved
6,0.562829,1.0,s_ms,c_ms,c_ms,interleaved
6,0.5144524,1.0,s_ms,c_ms,c_ms,interleaved
6,0.70158434,1.0,s_ms,c_ms,c_ma,interleaved
6,0.56555367,1.0,s_ms,c_ms,c_ms,interleaved
6,0.00016158086,0.0,s_ma,c_ma,c_ms,interleaved
6,0.0031350523,0.0,s_ma,c_ma,c_ma,interleaved
6,0.00035188027,0.0,s_ma,c_ma,c_ms,interleaved
6,0.0014329527,0.0,s_ma,c_ma,c_ms,interleaved
6,0.40661174,0.0,s_ms,c_ma,c_ma,interleaved
6,0.4741116,0.0,s_ms,c_ma,c_ms,interleaved
6,0.61772144,1.0,s_ms,c_ma,c_ma,interleaved
6,0.50751054,1.0,s_ms,c_ma,c_ms,interleaved
6,0.5612006,1.0,s_ms,c_ma,c_ma,interleaved
6,2.8323957e-06,0.0,s_ma,c_ms,c_ms,interleaved
6,5.7142215e-06,0.0,s_ma,c_ms,c_ma,interleaved
6,0.0009306756,0.0,s_ma,c_ms,c_ms,interleaved
6,2.5766683e-05,0.0,s_ma,c_ms,c_ma,interleaved
6,6.922515e-06,0.0,s_ma,c_ms,c_ma,interleaved
6,0.53227746,1.0,s_ms,c_ms,c_ma,interleaved
6,0.5346465,1.0,s_ms,c_ms,c_ms,interleaved
6,0.47639745,0.0,s_ms,c_ms,c_ms,interleaved
6,0.6500838,1.0,s_ms,c_ms,c_ma,interleaved
6,0.4714297,0.0,s_ms,c_ms,c_ms,interleaved
6,0.0001537446,0.0,s_ma,c_ma,c_ms,interleaved
6,0.0031250857,0.0,s_ma,c_ma,c_ma,interleaved
6,6.844476e-05,0.0,s_ma,c_ma,c_ms,interleaved
6,0.00010021134,0.0,s_ma,c_ma,c_ms,interleaved
6,0.45353812,0.0,s_ms,c_ma,c_ma,interleaved
6,0.46156818,0.0,s_ms,c_ma,c_ms,interleaved
6,0.5858213,1.0,s_ms,c_ma,c_ma,interleaved
6,0.38414824,0.0,s_ms,c_ma,c_ms,interleaved
6,0.5229812,1.0,s_ms,c_ma,c_ma,interleaved
6,0.0002418899,0.0,s_ma,c_ms,c_ma,interleaved
6,4.828355e-06,0.0,s_ma,c_ms,c_ms,interleaved
6,0.0024578918,0.0,s_ma,c_ms,c_ma,interleaved
6,0.0003334765,0.0,s_ma,c_ms,c_ms,interleaved
6,2.9826351e-05,0.0,s_ma,c_ms,c_ms,interleaved
6,0.6227983,1.0,s_ms,c_ms,c_ms,interleaved
6,0.5008504,1.0,s_ms,c_ms,c_ma,interleaved
6,0.4466124,0.0,s_ms,c_ms,c_ma,interleaved
6,0.5357106,1.0,s_ms,c_ms,c_ms,interleaved
6,0.48714685,0.0,s_ms,c_ms,c_ma,interleaved
6,0.00059954426,0.0,s_ma,c_ma,c_ma,interleaved
6,0.00032988883,0.0,s_ma,c_ma,c_ms,interleaved
6,6.5828644e-05,0.0,s_ma,c_ma,c_ms,interleaved
6,7.3790384e-06,0.0,s_ma,c_ma,c_ma,interleaved
6,0.22185251,0.0,s_ms,c_ma,c_ms,interleaved
6,0.46820706,0.0,s_ms,c_ma,c_ma,interleaved
6,0.5938533,1.0,s_ms,c_ma,c_ms,interleaved
6,0.40951824,0.0,s_ms,c_ma,c_ma,interleaved
6,0.19869879,0.0,s_ms,c_ma,c_ms,interleaved
6,3.842431e-05,0.0,s_ma,c_ms,c_ma,interleaved
6,5.1320752e-05,0.0,s_ma,c_ms,c_ms,interleaved
6,0.0019303304,0.0,s_ma,c_ms,c_ma,interleaved
6,0.00080329593,0.0,s_ma,c_ms,c_ms,interleaved
6,1.9983316e-05,0.0,s_ma,c_ms,c_ms,interleaved
6,0.6469629,1.0,s_ms,c_ms,c_ms,interleaved
6,0.51416504,1.0,s_ms,c_ms,c_ma,interleaved
6,0.6633242,1.0,s_ms,c_ms,c_ma,interleaved
6,0.68894535,1.0,s_ms,c_ms,c_ms,interleaved
6,0.69061136,1.0,s_ms,c_ms,c_ma,interleaved
6,0.00028332067,0.0,s_ma,c_ma,c_ma,interleaved
6,0.001249556,0.0,s_ma,c_ma,c_ms,interleaved
6,8.8041066e-05,0.0,s_ma,c_ma,c_ms,interleaved
6,7.2478065e-06,0.0,s_ma,c_ma,c_ma,interleaved
6,0.20654175,0.0,s_ms,c_ma,c_ms,interleaved
6,0.6181956,1.0,s_ms,c_ma,c_ma,interleaved
6,0.6612616,1.0,s_ms,c_ma,c_ms,interleaved
6,0.40734667,0.0,s_ms,c_ma,c_ma,interleaved
6,0.20035802,0.0,s_ms,c_ma,c_ms,interleaved
6,0.11844465,0.0,s_ms,c_ms,c_ms,interleaved
6,0.27093324,0.0,s_ms,c_ms,c_ma,interleaved
6,0.36696017,0.0,s_ms,c_ms,c_ms,interleaved
6,0.32838714,0.0,s_ms,c_ms,c_ma,interleaved
6,0.1247318,0.0,s_ms,c_ms,c_ma,interleaved
6,3.6977308e-05,0.0,s_ma,c_ms,c_ma,interleaved
6,7.8626595e-05,0.0,s_ma,c_ms,c_ms,interleaved
6,7.069174e-05,0.0,s_ma,c_ms,c_ms,interleaved
6,3.5836907e-05,0.0,s_ma,c_ms,c_ma,interleaved
6,3.361728e-05,0.0,s_ma,c_ms,c_ms,interleaved
6,0.27887368,0.0,s_ms,c_ma,c_ms,interleaved
6,0.49289316,0.0,s_ms,c_ma,c_ma,interleaved
6,0.46039477,0.0,s_ms,c_ma,c_ma,interleaved
6,0.65159464,1.0,s_ms,c_ma,c_ms,interleaved
6,0.70855224,1.0,s_ms,c_ma,c_ms,interleaved
6,9.128887e-05,0.0,s_ma,c_ma,c_ms,interleaved
6,2.8483187e-06,0.0,s_ma,c_ma,c_ma,interleaved
6,7.185603e-05,0.0,s_ma,c_ma,c_ms,interleaved
6,1.2801134e-05,0.0,s_ma,c_ma,c_ma,interleaved
6,0.25219744,0.0,s_ms,c_ms,c_ma,interleaved
6,0.2542299,0.0,s_ms,c_ms,c_ms,interleaved
6,0.102671206,0.0,s_ms,c_ms,c_ma,interleaved
6,0.36744472,0.0,s_ms,c_ms,c_ms,interleaved
6,0.42748922,0.0,s_ms,c_ms,c_ms,interleaved
6,0.00055773766,0.0,s_ma,c_ms,c_ms,interleaved
6,0.00040973112,0.0,s_ma,c_ms,c_ma,interleaved
6,0.0001998254,0.0,s_ma,c_ms,c_ma,interleaved
6,0.00046516862,0.0,s_ma,c_ms,c_ms,interleaved
6,2.3513274e-05,0.0,s_ma,c_ms,c_ma,interleaved
6,0.24723315,0.0,s_ms,c_ma,c_ma,interleaved
6,0.422852,0.0,s_ms,c_ma,c_ms,interleaved
6,0.4233781,0.0,s_ms,c_ma,c_ms,interleaved
6,0.44607568,0.0,s_ms,c_ma,c_ma,interleaved
6,0.24014126,0.0,s_ms,c_ma,c_ma,interleaved
6,9.891436e-05,0.0,s_ma,c_ma,c_ms,interleaved
6,5.2206105e-05,0.0,s_ma,c_ma,c_ms,interleaved
6,6.145821e-05,0.0,s_ma,c_ma,c_ma,interleaved
6,5.8573554e-05,0.0,s_ma,c_ma,c_ms,interleaved
6,0.1814714,0.0,s_ms,c_ms,c_ms,interleaved
6,0.48463577,0.0,s_ms,c_ms,c_ma,interleaved
6,0.2649815,0.0,s_ms,c_ms,c_ms,interleaved
6,0.34825447,0.0,s_ms,c_ms,c_ma,interleaved
6,0.2931062,0.0,s_ms,c_ms,c_ma,interleaved
6,0.0001381711,0.0,s_ma,c_ms,c_ma,interleaved
6,0.00017094247,0.0,s_ma,c_ms,c_ms,interleaved
6,2.833116e-05,0.0,s_ma,c_ms,c_ms,interleaved
6,0.0011385311,0.0,s_ma,c_ms,c_ma,interleaved
6,0.0001824486,0.0,s_ma,c_ms,c_ms,interleaved
6,0.2664857,0.0,s_ms,c_ma,c_ms,interleaved
6,0.3008381,0.0,s_ms,c_ma,c_ma,interleaved
6,0.30636215,0.0,s_ms,c_ma,c_ma,interleaved
6,0.3048026,0.0,s_ms,c_ma,c_ms,interleaved
6,0.25694925,0.0,s_ms,c_ma,c_ms,interleaved
6,3.095611e-06,0.0,s_ma,c_ma,c_ma,interleaved
6,5.260509e-05,0.0,s_ma,c_ma,c_ms,interleaved
6,0.00027942692,0.0,s_ma,c_ma,c_ms,interleaved
6,2.6026519e-05,0.0,s_ma,c_ma,c_ma,interleaved
6,0.3075159,0.0,s_ms,c_ms,c_ma,interleaved
6,0.30680603,0.0,s_ms,c_ms,c_ms,interleaved
6,0.16895327,0.0,s_ms,c_ms,c_ma,interleaved
6,0.3652654,0.0,s_ms,c_ms,c_ms,interleaved
6,0.14822611,0.0,s_ms,c_ms,c_ms,interleaved
6,0.00034983986,0.0,s_ma,c_ms,c_ms,interleaved
6,0.0009855324,0.0,s_ma,c_ms,c_ma,interleaved
6,0.00018811293,0.0,s_ma,c_ms,c_ma,interleaved
6,0.0017729503,0.0,s_ma,c_ms,c_ms,interleaved
6,0.0002630688,0.0,s_ma,c_ms,c_ma,interleaved
6,0.34962934,0.0,s_ms,c_ma,c_ma,interleaved
6,0.4032169,0.0,s_ms,c_ma,c_ms,interleaved
6,0.5135034,1.0,s_ms,c_ma,c_ms,interleaved
6,0.5081539,1.0,s_ms,c_ma,c_ma,interleaved
6,0.4789234,0.0,s_ms,c_ma,c_ma,interleaved
6,7.633354e-05,0.0,s_ma,c_ma,c_ms,interleaved
6,7.007529e-05,0.0,s_ma,c_ma,c_ma,interleaved
6,0.0002951318,0.0,s_ma,c_ma,c_ms,interleaved
6,4.632721e-05,0.0,s_ma,c_ma,c_ms,interleaved
6,0.4624398,0.0,s_ms,c_ms,c_ms,interleaved
6,0.38004792,0.0,s_ms,c_ms,c_ma,interleaved
6,0.15242375,0.0,s_ms,c_ms,c_ms,interleaved
6,0.32674542,0.0,s_ms,c_ms,c_ma,interleaved
6,0.5290335,1.0,s_ms,c_ms,c_ma,interleaved
6,5.1102998e-05,0.0,s_ma,c_ms,c_ma,interleaved
6,7.3367955e-05,0.0,s_ma,c_ms,c_ms,interleaved
6,2.871554e-05,0.0,s_ma,c_ms,c_ms,interleaved
6,7.293032e-05,0.0,s_ma,c_ms,c_ma,interleaved
6,7.307365e-05,0.0,s_ma,c_ms,c_ms,interleaved
6,0.31219882,0.0,s_ms,c_ma,c_ms,interleaved
6,0.3589984,0.0,s_ms,c_ma,c_ma,interleaved
6,0.38142976,0.0,s_ms,c_ma,c_ma,interleaved
6,0.6849481,1.0,s_ms,c_ma,c_ms,interleaved
6,0.6977159,1.0,s_ms,c_ma,c_ms,interleaved
6,1.2625248e-05,0.0,s_ma,c_ma,c_ma,interleaved
6,5.7412486e-05,0.0,s_ma,c_ma,c_ms,interleaved
6,2.420924e-05,0.0,s_ma,c_ma,c_ma,interleaved
6,4.5860095e-05,0.0,s_ma,c_ma,c_ms,interleaved
6,3.567294e-05,0.0,s_ma,c_ma,c_ms,random
6,0.0007101137,0.0,s_ma,c_ma,c_ma,random
6,0.00061290554,0.0,s_ma,c_ma,c_ms,random
6,0.001020903,0.0,s_ma,c_ma,c_ms,random
6,0.67812884,1.0,s_ms,c_ma,c_ms,random
6,0.58183813,1.0,s_ms,c_ma,c_ma,random
6,0.39342797,0.0,s_ms,c_ma,c_ma,random
6,0.5323107,1.0,s_ms,c_ma,c_ms,random
6,0.570305,1.0,s_ms,c_ma,c_ma,random
6,0.00013786057,0.0,s_ma,c_ms,c_ma,random
6,2.6772208e-05,0.0,s_ma,c_ms,c_ms,random
6,3.1751083e-06,0.0,s_ma,c_ms,c_ms,random
6,0.00028909103,0.0,s_ma,c_ms,c_ma,random
6,4.135934e-05,0.0,s_ma,c_ms,c_ma,random
6,0.80107737,1.0,s_ms,c_ms,c_ms,random
6,0.6504968,1.0,s_ms,c_ms,c_ma,random
6,0.69018996,1.0,s_ms,c_ms,c_ms,random
6,0.63530946,1.0,s_ms,c_ms,c_ma,random
6,0.41651928,0.0,s_ms,c_ms,c_ms,random
6,3.1529144e-05,0.0,s_ma,c_ma,c_ms,random
6,0.0015412841,0.0,s_ma,c_ma,c_ms,random
6,0.00024761533,0.0,s_ma,c_ma,c_ma,random
6,7.843812e-06,0.0,s_ma,c_ma,c_ma,random
6,0.36707616,0.0,s_ms,c_ma,c_ma,random
6,0.44915235,0.0,s_ms,c_ma,c_ms,random
6,0.5194311,1.0,s_ms,c_ma,c_ms,random
6,0.43410674,0.0,s_ms,c_ma,c_ma,random
6,0.37730393,0.0,s_ms,c_ma,c_ms,random
6,9.905777e-06,0.0,s_ma,c_ms,c_ms,random
6,0.00011455689,0.0,s_ma,c_ms,c_ma,random
6,6.188451e-06,0.0,s_ma,c_ms,c_ma,random
6,5.567848e-06,0.0,s_ma,c_ms,c_ms,random
6,5.7457568e-05,0.0,s_ma,c_ms,c_ms,random
6,0.66374135,1.0,s_ms,c_ms,c_ma,random
6,0.62064135,1.0,s_ms,c_ms,c_ms,random
6,0.40960416,0.0,s_ms,c_ms,c_ma,random
6,0.5672731,1.0,s_ms,c_ms,c_ms,random
6,0.46244943,0.0,s_ms,c_ms,c_ma,random
6,0.0006357637,0.0,s_ma,c_ma,c_ma,random
6,0.0017577353,0.0,s_ma,c_ma,c_ms,random
6,0.0024728985,0.0,s_ma,c_ma,c_ms,random
6,0.00022235578,0.0,s_ma,c_ma,c_ms,random
6,0.65270495,1.0,s_ms,c_ma,c_ms,random
6,0.57898235,1.0,s_ms,c_ma,c_ma,random
6,0.57520574,1.0,s_ms,c_ma,c_ma,random
6,0.50232065,1.0,s_ms,c_ma,c_ms,random
6,0.54085904,1.0,s_ms,c_ma,c_ma,random
6,0.005786503,0.0,s_ma,c_ms,c_ma,random
6,0.0010457677,0.0,s_ma,c_ms,c_ms,random
6,0.0009970705,0.0,s_ma,c_ms,c_ms,random
6,0.0028795663,0.0,s_ma,c_ms,c_ma,random
6,0.0019461397,0.0,s_ma,c_ms,c_ma,random
6,0.5031513,1.0,s_ms,c_ms,c_ms,random
6,0.82541186,1.0,s_ms,c_ms,c_ma,random
6,0.6074999,1.0,s_ms,c_ms,c_ms,random
6,0.74658525,1.0,s_ms,c_ms,c_ma,random
6,0.725104,1.0,s_ms,c_ms,c_ms,random
6,0.0005608367,0.0,s_ma,c_ma,c_ms,random
6,0.00023572589,0.0,s_ma,c_ma,c_ma,random
6,0.0023986553,0.0,s_ma,c_ma,c_ms,random
6,5.2491494e-05,0.0,s_ma,c_ma,c_ma,random
6,0.51634437,1.0,s_ms,c_ma,c_ma,random
6,0.50103205,1.0,s_ms,c_ma,c_ms,random
6,0.52046996,1.0,s_ms,c_ma,c_ms,random
6,0.4800613,0.0,s_ms,c_ma,c_ma,random
6,0.44278356,0.0,s_ms,c_ma,c_ms,random
6,0.0024387008,0.0,s_ma,c_ms,c_ms,random
6,5.5825127e-05,0.0,s_ma,c_ms,c_ma,random
6,2.6725691e-05,0.0,s_ma,c_ms,c_ma,random
6,0.00037582256,0.0,s_ma,c_ms,c_ms,random
6,0.0008500954,0.0,s_ma,c_ms,c_ms,random
6,0.56145453,1.0,s_ms,c_ms,c_ma,random
6,0.5202118,1.0,s_ms,c_ms,c_ms,random
6,0.53330505,1.0,s_ms,c_ms,c_ma,random
6,0.5400118,1.0,s_ms,c_ms,c_ms,random
6,0.54494995,1.0,s_ms,c_ms,c_ma,random
6,0.0010693544,0.0,s_ma,c_ma,c_ms,random
6,8.593786e-06,0.0,s_ma,c_ma,c_ma,random
6,0.00020501776,0.0,s_ma,c_ma,c_ms,random
6,5.1773943e-05,0.0,s_ma,c_ma,c_ma,random
6,0.70988977,1.0,s_ms,c_ma,c_ma,random
6,0.51507294,1.0,s_ms,c_ma,c_ms,random
6,0.52352214,1.0,s_ms,c_ma,c_ms,random
6,0.26058888,0.0,s_ms,c_ma,c_ma,random
6,0.39482737,0.0,s_ms,c_ma,c_ms,random
6,0.00021516865,0.0,s_ma,c_ms,c_ms,random
6,4.7696617e-06,0.0,s_ma,c_ms,c_ma,random
6,9.14487e-06,0.0,s_ma,c_ms,c_ma,random
6,3.475692e-05,0.0,s_ma,c_ms,c_ms,random
6,2.2650067e-05,0.0,s_ma,c_ms,c_ms,random
6,0.81796765,1.0,s_ms,c_ms,c_ma,random
6,0.43204117,0.0,s_ms,c_ms,c_ms,random
6,0.59241045,1.0,s_ms,c_ms,c_ma,random
6,0.78093624,1.0,s_ms,c_ms,c_ms,random
6,0.34835115,0.0,s_ms,c_ms,c_ma,random
6,0.28398687,0.0,s_ms,c_ma,c_ms,random
6,0.5147841,1.0,s_ms,c_ma,c_ma,random
6,0.26233786,0.0,s_ms,c_ma,c_ms,random
6,0.3985262,0.0,s_ms,c_ma,c_ma,random
6,0.24169147,0.0,s_ms,c_ma,c_ma,random
6,1.9818355e-05,0.0,s_ma,c_ma,c_ms,random
6,0.00017511357,0.0,s_ma,c_ma,c_ms,random
6,0.00021362239,0.0,s_ma,c_ma,c_ma,random
6,0.00010115362,0.0,s_ma,c_ma,c_ms,random
6,0.20942359,0.0,s_ms,c_ms,c_ms,random
6,0.30287224,0.0,s_ms,c_ms,c_ma,random
6,0.35750836,0.0,s_ms,c_ms,c_ma,random
6,0.30338657,0.0,s_ms,c_ms,c_ms,random
6,0.24149975,0.0,s_ms,c_ms,c_ms,random
6,3.8720224e-05,0.0,s_ma,c_ms,c_ma,random
6,0.00054432,0.0,s_ma,c_ms,c_ms,random
6,0.0001323804,0.0,s_ma,c_ms,c_ma,random
6,0.00033675294,0.0,s_ma,c_ms,c_ms,random
6,5.836595e-05,0.0,s_ma,c_ms,c_ma,random
6,0.3596259,0.0,s_ms,c_ma,c_ma,random
6,0.41270182,0.0,s_ms,c_ma,c_ms,random
6,0.3000961,0.0,s_ms,c_ma,c_ma,random
6,0.3700655,0.0,s_ms,c_ma,c_ms,random
6,0.38459158,0.0,s_ms,c_ma,c_ms,random
6,2.0312778e-05,0.0,s_ma,c_ma,c_ms,random
6,0.00095789175,0.0,s_ma,c_ma,c_ma,random
6,0.00011714937,0.0,s_ma,c_ma,c_ms,random
6,0.00035969092,0.0,s_ma,c_ma,c_ma,random
6,0.3286273,0.0,s_ms,c_ms,c_ma,random
6,0.31550425,0.0,s_ms,c_ms,c_ms,random
6,0.35081357,0.0,s_ms,c_ms,c_ms,random
6,0.3626389,0.0,s_ms,c_ms,c_ma,random
6,0.32294795,0.0,s_ms,c_ms,c_ma,random
6,7.8961566e-05,0.0,s_ma,c_ms,c_ms,random
6,0.0003764747,0.0,s_ma,c_ms,c_ma,random
6,0.00016534001,0.0,s_ma,c_ms,c_ms,random
6,0.00095134997,0.0,s_ma,c_ms,c_ma,random
6,7.1860224e-05,0.0,s_ma,c_ms,c_ms,random
6,0.52205646,1.0,s_ms,c_ma,c_ma,random
6,0.38387024,0.0,s_ms,c_ma,c_ms,random
6,0.3355898,0.0,s_ms,c_ma,c_ma,random
6,0.36158526,0.0,s_ms,c_ma,c_ms,random
6,0.37839833,0.0,s_ms,c_ma,c_ms,random
6,0.00016519723,0.0,s_ma,c_ma,c_ms,random
6,0.0009446684,0.0,s_ma,c_ma,c_ma,random
6,0.00019510608,0.0,s_ma,c_ma,c_ms,random
6,0.0005036696,0.0,s_ma,c_ma,c_ma,random
6,0.25558588,0.0,s_ms,c_ms,c_ma,random
6,0.3381588,0.0,s_ms,c_ms,c_ms,random
6,0.39372838,0.0,s_ms,c_ms,c_ms,random
6,0.3989885,0.0,s_ms,c_ms,c_ma,random
6,0.24955605,0.0,s_ms,c_ms,c_ma,random
6,8.0116064e-05,0.0,s_ma,c_ms,c_ms,random
6,0.00019413664,0.0,s_ma,c_ms,c_ma,random
6,3.0706367e-05,0.0,s_ma,c_ms,c_ms,random
6,0.00017987184,0.0,s_ma,c_ms,c_ma,random
6,3.2453412e-05,0.0,s_ma,c_ms,c_ms,random
6,0.4012274,0.0,s_ms,c_ma,c_ms,random
6,0.46265268,0.0,s_ms,c_ma,c_ma,random
6,0.37033182,0.0,s_ms,c_ma,c_ms,random
6,0.4443757,0.0,s_ms,c_ma,c_ma,random
6,0.6735004,1.0,s_ms,c_ma,c_ma,random
6,0.00022088873,0.0,s_ma,c_ma,c_ma,random
6,0.00012782462,0.0,s_ma,c_ma,c_ms,random
6,0.00019339233,0.0,s_ma,c_ma,c_ms,random
6,0.0027022343,0.0,s_ma,c_ma,c_ms,random
6,0.24331187,0.0,s_ms,c_ms,c_ms,random
6,0.20688438,0.0,s_ms,c_ms,c_ma,random
6,0.24572614,0.0,s_ms,c_ms,c_ma,random
6,0.3511994,0.0,s_ms,c_ms,c_ms,random
6,0.23099302,0.0,s_ms,c_ms,c_ms,random
6,3.79765e-05,0.0,s_ma,c_ms,c_ma,random
6,0.0004706156,0.0,s_ma,c_ms,c_ms,random
6,0.0011799957,0.0,s_ma,c_ms,c_ma,random
6,0.0018423009,0.0,s_ma,c_ms,c_ms,random
6,8.5406165e-05,0.0,s_ma,c_ms,c_ma,random
6,0.3511033,0.0,s_ms,c_ma,c_ma,random
6,0.5584572,1.0,s_ms,c_ma,c_ms,random
6,0.38178986,0.0,s_ms,c_ma,c_ma,random
6,0.4716528,0.0,s_ms,c_ma,c_ms,random
6,0.5264132,1.0,s_ms,c_ma,c_ms,random
6,0.00011213879,0.0,s_ma,c_ma,c_ms,random
6,0.0004234208,0.0,s_ma,c_ma,c_ma,random
6,0.00054766616,0.0,s_ma,c_ma,c_ma,random
6,0.0026601334,0.0,s_ma,c_ma,c_ms,random
6,0.33337712,0.0,s_ms,c_ms,c_ma,random
6,0.36913013,0.0,s_ms,c_ms,c_ms,random
6,0.46000272,0.0,s_ms,c_ms,c_ms,random
6,0.39222372,0.0,s_ms,c_ms,c_ma,random
6,0.22821668,0.0,s_ms,c_ms,c_ma,random
6,3.49268e-05,0.0,s_ma,c_ms,c_ms,random
6,2.5383204e-05,0.0,s_ma,c_ms,c_ma,random
6,0.00019431558,0.0,s_ma,c_ms,c_ms,random
6,0.00028203748,0.0,s_ma,c_ms,c_ma,random
6,8.435175e-05,0.0,s_ma,c_ms,c_ms,random
6,0.00010645093,0.0,s_ma,c_ms,c_ma,random
6,1.0150521e-05,0.0,s_ma,c_ms,c_ms,random
6,0.0063584745,0.0,s_ma,c_ms,c_ma,random
6,0.0021428247,0.0,s_ma,c_ms,c_ms,random
6,0.00020197862,0.0,s_ma,c_ms,c_ms,random
6,0.6979164,1.0,s_ms,c_ms,c_ms,random
6,0.56111443,1.0,s_ms,c_ms,c_ma,random
6,0.6243158,1.0,s_ms,c_ms,c_ma,random
6,0.6772722,1.0,s_ms,c_ms,c_ms,random
6,0.5837732,1.0,s_ms,c_ms,c_ma,random
6,0.00015481224,0.0,s_ma,c_ma,c_ms,random
6,0.00018041671,0.0,s_ma,c_ma,c_ms,random
6,0.00054391846,0.0,s_ma,c_ma,c_ma,random
6,0.00034527283,0.0,s_ma,c_ma,c_ma,random
6,0.6402037,1.0,s_ms,c_ma,c_ms,random
6,0.66329443,1.0,s_ms,c_ma,c_ma,random
6,0.6540705,1.0,s_ms,c_ma,c_ms,random
6,0.55437165,1.0,s_ms,c_ma,c_ma,random
6,0.59643465,1.0,s_ms,c_ma,c_ms,random
6,2.6458763e-05,0.0,s_ma,c_ms,c_ms,random
6,0.00010676115,0.0,s_ma,c_ms,c_ma,random
6,0.001108004,0.0,s_ma,c_ms,c_ms,random
6,5.4092216e-05,0.0,s_ma,c_ms,c_ma,random
6,4.381132e-06,0.0,s_ma,c_ms,c_ma,random
6,0.5749239,1.0,s_ms,c_ms,c_ma,random
6,0.562829,1.0,s_ms,c_ms,c_ms,random
6,0.5144524,1.0,s_ms,c_ms,c_ms,random
6,0.70158434,1.0,s_ms,c_ms,c_ma,random
6,0.56555367,1.0,s_ms,c_ms,c_ms,random
6,0.00016158086,0.0,s_ma,c_ma,c_ms,random
6,0.0031350523,0.0,s_ma,c_ma,c_ma,random
6,0.00035188027,0.0,s_ma,c_ma,c_ms,random
6,0.0014329527,0.0,s_ma,c_ma,c_ms,random
6,0.40661174,0.0,s_ms,c_ma,c_ma,random
6,0.4741116,0.0,s_ms,c_ma,c_ms,random
6,0.61772144,1.0,s_ms,c_ma,c_ma,random
6,0.50751054,1.0,s_ms,c_ma,c_ms,random
6,0.5612006,1.0,s_ms,c_ma,c_ma,random
6,2.8323957e-06,0.0,s_ma,c_ms,c_ms,random
6,5.7142215e-06,0.0,s_ma,c_ms,c_ma,random
6,0.0009306756,0.0,s_ma,c_ms,c_ms,random
6,2.5766683e-05,0.0,s_ma,c_ms,c_ma,random
6,6.922515e-06,0.0,s_ma,c_ms,c_ma,random
6,0.53227746,1.0,s_ms,c_ms,c_ma,random
6,0.5346465,1.0,s_ms,c_ms,c_ms,random
6,0.47639745,0.0,s_ms,c_ms,c_ms,random
6,0.6500838,1.0,s_ms,c_ms,c_ma,random
6,0.4714297,0.0,s_ms,c_ms,c_ms,random
6,0.0001537446,0.0,s_ma,c_ma,c_ms,random
6,0.0031250857,0.0,s_ma,c_ma,c_ma,random
6,6.844476e-05,0.0,s_ma,c_ma,c_ms,random
6,0.00010021134,0.0,s_ma,c_ma,c_ms,random
6,0.45353812,0.0,s_ms,c_ma,c_ma,random
6,0.46156818,0.0,s_ms,c_ma,c_ms,random
6,0.5858213,1.0,s_ms,c_ma,c_ma,random
6,0.38414824,0.0,s_ms,c_ma,c_ms,random
6,0.5229812,1.0,s_ms,c_ma,c_ma,random
6,0.0002418899,0.0,s_ma,c_ms,c_ma,random
6,4.828355e-06,0.0,s_ma,c_ms,c_ms,random
6,0.0024578918,0.0,s_ma,c_ms,c_ma,random
6,0.0003334765,0.0,s_ma,c_ms,c_ms,random
6,2.9826351e-05,0.0,s_ma,c_ms,c_ms,random
6,0.6227983,1.0,s_ms,c_ms,c_ms,random
6,0.5008504,1.0,s_ms,c_ms,c_ma,random
6,0.4466124,0.0,s_ms,c_ms,c_ma,random
6,0.5357106,1.0,s_ms,c_ms,c_ms,random
6,0.48714685,0.0,s_ms,c_ms,c_ma,random
6,0.00059954426,0.0,s_ma,c_ma,c_ma,random
6,0.00032988883,0.0,s_ma,c_ma,c_ms,random
6,6.5828644e-05,0.0,s_ma,c_ma,c_ms,random
6,7.3790384e-06,0.0,s_ma,c_ma,c_ma,random
6,0.22185251,0.0,s_ms,c_ma,c_ms,random
6,0.46820706,0.0,s_ms,c_ma,c_ma,random
6,0.5938533,1.0,s_ms,c_ma,c_ms,random
6,0.40951824,0.0,s_ms,c_ma,c_ma,random
6,0.19869879,0.0,s_ms,c_ma,c_ms,random
6,3.842431e-05,0.0,s_ma,c_ms,c_ma,random
6,5.1320752e-05,0.0,s_ma,c_ms,c_ms,random
6,0.0019303304,0.0,s_ma,c_ms,c_ma,random
6,0.00080329593,0.0,s_ma,c_ms,c_ms,random
6,1.9983316e-05,0.0,s_ma,c_ms,c_ms,random
6,0.6469629,1.0,s_ms,c_ms,c_ms,random
6,0.51416504,1.0,s_ms,c_ms,c_ma,random
6,0.6633242,1.0,s_ms,c_ms,c_ma,random
6,0.68894535,1.0,s_ms,c_ms,c_ms,random
6,0.69061136,1.0,s_ms,c_ms,c_ma,random
6,0.00028332067,0.0,s_ma,c_ma,c_ma,random
6,0.001249556,0.0,s_ma,c_ma,c_ms,random
6,8.8041066e-05,0.0,s_ma,c_ma,c_ms,random
6,7.2478065e-06,0.0,s_ma,c_ma,c_ma,random
6,0.20654175,0.0,s_ms,c_ma,c_ms,random
6,0.6181956,1.0,s_ms,c_ma,c_ma,random
6,0.6612616,1.0,s_ms,c_ma,c_ms,random
6,0.40734667,0.0,s_ms,c_ma,c_ma,random
6,0.20035802,0.0,s_ms,c_ma,c_ms,random
6,0.11844465,0.0,s_ms,c_ms,c_ms,random
6,0.27093324,0.0,s_ms,c_ms,c_ma,random
6,0.36696017,0.0,s_ms,c_ms,c_ms,random
6,0.32838714,0.0,s_ms,c_ms,c_ma,random
6,0.1247318,0.0,s_ms,c_ms,c_ma,random
6,3.6977308e-05,0.0,s_ma,c_ms,c_ma,random
6,7.8626595e-05,0.0,s_ma,c_ms,c_ms,random
6,7.069174e-05,0.0,s_ma,c_ms,c_ms,random
6,3.5836907e-05,0.0,s_ma,c_ms,c_ma,random
6,3.361728e-05,0.0,s_ma,c_ms,c_ms,random
6,0.27887368,0.0,s_ms,c_ma,c_ms,random
6,0.49289316,0.0,s_ms,c_ma,c_ma,random
6,0.46039477,0.0,s_ms,c_ma,c_ma,random
6,0.65159464,1.0,s_ms,c_ma,c_ms,random
6,0.70855224,1.0,s_ms,c_ma,c_ms,random
6,9.128887e-05,0.0,s_ma,c_ma,c_ms,random
6,2.8483187e-06,0.0,s_ma,c_ma,c_ma,random
6,7.185603e-05,0.0,s_ma,c_ma,c_ms,random
6,1.2801134e-05,0.0,s_ma,c_ma,c_ma,random
6,0.25219744,0.0,s_ms,c_ms,c_ma,random
6,0.2542299,0.0,s_ms,c_ms,c_ms,random
6,0.102671206,0.0,s_ms,c_ms,c_ma,random
6,0.36744472,0.0,s_ms,c_ms,c_ms,random
6,0.42748922,0.0,s_ms,c_ms,c_ms,random
6,0.00055773766,0.0,s_ma,c_ms,c_ms,random
6,0.00040973112,0.0,s_ma,c_ms,c_ma,random
6,0.0001998254,0.0,s_ma,c_ms,c_ma,random
6,0.00046516862,0.0,s_ma,c_ms,c_ms,random
6,2.3513274e-05,0.0,s_ma,c_ms,c_ma,random
6,0.24723315,0.0,s_ms,c_ma,c_ma,random
6,0.422852,0.0,s_ms,c_ma,c_ms,random
6,0.4233781,0.0,s_ms,c_ma,c_ms,random
6,0.44607568,0.0,s_ms,c_ma,c_ma,random
6,0.24014126,0.0,s_ms,c_ma,c_ma,random
6,9.891436e-05,0.0,s_ma,c_ma,c_ms,random
6,5.2206105e-05,0.0,s_ma,c_ma,c_ms,random
6,6.145821e-05,0.0,s_ma,c_ma,c_ma,random
6,5.8573554e-05,0.0,s_ma,c_ma,c_ms,random
6,0.1814714,0.0,s_ms,c_ms,c_ms,random
6,0.48463577,0.0,s_ms,c_ms,c_ma,random
6,0.2649815,0.0,s_ms,c_ms,c_ms,random
6,0.34825447,0.0,s_ms,c_ms,c_ma,random
6,0.2931062,0.0,s_ms,c_ms,c_ma,random
6,0.0001381711,0.0,s_ma,c_ms,c_ma,random
6,0.00017094247,0.0,s_ma,c_ms,c_ms,random
6,2.833116e-05,0.0,s_ma,c_ms,c_ms,random
6,0.0011385311,0.0,s_ma,c_ms,c_ma,random
6,0.0001824486,0.0,s_ma,c_ms,c_ms,random
6,0.2664857,0.0,s_ms,c_ma,c_ms,random
6,0.3008381,0.0,s_ms,c_ma,c_ma,random
6,0.30636215,0.0,s_ms,c_ma,c_ma,random
6,0.3048026,0.0,s_ms,c_ma,c_ms,random
6,0.25694925,0.0,s_ms,c_ma,c_ms,random
6,3.095611e-06,0.0,s_ma,c_ma,c_ma,random
6,5.260509e-05,0.0,s_ma,c_ma,c_ms,random
6,0.00027942692,0.0,s_ma,c_ma,c_ms,random
6,2.6026519e-05,0.0,s_ma,c_ma,c_ma,random
6,0.3075159,0.0,s_ms,c_ms,c_ma,random
6,0.30680603,0.0,s_ms,c_ms,c_ms,random
6,0.16895327,0.0,s_ms,c_ms,c_ma,random
6,0.3652654,0.0,s_ms,c_ms,c_ms,random
6,0.14822611,0.0,s_ms,c_ms,c_ms,random
6,0.00034983986,0.0,s_ma,c_ms,c_ms,random
6,0.0009855324,0.0,s_ma,c_ms,c_ma,random
6,0.00018811293,0.0,s_ma,c_ms,c_ma,random
6,0.0017729503,0.0,s_ma,c_ms,c_ms,random
6,0.0002630688,0.0,s_ma,c_ms,c_ma,random
6,0.34962934,0.0,s_ms,c_ma,c_ma,random
6,0.4032169,0.0,s_ms,c_ma,c_ms,random
6,0.5135034,1.0,s_ms,c_ma,c_ms,random
6,0.5081539,1.0,s_ms,c_ma,c_ma,random
6,0.4789234,0.0,s_ms,c_ma,c_ma,random
6,7.633354e-05,0.0,s_ma,c_ma,c_ms,random
6,7.007529e-05,0.0,s_ma,c_ma,c_ma,random
6,0.0002951318,0.0,s_ma,c_ma,c_ms,random
6,4.632721e-05,0.0,s_ma,c_ma,c_ms,random
6,0.4624398,0.0,s_ms,c_ms,c_ms,random
6,0.38004792,0.0,s_ms,c_ms,c_ma,random
6,0.15242375,0.0,s_ms,c_ms,c_ms,random
6,0.32674542,0.0,s_ms,c_ms,c_ma,random
6,0.5290335,1.0,s_ms,c_ms,c_ma,random
6,5.1102998e-05,0.0,s_ma,c_ms,c_ma,random
6,7.3367955e-05,0.0,s_ma,c_ms,c_ms,random
6,2.871554e-05,0.0,s_ma,c_ms,c_ms,random
6,7.293032e-05,0.0,s_ma,c_ms,c_ma,random
6,7.307365e-05,0.0,s_ma,c_ms,c_ms,random
6,0.31219882,0.0,s_ms,c_ma,c_ms,random
6,0.3589984,0.0,s_ms,c_ma,c_ma,random
6,0.38142976,0.0,s_ms,c_ma,c_ma,random
6,0.6849481,1.0,s_ms,c_ma,c_ms,random
6,0.6977159,1.0,s_ms,c_ma,c_ms,random
6,1.2625248e-05,0.0,s_ma,c_ma,c_ma,random
6,5.7412486e-05,0.0,s_ma,c_ma,c_ms,random
6,2.420924e-05,0.0,s_ma,c_ma,c_ma,random
6,4.5860095e-05,0.0,s_ma,c_ma,c_ms,random
7,8.369392e-06,0.0,s_ma,c_ma,c_ms,blocked
7,0.00023400171,0.0,s_ma,c_ma,c_ma,blocked
7,0.00012261274,0.0,s_ma,c_ma,c_ms,blocked
7,7.8953584e-05,0.0,s_ma,c_ma,c_ms,blocked
7,0.4957048,0.0,s_ms,c_ma,c_ms,blocked
7,0.47252646,0.0,s_ms,c_ma,c_ma,blocked
7,0.35447603,0.0,s_ms,c_ma,c_ma,blocked
7,0.32845137,0.0,s_ms,c_ma,c_ms,blocked
7,0.37712133,0.0,s_ms,c_ma,c_ma,blocked
7,2.110582e-05,0.0,s_ma,c_ms,c_ma,blocked
7,6.203089e-05,0.0,s_ma,c_ms,c_ms,blocked
7,0.00015511026,0.0,s_ma,c_ms,c_ms,blocked
7,7.6021247e-06,0.0,s_ma,c_ms,c_ma,blocked
7,4.551602e-05,0.0,s_ma,c_ms,c_ma,blocked
7,0.18703502,0.0,s_ms,c_ms,c_ms,blocked
7,0.24125978,0.0,s_ms,c_ms,c_ma,blocked
7,0.11475079,0.0,s_ms,c_ms,c_ms,blocked
7,0.24808833,0.0,s_ms,c_ms,c_ma,blocked
7,0.17495403,0.0,s_ms,c_ms,c_ms,blocked
7,7.4447307e-06,0.0,s_ma,c_ma,c_ms,blocked
7,0.00010305098,0.0,s_ma,c_ma,c_ms,blocked
7,2.0300939e-05,0.0,s_ma,c_ma,c_ma,blocked
7,7.9454236e-05,0.0,s_ma,c_ma,c_ma,blocked
7,0.4932583,0.0,s_ms,c_ma,c_ma,blocked
7,0.46746323,0.0,s_ms,c_ma,c_ms,blocked
7,0.40997815,0.0,s_ms,c_ma,c_ms,blocked
7,0.52232504,1.0,s_ms,c_ma,c_ma,blocked
7,0.5301703,1.0,s_ms,c_ma,c_ms,blocked
7,1.5907195e-05,0.0,s_ma,c_ms,c_ms,blocked
7,2.7759913e-06,0.0,s_ma,c_ms,c_ma,blocked
7,9.552273e-06,0.0,s_ma,c_ms,c_ma,blocked
7,1.1613888e-06,0.0,s_ma,c_ms,c_ms,blocked
7,8.474799e-06,0.0,s_ma,c_ms,c_ms,blocked
7,0.10306141,0.0,s_ms,c_ms,c_ma,blocked
7,0.07078766,0.0,s_ms,c_ms,c_ms,blocked
7,0.0632355,0.0,s_ms,c_ms,c_ma,blocked
7,0.054064,0.0,s_ms,c_ms,c_ms,blocked
7,0.06479333,0.0,s_ms,c_ms,c_ma,blocked
7,0.00023600162,0.0,s_ma,c_ma,c_ma,blocked
7,0.00011787355,0.0,s_ma,c_ma,c_ms,blocked
7,0.00055618095,0.0,s_ma,c_ma,c_ms,blocked
7,0.00034759048,0.0,s_ma,c_ma,c_ms,blocked
7,0.523743,1.0,s_ms,c_ma,c_ms,blocked
7,0.51250815,1.0,s_ms,c_ma,c_ma,blocked
7,0.5020524,1.0,s_ms,c_ma,c_ma,blocked
7,0.4207043,0.0,s_ms,c_ma,c_ms,blocked
7,0.57075113,1.0,s_ms,c_ma,c_ma,blocked
7,0.00012346907,0.0,s_ma,c_ms,c_ma,blocked
7,6.2050145e-05,0.0,s_ma,c_ms,c_ms,blocked
7,8.807869e-05,0.0,s_ma,c_ms,c_ms,blocked
7,0.000115934454,0.0,s_ma,c_ms,c_ma,blocked
7,3.8018043e-05,0.0,s_ma,c_ms,c_ma,blocked
7,0.45808634,0.0,s_ms,c_ms,c_ms,blocked
7,0.38615334,0.0,s_ms,c_ms,c_ma,blocked
7,0.4329698,0.0,s_ms,c_ms,c_ms,blocked
7,0.4197098,0.0,s_ms,c_ms,c_ma,blocked
7,0.3976053,0.0,s_ms,c_ms,c_ms,blocked
7,0.00014088639,0.0,s_ma,c_ma,c_ms,blocked
7,2.3916768e-05,0.0,s_ma,c_ma,c_ma,blocked
7,0.0006241053,0.0,s_ma,c_ma,c_ms,blocked
7,4.817471e-05,0.0,s_ma,c_ma,c_ma,blocked
7,0.6209992,1.0,s_ms,c_ma,c_ma,blocked
7,0.6955762,1.0,s_ms,c_ma,c_ms,blocked
7,0.46953562,0.0,s_ms,c_ma,c_ms,blocked
7,0.4861179,0.0,s_ms,c_ma,c_ma,blocked
7,0.48356947,0.0,s_ms,c_ma,c_ms,blocked
7,9.844109e-05,0.0,s_ma,c_ms,c_ms,blocked
7,1.2440937e-05,0.0,s_ma,c_ms,c_ma,blocked
7,0.00011123001,0.0,s_ma,c_ms,c_ma,blocked
7,1.2722193e-05,0.0,s_ma,c_ms,c_ms,blocked
7,5.0669645e-05,0.0,s_ma,c_ms,c_ms,blocked
7,0.4300253,0.0,s_ms,c_ms,c_ma,blocked
7,0.52838576,1.0,s_ms,c_ms,c_ms,blocked
7,0.3102139,0.0,s_ms,c_ms,c_ma,blocked
7,0.3376836,0.0,s_ms,c_ms,c_ms,blocked
7,0.3605973,0.0,s_ms,c_ms,c_ma,blocked
7,8.6291664e-05,0.0,s_ma,c_ma,c_ms,blocked
7,8.39317e-05,0.0,s_ma,c_ma,c_ma,blocked
7,0.00024347068,0.0,s_ma,c_ma,c_ms,blocked
7,5.4732314e-05,0.0,s_ma,c_ma,c_ma,blocked
7,0.38873184,0.0,s_ms,c_ma,c_ma,blocked
7,0.51992106,1.0,s_ms,c_ma,c_ms,blocked
7,0.19643879,0.0,s_ms,c_ma,c_ms,blocked
7,0.26447457,0.0,s_ms,c_ma,c_ma,blocked
7,0.3646964,0.0,s_ms,c_ma,c_ms,blocked
7,0.00016704362,0.0,s_ma,c_ms,c_ms,blocked
7,4.7559835e-05,0.0,s_ma,c_ms,c_ma,blocked
7,2.8513192e-05,0.0,s_ma,c_ms,c_ma,blocked
7,2.4039848e-05,0.0,s_ma,c_ms,c_ms,blocked
7,2.2456892e-05,0.0,s_ma,c_ms,c_ms,blocked
7,0.096733585,0.0,s_ms,c_ms,c_ma,blocked
7,0.08810448,0.0,s_ms,c_ms,c_ms,blocked
7,0.0792775,0.0,s_ms,c_ms,c_ma,blocked
7,0.16640124,0.0,s_ms,c_ms,c_ms,blocked
7,0.06315988,0.0,s_ms,c_ms,c_ma,blocked
7,0.39689344,0.0,s_ms,c_ma,c_ms,blocked
7,0.3615808,0.0,s_ms,c_ma,c_ma,blocked
7,0.3356154,0.0,s_ms,c_ma,c_ms,blocked
7,0.24965484,0.0,s_ms,c_ma,c_ma,blocked
7,0.49944648,0.0,s_ms,c_ma,c_ma,blocked
7,7.398732e-05,0.0,s_ma,c_ma,c_ms,blocked
7,1.331632e-05,0.0,s_ma,c_ma,c_ms,blocked
7,6.499668e-05,0.0,s_ma,c_ma,c_ma,blocked
7,0.00013499113,0.0,s_ma,c_ma,c_ms,blocked
7,0.1864967,0.0,s_ms,c_ms,c_ms,blocked
7,0.21063103,0.0,s_ms,c_ms,c_ma,blocked
7,0.13930528,0.0,s_ms,c_ms,c_ma,blocked
7,0.08454057,0.0,s_ms,c_ms,c_ms,blocked
7,0.15131906,0.0,s_ms,c_ms,c_ms,blocked
7,5.182466e-05,0.0,s_ma,c_ms,c_ma,blocked
7,4.361375e-06,0.0,s_ma,c_ms,c_ms,blocked
7,3.0360261e-05,0.0,s_ma,c_ms,c_ma,blocked
7,0.00015445334,0.0,s_ma,c_ms,c_ms,blocked
7,1.899085e-05,0.0,s_ma,c_ms,c_ma,blocked
7,0.39740825,0.0,s_ms,c_ma,c_ma,blocked
7,0.34990472,0.0,s_ms,c_ma,c_ms,blocked
7,0.38484895,0.0,s_ms,c_ma,c_ma,blocked
7,0.19654576,0.0,s_ms,c_ma,c_ms,blocked
7,0.3238266,0.0,s_ms,c_ma,c_ms,blocked
7,6.672267e-05,0.0,s_ma,c_ma,c_ms,blocked
7,0.0002912975,0.0,s_ma,c_ma,c_ma,blocked
7,9.130251e-05,0.0,s_ma,c_ma,c_ms,blocked
7,0.00010361249,0.0,s_ma,c_ma,c_ma,blocked
7,0.10561296,0.0,s_ms,c_ms,c_ma,blocked
7,0.09211266,0.0,s_ms,c_ms,c_ms,blocked
7,0.14227119,0.0,s_ms,c_ms,c_ms,blocked
7,0.123047,0.0,s_ms,c_ms,c_ma,blocked
7,0.13321012,0.0,s_ms,c_ms,c_ma,blocked
7,5.0764153e-05,0.0,s_ma,c_ms,c_ms,blocked
7,1.2141068e-05,0.0,s_ma,c_ms,c_ma,blocked
7,2.37194e-05,0.0,s_ma,c_ms,c_ms,blocked
7,6.9610825e-05,0.0,s_ma,c_ms,c_ma,blocked
7,6.5905675e-05,0.0,s_ma,c_ms,c_ms,blocked
7,0.45191002,0.0,s_ms,c_ma,c_ma,blocked
7,0.43633512,0.0,s_ms,c_ma,c_ms,blocked
7,0.35752583,0.0,s_ms,c_ma,c_ma,blocked
7,0.34555024,0.0,s_ms,c_ma,c_ms,blocked
7,0.57944036,1.0,s_ms,c_ma,c_ms,blocked
7,1.3235771e-05,0.0,s_ma,c_ma,c_ms,blocked
7,0.00021906744,0.0,s_ma,c_ma,c_ma,blocked
7,3.4287586e-05,0.0,s_ma,c_ma,c_ms,blocked
7,9.110834e-05,0.0,s_ma,c_ma,c_ma,blocked
7,0.11663305,0.0,s_ms,c_ms,c_ma,blocked
7,0.15869044,0.0,s_ms,c_ms,c_ms,blocked
7,0.15094064,0.0,s_ms,c_ms,c_ms,blocked
7,0.22465934,0.0,s_ms,c_ms,c_ma,blocked
7,0.1444628,0.0,s_ms,c_ms,c_ma,blocked
7,5.884738e-06,0.0,s_ma,c_ms,c_ms,blocked
7,2.4654864e-06,0.0,s_ma,c_ms,c_ma,blocked
7,1.0503994e-05,0.0,s_ma,c_ms,c_ms,blocked
7,2.0008697e-06,0.0,s_ma,c_ms,c_ma,blocked
7,4.9542296e-06,0.0,s_ma,c_ms,c_ms,blocked
7,0.55208576,1.0,s_ms,c_ma,c_ms,blocked
7,0.33939084,0.0,s_ms,c_ma,c_ma,blocked
7,0.4029736,0.0,s_ms,c_ma,c_ms,blocked
7,0.35221055,0.0,s_ms,c_ma,c_ma,blocked
7,0.6172954,1.0,s_ms,c_ma,c_ma,blocked
7,7.137554e-05,0.0,s_ma,c_ma,c_ma,blocked
7,8.7205306e-05,0.0,s_ma,c_ma,c_ms,blocked
7,3.8357095e-05,0.0,s_ma,c_ma,c_ms,blocked
7,0.00018104058,0.0,s_ma,c_ma,c_ms,blocked
7,0.15437847,0.0,s_ms,c_ms,c_ms,blocked
7,0.15289676,0.0,s_ms,c_ms,c_ma,blocked
7,0.28464305,0.0,s_ms,c_ms,c_ma,blocked
7,0.16688661,0.0,s_ms,c_ms,c_ms,blocked
7,0.16981135,0.0,s_ms,c_ms,c_ms,blocked
7,1.4997749e-05,0.0,s_ma,c_ms,c_ma,blocked
7,2.9894898e-05,0.0,s_ma,c_ms,c_ms,blocked
7,2.4795909e-05,0.0,s_ma,c_ms,c_ma,blocked
7,2.2319822e-05,0.0,s_ma,c_ms,c_ms,blocked
7,5.502433e-06,0.0,s_ma,c_ms,c_ma,blocked
7,0.4960105,0.0,s_ms,c_ma,c_ma,blocked
7,0.3793789,0.0,s_ms,c_ma,c_ms,blocked
7,0.32782346,0.0,s_ms,c_ma,c_ma,blocked
7,0.41431624,0.0,s_ms,c_ma,c_ms,blocked
7,0.5612947,1.0,s_ms,c_ma,c_ms,blocked
7,0.00013581656,0.0,s_ma,c_ma,c_ms,blocked
7,0.00011307979,0.0,s_ma,c_ma,c_ma,blocked
7,0.00010152634,0.0,s_ma,c_ma,c_ma,blocked
7,0.00020499488,0.0,s_ma,c_ma,c_ms,blocked
7,0.37372667,0.0,s_ms,c_ms,c_ma,blocked
7,0.5638763,1.0,s_ms,c_ms,c_ms,blocked
7,0.31201,0.0,s_ms,c_ms,c_ms,blocked
7,0.41929436,0.0,s_ms,c_ms,c_ma,blocked
7,0.34436736,0.0,s_ms,c_ms,c_ma,blocked
7,1.8839495e-05,0.0,s_ma,c_ms,c_ms,blocked
7,6.041935e-05,0.0,s_ma,c_ms,c_ma,blocked
7,9.878792e-05,0.0,s_ma,c_ms,c_ms,blocked
7,0.00010136519,0.0,s_ma,c_ms,c_ma,blocked
7,0.00030859286,0.0,s_ma,c_ms,c_ms,blocked
7,0.00028198247,0.0,s_ma,c_ms,c_ma,blocked
7,5.9508133e-05,0.0,s_ma,c_ms,c_ms,blocked
7,0.0007504613,0.0,s_ma,c_ms,c_ma,blocked
7,0.0009224155,0.0,s_ma,c_ms,c_ms,blocked
7,0.004266957,0.0,s_ma,c_ms,c_ms,blocked
7,0.26893935,0.0,s_ms,c_ms,c_ms,blocked
7,0.21080461,0.0,s_ms,c_ms,c_ma,blocked
7,0.47388974,0.0,s_ms,c_ms,c_ma,blocked
7,0.2888528,0.0,s_ms,c_ms,c_ms,blocked
7,0.43196678,0.0,s_ms,c_ms,c_ma,blocked
7,0.0008742095,0.0,s_ma,c_ma,c_ms,blocked
7,0.00021045435,0.0,s_ma,c_ma,c_ms,blocked
7,0.0004995494,0.0,s_ma,c_ma,c_ma,blocked
7,0.0020415604,0.0,s_ma,c_ma,c_ma,blocked
7,0.7999405,1.0,s_ms,c_ma,c_ms,blocked
7,0.8555875,1.0,s_ms,c_ma,c_ma,blocked
7,0.7389578,1.0,s_ms,c_ma,c_ms,blocked
7,0.7555883,1.0,s_ms,c_ma,c_ma,blocked
7,0.7877654,1.0,s_ms,c_ma,c_ms,blocked
7,0.00016800678,0.0,s_ma,c_ms,c_ms,blocked
7,0.00042552262,0.0,s_ma,c_ms,c_ma,blocked
7,0.0005549068,0.0,s_ma,c_ms,c_ms,blocked
7,1.430981e-05,0.0,s_ma,c_ms,c_ma,blocked
7,0.0013869976,0.0,s_ma,c_ms,c_ma,blocked
7,0.16437554,0.0,s_ms,c_ms,c_ma,blocked
7,0.17450313,0.0,s_ms,c_ms,c_ms,blocked
7,0.42817712,0.0,s_ms,c_ms,c_ms,blocked
7,0.2033847,0.0,s_ms,c_ms,c_ma,blocked
7,0.45236742,0.0,s_ms,c_ms,c_ms,blocked
7,0.0008651799,0.0,s_ma,c_ma,c_ms,blocked
7,2.105194e-05,0.0,s_ma,c_ma,c_ma,blocked
7,7.447308e-05,0.0,s_ma,c_ma,c_ms,blocked
7,7.505224e-05,0.0,s_ma,c_ma,c_ms,blocked
7,0.75591063,1.0,s_ms,c_ma,c_ma,blocked
7,0.7672845,1.0,s_ms,c_ma,c_ms,blocked
7,0.71352756,1.0,s_ms,c_ma,c_ma,blocked
7,0.6545074,1.0,s_ms,c_ma,c_ms,blocked
7,0.6498302,1.0,s_ms,c_ma,c_ma,blocked
7,0.0016548908,0.0,s_ma,c_ms,c_ms,blocked
7,7.027818e-05,0.0,s_ma,c_ms,c_ma,blocked
7,0.001727774,0.0,s_ma,c_ms,c_ms,blocked
7,0.0001634956,0.0,s_ma,c_ms,c_ma,blocked
7,0.000988004,0.0,s_ma,c_ms,c_ma,blocked
7,0.06515099,0.0,s_ms,c_ms,c_ma,blocked
7,0.20505577,0.0,s_ms,c_ms,c_ms,blocked
7,0.27904782,0.0,s_ms,c_ms,c_ms,blocked
7,0.3455267,0.0,s_ms,c_ms,c_ma,blocked
7,0.26939633,0.0,s_ms,c_ms,c_ms,blocked
7,0.00019955603,0.0,s_ma,c_ma,c_ms,blocked
7,1.9908237e-05,0.0,s_ma,c_ma,c_ma,blocked
7,4.2092823e-05,0.0,s_ma,c_ma,c_ms,blocked
7,7.9817546e-05,0.0,s_ma,c_ma,c_ms,blocked
7,0.78328854,1.0,s_ms,c_ma,c_ma,blocked
7,0.85779727,1.0,s_ms,c_ma,c_ms,blocked
7,0.76219773,1.0,s_ms,c_ma,c_ma,blocked
7,0.6663668,1.0,s_ms,c_ma,c_ms,blocked
7,0.7882851,1.0,s_ms,c_ma,c_ma,blocked
7,0.00013634139,0.0,s_ma,c_ms,c_ma,blocked
7,8.2225895e-05,0.0,s_ma,c_ms,c_ms,blocked
7,0.0007908289,0.0,s_ma,c_ms,c_ma,blocked
7,0.0002971752,0.0,s_ma,c_ms,c_ms,blocked
7,0.0013092045,0.0,s_ma,c_ms,c_ms,blocked
7,0.06452309,0.0,s_ms,c_ms,c_ms,blocked
7,0.23879033,0.0,s_ms,c_ms,c_ma,blocked
7,0.25183403,0.0,s_ms,c_ms,c_ma,blocked
7,0.38473868,0.0,s_ms,c_ms,c_ms,blocked
7,0.31725168,0.0,s_ms,c_ms,c_ma,blocked
7,0.00051118684,0.0,s_ma,c_ma,c_ma,blocked
7,7.513123e-05,0.0,s_ma,c_ma,c_ms,blocked
7,4.4949993e-05,0.0,s_ma,c_ma,c_ms,blocked
7,0.0009983429,0.0,s_ma,c_ma,c_ma,blocked
7,0.8108367,1.0,s_ms,c_ma,c_ms,blocked
7,0.85448647,1.0,s_ms,c_ma,c_ma,blocked
7,0.7670367,1.0,s_ms,c_ma,c_ms,blocked
7,0.71232307,1.0,s_ms,c_ma,c_ma,blocked
7,0.73577636,1.0,s_ms,c_ma,c_ms,blocked
7,0.00031057626,0.0,s_ma,c_ms,c_ma,blocked
7,0.00053504325,0.0,s_ma,c_ms,c_ms,blocked
7,0.0007596245,0.0,s_ma,c_ms,c_ma,blocked
7,0.0006616007,0.0,s_ma,c_ms,c_ms,blocked
7,0.0008492966,0.0,s_ma,c_ms,c_ms,blocked
7,0.19410503,0.0,s_ms,c_ms,c_ms,blocked
7,0.20799649,0.0,s_ms,c_ms,c_ma,blocked
7,0.36921984,0.0,s_ms,c_ms,c_ma,blocked
7,0.3414515,0.0,s_ms,c_ms,c_ms,blocked
7,0.48238075,0.0,s_ms,c_ms,c_ma,blocked
7,0.0019605001,0.0,s_ma,c_ma,c_ma,blocked
7,8.017149e-05,0.0,s_ma,c_ma,c_ms,blocked
7,9.09396e-05,0.0,s_ma,c_ma,c_ms,blocked
7,0.0010950109,0.0,s_ma,c_ma,c_ma,blocked
7,0.6922783,1.0,s_ms,c_ma,c_ms,blocked
7,0.67214966,1.0,s_ms,c_ma,c_ma,blocked
7,0.667546,1.0,s_ms,c_ma,c_ms,blocked
7,0.661295,1.0,s_ms,c_ma,c_ma,blocked
7,0.7878318,1.0,s_ms,c_ma,c_ms,blocked
7,0.07928072,0.0,s_ms,c_ms,c_ms,blocked
7,0.025346544,0.0,s_ms,c_ms,c_ma,blocked
7,0.16536601,0.0,s_ms,c_ms,c_ms,blocked
7,0.08465806,0.0,s_ms,c_ms,c_ma,blocked
7,0.057373676,0.0,s_ms,c_ms,c_ma,blocked
7,0.00020561783,0.0,s_ma,c_ms,c_ma,blocked
7,0.00015162307,0.0,s_ma,c_ms,c_ms,blocked
7,3.0055853e-05,0.0,s_ma,c_ms,c_ms,blocked
7,2.851061e-05,0.0,s_ma,c_ms,c_ma,blocked
7,1.1816536e-05,0.0,s_ma,c_ms,c_ms,blocked
7,0.13260615,0.0,s_ms,c_ma,c_ms,blocked
7,0.17531838,0.0,s_ms,c_ma,c_ma,blocked
7,0.12673299,0.0,s_ms,c_ma,c_ma,blocked
7,0.1328041,0.0,s_ms,c_ma,c_ms,blocked
7,0.24995776,0.0,s_ms,c_ma,c_ms,blocked
7,8.905321e-06,0.0,s_ma,c_ma,c_ms,blocked
7,4.0163846e-05,0.0,s_ma,c_ma,c_ma,blocked
7,1.960789e-05,0.0,s_ma,c_ma,c_ms,blocked
7,5.2164655e-06,0.0,s_ma,c_ma,c_ma,blocked
7,0.09028266,0.0,s_ms,c_ms,c_ma,blocked
7,0.039896533,0.0,s_ms,c_ms,c_ms,blocked
7,0.11164482,0.0,s_ms,c_ms,c_ma,blocked
7,0.07049986,0.0,s_ms,c_ms,c_ms,blocked
7,0.05089844,0.0,s_ms,c_ms,c_ms,blocked
7,2.4028603e-05,0.0,s_ma,c_ms,c_ms,blocked
7,1.0905921e-05,0.0,s_ma,c_ms,c_ma,blocked
7,1.7392176e-05,0.0,s_ma,c_ms,c_ma,blocked
7,7.080507e-05,0.0,s_ma,c_ms,c_ms,blocked
7,3.744079e-05,0.0,s_ma,c_ms,c_ma,blocked
7,0.09652713,0.0,s_ms,c_ma,c_ma,blocked
7,0.17378485,0.0,s_ms,c_ma,c_ms,blocked
7,0.09261152,0.0,s_ms,c_ma,c_ms,blocked
7,0.10823404,0.0,s_ms,c_ma,c_ma,blocked
7,0.24910547,0.0,s_ms,c_ma,c_ma,blocked
7,9.9356885e-06,0.0,s_ma,c_ma,c_ms,blocked
7,0.00014955227,0.0,s_ma,c_ma,c_ms,blocked
7,5.155029e-05,0.0,s_ma,c_ma,c_ma,blocked
7,5.584914e-05,0.0,s_ma,c_ma,c_ms,blocked
7,0.17445752,0.0,s_ms,c_ms,c_ms,blocked
7,0.050410748,0.0,s_ms,c_ms,c_ma,blocked
7,0.11198255,0.0,s_ms,c_ms,c_ms,blocked
7,0.14581636,0.0,s_ms,c_ms,c_ma,blocked
7,0.051666297,0.0,s_ms,c_ms,c_ma,blocked
7,0.00032240746,0.0,s_ma,c_ms,c_ma,blocked
7,0.00013692875,0.0,s_ma,c_ms,c_ms,blocked
7,9.364976e-05,0.0,s_ma,c_ms,c_ms,blocked
7,0.00011661052,0.0,s_ma,c_ms,c_ma,blocked
7,9.957228e-05,0.0,s_ma,c_ms,c_ms,blocked
7,0.18249407,0.0,s_ms,c_ma,c_ms,blocked
7,0.20635471,0.0,s_ms,c_ma,c_ma,blocked
7,0.16333462,0.0,s_ms,c_ma,c_ma,blocked
7,0.1432378,0.0,s_ms,c_ma,c_ms,blocked
7,0.21637389,0.0,s_ms,c_ma,c_ms,blocked
7,4.3952474e-05,0.0,s_ma,c_ma,c_ma,blocked
7,0.00015439863,0.0,s_ma,c_ma,c_ms,blocked
7,0.00013328307,0.0,s_ma,c_ma,c_ms,blocked
7,2.99069e-05,0.0,s_ma,c_ma,c_ma,blocked
7,0.07303837,0.0,s_ms,c_ms,c_ma,blocked
7,0.052374765,0.0,s_ms,c_ms,c_ms,blocked
7,0.09854858,0.0,s_ms,c_ms,c_ma,blocked
7,0.11806436,0.0,s_ms,c_ms,c_ms,blocked
7,0.031775612,0.0,s_ms,c_ms,c_ms,blocked
7,0.00096639583,0.0,s_ma,c_ms,c_ms,blocked
7,0.0002751782,0.0,s_ma,c_ms,c_ma,blocked
7,9.914114e-06,0.0,s_ma,c_ms,c_ma,blocked
7,6.784315e-05,0.0,s_ma,c_ms,c_ms,blocked
7,0.000115799405,0.0,s_ma,c_ms,c_ma,blocked
7,0.15234268,0.0,s_ms,c_ma,c_ma,blocked
7,0.25947472,0.0,s_ms,c_ma,c_ms,blocked
7,0.24620083,0.0,s_ms,c_ma,c_ms,blocked
7,0.20870173,0.0,s_ms,c_ma,c_ma,blocked
7,0.25599933,0.0,s_ms,c_ma,c_ma,blocked
7,2.1699558e-05,0.0,s_ma,c_ma,c_ms,blocked
7,5.1410556e-05,0.0,s_ma,c_ma,c_ma,blocked
7,0.00012851476,0.0,s_ma,c_ma,c_ms,blocked
7,5.6176987e-06,0.0,s_ma,c_ma,c_ms,blocked
7,0.1342934,0.0,s_ms,c_ms,c_ms,blocked
7,0.070935205,0.0,s_ms,c_ms,c_ma,blocked
7,0.10873936,0.0,s_ms,c_ms,c_ms,blocked
7,0.090113975,0.0,s_ms,c_ms,c_ma,blocked
7,0.060333297,0.0,s_ms,c_ms,c_ma,blocked
7,0.00011424377,0.0,s_ma,c_ms,c_ma,blocked
7,0.00025075374,0.0,s_ma,c_ms,c_ms,blocked
7,2.1576203e-05,0.0,s_ma,c_ms,c_ms,blocked
7,1.0326598e-05,0.0,s_ma,c_ms,c_ma,blocked
7,0.00014791716,0.0,s_ma,c_ms,c_ms,blocked
7,0.14102527,0.0,s_ms,c_ma,c_ms,blocked
7,0.2836793,0.0,s_ms,c_ma,c_ma,blocked
7,0.14976077,0.0,s_ms,c_ma,c_ma,blocked
7,0.20592016,0.0,s_ms,c_ma,c_ms,blocked
7,0.15796676,0.0,s_ms,c_ma,c_ms,blocked
7,5.405478e-06,0.0,s_ma,c_ma,c_ma,blocked
7,5.6579436e-05,0.0,s_ma,c_ma,c_ms,blocked
7,2.8970482e-05,0.0,s_ma,c_ma,c_ma,blocked
7,5.2705473e-06,0.0,s_ma,c_ma,c_ms,blocked
7,3.998074e-05,0.0,s_ma,c_ma,c_ms,interleaved
7,0.00030549098,0.0,s_ma,c_ma,c_ma,interleaved
7,0.00020297158,0.0,s_ma,c_ma,c_ms,interleaved
7,0.00012557468,0.0,s_ma,c_ma,c_ms,interleaved
7,0.4456581,0.0,s_ms,c_ma,c_ms,interleaved
7,0.47700986,0.0,s_ms,c_ma,c_ma,interleaved
7,0.46376035,0.0,s_ms,c_ma,c_ma,interleaved
7,0.4122709,0.0,s_ms,c_ma,c_ms,interleaved
7,0.45164907,0.0,s_ms,c_ma,c_ma,interleaved
7,0.00015044377,0.0,s_ma,c_ms,c_ma,interleaved
7,6.7259316e-05,0.0,s_ma,c_ms,c_ms,interleaved
7,0.00033575582,0.0,s_ma,c_ms,c_ms,interleaved
7,5.8412912e-05,0.0,s_ma,c_ms,c_ma,interleaved
7,7.1701594e-05,0.0,s_ma,c_ms,c_ma,interleaved
7,0.5299236,1.0,s_ms,c_ms,c_ms,interleaved
7,0.584864,1.0,s_ms,c_ms,c_ma,interleaved
7,0.5034911,1.0,s_ms,c_ms,c_ms,interleaved
7,0.514055,1.0,s_ms,c_ms,c_ma,interleaved
7,0.376738,0.0,s_ms,c_ms,c_ms,interleaved
7,3.379179e-05,0.0,s_ma,c_ma,c_ms,interleaved
7,0.00033585844,0.0,s_ma,c_ma,c_ms,interleaved
7,0.0001099906,0.0,s_ma,c_ma,c_ma,interleaved
7,0.00016951427,0.0,s_ma,c_ma,c_ma,interleaved
7,0.37476075,0.0,s_ms,c_ma,c_ma,interleaved
7,0.619962,1.0,s_ms,c_ma,c_ms,interleaved
7,0.45684496,0.0,s_ms,c_ma,c_ms,interleaved
7,0.4756783,0.0,s_ms,c_ma,c_ma,interleaved
7,0.54865813,1.0,s_ms,c_ma,c_ms,interleaved
7,3.7223323e-05,0.0,s_ma,c_ms,c_ms,interleaved
7,5.088651e-06,0.0,s_ma,c_ms,c_ma,interleaved
7,1.8644207e-05,0.0,s_ma,c_ms,c_ma,interleaved
7,2.5083524e-05,0.0,s_ma,c_ms,c_ms,interleaved
7,2.4872936e-05,0.0,s_ma,c_ms,c_ms,interleaved
7,0.6064284,1.0,s_ms,c_ms,c_ma,interleaved
7,0.5427034,1.0,s_ms,c_ms,c_ms,interleaved
7,0.3849499,0.0,s_ms,c_ms,c_ma,interleaved
7,0.40927523,0.0,s_ms,c_ms,c_ms,interleaved
7,0.4559973,0.0,s_ms,c_ms,c_ma,interleaved
7,0.0003086429,0.0,s_ma,c_ma,c_ma,interleaved
7,0.00034742852,0.0,s_ma,c_ma,c_ms,interleaved
7,0.0026817622,0.0,s_ma,c_ma,c_ms,interleaved
7,0.0025092082,0.0,s_ma,c_ma,c_ms,interleaved
7,0.3797349,0.0,s_ms,c_ma,c_ms,interleaved
7,0.5100472,1.0,s_ms,c_ma,c_ma,interleaved
7,0.52170086,1.0,s_ms,c_ma,c_ma,interleaved
7,0.5035553,1.0,s_ms,c_ma,c_ms,interleaved
7,0.5311476,1.0,s_ms,c_ma,c_ma,interleaved
7,0.00025619645,0.0,s_ma,c_ms,c_ma,interleaved
7,0.00026389884,0.0,s_ma,c_ms,c_ms,interleaved
7,0.00022561532,0.0,s_ma,c_ms,c_ms,interleaved
7,0.00021021895,0.0,s_ma,c_ms,c_ma,interleaved
7,0.0002839474,0.0,s_ma,c_ms,c_ma,interleaved
7,0.66966593,1.0,s_ms,c_ms,c_ms,interleaved
7,0.5715003,1.0,s_ms,c_ms,c_ma,interleaved
7,0.6664113,1.0,s_ms,c_ms,c_ms,interleaved
7,0.6663948,1.0,s_ms,c_ms,c_ma,interleaved
7,0.56708825,1.0,s_ms,c_ms,c_ms,interleaved
7,0.0002172156,0.0,s_ma,c_ma,c_ms,interleaved
7,0.000100600286,0.0,s_ma,c_ma,c_ma,interleaved
7,0.0027978988,0.0,s_ma,c_ma,c_ms,interleaved
7,0.0002939314,0.0,s_ma,c_ma,c_ma,interleaved
7,0.41070718,0.0,s_ms,c_ma,c_ma,interleaved
7,0.5312552,1.0,s_ms,c_ma,c_ms,interleaved
7,0.44640285,0.0,s_ms,c_ma,c_ms,interleaved
7,0.47104126,0.0,s_ms,c_ma,c_ma,interleaved
7,0.5178447,1.0,s_ms,c_ma,c_ms,interleaved
7,0.0007678836,0.0,s_ma,c_ms,c_ms,interleaved
7,1.228186e-05,0.0,s_ma,c_ms,c_ma,interleaved
7,0.000105896666,0.0,s_ma,c_ms,c_ma,interleaved
7,4.3439653e-05,0.0,s_ma,c_ms,c_ms,interleaved
7,0.00013743364,0.0,s_ma,c_ms,c_ms,interleaved
7,0.6815462,1.0,s_ms,c_ms,c_ma,interleaved
7,0.7847767,1.0,s_ms,c_ms,c_ms,interleaved
7,0.68723935,1.0,s_ms,c_ms,c_ma,interleaved
7,0.59316957,1.0,s_ms,c_ms,c_ms,interleaved
7,0.6823149,1.0,s_ms,c_ms,c_ma,interleaved
7,0.00012927792,0.0,s_ma,c_ma,c_ms,interleaved
7,0.00017579831,0.0,s_ma,c_ma,c_ma,interleaved
7,0.0025672894,0.0,s_ma,c_ma,c_ms,interleaved
7,0.00032485696,0.0,s_ma,c_ma,c_ma,interleaved
7,0.39012435,0.0,s_ms,c_ma,c_ma,interleaved
7,0.40019092,0.0,s_ms,c_ma,c_ms,interleaved
7,0.5043518,1.0,s_ms,c_ma,c_ms,interleaved
7,0.4785385,0.0,s_ms,c_ma,c_ma,interleaved
7,0.38378584,0.0,s_ms,c_ma,c_ms,interleaved
7,0.00043004792,0.0,s_ma,c_ms,c_ms,interleaved
7,0.00016643351,0.0,s_ma,c_ms,c_ma,interleaved
7,0.00012940221,0.0,s_ma,c_ms,c_ma,interleaved
7,0.00010715949,0.0,s_ma,c_ms,c_ms,interleaved
7,4.6236477e-05,0.0,s_ma,c_ms,c_ms,interleaved
7,0.32295442,0.0,s_ms,c_ms,c_ma,interleaved
7,0.31009495,0.0,s_ms,c_ms,c_ms,interleaved
7,0.29931247,0.0,s_ms,c_ms,c_ma,interleaved
7,0.4214667,0.0,s_ms,c_ms,c_ms,interleaved
7,0.3629544,0.0,s_ms,c_ms,c_ma,interleaved
7,0.44013137,0.0,s_ms,c_ma,c_ms,interleaved
7,0.5062352,1.0,s_ms,c_ma,c_ma,interleaved
7,0.517369,1.0,s_ms,c_ma,c_ms,interleaved
7,0.43640625,0.0,s_ms,c_ma,c_ma,interleaved
7,0.54143775,1.0,s_ms,c_ma,c_ma,interleaved
7,9.389575e-05,0.0,s_ma,c_ma,c_ms,interleaved
7,3.0934185e-05,0.0,s_ma,c_ma,c_ms,interleaved
7,9.0663685e-05,0.0,s_ma,c_ma,c_ma,interleaved
7,0.00022619181,0.0,s_ma,c_ma,c_ms,interleaved
7,0.44940674,0.0,s_ms,c_ms,c_ms,interleaved
7,0.4565188,0.0,s_ms,c_ms,c_ma,interleaved
7,0.56207013,1.0,s_ms,c_ms,c_ma,interleaved
7,0.46557993,0.0,s_ms,c_ms,c_ms,interleaved
7,0.3344859,0.0,s_ms,c_ms,c_ms,interleaved
7,0.00010398736,0.0,s_ma,c_ms,c_ma,interleaved
7,1.2355622e-05,0.0,s_ma,c_ms,c_ms,interleaved
7,0.00013361897,0.0,s_ma,c_ms,c_ma,interleaved
7,0.00031167947,0.0,s_ma,c_ms,c_ms,interleaved
7,5.500396e-05,0.0,s_ma,c_ms,c_ma,interleaved
7,0.39650318,0.0,s_ms,c_ma,c_ma,interleaved
7,0.2399611,0.0,s_ms,c_ma,c_ms,interleaved
7,0.40290666,0.0,s_ms,c_ma,c_ma,interleaved
7,0.34220493,0.0,s_ms,c_ma,c_ms,interleaved
7,0.47338307,0.0,s_ms,c_ma,c_ms,interleaved
7,8.544933e-05,0.0,s_ma,c_ma,c_ms,interleaved
7,0.00077202823,0.0,s_ma,c_ma,c_ma,interleaved
7,0.0002171901,0.0,s_ma,c_ma,c_ms,interleaved
7,0.00012885268,0.0,s_ma,c_ma,c_ma,interleaved
7,0.3086005,0.0,s_ms,c_ms,c_ma,interleaved
7,0.30012846,0.0,s_ms,c_ms,c_ms,interleaved
7,0.23449896,0.0,s_ms,c_ms,c_ms,interleaved
7,0.26477298,0.0,s_ms,c_ms,c_ma,interleaved
7,0.26988238,0.0,s_ms,c_ms,c_ma,interleaved
7,6.938709e-05,0.0,s_ma,c_ms,c_ms,interleaved
7,1.1086357e-05,0.0,s_ma,c_ms,c_ma,interleaved
7,5.903311e-05,0.0,s_ma,c_ms,c_ms,interleaved
7,0.0001092975,0.0,s_ma,c_ms,c_ma,interleaved
7,0.00010449739,0.0,s_ma,c_ms,c_ms,interleaved
7,0.37167487,0.0,s_ms,c_ma,c_ma,interleaved
7,0.41491514,0.0,s_ms,c_ma,c_ms,interleaved
7,0.36349684,0.0,s_ms,c_ma,c_ma,interleaved
7,0.40372318,0.0,s_ms,c_ma,c_ms,interleaved
7,0.3585492,0.0,s_ms,c_ma,c_ms,interleaved
7,2.6804357e-05,0.0,s_ma,c_ma,c_ms,interleaved
7,0.0006778239,0.0,s_ma,c_ma,c_ma,interleaved
7,5.40772e-05,0.0,s_ma,c_ma,c_ms,interleaved
7,0.00020262881,0.0,s_ma,c_ma,c_ma,interleaved
7,0.18307836,0.0,s_ms,c_ms,c_ma,interleaved
7,0.22369686,0.0,s_ms,c_ms,c_ms,interleaved
7,0.33178347,0.0,s_ms,c_ms,c_ms,interleaved
7,0.36173368,0.0,s_ms,c_ms,c_ma,interleaved
7,0.39564794,0.0,s_ms,c_ms,c_ma,interleaved
7,9.854511e-06,0.0,s_ma,c_ms,c_ms,interleaved
7,5.0970993e-06,0.0,s_ma,c_ms,c_ma,interleaved
7,2.6256588e-05,0.0,s_ma,c_ms,c_ms,interleaved
7,3.069424e-06,0.0,s_ma,c_ms,c_ma,interleaved
7,7.6364695e-06,0.0,s_ma,c_ms,c_ms,interleaved
7,0.46777058,0.0,s_ms,c_ma,c_ms,interleaved
7,0.43961424,0.0,s_ms,c_ma,c_ma,interleaved
7,0.3750323,0.0,s_ms,c_ma,c_ms,interleaved
7,0.41613165,0.0,s_ms,c_ma,c_ma,interleaved
7,0.31940377,0.0,s_ms,c_ma,c_ma,interleaved
7,0.0001045374,0.0,s_ma,c_ma,c_ma,interleaved
7,0.00022599922,0.0,s_ma,c_ma,c_ms,interleaved
7,5.83845e-05,0.0,s_ma,c_ma,c_ms,interleaved
7,0.0002508045,0.0,s_ma,c_ma,c_ms,interleaved
7,0.31865853,0.0,s_ms,c_ms,c_ms,interleaved
7,0.34607673,0.0,s_ms,c_ms,c_ma,interleaved
7,0.3182035,0.0,s_ms,c_ms,c_ma,interleaved
7,0.24655506,0.0,s_ms,c_ms,c_ms,interleaved
7,0.26060754,0.0,s_ms,c_ms,c_ms,interleaved
7,2.8219643e-05,0.0,s_ma,c_ms,c_ma,interleaved
7,3.30201e-05,0.0,s_ma,c_ms,c_ms,interleaved
7,4.365633e-05,0.0,s_ma,c_ms,c_ma,interleaved
7,2.7514003e-05,0.0,s_ma,c_ms,c_ms,interleaved
7,6.191989e-06,0.0,s_ma,c_ms,c_ma,interleaved
7,0.42953673,0.0,s_ms,c_ma,c_ma,interleaved
7,0.37177518,0.0,s_ms,c_ma,c_ms,interleaved
7,0.3680145,0.0,s_ms,c_ma,c_ma,interleaved
7,0.38235885,0.0,s_ms,c_ma,c_ms,interleaved
7,0.5298375,1.0,s_ms,c_ma,c_ms,interleaved
7,0.00023996457,0.0,s_ma,c_ma,c_ms,interleaved
7,0.00014801136,0.0,s_ma,c_ma,c_ma,interleaved
7,0.00024716827,0.0,s_ma,c_ma,c_ma,interleaved
7,0.00030214307,0.0,s_ma,c_ma,c_ms,interleaved
7,0.37379748,0.0,s_ms,c_ms,c_ma,interleaved
7,0.53157717,1.0,s_ms,c_ms,c_ms,interleaved
7,0.37647897,0.0,s_ms,c_ms,c_ms,interleaved
7,0.5133462,1.0,s_ms,c_ms,c_ma,interleaved
7,0.34644306,0.0,s_ms,c_ms,c_ma,interleaved
7,1.5120074e-05,0.0,s_ma,c_ms,c_ms,interleaved
7,5.56079e-05,0.0,s_ma,c_ms,c_ma,interleaved
7,9.596306e-05,0.0,s_ma,c_ms,c_ms,interleaved
7,8.647776e-05,0.0,s_ma,c_ms,c_ma,interleaved
7,0.00018178998,0.0,s_ma,c_ms,c_ms,interleaved
7,0.00016380959,0.0,s_ma,c_ms,c_ma,interleaved
7,4.259655e-05,0.0,s_ma,c_ms,c_ms,interleaved
7,0.00032593936,0.0,s_ma,c_ms,c_ma,interleaved
7,0.000869115,0.0,s_ma,c_ms,c_ms,interleaved
7,0.0004137779,0.0,s_ma,c_ms,c_ms,interleaved
7,0.39352533,0.0,s_ms,c_ms,c_ms,interleaved
7,0.51261944,1.0,s_ms,c_ms,c_ma,interleaved
7,0.73783934,1.0,s_ms,c_ms,c_ma,interleaved
7,0.5479176,1.0,s_ms,c_ms,c_ms,interleaved
7,0.5543001,1.0,s_ms,c_ms,c_ma,interleaved
7,0.0029031849,0.0,s_ma,c_ma,c_ms,interleaved
7,0.00010379722,0.0,s_ma,c_ma,c_ms,interleaved
7,0.00037159247,0.0,s_ma,c_ma,c_ma,interleaved
7,0.0003911094,0.0,s_ma,c_ma,c_ma,interleaved
7,0.8363929,1.0,s_ms,c_ma,c_ms,interleaved
7,0.89415836,1.0,s_ms,c_ma,c_ma,interleaved
7,0.80271816,1.0,s_ms,c_ma,c_ms,interleaved
7,0.8352045,1.0,s_ms,c_ma,c_ma,interleaved
7,0.83425117,1.0,s_ms,c_ma,c_ms,interleaved
7,6.666063e-05,0.0,s_ma,c_ms,c_ms,interleaved
7,7.06281e-06,0.0,s_ma,c_ms,c_ma,interleaved
7,0.00031430385,0.0,s_ma,c_ms,c_ms,interleaved
7,1.163236e-05,0.0,s_ma,c_ms,c_ma,interleaved
7,0.0002310588,0.0,s_ma,c_ms,c_ma,interleaved
7,0.39828467,0.0,s_ms,c_ms,c_ma,interleaved
7,0.51686513,1.0,s_ms,c_ms,c_ms,interleaved
7,0.687642,1.0,s_ms,c_ms,c_ms,interleaved
7,0.48398277,0.0,s_ms,c_ms,c_ma,interleaved
7,0.4048648,0.0,s_ms,c_ms,c_ms,interleaved
7,0.0027080087,0.0,s_ma,c_ma,c_ms,interleaved
7,3.215141e-05,0.0,s_ma,c_ma,c_ma,interleaved
7,7.2019175e-05,0.0,s_ma,c_ma,c_ms,interleaved
7,6.739495e-05,0.0,s_ma,c_ma,c_ms,interleaved
7,0.593315,1.0,s_ms,c_ma,c_ma,interleaved
7,0.66601264,1.0,s_ms,c_ma,c_ms,interleaved
7,0.6430133,1.0,s_ms,c_ma,c_ma,interleaved
7,0.41132516,0.0,s_ms,c_ma,c_ms,interleaved
7,0.5152814,1.0,s_ms,c_ma,c_ma,interleaved
7,0.00033621272,0.0,s_ma,c_ms,c_ms,interleaved
7,2.6311713e-05,0.0,s_ma,c_ms,c_ma,interleaved
7,0.00023678014,0.0,s_ma,c_ms,c_ms,interleaved
7,9.651849e-05,0.0,s_ma,c_ms,c_ma,interleaved
7,0.00015589915,0.0,s_ma,c_ms,c_ma,interleaved
7,0.3135644,0.0,s_ms,c_ms,c_ma,interleaved
7,0.58203626,1.0,s_ms,c_ms,c_ms,interleaved
7,0.53906333,1.0,s_ms,c_ms,c_ms,interleaved
7,0.5486676,1.0,s_ms,c_ms,c_ma,interleaved
7,0.5264584,1.0,s_ms,c_ms,c_ms,interleaved
7,8.3025014e-05,0.0,s_ma,c_ma,c_ms,interleaved
7,2.9764142e-05,0.0,s_ma,c_ma,c_ma,interleaved
7,1.3844244e-05,0.0,s_ma,c_ma,c_ms,interleaved
7,4.1921834e-05,0.0,s_ma,c_ma,c_ms,interleaved
7,0.5605945,1.0,s_ms,c_ma,c_ma,interleaved
7,0.60111,1.0,s_ms,c_ma,c_ms,interleaved
7,0.5443599,1.0,s_ms,c_ma,c_ma,interleaved
7,0.44738695,0.0,s_ms,c_ma,c_ms,interleaved
7,0.48978126,0.0,s_ms,c_ma,c_ma,interleaved
7,5.9316975e-05,0.0,s_ma,c_ms,c_ma,interleaved
7,2.9944467e-05,0.0,s_ma,c_ms,c_ms,interleaved
7,0.00021563728,0.0,s_ma,c_ms,c_ma,interleaved
7,4.741481e-05,0.0,s_ma,c_ms,c_ms,interleaved
7,0.00015323807,0.0,s_ma,c_ms,c_ms,interleaved
7,0.33892542,0.0,s_ms,c_ms,c_ms,interleaved
7,0.5945183,1.0,s_ms,c_ms,c_ma,interleaved
7,0.49793348,0.0,s_ms,c_ms,c_ma,interleaved
7,0.6497493,1.0,s_ms,c_ms,c_ms,interleaved
7,0.41009572,0.0,s_ms,c_ms,c_ma,interleaved
7,0.00036819442,0.0,s_ma,c_ma,c_ma,interleaved
7,7.23169e-05,0.0,s_ma,c_ma,c_ms,interleaved
7,1.3221574e-05,0.0,s_ma,c_ma,c_ms,interleaved
7,0.00018267898,0.0,s_ma,c_ma,c_ma,interleaved
7,0.6033011,1.0,s_ms,c_ma,c_ms,interleaved
7,0.7774234,1.0,s_ms,c_ma,c_ma,interleaved
7,0.6900359,1.0,s_ms,c_ma,c_ms,interleaved
7,0.5675913,1.0,s_ms,c_ma,c_ma,interleaved
7,0.55311173,1.0,s_ms,c_ma,c_ms,interleaved
7,7.80695e-05,0.0,s_ma,c_ms,c_ma,interleaved
7,2.5435744e-05,0.0,s_ma,c_ms,c_ms,interleaved
7,0.0003213046,0.0,s_ma,c_ms,c_ma,interleaved
7,0.0001504431,0.0,s_ma,c_ms,c_ms,interleaved
7,4.9254722e-05,0.0,s_ma,c_ms,c_ms,interleaved
7,0.50674796,1.0,s_ms,c_ms,c_ms,interleaved
7,0.5735899,1.0,s_ms,c_ms,c_ma,interleaved
7,0.50396013,1.0,s_ms,c_ms,c_ma,interleaved
7,0.6166957,1.0,s_ms,c_ms,c_ms,interleaved
7,0.57864237,1.0,s_ms,c_ms,c_ma,interleaved
7,0.00038016646,0.0,s_ma,c_ma,c_ma,interleaved
7,7.261534e-05,0.0,s_ma,c_ma,c_ms,interleaved
7,4.679047e-05,0.0,s_ma,c_ma,c_ms,interleaved
7,0.00017934218,0.0,s_ma,c_ma,c_ma,interleaved
7,0.59732676,1.0,s_ms,c_ma,c_ms,interleaved
7,0.5848404,1.0,s_ms,c_ma,c_ma,interleaved
7,0.5065935,1.0,s_ms,c_ma,c_ms,interleaved
7,0.6094667,1.0,s_ms,c_ma,c_ma,interleaved
7,0.56935596,1.0,s_ms,c_ma,c_ms,interleaved
7,0.3295039,0.0,s_ms,c_ms,c_ms,interleaved
7,0.2123872,0.0,s_ms,c_ms,c_ma,interleaved
7,0.24947122,0.0,s_ms,c_ms,c_ms,interleaved
7,0.25554106,0.0,s_ms,c_ms,c_ma,interleaved
7,0.49665937,0.0,s_ms,c_ms,c_ma,interleaved
7,0.00010433636,0.0,s_ma,c_ms,c_ma,interleaved
7,8.777909e-05,0.0,s_ma,c_ms,c_ms,interleaved
7,9.546005e-06,0.0,s_ma,c_ms,c_ms,interleaved
7,2.9325885e-05,0.0,s_ma,c_ms,c_ma,interleaved
7,1.4880841e-05,0.0,s_ma,c_ms,c_ms,interleaved
7,0.11317804,0.0,s_ms,c_ma,c_ms,interleaved
7,0.29718947,0.0,s_ms,c_ma,c_ma,interleaved
7,0.31812304,0.0,s_ms,c_ma,c_ma,interleaved
7,0.31018585,0.0,s_ms,c_ma,c_ms,interleaved
7,0.33688688,0.0,s_ms,c_ma,c_ms,interleaved
7,1.0219554e-05,0.0,s_ma,c_ma,c_ms,interleaved
7,4.717463e-05,0.0,s_ma,c_ma,c_ma,interleaved
7,4.027997e-05,0.0,s_ma,c_ma,c_ms,interleaved
7,5.6785975e-06,0.0,s_ma,c_ma,c_ma,interleaved
7,0.29185328,0.0,s_ms,c_ms,c_ma,interleaved
7,0.23945786,0.0,s_ms,c_ms,c_ms,interleaved
7,0.3329702,0.0,s_ms,c_ms,c_ma,interleaved
7,0.15423445,0.0,s_ms,c_ms,c_ms,interleaved
7,0.4848016,0.0,s_ms,c_ms,c_ms,interleaved
7,1.0329512e-05,0.0,s_ma,c_ms,c_ms,interleaved
7,1.1929107e-05,0.0,s_ma,c_ms,c_ma,interleaved
7,5.1741695e-06,0.0,s_ma,c_ms,c_ma,interleaved
7,3.214255e-05,0.0,s_ma,c_ms,c_ms,interleaved
7,4.7523656e-05,0.0,s_ma,c_ms,c_ma,interleaved
7,0.07435499,0.0,s_ms,c_ma,c_ma,interleaved
7,0.24496521,0.0,s_ms,c_ma,c_ms,interleaved
7,0.2863099,0.0,s_ms,c_ma,c_ms,interleaved
7,0.1776849,0.0,s_ms,c_ma,c_ma,interleaved
7,0.33701265,0.0,s_ms,c_ma,c_ma,interleaved
7,1.12717335e-05,0.0,s_ma,c_ma,c_ms,interleaved
7,0.00025593978,0.0,s_ma,c_ma,c_ms,interleaved
7,7.8610676e-05,0.0,s_ma,c_ma,c_ma,interleaved
7,8.104627e-05,0.0,s_ma,c_ma,c_ms,interleaved
7,0.34587523,0.0,s_ms,c_ms,c_ms,interleaved
7,0.3831455,0.0,s_ms,c_ms,c_ma,interleaved
7,0.21857217,0.0,s_ms,c_ms,c_ms,interleaved
7,0.20967945,0.0,s_ms,c_ms,c_ma,interleaved
7,0.4873252,0.0,s_ms,c_ms,c_ma,interleaved
7,0.0001486728,0.0,s_ma,c_ms,c_ma,interleaved
7,7.683171e-05,0.0,s_ma,c_ms,c_ms,interleaved
7,2.8828677e-05,0.0,s_ma,c_ms,c_ms,interleaved
7,5.2607713e-05,0.0,s_ma,c_ms,c_ma,interleaved
7,8.8688954e-05,0.0,s_ma,c_ms,c_ms,interleaved
7,0.12673444,0.0,s_ms,c_ma,c_ms,interleaved
7,0.23695074,0.0,s_ms,c_ma,c_ma,interleaved
7,0.32783696,0.0,s_ms,c_ma,c_ma,interleaved
7,0.20178762,0.0,s_ms,c_ma,c_ms,interleaved
7,0.373191,0.0,s_ms,c_ma,c_ms,interleaved
7,5.03271e-05,0.0,s_ma,c_ma,c_ma,interleaved
7,0.00026250107,0.0,s_ma,c_ma,c_ms,interleaved
7,0.0003479528,0.0,s_ma,c_ma,c_ms,interleaved
7,2.651168e-05,0.0,s_ma,c_ma,c_ma,interleaved
7,0.34540576,0.0,s_ms,c_ms,c_ma,interleaved
7,0.33198494,0.0,s_ms,c_ms,c_ms,interleaved
7,0.22358306,0.0,s_ms,c_ms,c_ma,interleaved
7,0.2903269,0.0,s_ms,c_ms,c_ms,interleaved
7,0.38487387,0.0,s_ms,c_ms,c_ms,interleaved
7,0.0003680766,0.0,s_ma,c_ms,c_ms,interleaved
7,0.00013820584,0.0,s_ma,c_ms,c_ma,interleaved
7,3.1829434e-06,0.0,s_ma,c_ms,c_ma,interleaved
7,2.7473225e-05,0.0,s_ma,c_ms,c_ms,interleaved
7,6.982136e-05,0.0,s_ma,c_ms,c_ma,interleaved
7,0.10152395,0.0,s_ms,c_ma,c_ma,interleaved
7,0.47665584,0.0,s_ms,c_ma,c_ms,interleaved
7,0.46195352,0.0,s_ms,c_ma,c_ms,interleaved
7,0.3463294,0.0,s_ms,c_ma,c_ma,interleaved
7,0.30309504,0.0,s_ms,c_ma,c_ma,interleaved
7,4.4515444e-05,0.0,s_ma,c_ma,c_ms,interleaved
7,7.974428e-05,0.0,s_ma,c_ma,c_ma,interleaved
7,0.0003388059,0.0,s_ma,c_ma,c_ms,interleaved
7,6.7952587e-06,0.0,s_ma,c_ma,c_ms,interleaved
7,0.51695776,1.0,s_ms,c_ms,c_ms,interleaved
7,0.38006017,0.0,s_ms,c_ms,c_ma,interleaved
7,0.32099527,0.0,s_ms,c_ms,c_ms,interleaved
7,0.24025235,0.0,s_ms,c_ms,c_ma,interleaved
7,0.4048096,0.0,s_ms,c_ms,c_ma,interleaved
7,6.139369e-05,0.0,s_ma,c_ms,c_ma,interleaved
7,0.00014320627,0.0,s_ma,c_ms,c_ms,interleaved
7,7.2221123e-06,0.0,s_ma,c_ms,c_ms,interleaved
7,7.04792e-06,0.0,s_ma,c_ms,c_ma,interleaved
7,0.00017440709,0.0,s_ma,c_ms,c_ms,interleaved
7,0.12000058,0.0,s_ms,c_ma,c_ms,interleaved
7,0.3979424,0.0,s_ms,c_ma,c_ma,interleaved
7,0.39446265,0.0,s_ms,c_ma,c_ma,interleaved
7,0.37188977,0.0,s_ms,c_ma,c_ms,interleaved
7,0.3632422,0.0,s_ms,c_ma,c_ms,interleaved
7,5.8792293e-06,0.0,s_ma,c_ma,c_ma,interleaved
7,8.311674e-05,0.0,s_ma,c_ma,c_ms,interleaved
7,2.602462e-05,0.0,s_ma,c_ma,c_ma,interleaved
7,6.554119e-06,0.0,s_ma,c_ma,c_ms,interleaved
7,3.998074e-05,0.0,s_ma,c_ma,c_ms,random
7,0.00030549098,0.0,s_ma,c_ma,c_ma,random
7,0.00020297158,0.0,s_ma,c_ma,c_ms,random
7,0.00012557468,0.0,s_ma,c_ma,c_ms,random
7,0.4456581,0.0,s_ms,c_ma,c_ms,random
7,0.47700986,0.0,s_ms,c_ma,c_ma,random
7,0.46376035,0.0,s_ms,c_ma,c_ma,random
7,0.4122709,0.0,s_ms,c_ma,c_ms,random
7,0.45164907,0.0,s_ms,c_ma,c_ma,random
7,0.00015044377,0.0,s_ma,c_ms,c_ma,random
7,6.7259316e-05,0.0,s_ma,c_ms,c_ms,random
7,0.00033575582,0.0,s_ma,c_ms,c_ms,random
7,5.8412912e-05,0.0,s_ma,c_ms,c_ma,random
7,7.1701594e-05,0.0,s_ma,c_ms,c_ma,random
7,0.5299236,1.0,s_ms,c_ms,c_ms,random
7,0.584864,1.0,s_ms,c_ms,c_ma,random
7,0.5034911,1.0,s_ms,c_ms,c_ms,random
7,0.514055,1.0,s_ms,c_ms,c_ma,random
7,0.376738,0.0,s_ms,c_ms,c_ms,random
7,3.379179e-05,0.0,s_ma,c_ma,c_ms,random
7,0.00033585844,0.0,s_ma,c_ma,c_ms,random
7,0.0001099906,0.0,s_ma,c_ma,c_ma,random
7,0.00016951427,0.0,s_ma,c_ma,c_ma,random
7,0.37476075,0.0,s_ms,c_ma,c_ma,random
7,0.619962,1.0,s_ms,c_ma,c_ms,random
7,0.45684496,0.0,s_ms,c_ma,c_ms,random
7,0.4756783,0.0,s_ms,c_ma,c_ma,random
7,0.54865813,1.0,s_ms,c_ma,c_ms,random
7,3.7223323e-05,0.0,s_ma,c_ms,c_ms,random
7,5.088651e-06,0.0,s_ma,c_ms,c_ma,random
7,1.8644207e-05,0.0,s_ma,c_ms,c_ma,random
7,2.5083524e-05,0.0,s_ma,c_ms,c_ms,random
7,2.4872936e-05,0.0,s_ma,c_ms,c_ms,random
7,0.6064284,1.0,s_ms,c_ms,c_ma,random
7,0.5427034,1.0,s_ms,c_ms,c_ms,random
7,0.3849499,0.0,s_ms,c_ms,c_ma,random
7,0.40927523,0.0,s_ms,c_ms,c_ms,random
7,0.4559973,0.0,s_ms,c_ms,c_ma,random
7,0.0003086429,0.0,s_ma,c_ma,c_ma,random
7,0.00034742852,0.0,s_ma,c_ma,c_ms,random
7,0.0026817622,0.0,s_ma,c_ma,c_ms,random
7,0.0025092082,0.0,s_ma,c_ma,c_ms,random
7,0.3797349,0.0,s_ms,c_ma,c_ms,random
7,0.5100472,1.0,s_ms,c_ma,c_ma,random
7,0.52170086,1.0,s_ms,c_ma,c_ma,random
7,0.5035553,1.0,s_ms,c_ma,c_ms,random
7,0.5311476,1.0,s_ms,c_ma,c_ma,random
7,0.00025619645,0.0,s_ma,c_ms,c_ma,random
7,0.00026389884,0.0,s_ma,c_ms,c_ms,random
7,0.00022561532,0.0,s_ma,c_ms,c_ms,random
7,0.00021021895,0.0,s_ma,c_ms,c_ma,random
7,0.0002839474,0.0,s_ma,c_ms,c_ma,random
7,0.66966593,1.0,s_ms,c_ms,c_ms,random
7,0.5715003,1.0,s_ms,c_ms,c_ma,random
7,0.6664113,1.0,s_ms,c_ms,c_ms,random
7,0.6663948,1.0,s_ms,c_ms,c_ma,random
7,0.56708825,1.0,s_ms,c_ms,c_ms,random
7,0.0002172156,0.0,s_ma,c_ma,c_ms,random
7,0.000100600286,0.0,s_ma,c_ma,c_ma,random
7,0.0027978988,0.0,s_ma,c_ma,c_ms,random
7,0.0002939314,0.0,s_ma,c_ma,c_ma,random
7,0.41070718,0.0,s_ms,c_ma,c_ma,random
7,0.5312552,1.0,s_ms,c_ma,c_ms,random
7,0.44640285,0.0,s_ms,c_ma,c_ms,random
7,0.47104126,0.0,s_ms,c_ma,c_ma,random
7,0.5178447,1.0,s_ms,c_ma,c_ms,random
7,0.0007678836,0.0,s_ma,c_ms,c_ms,random
7,1.228186e-05,0.0,s_ma,c_ms,c_ma,random
7,0.000105896666,0.0,s_ma,c_ms,c_ma,random
7,4.3439653e-05,0.0,s_ma,c_ms,c_ms,random
7,0.00013743364,0.0,s_ma,c_ms,c_ms,random
7,0.6815462,1.0,s_ms,c_ms,c_ma,random
7,0.7847767,1.0,s_ms,c_ms,c_ms,random
7,0.68723935,1.0,s_ms,c_ms,c_ma,random
7,0.59316957,1.0,s_ms,c_ms,c_ms,random
7,0.6823149,1.0,s_ms,c_ms,c_ma,random
7,0.00012927792,0.0,s_ma,c_ma,c_ms,random
7,0.00017579831,0.0,s_ma,c_ma,c_ma,random
7,0.0025672894,0.0,s_ma,c_ma,c_ms,random
7,0.00032485696,0.0,s_ma,c_ma,c_ma,random
7,0.39012435,0.0,s_ms,c_ma,c_ma,random
7,0.40019092,0.0,s_ms,c_ma,c_ms,random
7,0.5043518,1.0,s_ms,c_ma,c_ms,random
7,0.4785385,0.0,s_ms,c_ma,c_ma,random
7,0.38378584,0.0,s_ms,c_ma,c_ms,random
7,0.00043004792,0.0,s_ma,c_ms,c_ms,random
7,0.00016643351,0.0,s_ma,c_ms,c_ma,random
7,0.00012940221,0.0,s_ma,c_ms,c_ma,random
7,0.00010715949,0.0,s_ma,c_ms,c_ms,random
7,4.6236477e-05,0.0,s_ma,c_ms,c_ms,random
7,0.32295442,0.0,s_ms,c_ms,c_ma,random
7,0.31009495,0.0,s_ms,c_ms,c_ms,random
7,0.29931247,0.0,s_ms,c_ms,c_ma,random
7,0.4214667,0.0,s_ms,c_ms,c_ms,random
7,0.3629544,0.0,s_ms,c_ms,c_ma,random
7,0.44013137,0.0,s_ms,c_ma,c_ms,random
7,0.5062352,1.0,s_ms,c_ma,c_ma,random
7,0.517369,1.0,s_ms,c_ma,c_ms,random
7,0.43640625,0.0,s_ms,c_ma,c_ma,random
7,0.54143775,1.0,s_ms,c_ma,c_ma,random
7,9.389575e-05,0.0,s_ma,c_ma,c_ms,random
7,3.0934185e-05,0.0,s_ma,c_ma,c_ms,random
7,9.0663685e-05,0.0,s_ma,c_ma,c_ma,random
7,0.00022619181,0.0,s_ma,c_ma,c_ms,random
7,0.44940674,0.0,s_ms,c_ms,c_ms,random
7,0.4565188,0.0,s_ms,c_ms,c_ma,random
7,0.56207013,1.0,s_ms,c_ms,c_ma,random
7,0.46557993,0.0,s_ms,c_ms,c_ms,random
7,0.3344859,0.0,s_ms,c_ms,c_ms,random
7,0.00010398736,0.0,s_ma,c_ms,c_ma,random
7,1.2355622e-05,0.0,s_ma,c_ms,c_ms,random
7,0.00013361897,0.0,s_ma,c_ms,c_ma,random
7,0.00031167947,0.0,s_ma,c_ms,c_ms,random
7,5.500396e-05,0.0,s_ma,c_ms,c_ma,random
7,0.39650318,0.0,s_ms,c_ma,c_ma,random
7,0.2399611,0.0,s_ms,c_ma,c_ms,random
7,0.40290666,0.0,s_ms,c_ma,c_ma,random
7,0.34220493,0.0,s_ms,c_ma,c_ms,random
7,0.47338307,0.0,s_ms,c_ma,c_ms,random
7,8.544933e-05,0.0,s_ma,c_ma,c_ms,random
7,0.00077202823,0.0,s_ma,c_ma,c_ma,random
7,0.0002171901,0.0,s_ma,c_ma,c_ms,random
7,0.00012885268,0.0,s_ma,c_ma,c_ma,random
7,0.3086005,0.0,s_ms,c_ms,c_ma,random
7,0.30012846,0.0,s_ms,c_ms,c_ms,random
7,0.23449896,0.0,s_ms,c_ms,c_ms,random
7,0.26477298,0.0,s_ms,c_ms,c_ma,random
7,0.26988238,0.0,s_ms,c_ms,c_ma,random
7,6.938709e-05,0.0,s_ma,c_ms,c_ms,random
7,1.1086357e-05,0.0,s_ma,c_ms,c_ma,random
7,5.903311e-05,0.0,s_ma,c_ms,c_ms,random
7,0.0001092975,0.0,s_ma,c_ms,c_ma,random
7,0.00010449739,0.0,s_ma,c_ms,c_ms,random
7,0.37167487,0.0,s_ms,c_ma,c_ma,random
7,0.41491514,0.0,s_ms,c_ma,c_ms,random
7,0.36349684,0.0,s_ms,c_ma,c_ma,random
7,0.40372318,0.0,s_ms,c_ma,c_ms,random
7,0.3585492,0.0,s_ms,c_ma,c_ms,random
7,2.6804357e-05,0.0,s_ma,c_ma,c_ms,random
7,0.0006778239,0.0,s_ma,c_ma,c_ma,random
7,5.40772e-05,0.0,s_ma,c_ma,c_ms,random
7,0.00020262881,0.0,s_ma,c_ma,c_ma,random
7,0.18307836,0.0,s_ms,c_ms,c_ma,random
7,0.22369686,0.0,s_ms,c_ms,c_ms,random
7,0.33178347,0.0,s_ms,c_ms,c_ms,random
7,0.36173368,0.0,s_ms,c_ms,c_ma,random
7,0.39564794,0.0,s_ms,c_ms,c_ma,random
7,9.854511e-06,0.0,s_ma,c_ms,c_ms,random
7,5.0970993e-06,0.0,s_ma,c_ms,c_ma,random
7,2.6256588e-05,0.0,s_ma,c_ms,c_ms,random
7,3.069424e-06,0.0,s_ma,c_ms,c_ma,random
7,7.6364695e-06,0.0,s_ma,c_ms,c_ms,random
7,0.46777058,0.0,s_ms,c_ma,c_ms,random
7,0.43961424,0.0,s_ms,c_ma,c_ma,random
7,0.3750323,0.0,s_ms,c_ma,c_ms,random
7,0.41613165,0.0,s_ms,c_ma,c_ma,random
7,0.31940377,0.0,s_ms,c_ma,c_ma,random
7,0.0001045374,0.0,s_ma,c_ma,c_ma,random
7,0.00022599922,0.0,s_ma,c_ma,c_ms,random
7,5.83845e-05,0.0,s_ma,c_ma,c_ms,random
7,0.0002508045,0.0,s_ma,c_ma,c_ms,random
7,0.31865853,0.0,s_ms,c_ms,c_ms,random
7,0.34607673,0.0,s_ms,c_ms,c_ma,random
7,0.3182035,0.0,s_ms,c_ms,c_ma,random
7,0.24655506,0.0,s_ms,c_ms,c_ms,random
7,0.26060754,0.0,s_ms,c_ms,c_ms,random
7,2.8219643e-05,0.0,s_ma,c_ms,c_ma,random
7,3.30201e-05,0.0,s_ma,c_ms,c_ms,random
7,4.365633e-05,0.0,s_ma,c_ms,c_ma,random
7,2.7514003e-05,0.0,s_ma,c_ms,c_ms,random
7,6.191989e-06,0.0,s_ma,c_ms,c_ma,random
7,0.42953673,0.0,s_ms,c_ma,c_ma,random
7,0.37177518,0.0,s_ms,c_ma,c_ms,random
7,0.3680145,0.0,s_ms,c_ma,c_ma,random
7,0.38235885,0.0,s_ms,c_ma,c_ms,random
7,0.5298375,1.0,s_ms,c_ma,c_ms,random
7,0.00023996457,0.0,s_ma,c_ma,c_ms,random
7,0.00014801136,0.0,s_ma,c_ma,c_ma,random
7,0.00024716827,0.0,s_ma,c_ma,c_ma,random
7,0.00030214307,0.0,s_ma,c_ma,c_ms,random
7,0.37379748,0.0,s_ms,c_ms,c_ma,random
7,0.53157717,1.0,s_ms,c_ms,c_ms,random
7,0.37647897,0.0,s_ms,c_ms,c_ms,random
7,0.5133462,1.0,s_ms,c_ms,c_ma,random
7,0.34644306,0.0,s_ms,c_ms,c_ma,random
7,1.5120074e-05,0.0,s_ma,c_ms,c_ms,random
7,5.56079e-05,0.0,s_ma,c_ms,c_ma,random
7,9.596306e-05,0.0,s_ma,c_ms,c_ms,random
7,8.647776e-05,0.0,s_ma,c_ms,c_ma,random
7,0.00018178998,0.0,s_ma,c_ms,c_ms,random
7,0.00016380959,0.0,s_ma,c_ms,c_ma,random
7,4.259655e-05,0.0,s_ma,c_ms,c_ms,random
7,0.00032593936,0.0,s_ma,c_ms,c_ma,random
7,0.000869115,0.0,s_ma,c_ms,c_ms,random
7,0.0004137779,0.0,s_ma,c_ms,c_ms,random
7,0.39352533,0.0,s_ms,c_ms,c_ms,random
7,0.51261944,1.0,s_ms,c_ms,c_ma,random
7,0.73783934,1.0,s_ms,c_ms,c_ma,random
7,0.5479176,1.0,s_ms,c_ms,c_ms,random
7,0.5543001,1.0,s_ms,c_ms,c_ma,random
7,0.0029031849,0.0,s_ma,c_ma,c_ms,random
7,0.00010379722,0.0,s_ma,c_ma,c_ms,random
7,0.00037159247,0.0,s_ma,c_ma,c_ma,random
7,0.0003911094,0.0,s_ma,c_ma,c_ma,random
7,0.8363929,1.0,s_ms,c_ma,c_ms,random
7,0.89415836,1.0,s_ms,c_ma,c_ma,random
7,0.80271816,1.0,s_ms,c_ma,c_ms,random
7,0.8352045,1.0,s_ms,c_ma,c_ma,random
7,0.83425117,1.0,s_ms,c_ma,c_ms,random
7,6.666063e-05,0.0,s_ma,c_ms,c_ms,random
7,7.06281e-06,0.0,s_ma,c_ms,c_ma,random
7,0.00031430385,0.0,s_ma,c_ms,c_ms,random
7,1.163236e-05,0.0,s_ma,c_ms,c_ma,random
7,0.0002310588,0.0,s_ma,c_ms,c_ma,random
7,0.39828467,0.0,s_ms,c_ms,c_ma,random
7,0.51686513,1.0,s_ms,c_ms,c_ms,random
7,0.687642,1.0,s_ms,c_ms,c_ms,random
7,0.48398277,0.0,s_ms,c_ms,c_ma,random
7,0.4048648,0.0,s_ms,c_ms,c_ms,random
7,0.0027080087,0.0,s_ma,c_ma,c_ms,random
7,3.215141e-05,0.0,s_ma,c_ma,c_ma,random
7,7.2019175e-05,0.0,s_ma,c_ma,c_ms,random
7,6.739495e-05,0.0,s_ma,c_ma,c_ms,random
7,0.593315,1.0,s_ms,c_ma,c_ma,random
7,0.66601264,1.0,s_ms,c_ma,c_ms,random
7,0.6430133,1.0,s_ms,c_ma,c_ma,random
7,0.41132516,0.0,s_ms,c_ma,c_ms,random
7,0.5152814,1.0,s_ms,c_ma,c_ma,random
7,0.00033621272,0.0,s_ma,c_ms,c_ms,random
7,2.6311713e-05,0.0,s_ma,c_ms,c_ma,random
7,0.00023678014,0.0,s_ma,c_ms,c_ms,random
7,9.651849e-05,0.0,s_ma,c_ms,c_ma,random
7,0.00015589915,0.0,s_ma,c_ms,c_ma,random
7,0.3135644,0.0,s_ms,c_ms,c_ma,random
7,0.58203626,1.0,s_ms,c_ms,c_ms,random
7,0.53906333,1.0,s_ms,c_ms,c_ms,random
7,0.5486676,1.0,s_ms,c_ms,c_ma,random
7,0.5264584,1.0,s_ms,c_ms,c_ms,random
7,8.3025014e-05,0.0,s_ma,c_ma,c_ms,random
7,2.9764142e-05,0.0,s_ma,c_ma,c_ma,random
7,1.3844244e-05,0.0,s_ma,c_ma,c_ms,random
7,4.1921834e-05,0.0,s_ma,c_ma,c_ms,random
7,0.5605945,1.0,s_ms,c_ma,c_ma,random
7,0.60111,1.0,s_ms,c_ma,c_ms,random
7,0.5443599,1.0,s_ms,c_ma,c_ma,random
7,0.44738695,0.0,s_ms,c_ma,c_ms,random
7,0.48978126,0.0,s_ms,c_ma,c_ma,random
7,5.9316975e-05,0.0,s_ma,c_ms,c_ma,random
7,2.9944467e-05,0.0,s_ma,c_ms,c_ms,random
7,0.00021563728,0.0,s_ma,c_ms,c_ma,random
7,4.741481e-05,0.0,s_ma,c_ms,c_ms,random
7,0.00015323807,0.0,s_ma,c_ms,c_ms,random
7,0.33892542,0.0,s_ms,c_ms,c_ms,random
7,0.5945183,1.0,s_ms,c_ms,c_ma,random
7,0.49793348,0.0,s_ms,c_ms,c_ma,random
7,0.6497493,1.0,s_ms,c_ms,c_ms,random
7,0.41009572,0.0,s_ms,c_ms,c_ma,random
7,0.00036819442,0.0,s_ma,c_ma,c_ma,random
7,7.23169e-05,0.0,s_ma,c_ma,c_ms,random
7,1.3221574e-05,0.0,s_ma,c_ma,c_ms,random
7,0.00018267898,0.0,s_ma,c_ma,c_ma,random
7,0.6033011,1.0,s_ms,c_ma,c_ms,random
7,0.7774234,1.0,s_ms,c_ma,c_ma,random
7,0.6900359,1.0,s_ms,c_ma,c_ms,random
7,0.5675913,1.0,s_ms,c_ma,c_ma,random
7,0.55311173,1.0,s_ms,c_ma,c_ms,random
7,7.80695e-05,0.0,s_ma,c_ms,c_ma,random
7,2.5435744e-05,0.0,s_ma,c_ms,c_ms,random
7,0.0003213046,0.0,s_ma,c_ms,c_ma,random
7,0.0001504431,0.0,s_ma,c_ms,c_ms,random
7,4.9254722e-05,0.0,s_ma,c_ms,c_ms,random
7,0.50674796,1.0,s_ms,c_ms,c_ms,random
7,0.5735899,1.0,s_ms,c_ms,c_ma,random
7,0.50396013,1.0,s_ms,c_ms,c_ma,random
7,0.6166957,1.0,s_ms,c_ms,c_ms,random
7,0.57864237,1.0,s_ms,c_ms,c_ma,random
7,0.00038016646,0.0,s_ma,c_ma,c_ma,random
7,7.261534e-05,0.0,s_ma,c_ma,c_ms,random
7,4.679047e-05,0.0,s_ma,c_ma,c_ms,random
7,0.00017934218,0.0,s_ma,c_ma,c_ma,random
7,0.59732676,1.0,s_ms,c_ma,c_ms,random
7,0.5848404,1.0,s_ms,c_ma,c_ma,random
7,0.5065935,1.0,s_ms,c_ma,c_ms,random
7,0.6094667,1.0,s_ms,c_ma,c_ma,random
7,0.56935596,1.0,s_ms,c_ma,c_ms,random
7,0.3295039,0.0,s_ms,c_ms,c_ms,random
7,0.2123872,0.0,s_ms,c_ms,c_ma,random
7,0.24947122,0.0,s_ms,c_ms,c_ms,random
7,0.25554106,0.0,s_ms,c_ms,c_ma,random
7,0.49665937,0.0,s_ms,c_ms,c_ma,random
7,0.00010433636,0.0,s_ma,c_ms,c_ma,random
7,8.777909e-05,0.0,s_ma,c_ms,c_ms,random
7,9.546005e-06,0.0,s_ma,c_ms,c_ms,random
7,2.9325885e-05,0.0,s_ma,c_ms,c_ma,random
7,1.4880841e-05,0.0,s_ma,c_ms,c_ms,random
7,0.11317804,0.0,s_ms,c_ma,c_ms,random
7,0.29718947,0.0,s_ms,c_ma,c_ma,random
7,0.31812304,0.0,s_ms,c_ma,c_ma,random
7,0.31018585,0.0,s_ms,c_ma,c_ms,random
7,0.33688688,0.0,s_ms,c_ma,c_ms,random
7,1.0219554e-05,0.0,s_ma,c_ma,c_ms,random
7,4.717463e-05,0.0,s_ma,c_ma,c_ma,random
7,4.027997e-05,0.0,s_ma,c_ma,c_ms,random
7,5.6785975e-06,0.0,s_ma,c_ma,c_ma,random
7,0.29185328,0.0,s_ms,c_ms,c_ma,random
7,0.23945786,0.0,s_ms,c_ms,c_ms,random
7,0.3329702,0.0,s_ms,c_ms,c_ma,random
7,0.15423445,0.0,s_ms,c_ms,c_ms,random
7,0.4848016,0.0,s_ms,c_ms,c_ms,random
7,1.0329512e-05,0.0,s_ma,c_ms,c_ms,random
7,1.1929107e-05,0.0,s_ma,c_ms,c_ma,random
7,5.1741695e-06,0.0,s_ma,c_ms,c_ma,random
7,3.214255e-05,0.0,s_ma,c_ms,c_ms,random
7,4.7523656e-05,0.0,s_ma,c_ms,c_ma,random
7,0.07435499,0.0,s_ms,c_ma,c_ma,random
7,0.24496521,0.0,s_ms,c_ma,c_ms,random
7,0.2863099,0.0,s_ms,c_ma,c_ms,random
7,0.1776849,0.0,s_ms,c_ma,c_ma,random
7,0.33701265,0.0,s_ms,c_ma,c_ma,random
7,1.12717335e-05,0.0,s_ma,c_ma,c_ms,random
7,0.00025593978,0.0,s_ma,c_ma,c_ms,random
7,7.8610676e-05,0.0,s_ma,c_ma,c_ma,random
7,8.104627e-05,0.0,s_ma,c_ma,c_ms,random
7,0.34587523,0.0,s_ms,c_ms,c_ms,random
7,0.3831455,0.0,s_ms,c_ms,c_ma,random
7,0.21857217,0.0,s_ms,c_ms,c_ms,random
7,0.20967945,0.0,s_ms,c_ms,c_ma,random
7,0.4873252,0.0,s_ms,c_ms,c_ma,random
7,0.0001486728,0.0,s_ma,c_ms,c_ma,random
7,7.683171e-05,0.0,s_ma,c_ms,c_ms,random
7,2.8828677e-05,0.0,s_ma,c_ms,c_ms,random
7,5.2607713e-05,0.0,s_ma,c_ms,c_ma,random
7,8.8688954e-05,0.0,s_ma,c_ms,c_ms,random
7,0.12673444,0.0,s_ms,c_ma,c_ms,random
7,0.23695074,0.0,s_ms,c_ma,c_ma,random
7,0.32783696,0.0,s_ms,c_ma,c_ma,random
7,0.20178762,0.0,s_ms,c_ma,c_ms,random
7,0.373191,0.0,s_ms,c_ma,c_ms,random
7,5.03271e-05,0.0,s_ma,c_ma,c_ma,random
7,0.00026250107,0.0,s_ma,c_ma,c_ms,random
7,0.0003479528,0.0,s_ma,c_ma,c_ms,random
7,2.651168e-05,0.0,s_ma,c_ma,c_ma,random
7,0.34540576,0.0,s_ms,c_ms,c_ma,random
7,0.33198494,0.0,s_ms,c_ms,c_ms,random
7,0.22358306,0.0,s_ms,c_ms,c_ma,random
7,0.2903269,0.0,s_ms,c_ms,c_ms,random
7,0.38487387,0.0,s_ms,c_ms,c_ms,random
7,0.0003680766,0.0,s_ma,c_ms,c_ms,random
7,0.00013820584,0.0,s_ma,c_ms,c_ma,random
7,3.1829434e-06,0.0,s_ma,c_ms,c_ma,random
7,2.7473225e-05,0.0,s_ma,c_ms,c_ms,random
7,6.982136e-05,0.0,s_ma,c_ms,c_ma,random
7,0.10152395,0.0,s_ms,c_ma,c_ma,random
7,0.47665584,0.0,s_ms,c_ma,c_ms,random
7,0.46195352,0.0,s_ms,c_ma,c_ms,random
7,0.3463294,0.0,s_ms,c_ma,c_ma,random
7,0.30309504,0.0,s_ms,c_ma,c_ma,random
7,4.4515444e-05,0.0,s_ma,c_ma,c_ms,random
7,7.974428e-05,0.0,s_ma,c_ma,c_ma,random
7,0.0003388059,0.0,s_ma,c_ma,c_ms,random
7,6.7952587e-06,0.0,s_ma,c_ma,c_ms,random
7,0.51695776,1.0,s_ms,c_ms,c_ms,random
7,0.38006017,0.0,s_ms,c_ms,c_ma,random
7,0.32099527,0.0,s_ms,c_ms,c_ms,random
7,0.24025235,0.0,s_ms,c_ms,c_ma,random
7,0.4048096,0.0,s_ms,c_ms,c_ma,random
7,6.139369e-05,0.0,s_ma,c_ms,c_ma,random
7,0.00014320627,0.0,s_ma,c_ms,c_ms,random
7,7.2221123e-06,0.0,s_ma,c_ms,c_ms,random
7,7.04792e-06,0.0,s_ma,c_ms,c_ma,random
7,0.00017440709,0.0,s_ma,c_ms,c_ms,random
7,0.12000058,0.0,s_ms,c_ma,c_ms,random
7,0.3979424,0.0,s_ms,c_ma,c_ma,random
7,0.39446265,0.0,s_ms,c_ma,c_ma,random
7,0.37188977,0.0,s_ms,c_ma,c_ms,random
7,0.3632422,0.0,s_ms,c_ma,c_ms,random
7,5.8792293e-06,0.0,s_ma,c_ma,c_ma,random
7,8.311674e-05,0.0,s_ma,c_ma,c_ms,random
7,2.602462e-05,0.0,s_ma,c_ma,c_ma,random
7,6.554119e-06,0.0,s_ma,c_ma,c_ms,random
8,0.00014408948,0.0,s_ma,c_ma,c_ms,blocked
8,0.0002883778,0.0,s_ma,c_ma,c_ma,blocked
8,0.00011102955,0.0,s_ma,c_ma,c_ms,blocked
8,0.00026324208,0.0,s_ma,c_ma,c_ms,blocked
8,0.40759587,0.0,s_ms,c_ma,c_ms,blocked
8,0.45363456,0.0,s_ms,c_ma,c_ma,blocked
8,0.3861766,0.0,s_ms,c_ma,c_ma,blocked
8,0.3469376,0.0,s_ms,c_ma,c_ms,blocked
8,0.33889693,0.0,s_ms,c_ma,c_ma,blocked
8,0.0001366083,0.0,s_ma,c_ms,c_ma,blocked
8,9.266925e-06,0.0,s_ma,c_ms,c_ms,blocked
8,0.00022272459,0.0,s_ma,c_ms,c_ms,blocked
8,0.00016710517,0.0,s_ma,c_ms,c_ma,blocked
8,8.440026e-05,0.0,s_ma,c_ms,c_ma,blocked
8,0.5266674,1.0,s_ms,c_ms,c_ms,blocked
8,0.3265475,0.0,s_ms,c_ms,c_ma,blocked
8,0.4328872,0.0,s_ms,c_ms,c_ms,blocked
8,0.43688235,0.0,s_ms,c_ms,c_ma,blocked
8,0.26725692,0.0,s_ms,c_ms,c_ms,blocked
8,0.00013481964,0.0,s_ma,c_ma,c_ms,blocked
8,0.0003476284,0.0,s_ma,c_ma,c_ms,blocked
8,2.3935185e-05,0.0,s_ma,c_ma,c_ma,blocked
8,5.1411907e-06,0.0,s_ma,c_ma,c_ma,blocked
8,0.4128775,0.0,s_ms,c_ma,c_ma,blocked
8,0.4737002,0.0,s_ms,c_ma,c_ms,blocked
8,0.50038695,1.0,s_ms,c_ma,c_ms,blocked
8,0.2841016,0.0,s_ms,c_ma,c_ma,blocked
8,0.34414306,0.0,s_ms,c_ma,c_ms,blocked
8,8.875216e-06,0.0,s_ma,c_ms,c_ms,blocked
8,3.7161135e-05,0.0,s_ma,c_ms,c_ma,blocked
8,0.000110126646,0.0,s_ma,c_ms,c_ma,blocked
8,2.2445884e-06,0.0,s_ma,c_ms,c_ms,blocked
8,3.5996847e-05,0.0,s_ma,c_ms,c_ms,blocked
8,0.25600353,0.0,s_ms,c_ms,c_ma,blocked
8,0.15016234,0.0,s_ms,c_ms,c_ms,blocked
8,0.37991232,0.0,s_ms,c_ms,c_ma,blocked
8,0.56070983,1.0,s_ms,c_ms,c_ms,blocked
8,0.19499417,0.0,s_ms,c_ms,c_ma,blocked
8,0.0003047653,0.0,s_ma,c_ma,c_ma,blocked
8,0.00042629096,0.0,s_ma,c_ma,c_ms,blocked
8,9.3516486e-05,0.0,s_ma,c_ma,c_ms,blocked
8,8.723812e-05,0.0,s_ma,c_ma,c_ms,blocked
8,0.3130433,0.0,s_ms,c_ma,c_ms,blocked
8,0.43452644,0.0,s_ms,c_ma,c_ma,blocked
8,0.36594158,0.0,s_ms,c_ma,c_ma,blocked
8,0.38957807,0.0,s_ms,c_ma,c_ms,blocked
8,0.3238883,0.0,s_ms,c_ma,c_ma,blocked
8,6.0262133e-05,0.0,s_ma,c_ms,c_ma,blocked
8,0.00018713981,0.0,s_ma,c_ms,c_ms,blocked
8,0.0009384261,0.0,s_ma,c_ms,c_ms,blocked
8,0.000112554495,0.0,s_ma,c_ms,c_ma,blocked
8,0.00011956253,0.0,s_ma,c_ms,c_ma,blocked
8,0.16738412,0.0,s_ms,c_ms,c_ms,blocked
8,0.18928936,0.0,s_ms,c_ms,c_ma,blocked
8,0.38029453,0.0,s_ms,c_ms,c_ms,blocked
8,0.21078643,0.0,s_ms,c_ms,c_ma,blocked
8,0.21930933,0.0,s_ms,c_ms,c_ms,blocked
8,0.00010393397,0.0,s_ma,c_ma,c_ms,blocked
8,2.8394248e-05,0.0,s_ma,c_ma,c_ma,blocked
8,9.255322e-05,0.0,s_ma,c_ma,c_ms,blocked
8,1.0105991e-05,0.0,s_ma,c_ma,c_ma,blocked
8,0.5091128,1.0,s_ms,c_ma,c_ma,blocked
8,0.47429886,0.0,s_ms,c_ma,c_ms,blocked
8,0.46524268,0.0,s_ms,c_ma,c_ms,blocked
8,0.4094769,0.0,s_ms,c_ma,c_ma,blocked
8,0.41035432,0.0,s_ms,c_ma,c_ms,blocked
8,4.558619e-05,0.0,s_ma,c_ms,c_ms,blocked
8,1.840953e-05,0.0,s_ma,c_ms,c_ma,blocked
8,9.771627e-05,0.0,s_ma,c_ms,c_ma,blocked
8,6.85114e-05,0.0,s_ma,c_ms,c_ms,blocked
8,0.0002388136,0.0,s_ma,c_ms,c_ms,blocked
8,0.19254074,0.0,s_ms,c_ms,c_ma,blocked
8,0.23020032,0.0,s_ms,c_ms,c_ms,blocked
8,0.41249514,0.0,s_ms,c_ms,c_ma,blocked
8,0.32827115,0.0,s_ms,c_ms,c_ms,blocked
8,0.16959533,0.0,s_ms,c_ms,c_ma,blocked
8,0.0002780027,0.0,s_ma,c_ma,c_ms,blocked
8,5.4533257e-06,0.0,s_ma,c_ma,c_ma,blocked
8,8.181314e-05,0.0,s_ma,c_ma,c_ms,blocked
8,1.0353235e-05,0.0,s_ma,c_ma,c_ma,blocked
8,0.4348342,0.0,s_ms,c_ma,c_ma,blocked
8,0.4914409,0.0,s_ms,c_ma,c_ms,blocked
8,0.40185022,0.0,s_ms,c_ma,c_ms,blocked
8,0.32503793,0.0,s_ms,c_ma,c_ma,blocked
8,0.44713372,0.0,s_ms,c_ma,c_ms,blocked
8,9.467878e-05,0.0,s_ma,c_ms,c_ms,blocked
8,3.0666826e-05,0.0,s_ma,c_ms,c_ma,blocked
8,8.4980515e-05,0.0,s_ma,c_ms,c_ma,blocked
8,6.385599e-05,0.0,s_ma,c_ms,c_ms,blocked
8,4.1655927e-05,0.0,s_ma,c_ms,c_ms,blocked
8,0.46606168,0.0,s_ms,c_ms,c_ma,blocked
8,0.17015766,0.0,s_ms,c_ms,c_ms,blocked
8,0.33372384,0.0,s_ms,c_ms,c_ma,blocked
8,0.5482845,1.0,s_ms,c_ms,c_ms,blocked
8,0.3243652,0.0,s_ms,c_ms,c_ma,blocked
8,0.4570313,0.0,s_ms,c_ma,c_ms,blocked
8,0.46762484,0.0,s_ms,c_ma,c_ma,blocked
8,0.564023,1.0,s_ms,c_ma,c_ms,blocked
8,0.4143595,0.0,s_ms,c_ma,c_ma,blocked
8,0.4472438,0.0,s_ms,c_ma,c_ma,blocked
8,8.2206796e-05,0.0,s_ma,c_ma,c_ms,blocked
8,0.0012565136,0.0,s_ma,c_ma,c_ms,blocked
8,0.0019771613,0.0,s_ma,c_ma,c_ma,blocked
8,0.0007591968,0.0,s_ma,c_ma,c_ms,blocked
8,0.04464742,0.0,s_ms,c_ms,c_ms,blocked
8,0.09019725,0.0,s_ms,c_ms,c_ma,blocked
8,0.101837814,0.0,s_ms,c_ms,c_ma,blocked
8,0.03704815,0.0,s_ms,c_ms,c_ms,blocked
8,0.05819882,0.0,s_ms,c_ms,c_ms,blocked
8,9.759198e-06,0.0,s_ma,c_ms,c_ma,blocked
8,4.5264653e-05,0.0,s_ma,c_ms,c_ms,blocked
8,6.9740585e-05,0.0,s_ma,c_ms,c_ma,blocked
8,3.5713896e-05,0.0,s_ma,c_ms,c_ms,blocked
8,1.0148158e-05,0.0,s_ma,c_ms,c_ma,blocked
8,0.43543854,0.0,s_ms,c_ma,c_ma,blocked
8,0.42066687,0.0,s_ms,c_ma,c_ms,blocked
8,0.45666015,0.0,s_ms,c_ma,c_ma,blocked
8,0.42137423,0.0,s_ms,c_ma,c_ms,blocked
8,0.392589,0.0,s_ms,c_ma,c_ms,blocked
8,7.146524e-05,0.0,s_ma,c_ma,c_ms,blocked
8,5.6200006e-06,0.0,s_ma,c_ma,c_ma,blocked
8,0.00033435778,0.0,s_ma,c_ma,c_ms,blocked
8,0.0005443016,0.0,s_ma,c_ma,c_ma,blocked
8,0.060702533,0.0,s_ms,c_ms,c_ma,blocked
8,0.1250991,0.0,s_ms,c_ms,c_ms,blocked
8,0.16793495,0.0,s_ms,c_ms,c_ms,blocked
8,0.08484606,0.0,s_ms,c_ms,c_ma,blocked
8,0.114918366,0.0,s_ms,c_ms,c_ma,blocked
8,8.538647e-06,0.0,s_ma,c_ms,c_ms,blocked
8,1.0218156e-05,0.0,s_ma,c_ms,c_ma,blocked
8,6.137367e-07,0.0,s_ma,c_ms,c_ms,blocked
8,8.317671e-07,0.0,s_ma,c_ms,c_ma,blocked
8,3.6410113e-06,0.0,s_ma,c_ms,c_ms,blocked
8,0.47888306,0.0,s_ms,c_ma,c_ma,blocked
8,0.36198303,0.0,s_ms,c_ma,c_ms,blocked
8,0.47999877,0.0,s_ms,c_ma,c_ma,blocked
8,0.3900199,0.0,s_ms,c_ma,c_ms,blocked
8,0.4372272,0.0,s_ms,c_ma,c_ms,blocked
8,0.0011953957,0.0,s_ma,c_ma,c_ms,blocked
8,6.222289e-06,0.0,s_ma,c_ma,c_ma,blocked
8,2.5492025e-05,0.0,s_ma,c_ma,c_ms,blocked
8,0.00011791748,0.0,s_ma,c_ma,c_ma,blocked
8,0.23418057,0.0,s_ms,c_ms,c_ma,blocked
8,0.3053331,0.0,s_ms,c_ms,c_ms,blocked
8,0.19419828,0.0,s_ms,c_ms,c_ms,blocked
8,0.28156224,0.0,s_ms,c_ms,c_ma,blocked
8,0.33116868,0.0,s_ms,c_ms,c_ma,blocked
8,4.543822e-05,0.0,s_ma,c_ms,c_ms,blocked
8,4.2901436e-05,0.0,s_ma,c_ms,c_ma,blocked
8,4.1449162e-05,0.0,s_ma,c_ms,c_ms,blocked
8,1.773308e-05,0.0,s_ma,c_ms,c_ma,blocked
8,1.32785435e-05,0.0,s_ma,c_ms,c_ms,blocked
8,0.5350884,1.0,s_ms,c_ma,c_ms,blocked
8,0.56904453,1.0,s_ms,c_ma,c_ma,blocked
8,0.45327526,0.0,s_ms,c_ma,c_ms,blocked
8,0.51261544,1.0,s_ms,c_ma,c_ma,blocked
8,0.5474558,1.0,s_ms,c_ma,c_ma,blocked
8,0.0018566076,0.0,s_ma,c_ma,c_ma,blocked
8,0.00039889378,0.0,s_ma,c_ma,c_ms,blocked
8,3.1034164e-05,0.0,s_ma,c_ma,c_ms,blocked
8,0.0006768405,0.0,s_ma,c_ma,c_ms,blocked
8,0.20617044,0.0,s_ms,c_ms,c_ms,blocked
8,0.19986382,0.0,s_ms,c_ms,c_ma,blocked
8,0.3111466,0.0,s_ms,c_ms,c_ma,blocked
8,0.22631204,0.0,s_ms,c_ms,c_ms,blocked
8,0.24555008,0.0,s_ms,c_ms,c_ms,blocked
8,4.3387146e-05,0.0,s_ma,c_ms,c_ma,blocked
8,0.0005390222,0.0,s_ma,c_ms,c_ms,blocked
8,2.0876376e-05,0.0,s_ma,c_ms,c_ma,blocked
8,6.7213227e-06,0.0,s_ma,c_ms,c_ms,blocked
8,3.254936e-05,0.0,s_ma,c_ms,c_ma,blocked
8,0.55528605,1.0,s_ms,c_ma,c_ma,blocked
8,0.5337844,1.0,s_ms,c_ma,c_ms,blocked
8,0.5695845,1.0,s_ms,c_ma,c_ma,blocked
8,0.5030562,1.0,s_ms,c_ma,c_ms,blocked
8,0.43415543,0.0,s_ms,c_ma,c_ms,blocked
8,0.00067208754,0.0,s_ma,c_ma,c_ms,blocked
8,0.00061378255,0.0,s_ma,c_ma,c_ma,blocked
8,0.00013458247,0.0,s_ma,c_ma,c_ma,blocked
8,0.00074347475,0.0,s_ma,c_ma,c_ms,blocked
8,0.26432505,0.0,s_ms,c_ms,c_ma,blocked
8,0.25278458,0.0,s_ms,c_ms,c_ms,blocked
8,0.2470013,0.0,s_ms,c_ms,c_ms,blocked
8,0.34374142,0.0,s_ms,c_ms,c_ma,blocked
8,0.3582251,0.0,s_ms,c_ms,c_ma,blocked
8,8.0080834e-05,0.0,s_ma,c_ms,c_ms,blocked
8,2.898931e-05,0.0,s_ma,c_ms,c_ma,blocked
8,6.9680545e-06,0.0,s_ma,c_ms,c_ms,blocked
8,3.8845587e-06,0.0,s_ma,c_ms,c_ma,blocked
8,1.5547728e-05,0.0,s_ma,c_ms,c_ms,blocked
8,0.00038515218,0.0,s_ma,c_ms,c_ma,blocked
8,1.4397348e-05,0.0,s_ma,c_ms,c_ms,blocked
8,0.00049173884,0.0,s_ma,c_ms,c_ma,blocked
8,0.000106680614,0.0,s_ma,c_ms,c_ms,blocked
8,0.00025415933,0.0,s_ma,c_ms,c_ms,blocked
8,0.049738932,0.0,s_ms,c_ms,c_ms,blocked
8,0.053599946,0.0,s_ms,c_ms,c_ma,blocked
8,0.27129218,0.0,s_ms,c_ms,c_ma,blocked
8,0.29428262,0.0,s_ms,c_ms,c_ms,blocked
8,0.31734097,0.0,s_ms,c_ms,c_ma,blocked
8,0.00018819065,0.0,s_ma,c_ma,c_ms,blocked
8,5.6899535e-05,0.0,s_ma,c_ma,c_ms,blocked
8,0.00050011225,0.0,s_ma,c_ma,c_ma,blocked
8,0.00012538851,0.0,s_ma,c_ma,c_ma,blocked
8,0.6218319,1.0,s_ms,c_ma,c_ms,blocked
8,0.59819186,1.0,s_ms,c_ma,c_ma,blocked
8,0.48599276,0.0,s_ms,c_ma,c_ms,blocked
8,0.5594962,1.0,s_ms,c_ma,c_ma,blocked
8,0.47100192,0.0,s_ms,c_ma,c_ms,blocked
8,1.6047125e-05,0.0,s_ma,c_ms,c_ms,blocked
8,0.00013056732,0.0,s_ma,c_ms,c_ma,blocked
8,0.0004521628,0.0,s_ma,c_ms,c_ms,blocked
8,1.3604675e-05,0.0,s_ma,c_ms,c_ma,blocked
8,5.4948174e-05,0.0,s_ma,c_ms,c_ma,blocked
8,0.0501571,0.0,s_ms,c_ms,c_ma,blocked
8,0.035466425,0.0,s_ms,c_ms,c_ms,blocked
8,0.2579915,0.0,s_ms,c_ms,c_ms,blocked
8,0.13895446,0.0,s_ms,c_ms,c_ma,blocked
8,0.27063578,0.0,s_ms,c_ms,c_ms,blocked
8,0.00021475425,0.0,s_ma,c_ma,c_ms,blocked
8,0.00017999121,0.0,s_ma,c_ma,c_ma,blocked
8,0.0002861652,0.0,s_ma,c_ma,c_ms,blocked
8,0.00010271518,0.0,s_ma,c_ma,c_ms,blocked
8,0.5054302,1.0,s_ms,c_ma,c_ma,blocked
8,0.45432362,0.0,s_ms,c_ma,c_ms,blocked
8,0.4687974,0.0,s_ms,c_ma,c_ma,blocked
8,0.5321539,1.0,s_ms,c_ma,c_ms,blocked
8,0.418585,0.0,s_ms,c_ma,c_ma,blocked
8,0.00036959938,0.0,s_ma,c_ms,c_ms,blocked
8,0.00031438662,0.0,s_ma,c_ms,c_ma,blocked
8,0.0057813358,0.0,s_ma,c_ms,c_ms,blocked
8,0.00013603678,0.0,s_ma,c_ms,c_ma,blocked
8,0.00036222665,0.0,s_ma,c_ms,c_ma,blocked
8,0.05114595,0.0,s_ms,c_ms,c_ma,blocked
8,0.043985005,0.0,s_ms,c_ms,c_ms,blocked
8,0.27737436,0.0,s_ms,c_ms,c_ms,blocked
8,0.14405236,0.0,s_ms,c_ms,c_ma,blocked
8,0.32114136,0.0,s_ms,c_ms,c_ms,blocked
8,6.2785184e-05,0.0,s_ma,c_ma,c_ms,blocked
8,0.00018561092,0.0,s_ma,c_ma,c_ma,blocked
8,0.00011317777,0.0,s_ma,c_ma,c_ms,blocked
8,0.0003163115,0.0,s_ma,c_ma,c_ms,blocked
8,0.5861242,1.0,s_ms,c_ma,c_ma,blocked
8,0.44387493,0.0,s_ms,c_ma,c_ms,blocked
8,0.603119,1.0,s_ms,c_ma,c_ma,blocked
8,0.50004816,1.0,s_ms,c_ma,c_ms,blocked
8,0.49521843,0.0,s_ms,c_ma,c_ma,blocked
8,0.0008855612,0.0,s_ma,c_ms,c_ma,blocked
8,4.597675e-06,0.0,s_ma,c_ms,c_ms,blocked
8,0.0012310856,0.0,s_ma,c_ms,c_ma,blocked
8,0.00021446458,0.0,s_ma,c_ms,c_ms,blocked
8,0.0010423141,0.0,s_ma,c_ms,c_ms,blocked
8,0.05011625,0.0,s_ms,c_ms,c_ms,blocked
8,0.034189828,0.0,s_ms,c_ms,c_ma,blocked
8,0.15254086,0.0,s_ms,c_ms,c_ma,blocked
8,0.15217432,0.0,s_ms,c_ms,c_ms,blocked
8,0.273056,0.0,s_ms,c_ms,c_ma,blocked
8,0.00054140773,0.0,s_ma,c_ma,c_ma,blocked
8,0.00027753128,0.0,s_ma,c_ma,c_ms,blocked
8,0.00010796256,0.0,s_ma,c_ma,c_ms,blocked
8,0.0003295877,0.0,s_ma,c_ma,c_ma,blocked
8,0.49678093,0.0,s_ms,c_ma,c_ms,blocked
8,0.3856292,0.0,s_ms,c_ma,c_ma,blocked
8,0.41871583,0.0,s_ms,c_ma,c_ms,blocked
8,0.33249497,0.0,s_ms,c_ma,c_ma,blocked
8,0.46849063,0.0,s_ms,c_ma,c_ms,blocked
8,0.00029133935,0.0,s_ma,c_ms,c_ma,blocked
8,3.4851095e-05,0.0,s_ma,c_ms,c_ms,blocked
8,0.0009780827,0.0,s_ma,c_ms,c_ma,blocked
8,0.0011616733,0.0,s_ma,c_ms,c_ms,blocked
8,0.000114156064,0.0,s_ma,c_ms,c_ms,blocked
8,0.08103195,0.0,s_ms,c_ms,c_ms,blocked
8,0.048755974,0.0,s_ms,c_ms,c_ma,blocked
8,0.2995404,0.0,s_ms,c_ms,c_ma,blocked
8,0.20779517,0.0,s_ms,c_ms,c_ms,blocked
8,0.3341358,0.0,s_ms,c_ms,c_ma,blocked
8,0.00013836345,0.0,s_ma,c_ma,c_ma,blocked
8,0.00010271992,0.0,s_ma,c_ma,c_ms,blocked
8,0.00032011262,0.0,s_ma,c_ma,c_ms,blocked
8,0.00032368768,0.0,s_ma,c_ma,c_ma,blocked
8,0.53577864,1.0,s_ms,c_ma,c_ms,blocked
8,0.5041503,1.0,s_ms,c_ma,c_ma,blocked
8,0.44214892,0.0,s_ms,c_ma,c_ms,blocked
8,0.5430239,1.0,s_ms,c_ma,c_ma,blocked
8,0.57837915,1.0,s_ms,c_ma,c_ms,blocked
8,0.16873069,0.0,s_ms,c_ms,c_ms,blocked
8,0.33734328,0.0,s_ms,c_ms,c_ma,blocked
8,0.2828789,0.0,s_ms,c_ms,c_ms,blocked
8,0.38232243,0.0,s_ms,c_ms,c_ma,blocked
8,0.16987906,0.0,s_ms,c_ms,c_ma,blocked
8,0.001878296,0.0,s_ma,c_ms,c_ma,blocked
8,0.00023212947,0.0,s_ma,c_ms,c_ms,blocked
8,0.00059941324,0.0,s_ma,c_ms,c_ms,blocked
8,4.517173e-05,0.0,s_ma,c_ms,c_ma,blocked
8,0.00010744971,0.0,s_ma,c_ms,c_ms,blocked
8,0.28630877,0.0,s_ms,c_ma,c_ms,blocked
8,0.4131698,0.0,s_ms,c_ma,c_ma,blocked
8,0.33988792,0.0,s_ms,c_ma,c_ma,blocked
8,0.39254394,0.0,s_ms,c_ma,c_ms,blocked
8,0.3715273,0.0,s_ms,c_ma,c_ms,blocked
8,3.229619e-05,0.0,s_ma,c_ma,c_ms,blocked
8,0.00013648682,0.0,s_ma,c_ma,c_ma,blocked
8,0.00016340966,0.0,s_ma,c_ma,c_ms,blocked
8,1.2430512e-05,0.0,s_ma,c_ma,c_ma,blocked
8,0.3215934,0.0,s_ms,c_ms,c_ma,blocked
8,0.20419237,0.0,s_ms,c_ms,c_ms,blocked
8,0.29087573,0.0,s_ms,c_ms,c_ma,blocked
8,0.28081754,0.0,s_ms,c_ms,c_ms,blocked
8,0.21908896,0.0,s_ms,c_ms,c_ms,blocked
8,0.0019178838,0.0,s_ma,c_ms,c_ms,blocked
8,9.043027e-05,0.0,s_ma,c_ms,c_ma,blocked
8,0.00020321559,0.0,s_ma,c_ms,c_ma,blocked
8,0.00049543014,0.0,s_ma,c_ms,c_ms,blocked
8,7.383308e-05,0.0,s_ma,c_ms,c_ma,blocked
8,0.29615945,0.0,s_ms,c_ma,c_ma,blocked
8,0.47177258,0.0,s_ms,c_ma,c_ms,blocked
8,0.4627085,0.0,s_ms,c_ma,c_ms,blocked
8,0.5192768,1.0,s_ms,c_ma,c_ma,blocked
8,0.40622225,0.0,s_ms,c_ma,c_ma,blocked
8,2.8673805e-05,0.0,s_ma,c_ma,c_ms,blocked
8,3.1552434e-05,0.0,s_ma,c_ma,c_ms,blocked
8,4.7782105e-05,0.0,s_ma,c_ma,c_ma,blocked
8,2.2711762e-05,0.0,s_ma,c_ma,c_ms,blocked
8,0.30672228,0.0,s_ms,c_ms,c_ms,blocked
8,0.38741648,0.0,s_ms,c_ms,c_ma,blocked
8,0.13132823,0.0,s_ms,c_ms,c_ms,blocked
8,0.30438128,0.0,s_ms,c_ms,c_ma,blocked
8,0.3404716,0.0,s_ms,c_ms,c_ma,blocked
8,0.0052832267,0.0,s_ma,c_ms,c_ma,blocked
8,9.4435945e-06,0.0,s_ma,c_ms,c_ms,blocked
8,0.00081005745,0.0,s_ma,c_ms,c_ms,blocked
8,5.3909844e-05,0.0,s_ma,c_ms,c_ma,blocked
8,0.00011085337,0.0,s_ma,c_ms,c_ms,blocked
8,0.40158963,0.0,s_ms,c_ma,c_ms,blocked
8,0.4633649,0.0,s_ms,c_ma,c_ma,blocked
8,0.33267018,0.0,s_ms,c_ma,c_ma,blocked
8,0.45357183,0.0,s_ms,c_ma,c_ms,blocked
8,0.4364901,0.0,s_ms,c_ma,c_ms,blocked
8,0.00012619642,0.0,s_ma,c_ma,c_ma,blocked
8,3.0573527e-05,0.0,s_ma,c_ma,c_ms,blocked
8,2.9893006e-05,0.0,s_ma,c_ma,c_ms,blocked
8,1.4209535e-05,0.0,s_ma,c_ma,c_ma,blocked
8,0.25182682,0.0,s_ms,c_ms,c_ma,blocked
8,0.21593404,0.0,s_ms,c_ms,c_ms,blocked
8,0.19383883,0.0,s_ms,c_ms,c_ma,blocked
8,0.37048876,0.0,s_ms,c_ms,c_ms,blocked
8,0.29646528,0.0,s_ms,c_ms,c_ms,blocked
8,0.000677217,0.0,s_ma,c_ms,c_ms,blocked
8,1.2424079e-05,0.0,s_ma,c_ms,c_ma,blocked
8,0.00011830407,0.0,s_ma,c_ms,c_ma,blocked
8,1.4495102e-05,0.0,s_ma,c_ms,c_ms,blocked
8,1.8971348e-05,0.0,s_ma,c_ms,c_ma,blocked
8,0.35923216,0.0,s_ms,c_ma,c_ma,blocked
8,0.39310414,0.0,s_ms,c_ma,c_ms,blocked
8,0.38660333,0.0,s_ms,c_ma,c_ms,blocked
8,0.5773069,1.0,s_ms,c_ma,c_ma,blocked
8,0.36249545,0.0,s_ms,c_ma,c_ma,blocked
8,0.00014560201,0.0,s_ma,c_ma,c_ms,blocked
8,4.7596266e-05,0.0,s_ma,c_ma,c_ma,blocked
8,2.9664121e-05,0.0,s_ma,c_ma,c_ms,blocked
8,6.3282634e-05,0.0,s_ma,c_ma,c_ms,blocked
8,0.18010163,0.0,s_ms,c_ms,c_ms,blocked
8,0.30844265,0.0,s_ms,c_ms,c_ma,blocked
8,0.17301087,0.0,s_ms,c_ms,c_ms,blocked
8,0.37455568,0.0,s_ms,c_ms,c_ma,blocked
8,0.17579034,0.0,s_ms,c_ms,c_ma,blocked
8,0.0013801634,0.0,s_ma,c_ms,c_ma,blocked
8,8.600748e-05,0.0,s_ma,c_ms,c_ms,blocked
8,0.00021836524,0.0,s_ma,c_ms,c_ms,blocked
8,9.248084e-05,0.0,s_ma,c_ms,c_ma,blocked
8,0.00016554212,0.0,s_ma,c_ms,c_ms,blocked
8,0.42829454,0.0,s_ms,c_ma,c_ms,blocked
8,0.48880753,0.0,s_ms,c_ma,c_ma,blocked
8,0.41404808,0.0,s_ms,c_ma,c_ma,blocked
8,0.43268293,0.0,s_ms,c_ma,c_ms,blocked
8,0.34692472,0.0,s_ms,c_ma,c_ms,blocked
8,1.1370279e-05,0.0,s_ma,c_ma,c_ma,blocked
8,2.3257191e-05,0.0,s_ma,c_ma,c_ms,blocked
8,1.3416757e-05,0.0,s_ma,c_ma,c_ma,blocked
8,6.222079e-05,0.0,s_ma,c_ma,c_ms,blocked
8,5.35418e-05,0.0,s_ma,c_ma,c_ms,interleaved
8,0.0012083793,0.0,s_ma,c_ma,c_ma,interleaved
8,0.00018771882,0.0,s_ma,c_ma,c_ms,interleaved
8,0.0015177869,0.0,s_ma,c_ma,c_ms,interleaved
8,0.405061,0.0,s_ms,c_ma,c_ms,interleaved
8,0.46061397,0.0,s_ms,c_ma,c_ma,interleaved
8,0.28111708,0.0,s_ms,c_ma,c_ma,interleaved
8,0.24452241,0.0,s_ms,c_ma,c_ms,interleaved
8,0.37219557,0.0,s_ms,c_ma,c_ma,interleaved
8,0.00027386248,0.0,s_ma,c_ms,c_ma,interleaved
8,1.3361863e-05,0.0,s_ma,c_ms,c_ms,interleaved
8,0.00020240594,0.0,s_ma,c_ms,c_ms,interleaved
8,0.0003303616,0.0,s_ma,c_ms,c_ma,interleaved
8,0.00014930136,0.0,s_ma,c_ms,c_ma,interleaved
8,0.70971805,1.0,s_ms,c_ms,c_ms,interleaved
8,0.42395476,0.0,s_ms,c_ms,c_ma,interleaved
8,0.46313947,0.0,s_ms,c_ms,c_ms,interleaved
8,0.6030231,1.0,s_ms,c_ms,c_ma,interleaved
8,0.49356064,0.0,s_ms,c_ms,c_ms,interleaved
8,4.935555e-05,0.0,s_ma,c_ma,c_ms,interleaved
8,0.0003292525,0.0,s_ma,c_ma,c_ms,interleaved
8,7.3331557e-06,0.0,s_ma,c_ma,c_ma,interleaved
8,2.284019e-06,0.0,s_ma,c_ma,c_ma,interleaved
8,0.40591788,0.0,s_ms,c_ma,c_ma,interleaved
8,0.43360466,0.0,s_ms,c_ma,c_ms,interleaved
8,0.3465081,0.0,s_ms,c_ma,c_ms,interleaved
8,0.30093265,0.0,s_ms,c_ma,c_ma,interleaved
8,0.26576203,0.0,s_ms,c_ma,c_ms,interleaved
8,9.472881e-06,0.0,s_ma,c_ms,c_ms,interleaved
8,0.00010156543,0.0,s_ma,c_ms,c_ma,interleaved
8,0.00025574293,0.0,s_ma,c_ms,c_ma,interleaved
8,3.0986175e-06,0.0,s_ma,c_ms,c_ms,interleaved
8,2.3398003e-05,0.0,s_ma,c_ms,c_ms,interleaved
8,0.51403475,1.0,s_ms,c_ms,c_ma,interleaved
8,0.49915972,0.0,s_ms,c_ms,c_ms,interleaved
8,0.3902821,0.0,s_ms,c_ms,c_ma,interleaved
8,0.6101695,1.0,s_ms,c_ms,c_ms,interleaved
8,0.4594112,0.0,s_ms,c_ms,c_ma,interleaved
8,0.0012216337,0.0,s_ma,c_ma,c_ma,interleaved
8,0.00040996575,0.0,s_ma,c_ma,c_ms,interleaved
8,0.0003023994,0.0,s_ma,c_ma,c_ms,interleaved
8,0.0003716062,0.0,s_ma,c_ma,c_ms,interleaved
8,0.36669695,0.0,s_ms,c_ma,c_ms,interleaved
8,0.42469028,0.0,s_ms,c_ma,c_ma,interleaved
8,0.4102315,0.0,s_ms,c_ma,c_ma,interleaved
8,0.2664788,0.0,s_ms,c_ma,c_ms,interleaved
8,0.37100285,0.0,s_ms,c_ma,c_ma,interleaved
8,0.00010917689,0.0,s_ma,c_ms,c_ma,interleaved
8,0.00027947573,0.0,s_ma,c_ms,c_ms,interleaved
8,0.0034444463,0.0,s_ma,c_ms,c_ms,interleaved
8,0.00026887067,0.0,s_ma,c_ms,c_ma,interleaved
8,0.00023163973,0.0,s_ma,c_ms,c_ma,interleaved
8,0.5097493,1.0,s_ms,c_ms,c_ms,interleaved
8,0.45775613,0.0,s_ms,c_ms,c_ma,interleaved
8,0.6529746,1.0,s_ms,c_ms,c_ms,interleaved
8,0.53287446,1.0,s_ms,c_ms,c_ma,interleaved
8,0.4829266,0.0,s_ms,c_ms,c_ms,interleaved
8,0.00017493019,0.0,s_ma,c_ma,c_ms,interleaved
8,8.762188e-06,0.0,s_ma,c_ma,c_ma,interleaved
8,0.00026822835,0.0,s_ma,c_ma,c_ms,interleaved
8,1.995779e-05,0.0,s_ma,c_ma,c_ma,interleaved
8,0.40101123,0.0,s_ms,c_ma,c_ma,interleaved
8,0.6181573,1.0,s_ms,c_ma,c_ms,interleaved
8,0.3663249,0.0,s_ms,c_ma,c_ms,interleaved
8,0.45345068,0.0,s_ms,c_ma,c_ma,interleaved
8,0.49041295,0.0,s_ms,c_ma,c_ms,interleaved
8,7.168077e-05,0.0,s_ma,c_ms,c_ms,interleaved
8,1.3868124e-05,0.0,s_ma,c_ms,c_ma,interleaved
8,0.000110446075,0.0,s_ma,c_ms,c_ma,interleaved
8,0.000117927804,0.0,s_ma,c_ms,c_ms,interleaved
8,0.0004906229,0.0,s_ma,c_ms,c_ms,interleaved
8,0.2893623,0.0,s_ms,c_ms,c_ma,interleaved
8,0.36488158,0.0,s_ms,c_ms,c_ms,interleaved
8,0.47562945,0.0,s_ms,c_ms,c_ma,interleaved
8,0.4199649,0.0,s_ms,c_ms,c_ms,interleaved
8,0.35703582,0.0,s_ms,c_ms,c_ma,interleaved
8,0.0016190438,0.0,s_ma,c_ma,c_ms,interleaved
8,2.625815e-06,0.0,s_ma,c_ma,c_ma,interleaved
8,0.00031551236,0.0,s_ma,c_ma,c_ms,interleaved
8,2.0150374e-05,0.0,s_ma,c_ma,c_ma,interleaved
8,0.4369463,0.0,s_ms,c_ma,c_ma,interleaved
8,0.5446841,1.0,s_ms,c_ma,c_ms,interleaved
8,0.32450345,0.0,s_ms,c_ma,c_ms,interleaved
8,0.3340451,0.0,s_ms,c_ma,c_ma,interleaved
8,0.4631798,0.0,s_ms,c_ma,c_ms,interleaved
8,0.00019549982,0.0,s_ma,c_ms,c_ms,interleaved
8,4.1600084e-05,0.0,s_ma,c_ms,c_ma,interleaved
8,0.00029918802,0.0,s_ma,c_ms,c_ma,interleaved
8,0.0004855916,0.0,s_ma,c_ms,c_ms,interleaved
8,6.302702e-05,0.0,s_ma,c_ms,c_ms,interleaved
8,0.7000736,1.0,s_ms,c_ms,c_ma,interleaved
8,0.5624391,1.0,s_ms,c_ms,c_ms,interleaved
8,0.43084034,0.0,s_ms,c_ms,c_ma,interleaved
8,0.5948026,1.0,s_ms,c_ms,c_ms,interleaved
8,0.68096006,1.0,s_ms,c_ms,c_ma,interleaved
8,0.47195423,0.0,s_ms,c_ma,c_ms,interleaved
8,0.48900223,0.0,s_ms,c_ma,c_ma,interleaved
8,0.54142576,1.0,s_ms,c_ma,c_ms,interleaved
8,0.48097494,0.0,s_ms,c_ma,c_ma,interleaved
8,0.45095485,0.0,s_ms,c_ma,c_ma,interleaved
8,0.00045634276,0.0,s_ma,c_ma,c_ms,interleaved
8,0.0023129545,0.0,s_ma,c_ma,c_ms,interleaved
8,0.0025184068,0.0,s_ma,c_ma,c_ma,interleaved
8,0.0017942663,0.0,s_ma,c_ma,c_ms,interleaved
8,0.26034892,0.0,s_ms,c_ms,c_ms,interleaved
8,0.3198571,0.0,s_ms,c_ms,c_ma,interleaved
8,0.53582036,1.0,s_ms,c_ms,c_ma,interleaved
8,0.33410984,0.0,s_ms,c_ms,c_ms,interleaved
8,0.21108031,0.0,s_ms,c_ms,c_ms,interleaved
8,5.9192484e-05,0.0,s_ma,c_ms,c_ma,interleaved
8,0.00014278946,0.0,s_ma,c_ms,c_ms,interleaved
8,0.00028738403,0.0,s_ma,c_ms,c_ma,interleaved
8,6.61949e-05,0.0,s_ma,c_ms,c_ms,interleaved
8,6.20585e-05,0.0,s_ma,c_ms,c_ma,interleaved
8,0.4481867,0.0,s_ms,c_ma,c_ma,interleaved
8,0.4774001,0.0,s_ms,c_ma,c_ms,interleaved
8,0.5263665,1.0,s_ms,c_ma,c_ma,interleaved
8,0.27253368,0.0,s_ms,c_ma,c_ms,interleaved
8,0.3499213,0.0,s_ms,c_ma,c_ms,interleaved
8,0.0003964285,0.0,s_ma,c_ma,c_ms,interleaved
8,1.2149357e-05,0.0,s_ma,c_ma,c_ma,interleaved
8,0.00020376625,0.0,s_ma,c_ma,c_ms,interleaved
8,0.0004907248,0.0,s_ma,c_ma,c_ma,interleaved
8,0.28721294,0.0,s_ms,c_ms,c_ma,interleaved
8,0.3719197,0.0,s_ms,c_ms,c_ms,interleaved
8,0.35191214,0.0,s_ms,c_ms,c_ms,interleaved
8,0.2508349,0.0,s_ms,c_ms,c_ma,interleaved
8,0.2563303,0.0,s_ms,c_ms,c_ma,interleaved
8,3.3064414e-05,0.0,s_ma,c_ms,c_ms,interleaved
8,1.2604663e-05,0.0,s_ma,c_ms,c_ma,interleaved
8,1.1607577e-06,0.0,s_ma,c_ms,c_ms,interleaved
8,2.4003941e-06,0.0,s_ma,c_ms,c_ma,interleaved
8,7.6106867e-06,0.0,s_ma,c_ms,c_ms,interleaved
8,0.60332125,1.0,s_ms,c_ma,c_ma,interleaved
8,0.531505,1.0,s_ms,c_ma,c_ms,interleaved
8,0.4656167,0.0,s_ms,c_ma,c_ma,interleaved
8,0.47948816,0.0,s_ms,c_ma,c_ms,interleaved
8,0.56171954,1.0,s_ms,c_ma,c_ms,interleaved
8,0.0022443188,0.0,s_ma,c_ma,c_ms,interleaved
8,1.2986706e-05,0.0,s_ma,c_ma,c_ma,interleaved
8,2.5633044e-05,0.0,s_ma,c_ma,c_ms,interleaved
8,0.00013232077,0.0,s_ma,c_ma,c_ma,interleaved
8,0.44739404,0.0,s_ms,c_ms,c_ma,interleaved
8,0.44866627,0.0,s_ms,c_ms,c_ms,interleaved
8,0.3351162,0.0,s_ms,c_ms,c_ms,interleaved
8,0.5829491,1.0,s_ms,c_ms,c_ma,interleaved
8,0.49731964,0.0,s_ms,c_ms,c_ma,interleaved
8,8.2261504e-05,0.0,s_ma,c_ms,c_ms,interleaved
8,7.8877594e-05,0.0,s_ma,c_ms,c_ma,interleaved
8,0.0001577754,0.0,s_ma,c_ms,c_ms,interleaved
8,3.0866137e-05,0.0,s_ma,c_ms,c_ma,interleaved
8,3.8178445e-05,0.0,s_ma,c_ms,c_ms,interleaved
8,0.6623152,1.0,s_ms,c_ma,c_ms,interleaved
8,0.55525064,1.0,s_ms,c_ma,c_ma,interleaved
8,0.6290573,1.0,s_ms,c_ma,c_ms,interleaved
8,0.46978772,0.0,s_ms,c_ma,c_ma,interleaved
8,0.54017556,1.0,s_ms,c_ma,c_ma,interleaved
8,0.0024065503,0.0,s_ma,c_ma,c_ma,interleaved
8,0.00024201687,0.0,s_ma,c_ma,c_ms,interleaved
8,3.0754254e-05,0.0,s_ma,c_ma,c_ms,interleaved
8,0.0010218389,0.0,s_ma,c_ma,c_ms,interleaved
8,0.27690402,0.0,s_ms,c_ms,c_ms,interleaved
8,0.34882602,0.0,s_ms,c_ms,c_ma,interleaved
8,0.32015178,0.0,s_ms,c_ms,c_ma,interleaved
8,0.3413027,0.0,s_ms,c_ms,c_ms,interleaved
8,0.26530147,0.0,s_ms,c_ms,c_ms,interleaved
8,3.9390314e-05,0.0,s_ma,c_ms,c_ma,interleaved
8,0.000507591,0.0,s_ma,c_ms,c_ms,interleaved
8,3.1029445e-05,0.0,s_ma,c_ms,c_ma,interleaved
8,5.9184626e-06,0.0,s_ma,c_ms,c_ms,interleaved
8,5.024983e-05,0.0,s_ma,c_ms,c_ma,interleaved
8,0.5203289,1.0,s_ms,c_ma,c_ma,interleaved
8,0.617152,1.0,s_ms,c_ma,c_ms,interleaved
8,0.51577634,1.0,s_ms,c_ma,c_ma,interleaved
8,0.435309,0.0,s_ms,c_ma,c_ms,interleaved
8,0.4214539,0.0,s_ms,c_ma,c_ms,interleaved
8,0.0016034591,0.0,s_ma,c_ma,c_ms,interleaved
8,0.0006221542,0.0,s_ma,c_ma,c_ma,interleaved
8,0.00015323427,0.0,s_ma,c_ma,c_ma,interleaved
8,0.0011218853,0.0,s_ma,c_ma,c_ms,interleaved
8,0.30904666,0.0,s_ms,c_ms,c_ma,interleaved
8,0.37447947,0.0,s_ms,c_ms,c_ms,interleaved
8,0.33483225,0.0,s_ms,c_ms,c_ms,interleaved
8,0.40062904,0.0,s_ms,c_ms,c_ma,interleaved
8,0.36449128,0.0,s_ms,c_ms,c_ma,interleaved
8,9.315321e-05,0.0,s_ma,c_ms,c_ms,interleaved
8,2.7440103e-05,0.0,s_ma,c_ms,c_ma,interleaved
8,1.3582277e-05,0.0,s_ma,c_ms,c_ms,interleaved
8,4.5799093e-06,0.0,s_ma,c_ms,c_ma,interleaved
8,2.4517458e-05,0.0,s_ma,c_ms,c_ms,interleaved
8,0.00028002722,0.0,s_ma,c_ms,c_ma,interleaved
8,1.0844695e-05,0.0,s_ma,c_ms,c_ms,interleaved
8,0.00010155987,0.0,s_ma,c_ms,c_ma,interleaved
8,7.51015e-05,0.0,s_ma,c_ms,c_ms,interleaved
8,0.00019616936,0.0,s_ma,c_ms,c_ms,interleaved
8,0.62346727,1.0,s_ms,c_ms,c_ms,interleaved
8,0.6058057,1.0,s_ms,c_ms,c_ma,interleaved
8,0.40679646,0.0,s_ms,c_ms,c_ma,interleaved
8,0.58065253,1.0,s_ms,c_ms,c_ms,interleaved
8,0.55836225,1.0,s_ms,c_ms,c_ma,interleaved
8,0.00014631893,0.0,s_ma,c_ma,c_ms,interleaved
8,4.593961e-05,0.0,s_ma,c_ma,c_ms,interleaved
8,0.0005366852,0.0,s_ma,c_ma,c_ma,interleaved
8,0.00021308332,0.0,s_ma,c_ma,c_ma,interleaved
8,0.51569605,1.0,s_ms,c_ma,c_ms,interleaved
8,0.46294126,0.0,s_ms,c_ma,c_ma,interleaved
8,0.5087565,1.0,s_ms,c_ma,c_ms,interleaved
8,0.5425923,1.0,s_ms,c_ma,c_ma,interleaved
8,0.46393964,0.0,s_ms,c_ma,c_ms,interleaved
8,1.2847035e-05,0.0,s_ma,c_ms,c_ms,interleaved
8,0.000116803276,0.0,s_ma,c_ms,c_ma,interleaved
8,0.00027438352,0.0,s_ma,c_ms,c_ms,interleaved
8,1.3261879e-05,0.0,s_ma,c_ms,c_ma,interleaved
8,4.041345e-05,0.0,s_ma,c_ms,c_ma,interleaved
8,0.58066666,1.0,s_ms,c_ms,c_ma,interleaved
8,0.5003669,1.0,s_ms,c_ms,c_ms,interleaved
8,0.44118154,0.0,s_ms,c_ms,c_ms,interleaved
8,0.49556693,0.0,s_ms,c_ms,c_ma,interleaved
8,0.44764236,0.0,s_ms,c_ms,c_ms,interleaved
8,0.00016582108,0.0,s_ma,c_ma,c_ms,interleaved
8,0.00013396527,0.0,s_ma,c_ma,c_ma,interleaved
8,0.00016018761,0.0,s_ma,c_ma,c_ms,interleaved
8,0.00011893091,0.0,s_ma,c_ma,c_ms,interleaved
8,0.38755274,0.0,s_ms,c_ma,c_ma,interleaved
8,0.36566532,0.0,s_ms,c_ma,c_ms,interleaved
8,0.4967042,0.0,s_ms,c_ma,c_ma,interleaved
8,0.5667625,1.0,s_ms,c_ma,c_ms,interleaved
8,0.37860563,0.0,s_ms,c_ma,c_ma,interleaved
8,0.00018056174,0.0,s_ma,c_ms,c_ms,interleaved
8,0.00030338086,0.0,s_ma,c_ms,c_ma,interleaved
8,0.0029272353,0.0,s_ma,c_ms,c_ms,interleaved
8,0.00011249676,0.0,s_ma,c_ms,c_ma,interleaved
8,0.0002783829,0.0,s_ma,c_ms,c_ma,interleaved
8,0.3561167,0.0,s_ms,c_ms,c_ma,interleaved
8,0.5629744,1.0,s_ms,c_ms,c_ms,interleaved
8,0.50997216,1.0,s_ms,c_ms,c_ms,interleaved
8,0.54334843,1.0,s_ms,c_ms,c_ma,interleaved
8,0.5383298,1.0,s_ms,c_ms,c_ms,interleaved
8,4.962369e-05,0.0,s_ma,c_ma,c_ms,interleaved
8,0.00013491043,0.0,s_ma,c_ma,c_ma,interleaved
8,0.00010715446,0.0,s_ma,c_ma,c_ms,interleaved
8,0.00020145095,0.0,s_ma,c_ma,c_ms,interleaved
8,0.5024457,1.0,s_ms,c_ma,c_ma,interleaved
8,0.23159643,0.0,s_ms,c_ma,c_ms,interleaved
8,0.4926375,0.0,s_ms,c_ma,c_ma,interleaved
8,0.46772945,0.0,s_ms,c_ma,c_ms,interleaved
8,0.37353492,0.0,s_ms,c_ma,c_ma,interleaved
8,0.00034248043,0.0,s_ma,c_ms,c_ma,interleaved
8,3.2934804e-06,0.0,s_ma,c_ms,c_ms,interleaved
8,0.00023135258,0.0,s_ma,c_ms,c_ma,interleaved
8,0.00011873233,0.0,s_ma,c_ms,c_ms,interleaved
8,0.00051894196,0.0,s_ma,c_ms,c_ms,interleaved
8,0.5117899,1.0,s_ms,c_ms,c_ms,interleaved
8,0.6284665,1.0,s_ms,c_ms,c_ma,interleaved
8,0.26338333,0.0,s_ms,c_ms,c_ma,interleaved
8,0.4991837,0.0,s_ms,c_ms,c_ms,interleaved
8,0.47175783,0.0,s_ms,c_ms,c_ma,interleaved
8,0.00056206377,0.0,s_ma,c_ma,c_ma,interleaved
8,0.0001500714,0.0,s_ma,c_ma,c_ms,interleaved
8,0.000104477534,0.0,s_ma,c_ma,c_ms,interleaved
8,0.0002613091,0.0,s_ma,c_ma,c_ma,interleaved
8,0.4544668,0.0,s_ms,c_ma,c_ms,interleaved
8,0.23193066,0.0,s_ms,c_ma,c_ma,interleaved
8,0.34707308,0.0,s_ms,c_ma,c_ms,interleaved
8,0.34593478,0.0,s_ms,c_ma,c_ma,interleaved
8,0.35115597,0.0,s_ms,c_ma,c_ms,interleaved
8,0.00014875788,0.0,s_ma,c_ms,c_ma,interleaved
8,2.4593728e-05,0.0,s_ma,c_ms,c_ms,interleaved
8,0.00021934937,0.0,s_ma,c_ms,c_ma,interleaved
8,0.00051142776,0.0,s_ma,c_ms,c_ms,interleaved
8,6.641903e-05,0.0,s_ma,c_ms,c_ms,interleaved
8,0.66944057,1.0,s_ms,c_ms,c_ms,interleaved
8,0.64487183,1.0,s_ms,c_ms,c_ma,interleaved
8,0.36678916,0.0,s_ms,c_ms,c_ma,interleaved
8,0.6066488,1.0,s_ms,c_ms,c_ms,interleaved
8,0.51586366,1.0,s_ms,c_ms,c_ma,interleaved
8,0.00022655033,0.0,s_ma,c_ma,c_ma,interleaved
8,0.00012402757,0.0,s_ma,c_ma,c_ms,interleaved
8,0.0002020975,0.0,s_ma,c_ma,c_ms,interleaved
8,0.00027110678,0.0,s_ma,c_ma,c_ma,interleaved
8,0.44126934,0.0,s_ms,c_ma,c_ms,interleaved
8,0.31516266,0.0,s_ms,c_ma,c_ma,interleaved
8,0.41940206,0.0,s_ms,c_ma,c_ms,interleaved
8,0.5197761,1.0,s_ms,c_ma,c_ma,interleaved
8,0.3965824,0.0,s_ms,c_ma,c_ms,interleaved
8,0.21204418,0.0,s_ms,c_ms,c_ms,interleaved
8,0.38392395,0.0,s_ms,c_ms,c_ma,interleaved
8,0.4125386,0.0,s_ms,c_ms,c_ms,interleaved
8,0.62180406,1.0,s_ms,c_ms,c_ma,interleaved
8,0.21786696,0.0,s_ms,c_ms,c_ma,interleaved
8,6.204726e-05,0.0,s_ma,c_ms,c_ma,interleaved
8,3.9949115e-05,0.0,s_ma,c_ms,c_ms,interleaved
8,9.3442504e-05,0.0,s_ma,c_ms,c_ms,interleaved
8,3.294879e-05,0.0,s_ma,c_ms,c_ma,interleaved
8,0.000117472984,0.0,s_ma,c_ms,c_ms,interleaved
8,0.38505256,0.0,s_ms,c_ma,c_ms,interleaved
8,0.5040166,1.0,s_ms,c_ma,c_ma,interleaved
8,0.42287123,0.0,s_ms,c_ma,c_ma,interleaved
8,0.44642285,0.0,s_ms,c_ma,c_ms,interleaved
8,0.46047956,0.0,s_ms,c_ma,c_ms,interleaved
8,9.6501e-05,0.0,s_ma,c_ma,c_ms,interleaved
8,0.0001316487,0.0,s_ma,c_ma,c_ma,interleaved
8,0.00018960384,0.0,s_ma,c_ma,c_ms,interleaved
8,2.2517312e-05,0.0,s_ma,c_ma,c_ma,interleaved
8,0.46497583,0.0,s_ms,c_ms,c_ma,interleaved
8,0.3826881,0.0,s_ms,c_ms,c_ms,interleaved
8,0.48382002,0.0,s_ms,c_ms,c_ma,interleaved
8,0.5520339,1.0,s_ms,c_ms,c_ms,interleaved
8,0.3519743,0.0,s_ms,c_ms,c_ms,interleaved
8,0.000137705,0.0,s_ma,c_ms,c_ms,interleaved
8,1.2101596e-05,0.0,s_ma,c_ms,c_ma,interleaved
8,9.496313e-05,0.0,s_ma,c_ms,c_ma,interleaved
8,0.0004998158,0.0,s_ma,c_ms,c_ms,interleaved
8,2.5661022e-05,0.0,s_ma,c_ms,c_ma,interleaved
8,0.44937167,0.0,s_ms,c_ma,c_ma,interleaved
8,0.5804245,1.0,s_ms,c_ma,c_ms,interleaved
8,0.7003782,1.0,s_ms,c_ma,c_ms,interleaved
8,0.694965,1.0,s_ms,c_ma,c_ma,interleaved
8,0.59968114,1.0,s_ms,c_ma,c_ma,interleaved
8,8.679029e-05,0.0,s_ma,c_ma,c_ms,interleaved
8,5.6149474e-05,0.0,s_ma,c_ma,c_ms,interleaved
8,4.5521097e-05,0.0,s_ma,c_ma,c_ma,interleaved
8,5.0443745e-05,0.0,s_ma,c_ma,c_ms,interleaved
8,0.403939,0.0,s_ms,c_ms,c_ms,interleaved
8,0.49013367,0.0,s_ms,c_ms,c_ma,interleaved
8,0.27187508,0.0,s_ms,c_ms,c_ms,interleaved
8,0.40067276,0.0,s_ms,c_ms,c_ma,interleaved
8,0.42183268,0.0,s_ms,c_ms,c_ma,interleaved
8,0.00025159624,0.0,s_ma,c_ms,c_ma,interleaved
8,1.3166261e-06,0.0,s_ma,c_ms,c_ms,interleaved
8,0.00021415924,0.0,s_ma,c_ms,c_ms,interleaved
8,2.7596352e-05,0.0,s_ma,c_ms,c_ma,interleaved
8,1.4595497e-05,0.0,s_ma,c_ms,c_ms,interleaved
8,0.38378352,0.0,s_ms,c_ma,c_ms,interleaved
8,0.44359368,0.0,s_ms,c_ma,c_ma,interleaved
8,0.41087127,0.0,s_ms,c_ma,c_ma,interleaved
8,0.52363396,1.0,s_ms,c_ma,c_ms,interleaved
8,0.46096373,0.0,s_ms,c_ma,c_ms,interleaved
8,0.000119536,0.0,s_ma,c_ma,c_ma,interleaved
8,5.1489176e-05,0.0,s_ma,c_ma,c_ms,interleaved
8,3.072152e-05,0.0,s_ma,c_ma,c_ms,interleaved
8,1.8229026e-05,0.0,s_ma,c_ma,c_ma,interleaved
8,0.30839428,0.0,s_ms,c_ms,c_ma,interleaved
8,0.28670895,0.0,s_ms,c_ms,c_ms,interleaved
8,0.3864295,0.0,s_ms,c_ms,c_ma,interleaved
8,0.48054177,0.0,s_ms,c_ms,c_ms,interleaved
8,0.3304827,0.0,s_ms,c_ms,c_ms,interleaved
8,6.3170344e-05,0.0,s_ma,c_ms,c_ms,interleaved
8,3.0359743e-06,0.0,s_ma,c_ms,c_ma,interleaved
8,3.4579505e-05,0.0,s_ma,c_ms,c_ma,interleaved
8,4.8052757e-06,0.0,s_ma,c_ms,c_ms,interleaved
8,4.5577826e-06,0.0,s_ma,c_ms,c_ma,interleaved
8,0.3751748,0.0,s_ms,c_ma,c_ma,interleaved
8,0.35587764,0.0,s_ms,c_ma,c_ms,interleaved
8,0.39132017,0.0,s_ms,c_ma,c_ms,interleaved
8,0.5695499,1.0,s_ms,c_ma,c_ma,interleaved
8,0.380113,0.0,s_ms,c_ma,c_ma,interleaved
8,0.0001705653,0.0,s_ma,c_ma,c_ms,interleaved
8,4.464598e-05,0.0,s_ma,c_ma,c_ma,interleaved
8,3.0134548e-05,0.0,s_ma,c_ma,c_ms,interleaved
8,6.2599494e-05,0.0,s_ma,c_ma,c_ms,interleaved
8,0.36236733,0.0,s_ms,c_ms,c_ms,interleaved
8,0.4272875,0.0,s_ms,c_ms,c_ma,interleaved
8,0.4485968,0.0,s_ms,c_ms,c_ms,interleaved
8,0.56407714,1.0,s_ms,c_ms,c_ma,interleaved
8,0.2220788,0.0,s_ms,c_ms,c_ma,interleaved
8,6.553102e-05,0.0,s_ma,c_ms,c_ma,interleaved
8,8.649431e-06,0.0,s_ma,c_ms,c_ms,interleaved
8,4.28921e-05,0.0,s_ma,c_ms,c_ms,interleaved
8,4.4294928e-05,0.0,s_ma,c_ms,c_ma,interleaved
8,2.3843731e-05,0.0,s_ma,c_ms,c_ms,interleaved
8,0.42650053,0.0,s_ms,c_ma,c_ms,interleaved
8,0.53586686,1.0,s_ms,c_ma,c_ma,interleaved
8,0.5290637,1.0,s_ms,c_ma,c_ma,interleaved
8,0.55100083,1.0,s_ms,c_ma,c_ms,interleaved
8,0.5168437,1.0,s_ms,c_ma,c_ms,interleaved
8,2.0383104e-05,0.0,s_ma,c_ma,c_ma,interleaved
8,4.9802264e-05,0.0,s_ma,c_ma,c_ms,interleaved
8,1.730779e-05,0.0,s_ma,c_ma,c_ma,interleaved
8,6.230175e-05,0.0,s_ma,c_ma,c_ms,interleaved
8,5.35418e-05,0.0,s_ma,c_ma,c_ms,random
8,0.0012083793,0.0,s_ma,c_ma,c_ma,random
8,0.00018771882,0.0,s_ma,c_ma,c_ms,random
8,0.0015177869,0.0,s_ma,c_ma,c_ms,random
8,0.405061,0.0,s_ms,c_ma,c_ms,random
8,0.46061397,0.0,s_ms,c_ma,c_ma,random
8,0.28111708,0.0,s_ms,c_ma,c_ma,random
8,0.24452241,0.0,s_ms,c_ma,c_ms,random
8,0.37219557,0.0,s_ms,c_ma,c_ma,random
8,0.00027386248,0.0,s_ma,c_ms,c_ma,random
8,1.3361863e-05,0.0,s_ma,c_ms,c_ms,random
8,0.00020240594,0.0,s_ma,c_ms,c_ms,random
8,0.0003303616,0.0,s_ma,c_ms,c_ma,random
8,0.00014930136,0.0,s_ma,c_ms,c_ma,random
8,0.70971805,1.0,s_ms,c_ms,c_ms,random
8,0.42395476,0.0,s_ms,c_ms,c_ma,random
8,0.46313947,0.0,s_ms,c_ms,c_ms,random
8,0.6030231,1.0,s_ms,c_ms,c_ma,random
8,0.49356064,0.0,s_ms,c_ms,c_ms,random
8,4.935555e-05,0.0,s_ma,c_ma,c_ms,random
8,0.0003292525,0.0,s_ma,c_ma,c_ms,random
8,7.3331557e-06,0.0,s_ma,c_ma,c_ma,random
8,2.284019e-06,0.0,s_ma,c_ma,c_ma,random
8,0.40591788,0.0,s_ms,c_ma,c_ma,random
8,0.43360466,0.0,s_ms,c_ma,c_ms,random
8,0.3465081,0.0,s_ms,c_ma,c_ms,random
8,0.30093265,0.0,s_ms,c_ma,c_ma,random
8,0.26576203,0.0,s_ms,c_ma,c_ms,random
8,9.472881e-06,0.0,s_ma,c_ms,c_ms,random
8,0.00010156543,0.0,s_ma,c_ms,c_ma,random
8,0.00025574293,0.0,s_ma,c_ms,c_ma,random
8,3.0986175e-06,0.0,s_ma,c_ms,c_ms,random
8,2.3398003e-05,0.0,s_ma,c_ms,c_ms,random
8,0.51403475,1.0,s_ms,c_ms,c_ma,random
8,0.49915972,0.0,s_ms,c_ms,c_ms,random
8,0.3902821,0.0,s_ms,c_ms,c_ma,random
8,0.6101695,1.0,s_ms,c_ms,c_ms,random
8,0.4594112,0.0,s_ms,c_ms,c_ma,random
8,0.0012216337,0.0,s_ma,c_ma,c_ma,random
8,0.00040996575,0.0,s_ma,c_ma,c_ms,random
8,0.0003023994,0.0,s_ma,c_ma,c_ms,random
8,0.0003716062,0.0,s_ma,c_ma,c_ms,random
8,0.36669695,0.0,s_ms,c_ma,c_ms,random
8,0.42469028,0.0,s_ms,c_ma,c_ma,random
8,0.4102315,0.0,s_ms,c_ma,c_ma,random
8,0.2664788,0.0,s_ms,c_ma,c_ms,random
8,0.37100285,0.0,s_ms,c_ma,c_ma,random
8,0.00010917689,0.0,s_ma,c_ms,c_ma,random
8,0.00027947573,0.0,s_ma,c_ms,c_ms,random
8,0.0034444463,0.0,s_ma,c_ms,c_ms,random
8,0.00026887067,0.0,s_ma,c_ms,c_ma,random
8,0.00023163973,0.0,s_ma,c_ms,c_ma,random
8,0.5097493,1.0,s_ms,c_ms,c_ms,random
8,0.45775613,0.0,s_ms,c_ms,c_ma,random
8,0.6529746,1.0,s_ms,c_ms,c_ms,random
8,0.53287446,1.0,s_ms,c_ms,c_ma,random
8,0.4829266,0.0,s_ms,c_ms,c_ms,random
8,0.00017493019,0.0,s_ma,c_ma,c_ms,random
8,8.762188e-06,0.0,s_ma,c_ma,c_ma,random
8,0.00026822835,0.0,s_ma,c_ma,c_ms,random
8,1.995779e-05,0.0,s_ma,c_ma,c_ma,random
8,0.40101123,0.0,s_ms,c_ma,c_ma,random
8,0.6181573,1.0,s_ms,c_ma,c_ms,random
8,0.3663249,0.0,s_ms,c_ma,c_ms,random
8,0.45345068,0.0,s_ms,c_ma,c_ma,random
8,0.49041295,0.0,s_ms,c_ma,c_ms,random
8,7.168077e-05,0.0,s_ma,c_ms,c_ms,random
8,1.3868124e-05,0.0,s_ma,c_ms,c_ma,random
8,0.000110446075,0.0,s_ma,c_ms,c_ma,random
8,0.000117927804,0.0,s_ma,c_ms,c_ms,random
8,0.0004906229,0.0,s_ma,c_ms,c_ms,random
8,0.2893623,0.0,s_ms,c_ms,c_ma,random
8,0.36488158,0.0,s_ms,c_ms,c_ms,random
8,0.47562945,0.0,s_ms,c_ms,c_ma,random
8,0.4199649,0.0,s_ms,c_ms,c_ms,random
8,0.35703582,0.0,s_ms,c_ms,c_ma,random
8,0.0016190438,0.0,s_ma,c_ma,c_ms,random
8,2.625815e-06,0.0,s_ma,c_ma,c_ma,random
8,0.00031551236,0.0,s_ma,c_ma,c_ms,random
8,2.0150374e-05,0.0,s_ma,c_ma,c_ma,random
8,0.4369463,0.0,s_ms,c_ma,c_ma,random
8,0.5446841,1.0,s_ms,c_ma,c_ms,random
8,0.32450345,0.0,s_ms,c_ma,c_ms,random
8,0.3340451,0.0,s_ms,c_ma,c_ma,random
8,0.4631798,0.0,s_ms,c_ma,c_ms,random
8,0.00019549982,0.0,s_ma,c_ms,c_ms,random
8,4.1600084e-05,0.0,s_ma,c_ms,c_ma,random
8,0.00029918802,0.0,s_ma,c_ms,c_ma,random
8,0.0004855916,0.0,s_ma,c_ms,c_ms,random
8,6.302702e-05,0.0,s_ma,c_ms,c_ms,random
8,0.7000736,1.0,s_ms,c_ms,c_ma,random
8,0.5624391,1.0,s_ms,c_ms,c_ms,random
8,0.43084034,0.0,s_ms,c_ms,c_ma,random
8,0.5948026,1.0,s_ms,c_ms,c_ms,random
8,0.68096006,1.0,s_ms,c_ms,c_ma,random
8,0.47195423,0.0,s_ms,c_ma,c_ms,random
8,0.48900223,0.0,s_ms,c_ma,c_ma,random
8,0.54142576,1.0,s_ms,c_ma,c_ms,random
8,0.48097494,0.0,s_ms,c_ma,c_ma,random
8,0.45095485,0.0,s_ms,c_ma,c_ma,random
8,0.00045634276,0.0,s_ma,c_ma,c_ms,random
8,0.0023129545,0.0,s_ma,c_ma,c_ms,random
8,0.0025184068,0.0,s_ma,c_ma,c_ma,random
8,0.0017942663,0.0,s_ma,c_ma,c_ms,random
8,0.26034892,0.0,s_ms,c_ms,c_ms,random
8,0.3198571,0.0,s_ms,c_ms,c_ma,random
8,0.53582036,1.0,s_ms,c_ms,c_ma,random
8,0.33410984,0.0,s_ms,c_ms,c_ms,random
8,0.21108031,0.0,s_ms,c_ms,c_ms,random
8,5.9192484e-05,0.0,s_ma,c_ms,c_ma,random
8,0.00014278946,0.0,s_ma,c_ms,c_ms,random
8,0.00028738403,0.0,s_ma,c_ms,c_ma,random
8,6.61949e-05,0.0,s_ma,c_ms,c_ms,random
8,6.20585e-05,0.0,s_ma,c_ms,c_ma,random
8,0.4481867,0.0,s_ms,c_ma,c_ma,random
8,0.4774001,0.0,s_ms,c_ma,c_ms,random
8,0.5263665,1.0,s_ms,c_ma,c_ma,random
8,0.27253368,0.0,s_ms,c_ma,c_ms,random
8,0.3499213,0.0,s_ms,c_ma,c_ms,random
8,0.0003964285,0.0,s_ma,c_ma,c_ms,random
8,1.2149357e-05,0.0,s_ma,c_ma,c_ma,random
8,0.00020376625,0.0,s_ma,c_ma,c_ms,random
8,0.0004907248,0.0,s_ma,c_ma,c_ma,random
8,0.28721294,0.0,s_ms,c_ms,c_ma,random
8,0.3719197,0.0,s_ms,c_ms,c_ms,random
8,0.35191214,0.0,s_ms,c_ms,c_ms,random
8,0.2508349,0.0,s_ms,c_ms,c_ma,random
8,0.2563303,0.0,s_ms,c_ms,c_ma,random
8,3.3064414e-05,0.0,s_ma,c_ms,c_ms,random
8,1.2604663e-05,0.0,s_ma,c_ms,c_ma,random
8,1.1607577e-06,0.0,s_ma,c_ms,c_ms,random
8,2.4003941e-06,0.0,s_ma,c_ms,c_ma,random
8,7.6106867e-06,0.0,s_ma,c_ms,c_ms,random
8,0.60332125,1.0,s_ms,c_ma,c_ma,random
8,0.531505,1.0,s_ms,c_ma,c_ms,random
8,0.4656167,0.0,s_ms,c_ma,c_ma,random
8,0.47948816,0.0,s_ms,c_ma,c_ms,random
8,0.56171954,1.0,s_ms,c_ma,c_ms,random
8,0.0022443188,0.0,s_ma,c_ma,c_ms,random
8,1.2986706e-05,0.0,s_ma,c_ma,c_ma,random
8,2.5633044e-05,0.0,s_ma,c_ma,c_ms,random
8,0.00013232077,0.0,s_ma,c_ma,c_ma,random
8,0.44739404,0.0,s_ms,c_ms,c_ma,random
8,0.44866627,0.0,s_ms,c_ms,c_ms,random
8,0.3351162,0.0,s_ms,c_ms,c_ms,random
8,0.5829491,1.0,s_ms,c_ms,c_ma,random
8,0.49731964,0.0,s_ms,c_ms,c_ma,random
8,8.2261504e-05,0.0,s_ma,c_ms,c_ms,random
8,7.8877594e-05,0.0,s_ma,c_ms,c_ma,random
8,0.0001577754,0.0,s_ma,c_ms,c_ms,random
8,3.0866137e-05,0.0,s_ma,c_ms,c_ma,random
8,3.8178445e-05,0.0,s_ma,c_ms,c_ms,random
8,0.6623152,1.0,s_ms,c_ma,c_ms,random
8,0.55525064,1.0,s_ms,c_ma,c_ma,random
8,0.6290573,1.0,s_ms,c_ma,c_ms,random
8,0.46978772,0.0,s_ms,c_ma,c_ma,random
8,0.54017556,1.0,s_ms,c_ma,c_ma,random
8,0.0024065503,0.0,s_ma,c_ma,c_ma,random
8,0.00024201687,0.0,s_ma,c_ma,c_ms,random
8,3.0754254e-05,0.0,s_ma,c_ma,c_ms,random
8,0.0010218389,0.0,s_ma,c_ma,c_ms,random
8,0.27690402,0.0,s_ms,c_ms,c_ms,random
8,0.34882602,0.0,s_ms,c_ms,c_ma,random
8,0.32015178,0.0,s_ms,c_ms,c_ma,random
8,0.3413027,0.0,s_ms,c_ms,c_ms,random
8,0.26530147,0.0,s_ms,c_ms,c_ms,random
8,3.9390314e-05,0.0,s_ma,c_ms,c_ma,random
8,0.000507591,0.0,s_ma,c_ms,c_ms,random
8,3.1029445e-05,0.0,s_ma,c_ms,c_ma,random
8,5.9184626e-06,0.0,s_ma,c_ms,c_ms,random
8,5.024983e-05,0.0,s_ma,c_ms,c_ma,random
8,0.5203289,1.0,s_ms,c_ma,c_ma,random
8,0.617152,1.0,s_ms,c_ma,c_ms,random
8,0.51577634,1.0,s_ms,c_ma,c_ma,random
8,0.435309,0.0,s_ms,c_ma,c_ms,random
8,0.4214539,0.0,s_ms,c_ma,c_ms,random
8,0.0016034591,0.0,s_ma,c_ma,c_ms,random
8,0.0006221542,0.0,s_ma,c_ma,c_ma,random
8,0.00015323427,0.0,s_ma,c_ma,c_ma,random
8,0.0011218853,0.0,s_ma,c_ma,c_ms,random
8,0.30904666,0.0,s_ms,c_ms,c_ma,random
8,0.37447947,0.0,s_ms,c_ms,c_ms,random
8,0.33483225,0.0,s_ms,c_ms,c_ms,random
8,0.40062904,0.0,s_ms,c_ms,c_ma,random
8,0.36449128,0.0,s_ms,c_ms,c_ma,random
8,9.315321e-05,0.0,s_ma,c_ms,c_ms,random
8,2.7440103e-05,0.0,s_ma,c_ms,c_ma,random
8,1.3582277e-05,0.0,s_ma,c_ms,c_ms,random
8,4.5799093e-06,0.0,s_ma,c_ms,c_ma,random
8,2.4517458e-05,0.0,s_ma,c_ms,c_ms,random
8,0.00028002722,0.0,s_ma,c_ms,c_ma,random
8,1.0844695e-05,0.0,s_ma,c_ms,c_ms,random
8,0.00010155987,0.0,s_ma,c_ms,c_ma,random
8,7.51015e-05,0.0,s_ma,c_ms,c_ms,random
8,0.00019616936,0.0,s_ma,c_ms,c_ms,random
8,0.62346727,1.0,s_ms,c_ms,c_ms,random
8,0.6058057,1.0,s_ms,c_ms,c_ma,random
8,0.40679646,0.0,s_ms,c_ms,c_ma,random
8,0.58065253,1.0,s_ms,c_ms,c_ms,random
8,0.55836225,1.0,s_ms,c_ms,c_ma,random
8,0.00014631893,0.0,s_ma,c_ma,c_ms,random
8,4.593961e-05,0.0,s_ma,c_ma,c_ms,random
8,0.0005366852,0.0,s_ma,c_ma,c_ma,random
8,0.00021308332,0.0,s_ma,c_ma,c_ma,random
8,0.51569605,1.0,s_ms,c_ma,c_ms,random
8,0.46294126,0.0,s_ms,c_ma,c_ma,random
8,0.5087565,1.0,s_ms,c_ma,c_ms,random
8,0.5425923,1.0,s_ms,c_ma,c_ma,random
8,0.46393964,0.0,s_ms,c_ma,c_ms,random
8,1.2847035e-05,0.0,s_ma,c_ms,c_ms,random
8,0.000116803276,0.0,s_ma,c_ms,c_ma,random
8,0.00027438352,0.0,s_ma,c_ms,c_ms,random
8,1.3261879e-05,0.0,s_ma,c_ms,c_ma,random
8,4.041345e-05,0.0,s_ma,c_ms,c_ma,random
8,0.58066666,1.0,s_ms,c_ms,c_ma,random
8,0.5003669,1.0,s_ms,c_ms,c_ms,random
8,0.44118154,0.0,s_ms,c_ms,c_ms,random
8,0.49556693,0.0,s_ms,c_ms,c_ma,random
8,0.44764236,0.0,s_ms,c_ms,c_ms,random
8,0.00016582108,0.0,s_ma,c_ma,c_ms,random
8,0.00013396527,0.0,s_ma,c_ma,c_ma,random
8,0.00016018761,0.0,s_ma,c_ma,c_ms,random
8,0.00011893091,0.0,s_ma,c_ma,c_ms,random
8,0.38755274,0.0,s_ms,c_ma,c_ma,random
8,0.36566532,0.0,s_ms,c_ma,c_ms,random
8,0.4967042,0.0,s_ms,c_ma,c_ma,random
8,0.5667625,1.0,s_ms,c_ma,c_ms,random
8,0.37860563,0.0,s_ms,c_ma,c_ma,random
8,0.00018056174,0.0,s_ma,c_ms,c_ms,random
8,0.00030338086,0.0,s_ma,c_ms,c_ma,random
8,0.0029272353,0.0,s_ma,c_ms,c_ms,random
8,0.00011249676,0.0,s_ma,c_ms,c_ma,random
8,0.0002783829,0.0,s_ma,c_ms,c_ma,random
8,0.3561167,0.0,s_ms,c_ms,c_ma,random
8,0.5629744,1.0,s_ms,c_ms,c_ms,random
8,0.50997216,1.0,s_ms,c_ms,c_ms,random
8,0.54334843,1.0,s_ms,c_ms,c_ma,random
8,0.5383298,1.0,s_ms,c_ms,c_ms,random
8,4.962369e-05,0.0,s_ma,c_ma,c_ms,random
8,0.00013491043,0.0,s_ma,c_ma,c_ma,random
8,0.00010715446,0.0,s_ma,c_ma,c_ms,random
8,0.00020145095,0.0,s_ma,c_ma,c_ms,random
8,0.5024457,1.0,s_ms,c_ma,c_ma,random
8,0.23159643,0.0,s_ms,c_ma,c_ms,random
8,0.4926375,0.0,s_ms,c_ma,c_ma,random
8,0.46772945,0.0,s_ms,c_ma,c_ms,random
8,0.37353492,0.0,s_ms,c_ma,c_ma,random
8,0.00034248043,0.0,s_ma,c_ms,c_ma,random
8,3.2934804e-06,0.0,s_ma,c_ms,c_ms,random
8,0.00023135258,0.0,s_ma,c_ms,c_ma,random
8,0.00011873233,0.0,s_ma,c_ms,c_ms,random
8,0.00051894196,0.0,s_ma,c_ms,c_ms,random
8,0.5117899,1.0,s_ms,c_ms,c_ms,random
8,0.6284665,1.0,s_ms,c_ms,c_ma,random
8,0.26338333,0.0,s_ms,c_ms,c_ma,random
8,0.4991837,0.0,s_ms,c_ms,c_ms,random
8,0.47175783,0.0,s_ms,c_ms,c_ma,random
8,0.00056206377,0.0,s_ma,c_ma,c_ma,random
8,0.0001500714,0.0,s_ma,c_ma,c_ms,random
8,0.000104477534,0.0,s_ma,c_ma,c_ms,random
8,0.0002613091,0.0,s_ma,c_ma,c_ma,random
8,0.4544668,0.0,s_ms,c_ma,c_ms,random
8,0.23193066,0.0,s_ms,c_ma,c_ma,random
8,0.34707308,0.0,s_ms,c_ma,c_ms,random
8,0.34593478,0.0,s_ms,c_ma,c_ma,random
8,0.35115597,0.0,s_ms,c_ma,c_ms,random
8,0.00014875788,0.0,s_ma,c_ms,c_ma,random
8,2.4593728e-05,0.0,s_ma,c_ms,c_ms,random
8,0.00021934937,0.0,s_ma,c_ms,c_ma,random
8,0.00051142776,0.0,s_ma,c_ms,c_ms,random
8,6.641903e-05,0.0,s_ma,c_ms,c_ms,random
8,0.66944057,1.0,s_ms,c_ms,c_ms,random
8,0.64487183,1.0,s_ms,c_ms,c_ma,random
8,0.36678916,0.0,s_ms,c_ms,c_ma,random
8,0.6066488,1.0,s_ms,c_ms,c_ms,random
8,0.51586366,1.0,s_ms,c_ms,c_ma,random
8,0.00022655033,0.0,s_ma,c_ma,c_ma,random
8,0.00012402757,0.0,s_ma,c_ma,c_ms,random
8,0.0002020975,0.0,s_ma,c_ma,c_ms,random
8,0.00027110678,0.0,s_ma,c_ma,c_ma,random
8,0.44126934,0.0,s_ms,c_ma,c_ms,random
8,0.31516266,0.0,s_ms,c_ma,c_ma,random
8,0.41940206,0.0,s_ms,c_ma,c_ms,random
8,0.5197761,1.0,s_ms,c_ma,c_ma,random
8,0.3965824,0.0,s_ms,c_ma,c_ms,random
8,0.21204418,0.0,s_ms,c_ms,c_ms,random
8,0.38392395,0.0,s_ms,c_ms,c_ma,random
8,0.4125386,0.0,s_ms,c_ms,c_ms,random
8,0.62180406,1.0,s_ms,c_ms,c_ma,random
8,0.21786696,0.0,s_ms,c_ms,c_ma,random
8,6.204726e-05,0.0,s_ma,c_ms,c_ma,random
8,3.9949115e-05,0.0,s_ma,c_ms,c_ms,random
8,9.3442504e-05,0.0,s_ma,c_ms,c_ms,random
8,3.294879e-05,0.0,s_ma,c_ms,c_ma,random
8,0.000117472984,0.0,s_ma,c_ms,c_ms,random
8,0.38505256,0.0,s_ms,c_ma,c_ms,random
8,0.5040166,1.0,s_ms,c_ma,c_ma,random
8,0.42287123,0.0,s_ms,c_ma,c_ma,random
8,0.44642285,0.0,s_ms,c_ma,c_ms,random
8,0.46047956,0.0,s_ms,c_ma,c_ms,random
8,9.6501e-05,0.0,s_ma,c_ma,c_ms,random
8,0.0001316487,0.0,s_ma,c_ma,c_ma,random
8,0.00018960384,0.0,s_ma,c_ma,c_ms,random
8,2.2517312e-05,0.0,s_ma,c_ma,c_ma,random
8,0.46497583,0.0,s_ms,c_ms,c_ma,random
8,0.3826881,0.0,s_ms,c_ms,c_ms,random
8,0.48382002,0.0,s_ms,c_ms,c_ma,random
8,0.5520339,1.0,s_ms,c_ms,c_ms,random
8,0.3519743,0.0,s_ms,c_ms,c_ms,random
8,0.000137705,0.0,s_ma,c_ms,c_ms,random
8,1.2101596e-05,0.0,s_ma,c_ms,c_ma,random
8,9.496313e-05,0.0,s_ma,c_ms,c_ma,random
8,0.0004998158,0.0,s_ma,c_ms,c_ms,random
8,2.5661022e-05,0.0,s_ma,c_ms,c_ma,random
8,0.44937167,0.0,s_ms,c_ma,c_ma,random
8,0.5804245,1.0,s_ms,c_ma,c_ms,random
8,0.7003782,1.0,s_ms,c_ma,c_ms,random
8,0.694965,1.0,s_ms,c_ma,c_ma,random
8,0.59968114,1.0,s_ms,c_ma,c_ma,random
8,8.679029e-05,0.0,s_ma,c_ma,c_ms,random
8,5.6149474e-05,0.0,s_ma,c_ma,c_ms,random
8,4.5521097e-05,0.0,s_ma,c_ma,c_ma,random
8,5.0443745e-05,0.0,s_ma,c_ma,c_ms,random
8,0.403939,0.0,s_ms,c_ms,c_ms,random
8,0.49013367,0.0,s_ms,c_ms,c_ma,random
8,0.27187508,0.0,s_ms,c_ms,c_ms,random
8,0.40067276,0.0,s_ms,c_ms,c_ma,random
8,0.42183268,0.0,s_ms,c_ms,c_ma,random
8,0.00025159624,0.0,s_ma,c_ms,c_ma,random
8,1.3166261e-06,0.0,s_ma,c_ms,c_ms,random
8,0.00021415924,0.0,s_ma,c_ms,c_ms,random
8,2.7596352e-05,0.0,s_ma,c_ms,c_ma,random
8,1.4595497e-05,0.0,s_ma,c_ms,c_ms,random
8,0.38378352,0.0,s_ms,c_ma,c_ms,random
8,0.44359368,0.0,s_ms,c_ma,c_ma,random
8,0.41087127,0.0,s_ms,c_ma,c_ma,random
8,0.52363396,1.0,s_ms,c_ma,c_ms,random
8,0.46096373,0.0,s_ms,c_ma,c_ms,random
8,0.000119536,0.0,s_ma,c_ma,c_ma,random
8,5.1489176e-05,0.0,s_ma,c_ma,c_ms,random
8,3.072152e-05,0.0,s_ma,c_ma,c_ms,random
8,1.8229026e-05,0.0,s_ma,c_ma,c_ma,random
8,0.30839428,0.0,s_ms,c_ms,c_ma,random
8,0.28670895,0.0,s_ms,c_ms,c_ms,random
8,0.3864295,0.0,s_ms,c_ms,c_ma,random
8,0.48054177,0.0,s_ms,c_ms,c_ms,random
8,0.3304827,0.0,s_ms,c_ms,c_ms,random
8,6.3170344e-05,0.0,s_ma,c_ms,c_ms,random
8,3.0359743e-06,0.0,s_ma,c_ms,c_ma,random
8,3.4579505e-05,0.0,s_ma,c_ms,c_ma,random
8,4.8052757e-06,0.0,s_ma,c_ms,c_ms,random
8,4.5577826e-06,0.0,s_ma,c_ms,c_ma,random
8,0.3751748,0.0,s_ms,c_ma,c_ma,random
8,0.35587764,0.0,s_ms,c_ma,c_ms,random
8,0.39132017,0.0,s_ms,c_ma,c_ms,random
8,0.5695499,1.0,s_ms,c_ma,c_ma,random
8,0.380113,0.0,s_ms,c_ma,c_ma,random
8,0.0001705653,0.0,s_ma,c_ma,c_ms,random
8,4.464598e-05,0.0,s_ma,c_ma,c_ma,random
8,3.0134548e-05,0.0,s_ma,c_ma,c_ms,random
8,6.2599494e-05,0.0,s_ma,c_ma,c_ms,random
8,0.36236733,0.0,s_ms,c_ms,c_ms,random
8,0.4272875,0.0,s_ms,c_ms,c_ma,random
8,0.4485968,0.0,s_ms,c_ms,c_ms,random
8,0.56407714,1.0,s_ms,c_ms,c_ma,random
8,0.2220788,0.0,s_ms,c_ms,c_ma,random
8,6.553102e-05,0.0,s_ma,c_ms,c_ma,random
8,8.649431e-06,0.0,s_ma,c_ms,c_ms,random
8,4.28921e-05,0.0,s_ma,c_ms,c_ms,random
8,4.4294928e-05,0.0,s_ma,c_ms,c_ma,random
8,2.3843731e-05,0.0,s_ma,c_ms,c_ms,random
8,0.42650053,0.0,s_ms,c_ma,c_ms,random
8,0.53586686,1.0,s_ms,c_ma,c_ma,random
8,0.5290637,1.0,s_ms,c_ma,c_ma,random
8,0.55100083,1.0,s_ms,c_ma,c_ms,random
8,0.5168437,1.0,s_ms,c_ma,c_ms,random
8,2.0383104e-05,0.0,s_ma,c_ma,c_ma,random
8,4.9802264e-05,0.0,s_ma,c_ma,c_ms,random
8,1.730779e-05,0.0,s_ma,c_ma,c_ma,random
8,6.230175e-05,0.0,s_ma,c_ma,c_ms,random
9,8.557923e-06,0.0,s_ma,c_ma,c_ms,blocked
9,0.00016462184,0.0,s_ma,c_ma,c_ma,blocked
9,0.00040088187,0.0,s_ma,c_ma,c_ms,blocked
9,0.00043270687,0.0,s_ma,c_ma,c_ms,blocked
9,0.79944813,1.0,s_ms,c_ma,c_ms,blocked
9,0.78300405,1.0,s_ms,c_ma,c_ma,blocked
9,0.69373214,1.0,s_ms,c_ma,c_ma,blocked
9,0.6115451,1.0,s_ms,c_ma,c_ms,blocked
9,0.5750109,1.0,s_ms,c_ma,c_ma,blocked
9,4.8801143e-05,0.0,s_ma,c_ms,c_ma,blocked
9,0.00036237377,0.0,s_ma,c_ms,c_ms,blocked
9,0.00012187053,0.0,s_ma,c_ms,c_ms,blocked
9,0.00016078867,0.0,s_ma,c_ms,c_ma,blocked
9,0.0003522272,0.0,s_ma,c_ms,c_ma,blocked
9,0.34496605,0.0,s_ms,c_ms,c_ms,blocked
9,0.29031217,0.0,s_ms,c_ms,c_ma,blocked
9,0.24073078,0.0,s_ms,c_ms,c_ms,blocked
9,0.14734784,0.0,s_ms,c_ms,c_ma,blocked
9,0.27843505,0.0,s_ms,c_ms,c_ms,blocked
9,7.938867e-06,0.0,s_ma,c_ma,c_ms,blocked
9,3.6401158e-05,0.0,s_ma,c_ma,c_ms,blocked
9,9.88134e-05,0.0,s_ma,c_ma,c_ma,blocked
9,2.6540649e-05,0.0,s_ma,c_ma,c_ma,blocked
9,0.8031594,1.0,s_ms,c_ma,c_ma,blocked
9,0.7714747,1.0,s_ms,c_ma,c_ms,blocked
9,0.690453,1.0,s_ms,c_ma,c_ms,blocked
9,0.5525824,1.0,s_ms,c_ma,c_ma,blocked
9,0.53913367,1.0,s_ms,c_ma,c_ms,blocked
9,6.42106e-06,0.0,s_ma,c_ms,c_ms,blocked
9,0.0017359602,0.0,s_ma,c_ms,c_ma,blocked
9,0.00012197951,0.0,s_ma,c_ms,c_ma,blocked
9,7.022834e-05,0.0,s_ma,c_ms,c_ms,blocked
9,1.9039442e-05,0.0,s_ma,c_ms,c_ms,blocked
9,0.2709061,0.0,s_ms,c_ms,c_ma,blocked
9,0.24530597,0.0,s_ms,c_ms,c_ms,blocked
9,0.27546173,0.0,s_ms,c_ms,c_ma,blocked
9,0.20038913,0.0,s_ms,c_ms,c_ms,blocked
9,0.17619619,0.0,s_ms,c_ms,c_ma,blocked
9,0.00015315162,0.0,s_ma,c_ma,c_ma,blocked
9,3.8237355e-05,0.0,s_ma,c_ma,c_ms,blocked
9,0.00033176257,0.0,s_ma,c_ma,c_ms,blocked
9,0.00045560478,0.0,s_ma,c_ma,c_ms,blocked
9,0.7021726,1.0,s_ms,c_ma,c_ms,blocked
9,0.7827374,1.0,s_ms,c_ma,c_ma,blocked
9,0.59357405,1.0,s_ms,c_ma,c_ma,blocked
9,0.5647012,1.0,s_ms,c_ma,c_ms,blocked
9,0.5573815,1.0,s_ms,c_ma,c_ma,blocked
9,0.00018775712,0.0,s_ma,c_ms,c_ma,blocked
9,0.0012160785,0.0,s_ma,c_ms,c_ms,blocked
9,0.0019059145,0.0,s_ma,c_ms,c_ms,blocked
9,0.0006683058,0.0,s_ma,c_ms,c_ma,blocked
9,0.00037088542,0.0,s_ma,c_ms,c_ma,blocked
9,0.34109664,0.0,s_ms,c_ms,c_ms,blocked
9,0.36900663,0.0,s_ms,c_ms,c_ma,blocked
9,0.30108458,0.0,s_ms,c_ms,c_ms,blocked
9,0.24622856,0.0,s_ms,c_ms,c_ma,blocked
9,0.20808461,0.0,s_ms,c_ms,c_ms,blocked
9,0.00038754355,0.0,s_ma,c_ma,c_ms,blocked
9,9.733558e-05,0.0,s_ma,c_ma,c_ma,blocked
9,0.00032928542,0.0,s_ma,c_ma,c_ms,blocked
9,0.0014364889,0.0,s_ma,c_ma,c_ma,blocked
9,0.6852851,1.0,s_ms,c_ma,c_ma,blocked
9,0.59093237,1.0,s_ms,c_ma,c_ms,blocked
9,0.5921608,1.0,s_ms,c_ma,c_ms,blocked
9,0.45650053,0.0,s_ms,c_ma,c_ma,blocked
9,0.49671286,0.0,s_ms,c_ma,c_ms,blocked
9,0.00016925567,0.0,s_ma,c_ms,c_ms,blocked
9,0.00021824708,0.0,s_ma,c_ms,c_ma,blocked
9,0.000108980785,0.0,s_ma,c_ms,c_ma,blocked
9,0.000117625386,0.0,s_ma,c_ms,c_ms,blocked
9,8.0811005e-05,0.0,s_ma,c_ms,c_ms,blocked
9,0.21592902,0.0,s_ms,c_ms,c_ma,blocked
9,0.2251933,0.0,s_ms,c_ms,c_ms,blocked
9,0.27675712,0.0,s_ms,c_ms,c_ma,blocked
9,0.16990688,0.0,s_ms,c_ms,c_ms,blocked
9,0.22395575,0.0,s_ms,c_ms,c_ma,blocked
9,0.0004228642,0.0,s_ma,c_ma,c_ms,blocked
9,2.8664588e-05,0.0,s_ma,c_ma,c_ma,blocked
9,0.00048731963,0.0,s_ma,c_ma,c_ms,blocked
9,0.0013496018,0.0,s_ma,c_ma,c_ma,blocked
9,0.8309442,1.0,s_ms,c_ma,c_ma,blocked
9,0.7910464,1.0,s_ms,c_ma,c_ms,blocked
9,0.7300534,1.0,s_ms,c_ma,c_ms,blocked
9,0.6797551,1.0,s_ms,c_ma,c_ma,blocked
9,0.6235947,1.0,s_ms,c_ma,c_ms,blocked
9,7.0836824e-05,0.0,s_ma,c_ms,c_ms,blocked
9,0.00079548557,0.0,s_ma,c_ms,c_ma,blocked
9,8.878121e-05,0.0,s_ma,c_ms,c_ma,blocked
9,0.000944878,0.0,s_ma,c_ms,c_ms,blocked
9,0.0005071555,0.0,s_ma,c_ms,c_ms,blocked
9,0.26541126,0.0,s_ms,c_ms,c_ma,blocked
9,0.33044514,0.0,s_ms,c_ms,c_ms,blocked
9,0.28804213,0.0,s_ms,c_ms,c_ma,blocked
9,0.2338359,0.0,s_ms,c_ms,c_ms,blocked
9,0.24229798,0.0,s_ms,c_ms,c_ma,blocked
9,0.1458599,0.0,s_ms,c_ma,c_ms,blocked
9,0.13199866,0.0,s_ms,c_ma,c_ma,blocked
9,0.22203039,0.0,s_ms,c_ma,c_ms,blocked
9,0.21626031,0.0,s_ms,c_ma,c_ma,blocked
9,0.11771636,0.0,s_ms,c_ma,c_ma,blocked
9,0.00012071878,0.0,s_ma,c_ma,c_ms,blocked
9,9.3473915e-05,0.0,s_ma,c_ma,c_ms,blocked
9,3.289018e-05,0.0,s_ma,c_ma,c_ma,blocked
9,6.2877574e-05,0.0,s_ma,c_ma,c_ms,blocked
9,0.06047518,0.0,s_ms,c_ms,c_ms,blocked
9,0.0136991795,0.0,s_ms,c_ms,c_ma,blocked
9,0.05374735,0.0,s_ms,c_ms,c_ma,blocked
9,0.06613955,0.0,s_ms,c_ms,c_ms,blocked
9,0.07353692,0.0,s_ms,c_ms,c_ms,blocked
9,1.0579393e-05,0.0,s_ma,c_ms,c_ma,blocked
9,3.2857675e-05,0.0,s_ma,c_ms,c_ms,blocked
9,0.00012709014,0.0,s_ma,c_ms,c_ma,blocked
9,0.00015274523,0.0,s_ma,c_ms,c_ms,blocked
9,1.2321354e-05,0.0,s_ma,c_ms,c_ma,blocked
9,0.14820187,0.0,s_ms,c_ma,c_ma,blocked
9,0.14916277,0.0,s_ms,c_ma,c_ms,blocked
9,0.15651686,0.0,s_ms,c_ma,c_ma,blocked
9,0.26456964,0.0,s_ms,c_ma,c_ms,blocked
9,0.13650954,0.0,s_ms,c_ma,c_ms,blocked
9,0.00012686252,0.0,s_ma,c_ma,c_ms,blocked
9,2.9393224e-05,0.0,s_ma,c_ma,c_ma,blocked
9,3.7997655e-05,0.0,s_ma,c_ma,c_ms,blocked
9,0.00010316976,0.0,s_ma,c_ma,c_ma,blocked
9,0.039958626,0.0,s_ms,c_ms,c_ma,blocked
9,0.027575029,0.0,s_ms,c_ms,c_ms,blocked
9,0.03307996,0.0,s_ms,c_ms,c_ms,blocked
9,0.037283987,0.0,s_ms,c_ms,c_ma,blocked
9,0.023545228,0.0,s_ms,c_ms,c_ma,blocked
9,7.925954e-06,0.0,s_ma,c_ms,c_ms,blocked
9,1.5101986e-05,0.0,s_ma,c_ms,c_ma,blocked
9,2.9532974e-05,0.0,s_ma,c_ms,c_ms,blocked
9,1.8138828e-05,0.0,s_ma,c_ms,c_ma,blocked
9,1.533956e-05,0.0,s_ma,c_ms,c_ms,blocked
9,0.22588006,0.0,s_ms,c_ma,c_ma,blocked
9,0.23936486,0.0,s_ms,c_ma,c_ms,blocked
9,0.30719942,0.0,s_ms,c_ma,c_ma,blocked
9,0.29518887,0.0,s_ms,c_ma,c_ms,blocked
9,0.1787293,0.0,s_ms,c_ma,c_ms,blocked
9,0.0001098245,0.0,s_ma,c_ma,c_ms,blocked
9,3.827153e-05,0.0,s_ma,c_ma,c_ma,blocked
9,0.00011691933,0.0,s_ma,c_ma,c_ms,blocked
9,9.445031e-05,0.0,s_ma,c_ma,c_ma,blocked
9,0.11841612,0.0,s_ms,c_ms,c_ma,blocked
9,0.056046624,0.0,s_ms,c_ms,c_ms,blocked
9,0.0906903,0.0,s_ms,c_ms,c_ms,blocked
9,0.09925824,0.0,s_ms,c_ms,c_ma,blocked
9,0.056763187,0.0,s_ms,c_ms,c_ma,blocked
9,3.111542e-05,0.0,s_ma,c_ms,c_ms,blocked
9,0.00013986627,0.0,s_ma,c_ms,c_ma,blocked
9,0.00026780277,0.0,s_ma,c_ms,c_ms,blocked
9,0.0009730252,0.0,s_ma,c_ms,c_ma,blocked
9,0.00023401568,0.0,s_ma,c_ms,c_ms,blocked
9,0.3161856,0.0,s_ms,c_ma,c_ms,blocked
9,0.3462582,0.0,s_ms,c_ma,c_ma,blocked
9,0.3353605,0.0,s_ms,c_ma,c_ms,blocked
9,0.44081286,0.0,s_ms,c_ma,c_ma,blocked
9,0.22019531,0.0,s_ms,c_ma,c_ma,blocked
9,3.3836324e-05,0.0,s_ma,c_ma,c_ma,blocked
9,3.9967475e-05,0.0,s_ma,c_ma,c_ms,blocked
9,0.00011479703,0.0,s_ma,c_ma,c_ms,blocked
9,3.120306e-05,0.0,s_ma,c_ma,c_ms,blocked
9,0.121571176,0.0,s_ms,c_ms,c_ms,blocked
9,0.07801214,0.0,s_ms,c_ms,c_ma,blocked
9,0.06701772,0.0,s_ms,c_ms,c_ma,blocked
9,0.1887429,0.0,s_ms,c_ms,c_ms,blocked
9,0.08975007,0.0,s_ms,c_ms,c_ms,blocked
9,4.108179e-05,0.0,s_ma,c_ms,c_ma,blocked
9,0.00012182974,0.0,s_ma,c_ms,c_ms,blocked
9,2.8816143e-05,0.0,s_ma,c_ms,c_ma,blocked
9,6.910603e-05,0.0,s_ma,c_ms,c_ms,blocked
9,0.00018208333,0.0,s_ma,c_ms,c_ma,blocked
9,0.32364815,0.0,s_ms,c_ma,c_ma,blocked
9,0.3294245,0.0,s_ms,c_ma,c_ms,blocked
9,0.3269435,0.0,s_ms,c_ma,c_ma,blocked
9,0.4051924,0.0,s_ms,c_ma,c_ms,blocked
9,0.25131074,0.0,s_ms,c_ma,c_ms,blocked
9,6.186095e-05,0.0,s_ma,c_ma,c_ms,blocked
9,9.429079e-05,0.0,s_ma,c_ma,c_ma,blocked
9,9.4213574e-05,0.0,s_ma,c_ma,c_ma,blocked
9,3.215875e-05,0.0,s_ma,c_ma,c_ms,blocked
9,0.109920375,0.0,s_ms,c_ms,c_ma,blocked
9,0.08203496,0.0,s_ms,c_ms,c_ms,blocked
9,0.1352287,0.0,s_ms,c_ms,c_ms,blocked
9,0.18195991,0.0,s_ms,c_ms,c_ma,blocked
9,0.1349167,0.0,s_ms,c_ms,c_ma,blocked
9,0.00024290253,0.0,s_ma,c_ms,c_ms,blocked
9,0.0001719511,0.0,s_ma,c_ms,c_ma,blocked
9,0.00024023079,0.0,s_ma,c_ms,c_ms,blocked
9,9.7981945e-05,0.0,s_ma,c_ms,c_ma,blocked
9,0.00022527685,0.0,s_ma,c_ms,c_ms,blocked
9,1.8894021e-05,0.0,s_ma,c_ms,c_ma,blocked
9,5.769625e-07,0.0,s_ma,c_ms,c_ms,blocked
9,4.8599053e-05,0.0,s_ma,c_ms,c_ma,blocked
9,2.0710902e-05,0.0,s_ma,c_ms,c_ms,blocked
9,1.0868015e-05,0.0,s_ma,c_ms,c_ms,blocked
9,0.17312263,0.0,s_ms,c_ms,c_ms,blocked
9,0.13194221,0.0,s_ms,c_ms,c_ma,blocked
9,0.30263394,0.0,s_ms,c_ms,c_ma,blocked
9,0.12998371,0.0,s_ms,c_ms,c_ms,blocked
9,0.09918408,0.0,s_ms,c_ms,c_ma,blocked
9,6.643084e-06,0.0,s_ma,c_ma,c_ms,blocked
9,4.9374867e-05,0.0,s_ma,c_ma,c_ms,blocked
9,4.906151e-06,0.0,s_ma,c_ma,c_ma,blocked
9,7.847781e-06,0.0,s_ma,c_ma,c_ma,blocked
9,0.49992678,0.0,s_ms,c_ma,c_ms,blocked
9,0.40856278,0.0,s_ms,c_ma,c_ma,blocked
9,0.41715804,0.0,s_ms,c_ma,c_ms,blocked
9,0.53243315,1.0,s_ms,c_ma,c_ma,blocked
9,0.55721873,1.0,s_ms,c_ma,c_ms,blocked
9,1.9389387e-05,0.0,s_ma,c_ms,c_ms,blocked
9,2.8104523e-05,0.0,s_ma,c_ms,c_ma,blocked
9,3.2064192e-05,0.0,s_ma,c_ms,c_ms,blocked
9,8.2292e-06,0.0,s_ma,c_ms,c_ma,blocked
9,5.0313254e-05,0.0,s_ma,c_ms,c_ma,blocked
9,0.20166089,0.0,s_ms,c_ms,c_ma,blocked
9,0.13915311,0.0,s_ms,c_ms,c_ms,blocked
9,0.16972643,0.0,s_ms,c_ms,c_ms,blocked
9,0.0925691,0.0,s_ms,c_ms,c_ma,blocked
9,0.025628366,0.0,s_ms,c_ms,c_ms,blocked
9,7.4988534e-06,0.0,s_ma,c_ma,c_ms,blocked
9,3.8811086e-05,0.0,s_ma,c_ma,c_ma,blocked
9,0.00014006475,0.0,s_ma,c_ma,c_ms,blocked
9,1.2137596e-05,0.0,s_ma,c_ma,c_ms,blocked
9,0.2897049,0.0,s_ms,c_ma,c_ma,blocked
9,0.3665884,0.0,s_ms,c_ma,c_ms,blocked
9,0.43662214,0.0,s_ms,c_ma,c_ma,blocked
9,0.4860593,0.0,s_ms,c_ma,c_ms,blocked
9,0.36681318,0.0,s_ms,c_ma,c_ma,blocked
9,5.9068494e-05,0.0,s_ma,c_ms,c_ms,blocked
9,2.4032266e-05,0.0,s_ma,c_ms,c_ma,blocked
9,0.00034773396,0.0,s_ma,c_ms,c_ms,blocked
9,8.20451e-06,0.0,s_ma,c_ms,c_ma,blocked
9,3.650057e-05,0.0,s_ma,c_ms,c_ma,blocked
9,0.15187496,0.0,s_ms,c_ms,c_ma,blocked
9,0.12979156,0.0,s_ms,c_ms,c_ms,blocked
9,0.173536,0.0,s_ms,c_ms,c_ms,blocked
9,0.16910598,0.0,s_ms,c_ms,c_ma,blocked
9,0.07415398,0.0,s_ms,c_ms,c_ms,blocked
9,5.438237e-05,0.0,s_ma,c_ma,c_ms,blocked
9,3.6638332e-05,0.0,s_ma,c_ma,c_ma,blocked
9,6.234893e-05,0.0,s_ma,c_ma,c_ms,blocked
9,9.0048634e-05,0.0,s_ma,c_ma,c_ms,blocked
9,0.37350988,0.0,s_ms,c_ma,c_ma,blocked
9,0.3527112,0.0,s_ms,c_ma,c_ms,blocked
9,0.34425393,0.0,s_ms,c_ma,c_ma,blocked
9,0.31998554,0.0,s_ms,c_ma,c_ms,blocked
9,0.29369092,0.0,s_ms,c_ma,c_ma,blocked
9,1.8835446e-05,0.0,s_ma,c_ms,c_ma,blocked
9,4.8648994e-06,0.0,s_ma,c_ms,c_ms,blocked
9,0.00015757568,0.0,s_ma,c_ms,c_ma,blocked
9,1.74651e-05,0.0,s_ma,c_ms,c_ms,blocked
9,6.17311e-05,0.0,s_ma,c_ms,c_ms,blocked
9,0.21497972,0.0,s_ms,c_ms,c_ms,blocked
9,0.13579656,0.0,s_ms,c_ms,c_ma,blocked
9,0.36516652,0.0,s_ms,c_ms,c_ma,blocked
9,0.09475108,0.0,s_ms,c_ms,c_ms,blocked
9,0.038485292,0.0,s_ms,c_ms,c_ma,blocked
9,4.803095e-06,0.0,s_ma,c_ma,c_ma,blocked
9,0.00014412314,0.0,s_ma,c_ma,c_ms,blocked
9,5.6159628e-05,0.0,s_ma,c_ma,c_ms,blocked
9,2.5298204e-05,0.0,s_ma,c_ma,c_ma,blocked
9,0.2977355,0.0,s_ms,c_ma,c_ms,blocked
9,0.27021086,0.0,s_ms,c_ma,c_ma,blocked
9,0.31139883,0.0,s_ms,c_ma,c_ms,blocked
9,0.28680328,0.0,s_ms,c_ma,c_ma,blocked
9,0.3020767,0.0,s_ms,c_ma,c_ms,blocked
9,3.4233897e-05,0.0,s_ma,c_ms,c_ma,blocked
9,1.5748601e-06,0.0,s_ma,c_ms,c_ms,blocked
9,0.00013513633,0.0,s_ma,c_ms,c_ma,blocked
9,6.493503e-06,0.0,s_ma,c_ms,c_ms,blocked
9,0.00028851684,0.0,s_ma,c_ms,c_ms,blocked
9,0.21512014,0.0,s_ms,c_ms,c_ms,blocked
9,0.103337534,0.0,s_ms,c_ms,c_ma,blocked
9,0.3295721,0.0,s_ms,c_ms,c_ma,blocked
9,0.10216009,0.0,s_ms,c_ms,c_ms,blocked
9,0.076397024,0.0,s_ms,c_ms,c_ma,blocked
9,7.937113e-06,0.0,s_ma,c_ma,c_ma,blocked
9,1.1225407e-05,0.0,s_ma,c_ma,c_ms,blocked
9,7.398107e-05,0.0,s_ma,c_ma,c_ms,blocked
9,2.508179e-05,0.0,s_ma,c_ma,c_ma,blocked
9,0.26581666,0.0,s_ms,c_ma,c_ms,blocked
9,0.45625913,0.0,s_ms,c_ma,c_ma,blocked
9,0.37277153,0.0,s_ms,c_ma,c_ms,blocked
9,0.35370588,0.0,s_ms,c_ma,c_ma,blocked
9,0.52519596,1.0,s_ms,c_ma,c_ms,blocked
9,0.25943792,0.0,s_ms,c_ms,c_ms,blocked
9,0.3264205,0.0,s_ms,c_ms,c_ma,blocked
9,0.28755763,0.0,s_ms,c_ms,c_ms,blocked
9,0.2946061,0.0,s_ms,c_ms,c_ma,blocked
9,0.25287026,0.0,s_ms,c_ms,c_ma,blocked
9,4.078319e-05,0.0,s_ma,c_ms,c_ma,blocked
9,0.000258745,0.0,s_ma,c_ms,c_ms,blocked
9,1.1121923e-05,0.0,s_ma,c_ms,c_ms,blocked
9,0.00022846537,0.0,s_ma,c_ms,c_ma,blocked
9,0.00039549728,0.0,s_ma,c_ms,c_ms,blocked
9,0.40819013,0.0,s_ms,c_ma,c_ms,blocked
9,0.57072854,1.0,s_ms,c_ma,c_ma,blocked
9,0.5138182,1.0,s_ms,c_ma,c_ma,blocked
9,0.58660907,1.0,s_ms,c_ma,c_ms,blocked
9,0.62930274,1.0,s_ms,c_ma,c_ms,blocked
9,0.00023783332,0.0,s_ma,c_ma,c_ms,blocked
9,7.797486e-05,0.0,s_ma,c_ma,c_ma,blocked
9,0.000355641,0.0,s_ma,c_ma,c_ms,blocked
9,5.7287354e-05,0.0,s_ma,c_ma,c_ma,blocked
9,0.26630518,0.0,s_ms,c_ms,c_ma,blocked
9,0.270164,0.0,s_ms,c_ms,c_ms,blocked
9,0.16231555,0.0,s_ms,c_ms,c_ma,blocked
9,0.15964592,0.0,s_ms,c_ms,c_ms,blocked
9,0.2136508,0.0,s_ms,c_ms,c_ms,blocked
9,0.00013526091,0.0,s_ma,c_ms,c_ms,blocked
9,0.00024559215,0.0,s_ma,c_ms,c_ma,blocked
9,8.838845e-05,0.0,s_ma,c_ms,c_ma,blocked
9,0.00038534493,0.0,s_ma,c_ms,c_ms,blocked
9,0.00014935936,0.0,s_ma,c_ms,c_ma,blocked
9,0.47085953,0.0,s_ms,c_ma,c_ma,blocked
9,0.5014749,1.0,s_ms,c_ma,c_ms,blocked
9,0.56531125,1.0,s_ms,c_ma,c_ms,blocked
9,0.62970567,1.0,s_ms,c_ma,c_ma,blocked
9,0.423304,0.0,s_ms,c_ma,c_ma,blocked
9,0.00024787683,0.0,s_ma,c_ma,c_ms,blocked
9,8.609266e-05,0.0,s_ma,c_ma,c_ms,blocked
9,6.4774555e-05,0.0,s_ma,c_ma,c_ma,blocked
9,5.1340943e-05,0.0,s_ma,c_ma,c_ms,blocked
9,0.33235198,0.0,s_ms,c_ms,c_ms,blocked
9,0.3336873,0.0,s_ms,c_ms,c_ma,blocked
9,0.30131447,0.0,s_ms,c_ms,c_ms,blocked
9,0.24036089,0.0,s_ms,c_ms,c_ma,blocked
9,0.2995554,0.0,s_ms,c_ms,c_ma,blocked
9,0.00055681827,0.0,s_ma,c_ms,c_ma,blocked
9,4.9440463e-05,0.0,s_ma,c_ms,c_ms,blocked
9,0.00012852582,0.0,s_ma,c_ms,c_ms,blocked
9,5.108115e-05,0.0,s_ma,c_ms,c_ma,blocked
9,9.1491136e-05,0.0,s_ma,c_ms,c_ms,blocked
9,0.5002966,1.0,s_ms,c_ma,c_ms,blocked
9,0.48951423,0.0,s_ms,c_ma,c_ma,blocked
9,0.5244609,1.0,s_ms,c_ma,c_ma,blocked
9,0.59715915,1.0,s_ms,c_ma,c_ms,blocked
9,0.5277734,1.0,s_ms,c_ma,c_ms,blocked
9,8.1285536e-05,0.0,s_ma,c_ma,c_ma,blocked
9,9.121074e-05,0.0,s_ma,c_ma,c_ms,blocked
9,0.00047195755,0.0,s_ma,c_ma,c_ms,blocked
9,7.940498e-05,0.0,s_ma,c_ma,c_ma,blocked
9,0.27724293,0.0,s_ms,c_ms,c_ma,blocked
9,0.22038378,0.0,s_ms,c_ms,c_ms,blocked
9,0.124242604,0.0,s_ms,c_ms,c_ma,blocked
9,0.22753552,0.0,s_ms,c_ms,c_ms,blocked
9,0.14906254,0.0,s_ms,c_ms,c_ms,blocked
9,0.00023731831,0.0,s_ma,c_ms,c_ms,blocked
9,4.126203e-05,0.0,s_ma,c_ms,c_ma,blocked
9,0.0005750745,0.0,s_ma,c_ms,c_ma,blocked
9,7.3349176e-05,0.0,s_ma,c_ms,c_ms,blocked
9,6.0660255e-05,0.0,s_ma,c_ms,c_ma,blocked
9,0.3876552,0.0,s_ms,c_ma,c_ma,blocked
9,0.42428803,0.0,s_ms,c_ma,c_ms,blocked
9,0.5544652,1.0,s_ms,c_ma,c_ms,blocked
9,0.62492764,1.0,s_ms,c_ma,c_ma,blocked
9,0.5682845,1.0,s_ms,c_ma,c_ma,blocked
9,0.00035756227,0.0,s_ma,c_ma,c_ms,blocked
9,6.46167e-05,0.0,s_ma,c_ma,c_ma,blocked
9,0.00047544535,0.0,s_ma,c_ma,c_ms,blocked
9,3.2146145e-05,0.0,s_ma,c_ma,c_ms,blocked
9,0.34866753,0.0,s_ms,c_ms,c_ms,blocked
9,0.25787053,0.0,s_ms,c_ms,c_ma,blocked
9,0.2496329,0.0,s_ms,c_ms,c_ms,blocked
9,0.14191654,0.0,s_ms,c_ms,c_ma,blocked
9,0.1252811,0.0,s_ms,c_ms,c_ma,blocked
9,1.2764149e-05,0.0,s_ma,c_ms,c_ma,blocked
9,0.00019670848,0.0,s_ma,c_ms,c_ms,blocked
9,0.0001274604,0.0,s_ma,c_ms,c_ms,blocked
9,0.00040111068,0.0,s_ma,c_ms,c_ma,blocked
9,0.00011780097,0.0,s_ma,c_ms,c_ms,blocked
9,0.33814186,0.0,s_ms,c_ma,c_ms,blocked
9,0.55810297,1.0,s_ms,c_ma,c_ma,blocked
9,0.62806815,1.0,s_ms,c_ma,c_ma,blocked
9,0.62034416,1.0,s_ms,c_ma,c_ms,blocked
9,0.32224005,0.0,s_ms,c_ma,c_ms,blocked
9,5.057008e-05,0.0,s_ma,c_ma,c_ma,blocked
9,4.8623537e-05,0.0,s_ma,c_ma,c_ms,blocked
9,6.4962835e-05,0.0,s_ma,c_ma,c_ma,blocked
9,3.10466e-05,0.0,s_ma,c_ma,c_ms,blocked
9,6.381076e-06,0.0,s_ma,c_ma,c_ms,interleaved
9,0.00017286089,0.0,s_ma,c_ma,c_ma,interleaved
9,0.00018185543,0.0,s_ma,c_ma,c_ms,interleaved
9,0.00041493765,0.0,s_ma,c_ma,c_ms,interleaved
9,0.7664268,1.0,s_ms,c_ma,c_ms,interleaved
9,0.71209157,1.0,s_ms,c_ma,c_ma,interleaved
9,0.5839976,1.0,s_ms,c_ma,c_ma,interleaved
9,0.44550872,0.0,s_ms,c_ma,c_ms,interleaved
9,0.55362475,1.0,s_ms,c_ma,c_ma,interleaved
9,3.5274712e-05,0.0,s_ma,c_ms,c_ma,interleaved
9,7.0193724e-05,0.0,s_ma,c_ms,c_ms,interleaved
9,5.548739e-05,0.0,s_ma,c_ms,c_ms,interleaved
9,3.3508135e-05,0.0,s_ma,c_ms,c_ma,interleaved
9,0.00013575282,0.0,s_ma,c_ms,c_ma,interleaved
9,0.53051245,1.0,s_ms,c_ms,c_ms,interleaved
9,0.54627615,1.0,s_ms,c_ms,c_ma,interleaved
9,0.47057077,0.0,s_ms,c_ms,c_ms,interleaved
9,0.2964918,0.0,s_ms,c_ms,c_ma,interleaved
9,0.33314845,0.0,s_ms,c_ms,c_ms,interleaved
9,5.916535e-06,0.0,s_ma,c_ma,c_ms,interleaved
9,3.6579564e-05,0.0,s_ma,c_ma,c_ms,interleaved
9,8.614158e-05,0.0,s_ma,c_ma,c_ma,interleaved
9,1.7997441e-05,0.0,s_ma,c_ma,c_ma,interleaved
9,0.67111325,1.0,s_ms,c_ma,c_ma,interleaved
9,0.5852865,1.0,s_ms,c_ma,c_ms,interleaved
9,0.6301261,1.0,s_ms,c_ma,c_ms,interleaved
9,0.26482436,0.0,s_ms,c_ma,c_ma,interleaved
9,0.49838597,0.0,s_ms,c_ma,c_ms,interleaved
9,2.4346264e-06,0.0,s_ma,c_ms,c_ms,interleaved
9,0.000109439134,0.0,s_ma,c_ms,c_ma,interleaved
9,2.0198499e-05,0.0,s_ma,c_ms,c_ma,interleaved
9,1.5288746e-05,0.0,s_ma,c_ms,c_ms,interleaved
9,3.922284e-06,0.0,s_ma,c_ms,c_ms,interleaved
9,0.3710714,0.0,s_ms,c_ms,c_ma,interleaved
9,0.4251295,0.0,s_ms,c_ms,c_ms,interleaved
9,0.41322267,0.0,s_ms,c_ms,c_ma,interleaved
9,0.44187805,0.0,s_ms,c_ms,c_ms,interleaved
9,0.4538092,0.0,s_ms,c_ms,c_ma,interleaved
9,0.00016154555,0.0,s_ma,c_ma,c_ma,interleaved
9,3.8549082e-05,0.0,s_ma,c_ma,c_ms,interleaved
9,0.00042318064,0.0,s_ma,c_ma,c_ms,interleaved
9,0.0004530433,0.0,s_ma,c_ma,c_ms,interleaved
9,0.6987671,1.0,s_ms,c_ma,c_ms,interleaved
9,0.7678907,1.0,s_ms,c_ma,c_ma,interleaved
9,0.58142036,1.0,s_ms,c_ma,c_ma,interleaved
9,0.5376506,1.0,s_ms,c_ma,c_ms,interleaved
9,0.54984903,1.0,s_ms,c_ma,c_ma,interleaved
9,0.00017510116,0.0,s_ma,c_ms,c_ma,interleaved
9,0.00033648548,0.0,s_ma,c_ms,c_ms,interleaved
9,0.00088372355,0.0,s_ma,c_ms,c_ms,interleaved
9,0.00058167113,0.0,s_ma,c_ms,c_ma,interleaved
9,0.00034028772,0.0,s_ma,c_ms,c_ma,interleaved
9,0.4669407,0.0,s_ms,c_ms,c_ms,interleaved
9,0.465735,0.0,s_ms,c_ms,c_ma,interleaved
9,0.47714624,0.0,s_ms,c_ms,c_ms,interleaved
9,0.43999022,0.0,s_ms,c_ms,c_ma,interleaved
9,0.49619162,0.0,s_ms,c_ms,c_ms,interleaved
9,0.00021333846,0.0,s_ma,c_ma,c_ms,interleaved
9,9.075786e-05,0.0,s_ma,c_ma,c_ma,interleaved
9,0.00042613217,0.0,s_ma,c_ma,c_ms,interleaved
9,0.00064796506,0.0,s_ma,c_ma,c_ma,interleaved
9,0.71657425,1.0,s_ms,c_ma,c_ma,interleaved
9,0.74302685,1.0,s_ms,c_ma,c_ms,interleaved
9,0.59923375,1.0,s_ms,c_ma,c_ms,interleaved
9,0.45279777,0.0,s_ms,c_ma,c_ma,interleaved
9,0.5280472,1.0,s_ms,c_ma,c_ms,interleaved
9,0.00013720068,0.0,s_ma,c_ms,c_ms,interleaved
9,4.242292e-05,0.0,s_ma,c_ms,c_ma,interleaved
9,2.0387422e-05,0.0,s_ma,c_ms,c_ma,interleaved
9,9.9754216e-05,0.0,s_ma,c_ms,c_ms,interleaved
9,6.6171146e-05,0.0,s_ma,c_ms,c_ms,interleaved
9,0.30277365,0.0,s_ms,c_ms,c_ma,interleaved
9,0.5448511,1.0,s_ms,c_ms,c_ms,interleaved
9,0.4069032,0.0,s_ms,c_ms,c_ma,interleaved
9,0.34452516,0.0,s_ms,c_ms,c_ms,interleaved
9,0.5102654,1.0,s_ms,c_ms,c_ma,interleaved
9,0.00040821626,0.0,s_ma,c_ma,c_ms,interleaved
9,1.8929719e-05,0.0,s_ma,c_ma,c_ma,interleaved
9,0.00048470646,0.0,s_ma,c_ma,c_ms,interleaved
9,0.0005603765,0.0,s_ma,c_ma,c_ma,interleaved
9,0.8181879,1.0,s_ms,c_ma,c_ma,interleaved
9,0.7985166,1.0,s_ms,c_ma,c_ms,interleaved
9,0.66682875,1.0,s_ms,c_ma,c_ms,interleaved
9,0.538327,1.0,s_ms,c_ma,c_ma,interleaved
9,0.51513207,1.0,s_ms,c_ma,c_ms,interleaved
9,3.9889797e-05,0.0,s_ma,c_ms,c_ms,interleaved
9,0.00013887118,0.0,s_ma,c_ms,c_ma,interleaved
9,4.881312e-05,0.0,s_ma,c_ms,c_ma,interleaved
9,0.00042260953,0.0,s_ma,c_ms,c_ms,interleaved
9,0.0004129667,0.0,s_ma,c_ms,c_ms,interleaved
9,0.5558217,1.0,s_ms,c_ms,c_ma,interleaved
9,0.5900934,1.0,s_ms,c_ms,c_ms,interleaved
9,0.497064,0.0,s_ms,c_ms,c_ma,interleaved
9,0.5531984,1.0,s_ms,c_ms,c_ms,interleaved
9,0.5967653,1.0,s_ms,c_ms,c_ma,interleaved
9,0.16510637,0.0,s_ms,c_ma,c_ms,interleaved
9,0.21931508,0.0,s_ms,c_ma,c_ma,interleaved
9,0.24010935,0.0,s_ms,c_ma,c_ms,interleaved
9,0.2022962,0.0,s_ms,c_ma,c_ma,interleaved
9,0.122013316,0.0,s_ms,c_ma,c_ma,interleaved
9,0.0001485939,0.0,s_ma,c_ma,c_ms,interleaved
9,9.094333e-05,0.0,s_ma,c_ma,c_ms,interleaved
9,4.0981027e-05,0.0,s_ma,c_ma,c_ma,interleaved
9,3.495761e-05,0.0,s_ma,c_ma,c_ms,interleaved
9,0.3634681,0.0,s_ms,c_ms,c_ms,interleaved
9,0.24575579,0.0,s_ms,c_ms,c_ma,interleaved
9,0.37167597,0.0,s_ms,c_ms,c_ma,interleaved
9,0.50834435,1.0,s_ms,c_ms,c_ms,interleaved
9,0.46164614,0.0,s_ms,c_ms,c_ms,interleaved
9,1.2392441e-05,0.0,s_ma,c_ms,c_ma,interleaved
9,4.781791e-05,0.0,s_ma,c_ms,c_ms,interleaved
9,0.00014094888,0.0,s_ma,c_ms,c_ma,interleaved
9,0.00020811013,0.0,s_ma,c_ms,c_ms,interleaved
9,1.36365725e-05,0.0,s_ma,c_ms,c_ma,interleaved
9,0.230221,0.0,s_ms,c_ma,c_ma,interleaved
9,0.2719025,0.0,s_ms,c_ma,c_ms,interleaved
9,0.16944943,0.0,s_ms,c_ma,c_ma,interleaved
9,0.17819798,0.0,s_ms,c_ma,c_ms,interleaved
9,0.14635916,0.0,s_ms,c_ma,c_ms,interleaved
9,0.00015725236,0.0,s_ma,c_ma,c_ms,interleaved
9,2.133252e-05,0.0,s_ma,c_ma,c_ma,interleaved
9,0.0001660223,0.0,s_ma,c_ma,c_ms,interleaved
9,0.00017788765,0.0,s_ma,c_ma,c_ma,interleaved
9,0.12148294,0.0,s_ms,c_ms,c_ma,interleaved
9,0.38543066,0.0,s_ms,c_ms,c_ms,interleaved
9,0.3993858,0.0,s_ms,c_ms,c_ms,interleaved
9,0.5313861,1.0,s_ms,c_ms,c_ma,interleaved
9,0.25709713,0.0,s_ms,c_ms,c_ma,interleaved
9,1.8432316e-05,0.0,s_ma,c_ms,c_ms,interleaved
9,2.814782e-05,0.0,s_ma,c_ms,c_ma,interleaved
9,3.0467476e-05,0.0,s_ma,c_ms,c_ms,interleaved
9,2.617021e-05,0.0,s_ma,c_ms,c_ma,interleaved
9,2.7726144e-05,0.0,s_ma,c_ms,c_ms,interleaved
9,0.30323094,0.0,s_ms,c_ma,c_ma,interleaved
9,0.27251005,0.0,s_ms,c_ma,c_ms,interleaved
9,0.3140669,0.0,s_ms,c_ma,c_ma,interleaved
9,0.28962448,0.0,s_ms,c_ma,c_ms,interleaved
9,0.24882863,0.0,s_ms,c_ma,c_ms,interleaved
9,9.035677e-05,0.0,s_ma,c_ma,c_ms,interleaved
9,2.4384024e-05,0.0,s_ma,c_ma,c_ma,interleaved
9,0.00013245651,0.0,s_ma,c_ma,c_ms,interleaved
9,0.00010730772,0.0,s_ma,c_ma,c_ma,interleaved
9,0.21354435,0.0,s_ms,c_ms,c_ma,interleaved
9,0.25465798,0.0,s_ms,c_ms,c_ms,interleaved
9,0.19129501,0.0,s_ms,c_ms,c_ms,interleaved
9,0.17046738,0.0,s_ms,c_ms,c_ma,interleaved
9,0.18258628,0.0,s_ms,c_ms,c_ma,interleaved
9,3.1172985e-05,0.0,s_ma,c_ms,c_ms,interleaved
9,0.00014618393,0.0,s_ma,c_ms,c_ma,interleaved
9,0.00024062363,0.0,s_ma,c_ms,c_ms,interleaved
9,0.00089106185,0.0,s_ma,c_ms,c_ma,interleaved
9,0.0002487157,0.0,s_ma,c_ms,c_ms,interleaved
9,0.4370286,0.0,s_ms,c_ma,c_ms,interleaved
9,0.6216471,1.0,s_ms,c_ma,c_ma,interleaved
9,0.36418572,0.0,s_ms,c_ma,c_ms,interleaved
9,0.44541395,0.0,s_ms,c_ma,c_ma,interleaved
9,0.32868695,0.0,s_ms,c_ma,c_ma,interleaved
9,4.5539975e-05,0.0,s_ma,c_ma,c_ma,interleaved
9,0.0001952341,0.0,s_ma,c_ma,c_ms,interleaved
9,0.00013474884,0.0,s_ma,c_ma,c_ms,interleaved
9,0.00014466193,0.0,s_ma,c_ma,c_ms,interleaved
9,0.32542127,0.0,s_ms,c_ms,c_ms,interleaved
9,0.3840892,0.0,s_ms,c_ms,c_ma,interleaved
9,0.43721455,0.0,s_ms,c_ms,c_ma,interleaved
9,0.43859813,0.0,s_ms,c_ms,c_ms,interleaved
9,0.52511615,1.0,s_ms,c_ms,c_ms,interleaved
9,7.6339e-05,0.0,s_ma,c_ms,c_ma,interleaved
9,0.00018625805,0.0,s_ma,c_ms,c_ms,interleaved
9,3.7506303e-05,0.0,s_ma,c_ms,c_ma,interleaved
9,6.558251e-05,0.0,s_ma,c_ms,c_ms,interleaved
9,0.00019287506,0.0,s_ma,c_ms,c_ma,interleaved
9,0.33844224,0.0,s_ms,c_ma,c_ma,interleaved
9,0.33687627,0.0,s_ms,c_ma,c_ms,interleaved
9,0.33394825,0.0,s_ms,c_ma,c_ma,interleaved
9,0.37338617,0.0,s_ms,c_ma,c_ms,interleaved
9,0.3373301,0.0,s_ms,c_ma,c_ms,interleaved
9,3.93662e-05,0.0,s_ma,c_ma,c_ms,interleaved
9,0.00013767001,0.0,s_ma,c_ma,c_ma,interleaved
9,0.000107447304,0.0,s_ma,c_ma,c_ma,interleaved
9,0.0001323672,0.0,s_ma,c_ma,c_ms,interleaved
9,0.2028713,0.0,s_ms,c_ms,c_ma,interleaved
9,0.51075554,1.0,s_ms,c_ms,c_ms,interleaved
9,0.55282414,1.0,s_ms,c_ms,c_ms,interleaved
9,0.43579438,0.0,s_ms,c_ms,c_ma,interleaved
9,0.4575546,0.0,s_ms,c_ms,c_ma,interleaved
9,0.00012203965,0.0,s_ma,c_ms,c_ms,interleaved
9,0.00019082901,0.0,s_ma,c_ms,c_ma,interleaved
9,0.00022320035,0.0,s_ma,c_ms,c_ms,interleaved
9,8.252673e-05,0.0,s_ma,c_ms,c_ma,interleaved
9,0.00021910615,0.0,s_ma,c_ms,c_ms,interleaved
9,3.1930867e-05,0.0,s_ma,c_ms,c_ma,interleaved
9,2.21749e-06,0.0,s_ma,c_ms,c_ms,interleaved
9,0.00016148514,0.0,s_ma,c_ms,c_ma,interleaved
9,0.0001349827,0.0,s_ma,c_ms,c_ms,interleaved
9,3.3871373e-05,0.0,s_ma,c_ms,c_ms,interleaved
9,0.5340975,1.0,s_ms,c_ms,c_ms,interleaved
9,0.83206856,1.0,s_ms,c_ms,c_ma,interleaved
9,0.7073786,1.0,s_ms,c_ms,c_ma,interleaved
9,0.5680587,1.0,s_ms,c_ms,c_ms,interleaved
9,0.716015,1.0,s_ms,c_ms,c_ma,interleaved
9,1.1648639e-05,0.0,s_ma,c_ma,c_ms,interleaved
9,2.6419917e-05,0.0,s_ma,c_ma,c_ms,interleaved
9,5.5383225e-06,0.0,s_ma,c_ma,c_ma,interleaved
9,1.4968971e-05,0.0,s_ma,c_ma,c_ma,interleaved
9,0.5443485,1.0,s_ms,c_ma,c_ms,interleaved
9,0.5454706,1.0,s_ms,c_ma,c_ma,interleaved
9,0.4332655,0.0,s_ms,c_ma,c_ms,interleaved
9,0.5395888,1.0,s_ms,c_ma,c_ma,interleaved
9,0.43577138,0.0,s_ms,c_ma,c_ms,interleaved
9,6.4484644e-05,0.0,s_ma,c_ms,c_ms,interleaved
9,0.00011557941,0.0,s_ma,c_ms,c_ma,interleaved
9,0.00037563947,0.0,s_ma,c_ms,c_ms,interleaved
9,4.035933e-05,0.0,s_ma,c_ms,c_ma,interleaved
9,0.000120330296,0.0,s_ma,c_ms,c_ma,interleaved
9,0.63391864,1.0,s_ms,c_ms,c_ma,interleaved
9,0.47192305,0.0,s_ms,c_ms,c_ms,interleaved
9,0.6234808,1.0,s_ms,c_ms,c_ms,interleaved
9,0.5136434,1.0,s_ms,c_ms,c_ma,interleaved
9,0.31415254,0.0,s_ms,c_ms,c_ms,interleaved
9,1.2754111e-05,0.0,s_ma,c_ma,c_ms,interleaved
9,1.7759929e-05,0.0,s_ma,c_ma,c_ma,interleaved
9,4.043563e-05,0.0,s_ma,c_ma,c_ms,interleaved
9,1.6675242e-05,0.0,s_ma,c_ma,c_ms,interleaved
9,0.5978553,1.0,s_ms,c_ma,c_ma,interleaved
9,0.62982297,1.0,s_ms,c_ma,c_ms,interleaved
9,0.36913824,0.0,s_ms,c_ma,c_ma,interleaved
9,0.53602135,1.0,s_ms,c_ma,c_ms,interleaved
9,0.4720256,0.0,s_ms,c_ma,c_ma,interleaved
9,5.6111392e-05,0.0,s_ma,c_ms,c_ms,interleaved
9,2.1577498e-05,0.0,s_ma,c_ms,c_ma,interleaved
9,0.00078529614,0.0,s_ma,c_ms,c_ms,interleaved
9,1.760153e-05,0.0,s_ma,c_ms,c_ma,interleaved
9,4.77879e-05,0.0,s_ma,c_ms,c_ma,interleaved
9,0.5188968,1.0,s_ms,c_ms,c_ma,interleaved
9,0.47452593,0.0,s_ms,c_ms,c_ms,interleaved
9,0.71196985,1.0,s_ms,c_ms,c_ms,interleaved
9,0.4473603,0.0,s_ms,c_ms,c_ma,interleaved
9,0.32525066,0.0,s_ms,c_ms,c_ms,interleaved
9,2.9055254e-05,0.0,s_ma,c_ma,c_ms,interleaved
9,1.7700295e-05,0.0,s_ma,c_ma,c_ma,interleaved
9,3.653824e-05,0.0,s_ma,c_ma,c_ms,interleaved
9,0.00028265602,0.0,s_ma,c_ma,c_ms,interleaved
9,0.70568144,1.0,s_ms,c_ma,c_ma,interleaved
9,0.62637794,1.0,s_ms,c_ma,c_ms,interleaved
9,0.61586416,1.0,s_ms,c_ma,c_ma,interleaved
9,0.47608972,0.0,s_ms,c_ma,c_ms,interleaved
9,0.65858066,1.0,s_ms,c_ma,c_ma,interleaved
9,3.0379992e-05,0.0,s_ma,c_ms,c_ma,interleaved
9,1.2804462e-05,0.0,s_ma,c_ms,c_ms,interleaved
9,0.0005769236,0.0,s_ma,c_ms,c_ma,interleaved
9,0.000109321016,0.0,s_ma,c_ms,c_ms,interleaved
9,0.00038020228,0.0,s_ma,c_ms,c_ms,interleaved
9,0.41838703,0.0,s_ms,c_ms,c_ms,interleaved
9,0.37836856,0.0,s_ms,c_ms,c_ma,interleaved
9,0.7468084,1.0,s_ms,c_ms,c_ma,interleaved
9,0.46258712,0.0,s_ms,c_ms,c_ms,interleaved
9,0.4453769,0.0,s_ms,c_ms,c_ma,interleaved
9,5.3568597e-06,0.0,s_ma,c_ma,c_ma,interleaved
9,4.1858424e-05,0.0,s_ma,c_ma,c_ms,interleaved
9,2.9960273e-05,0.0,s_ma,c_ma,c_ms,interleaved
9,7.1623275e-05,0.0,s_ma,c_ma,c_ma,interleaved
9,0.54910356,1.0,s_ms,c_ma,c_ms,interleaved
9,0.5630201,1.0,s_ms,c_ma,c_ma,interleaved
9,0.33948445,0.0,s_ms,c_ma,c_ms,interleaved
9,0.40134063,0.0,s_ms,c_ma,c_ma,interleaved
9,0.40669,0.0,s_ms,c_ma,c_ms,interleaved
9,0.00012312172,0.0,s_ma,c_ms,c_ma,interleaved
9,3.8862163e-06,0.0,s_ma,c_ms,c_ms,interleaved
9,0.0003287634,0.0,s_ma,c_ms,c_ma,interleaved
9,6.023049e-05,0.0,s_ma,c_ms,c_ms,interleaved
9,0.00041040342,0.0,s_ma,c_ms,c_ms,interleaved
9,0.4310611,0.0,s_ms,c_ms,c_ms,interleaved
9,0.5964203,1.0,s_ms,c_ms,c_ma,interleaved
9,0.7148659,1.0,s_ms,c_ms,c_ma,interleaved
9,0.34140116,0.0,s_ms,c_ms,c_ms,interleaved
9,0.42138243,0.0,s_ms,c_ms,c_ma,interleaved
9,1.5641934e-05,0.0,s_ma,c_ma,c_ma,interleaved
9,1.5380116e-05,0.0,s_ma,c_ma,c_ms,interleaved
9,0.00025020263,0.0,s_ma,c_ma,c_ms,interleaved
9,7.068053e-05,0.0,s_ma,c_ma,c_ma,interleaved
9,0.68825984,1.0,s_ms,c_ma,c_ms,interleaved
9,0.70409966,1.0,s_ms,c_ma,c_ma,interleaved
9,0.54631495,1.0,s_ms,c_ma,c_ms,interleaved
9,0.52852124,1.0,s_ms,c_ma,c_ma,interleaved
9,0.6714641,1.0,s_ms,c_ma,c_ms,interleaved
9,0.3756448,0.0,s_ms,c_ms,c_ms,interleaved
9,0.5180568,1.0,s_ms,c_ms,c_ma,interleaved
9,0.39408106,0.0,s_ms,c_ms,c_ms,interleaved
9,0.56590736,1.0,s_ms,c_ms,c_ma,interleaved
9,0.35994673,0.0,s_ms,c_ms,c_ma,interleaved
9,1.15875755e-05,0.0,s_ma,c_ms,c_ma,interleaved
9,1.4590643e-05,0.0,s_ma,c_ms,c_ms,interleaved
9,2.8652708e-05,0.0,s_ma,c_ms,c_ms,interleaved
9,6.893008e-05,0.0,s_ma,c_ms,c_ma,interleaved
9,9.521151e-05,0.0,s_ma,c_ms,c_ms,interleaved
9,0.3769505,0.0,s_ms,c_ma,c_ms,interleaved
9,0.28451443,0.0,s_ms,c_ma,c_ma,interleaved
9,0.2182764,0.0,s_ms,c_ma,c_ma,interleaved
9,0.34548634,0.0,s_ms,c_ma,c_ms,interleaved
9,0.24332517,0.0,s_ms,c_ma,c_ms,interleaved
9,0.00015288044,0.0,s_ma,c_ma,c_ms,interleaved
9,3.4101227e-05,0.0,s_ma,c_ma,c_ma,interleaved
9,0.00015926431,0.0,s_ma,c_ma,c_ms,interleaved
9,6.649572e-05,0.0,s_ma,c_ma,c_ma,interleaved
9,0.34528664,0.0,s_ms,c_ms,c_ma,interleaved
9,0.44187716,0.0,s_ms,c_ms,c_ms,interleaved
9,0.41460055,0.0,s_ms,c_ms,c_ma,interleaved
9,0.3594299,0.0,s_ms,c_ms,c_ms,interleaved
9,0.30305278,0.0,s_ms,c_ms,c_ms,interleaved
9,4.5465567e-05,0.0,s_ma,c_ms,c_ms,interleaved
9,2.8621504e-05,0.0,s_ma,c_ms,c_ma,interleaved
9,0.00014414711,0.0,s_ma,c_ms,c_ma,interleaved
9,0.00017750784,0.0,s_ma,c_ms,c_ms,interleaved
9,0.0001960989,0.0,s_ma,c_ms,c_ma,interleaved
9,0.34939224,0.0,s_ms,c_ma,c_ma,interleaved
9,0.27594376,0.0,s_ms,c_ma,c_ms,interleaved
9,0.26790178,0.0,s_ms,c_ma,c_ms,interleaved
9,0.32542765,0.0,s_ms,c_ma,c_ma,interleaved
9,0.21350308,0.0,s_ms,c_ma,c_ma,interleaved
9,0.00015851138,0.0,s_ma,c_ma,c_ms,interleaved
9,4.1070307e-05,0.0,s_ma,c_ma,c_ms,interleaved
9,5.3905616e-05,0.0,s_ma,c_ma,c_ma,interleaved
9,3.946936e-05,0.0,s_ma,c_ma,c_ms,interleaved
9,0.44660628,0.0,s_ms,c_ms,c_ms,interleaved
9,0.46953964,0.0,s_ms,c_ms,c_ma,interleaved
9,0.42116374,0.0,s_ms,c_ms,c_ms,interleaved
9,0.4644194,0.0,s_ms,c_ms,c_ma,interleaved
9,0.4116739,0.0,s_ms,c_ms,c_ma,interleaved
9,0.00013671978,0.0,s_ma,c_ms,c_ma,interleaved
9,2.9811492e-05,0.0,s_ma,c_ms,c_ms,interleaved
9,0.00024432546,0.0,s_ma,c_ms,c_ms,interleaved
9,3.9648985e-05,0.0,s_ma,c_ms,c_ma,interleaved
9,0.00022157839,0.0,s_ma,c_ms,c_ms,interleaved
9,0.46580708,0.0,s_ms,c_ma,c_ms,interleaved
9,0.55743563,1.0,s_ms,c_ma,c_ma,interleaved
9,0.28646368,0.0,s_ms,c_ma,c_ma,interleaved
9,0.587376,1.0,s_ms,c_ma,c_ms,interleaved
9,0.34921023,0.0,s_ms,c_ma,c_ms,interleaved
9,3.5828612e-05,0.0,s_ma,c_ma,c_ma,interleaved
9,4.335434e-05,0.0,s_ma,c_ma,c_ms,interleaved
9,0.00031470793,0.0,s_ma,c_ma,c_ms,interleaved
9,0.00014202335,0.0,s_ma,c_ma,c_ma,interleaved
9,0.58294535,1.0,s_ms,c_ms,c_ma,interleaved
9,0.42079502,0.0,s_ms,c_ms,c_ms,interleaved
9,0.3936231,0.0,s_ms,c_ms,c_ma,interleaved
9,0.53335536,1.0,s_ms,c_ms,c_ms,interleaved
9,0.33161947,0.0,s_ms,c_ms,c_ms,interleaved
9,0.00020830634,0.0,s_ma,c_ms,c_ms,interleaved
9,2.5849255e-05,0.0,s_ma,c_ms,c_ma,interleaved
9,0.0008221048,0.0,s_ma,c_ms,c_ma,interleaved
9,6.381954e-05,0.0,s_ma,c_ms,c_ms,interleaved
9,8.931312e-05,0.0,s_ma,c_ms,c_ma,interleaved
9,0.37952575,0.0,s_ms,c_ma,c_ma,interleaved
9,0.32586333,0.0,s_ms,c_ma,c_ms,interleaved
9,0.4221783,0.0,s_ms,c_ma,c_ms,interleaved
9,0.49399436,0.0,s_ms,c_ma,c_ma,interleaved
9,0.37757903,0.0,s_ms,c_ma,c_ma,interleaved
9,0.00016205023,0.0,s_ma,c_ma,c_ms,interleaved
9,5.4436183e-05,0.0,s_ma,c_ma,c_ma,interleaved
9,0.00032287248,0.0,s_ma,c_ma,c_ms,interleaved
9,1.5613838e-05,0.0,s_ma,c_ma,c_ms,interleaved
9,0.59314936,1.0,s_ms,c_ms,c_ms,interleaved
9,0.39669752,0.0,s_ms,c_ms,c_ma,interleaved
9,0.3665107,0.0,s_ms,c_ms,c_ms,interleaved
9,0.34520465,0.0,s_ms,c_ms,c_ma,interleaved
9,0.31460804,0.0,s_ms,c_ms,c_ma,interleaved
9,1.2294076e-05,0.0,s_ma,c_ms,c_ma,interleaved
9,2.6300038e-05,0.0,s_ma,c_ms,c_ms,interleaved
9,0.00025238114,0.0,s_ma,c_ms,c_ms,interleaved
9,0.00018423401,0.0,s_ma,c_ms,c_ma,interleaved
9,0.00017172919,0.0,s_ma,c_ms,c_ms,interleaved
9,0.4808822,0.0,s_ms,c_ma,c_ms,interleaved
9,0.4223111,0.0,s_ms,c_ma,c_ma,interleaved
9,0.26673844,0.0,s_ms,c_ma,c_ma,interleaved
9,0.5150175,1.0,s_ms,c_ma,c_ms,interleaved
9,0.23612028,0.0,s_ms,c_ma,c_ms,interleaved
9,6.247517e-05,0.0,s_ma,c_ma,c_ma,interleaved
9,3.7132628e-05,0.0,s_ma,c_ma,c_ms,interleaved
9,0.00012523143,0.0,s_ma,c_ma,c_ma,interleaved
9,1.48128875e-05,0.0,s_ma,c_ma,c_ms,interleaved
9,6.381076e-06,0.0,s_ma,c_ma,c_ms,random
9,0.00017286089,0.0,s_ma,c_ma,c_ma,random
9,0.00018185543,0.0,s_ma,c_ma,c_ms,random
9,0.00041493765,0.0,s_ma,c_ma,c_ms,random
9,0.7664268,1.0,s_ms,c_ma,c_ms,random
9,0.71209157,1.0,s_ms,c_ma,c_ma,random
9,0.5839976,1.0,s_ms,c_ma,c_ma,random
9,0.44550872,0.0,s_ms,c_ma,c_ms,random
9,0.55362475,1.0,s_ms,c_ma,c_ma,random
9,3.5274712e-05,0.0,s_ma,c_ms,c_ma,random
9,7.0193724e-05,0.0,s_ma,c_ms,c_ms,random
9,5.548739e-05,0.0,s_ma,c_ms,c_ms,random
9,3.3508135e-05,0.0,s_ma,c_ms,c_ma,random
9,0.00013575282,0.0,s_ma,c_ms,c_ma,random
9,0.53051245,1.0,s_ms,c_ms,c_ms,random
9,0.54627615,1.0,s_ms,c_ms,c_ma,random
9,0.47057077,0.0,s_ms,c_ms,c_ms,random
9,0.2964918,0.0,s_ms,c_ms,c_ma,random
9,0.33314845,0.0,s_ms,c_ms,c_ms,random
9,5.916535e-06,0.0,s_ma,c_ma,c_ms,random
9,3.6579564e-05,0.0,s_ma,c_ma,c_ms,random
9,8.614158e-05,0.0,s_ma,c_ma,c_ma,random
9,1.7997441e-05,0.0,s_ma,c_ma,c_ma,random
9,0.67111325,1.0,s_ms,c_ma,c_ma,random
9,0.5852865,1.0,s_ms,c_ma,c_ms,random
9,0.6301261,1.0,s_ms,c_ma,c_ms,random
9,0.26482436,0.0,s_ms,c_ma,c_ma,random
9,0.49838597,0.0,s_ms,c_ma,c_ms,random
9,2.4346264e-06,0.0,s_ma,c_ms,c_ms,random
9,0.000109439134,0.0,s_ma,c_ms,c_ma,random
9,2.0198499e-05,0.0,s_ma,c_ms,c_ma,random
9,1.5288746e-05,0.0,s_ma,c_ms,c_ms,random
9,3.922284e-06,0.0,s_ma,c_ms,c_ms,random
9,0.3710714,0.0,s_ms,c_ms,c_ma,random
9,0.4251295,0.0,s_ms,c_ms,c_ms,random
9,0.41322267,0.0,s_ms,c_ms,c_ma,random
9,0.44187805,0.0,s_ms,c_ms,c_ms,random
9,0.4538092,0.0,s_ms,c_ms,c_ma,random
9,0.00016154555,0.0,s_ma,c_ma,c_ma,random
9,3.8549082e-05,0.0,s_ma,c_ma,c_ms,random
9,0.00042318064,0.0,s_ma,c_ma,c_ms,random
9,0.0004530433,0.0,s_ma,c_ma,c_ms,random
9,0.6987671,1.0,s_ms,c_ma,c_ms,random
9,0.7678907,1.0,s_ms,c_ma,c_ma,random
9,0.58142036,1.0,s_ms,c_ma,c_ma,random
9,0.5376506,1.0,s_ms,c_ma,c_ms,random
9,0.54984903,1.0,s_ms,c_ma,c_ma,random
9,0.00017510116,0.0,s_ma,c_ms,c_ma,random
9,0.00033648548,0.0,s_ma,c_ms,c_ms,random
9,0.00088372355,0.0,s_ma,c_ms,c_ms,random
9,0.00058167113,0.0,s_ma,c_ms,c_ma,random
9,0.00034028772,0.0,s_ma,c_ms,c_ma,random
9,0.4669407,0.0,s_ms,c_ms,c_ms,random
9,0.465735,0.0,s_ms,c_ms,c_ma,random
9,0.47714624,0.0,s_ms,c_ms,c_ms,random
9,0.43999022,0.0,s_ms,c_ms,c_ma,random
9,0.49619162,0.0,s_ms,c_ms,c_ms,random
9,0.00021333846,0.0,s_ma,c_ma,c_ms,random
9,9.075786e-05,0.0,s_ma,c_ma,c_ma,random
9,0.00042613217,0.0,s_ma,c_ma,c_ms,random
9,0.00064796506,0.0,s_ma,c_ma,c_ma,random
9,0.71657425,1.0,s_ms,c_ma,c_ma,random
9,0.74302685,1.0,s_ms,c_ma,c_ms,random
9,0.59923375,1.0,s_ms,c_ma,c_ms,random
9,0.45279777,0.0,s_ms,c_ma,c_ma,random
9,0.5280472,1.0,s_ms,c_ma,c_ms,random
9,0.00013720068,0.0,s_ma,c_ms,c_ms,random
9,4.242292e-05,0.0,s_ma,c_ms,c_ma,random
9,2.0387422e-05,0.0,s_ma,c_ms,c_ma,random
9,9.9754216e-05,0.0,s_ma,c_ms,c_ms,random
9,6.6171146e-05,0.0,s_ma,c_ms,c_ms,random
9,0.30277365,0.0,s_ms,c_ms,c_ma,random
9,0.5448511,1.0,s_ms,c_ms,c_ms,random
9,0.4069032,0.0,s_ms,c_ms,c_ma,random
9,0.34452516,0.0,s_ms,c_ms,c_ms,random
9,0.5102654,1.0,s_ms,c_ms,c_ma,random
9,0.00040821626,0.0,s_ma,c_ma,c_ms,random
9,1.8929719e-05,0.0,s_ma,c_ma,c_ma,random
9,0.00048470646,0.0,s_ma,c_ma,c_ms,random
9,0.0005603765,0.0,s_ma,c_ma,c_ma,random
9,0.8181879,1.0,s_ms,c_ma,c_ma,random
9,0.7985166,1.0,s_ms,c_ma,c_ms,random
9,0.66682875,1.0,s_ms,c_ma,c_ms,random
9,0.538327,1.0,s_ms,c_ma,c_ma,random
9,0.51513207,1.0,s_ms,c_ma,c_ms,random
9,3.9889797e-05,0.0,s_ma,c_ms,c_ms,random
9,0.00013887118,0.0,s_ma,c_ms,c_ma,random
9,4.881312e-05,0.0,s_ma,c_ms,c_ma,random
9,0.00042260953,0.0,s_ma,c_ms,c_ms,random
9,0.0004129667,0.0,s_ma,c_ms,c_ms,random
9,0.5558217,1.0,s_ms,c_ms,c_ma,random
9,0.5900934,1.0,s_ms,c_ms,c_ms,random
9,0.497064,0.0,s_ms,c_ms,c_ma,random
9,0.5531984,1.0,s_ms,c_ms,c_ms,random
9,0.5967653,1.0,s_ms,c_ms,c_ma,random
9,0.16510637,0.0,s_ms,c_ma,c_ms,random
9,0.21931508,0.0,s_ms,c_ma,c_ma,random
9,0.24010935,0.0,s_ms,c_ma,c_ms,random
9,0.2022962,0.0,s_ms,c_ma,c_ma,random
9,0.122013316,0.0,s_ms,c_ma,c_ma,random
9,0.0001485939,0.0,s_ma,c_ma,c_ms,random
9,9.094333e-05,0.0,s_ma,c_ma,c_ms,random
9,4.0981027e-05,0.0,s_ma,c_ma,c_ma,random
9,3.495761e-05,0.0,s_ma,c_ma,c_ms,random
9,0.3634681,0.0,s_ms,c_ms,c_ms,random
9,0.24575579,0.0,s_ms,c_ms,c_ma,random
9,0.37167597,0.0,s_ms,c_ms,c_ma,random
9,0.50834435,1.0,s_ms,c_ms,c_ms,random
9,0.46164614,0.0,s_ms,c_ms,c_ms,random
9,1.2392441e-05,0.0,s_ma,c_ms,c_ma,random
9,4.781791e-05,0.0,s_ma,c_ms,c_ms,random
9,0.00014094888,0.0,s_ma,c_ms,c_ma,random
9,0.00020811013,0.0,s_ma,c_ms,c_ms,random
9,1.36365725e-05,0.0,s_ma,c_ms,c_ma,random
9,0.230221,0.0,s_ms,c_ma,c_ma,random
9,0.2719025,0.0,s_ms,c_ma,c_ms,random
9,0.16944943,0.0,s_ms,c_ma,c_ma,random
9,0.17819798,0.0,s_ms,c_ma,c_ms,random
9,0.14635916,0.0,s_ms,c_ma,c_ms,random
9,0.00015725236,0.0,s_ma,c_ma,c_ms,random
9,2.133252e-05,0.0,s_ma,c_ma,c_ma,random
9,0.0001660223,0.0,s_ma,c_ma,c_ms,random
9,0.00017788765,0.0,s_ma,c_ma,c_ma,random
9,0.12148294,0.0,s_ms,c_ms,c_ma,random
9,0.38543066,0.0,s_ms,c_ms,c_ms,random
9,0.3993858,0.0,s_ms,c_ms,c_ms,random
9,0.5313861,1.0,s_ms,c_ms,c_ma,random
9,0.25709713,0.0,s_ms,c_ms,c_ma,random
9,1.8432316e-05,0.0,s_ma,c_ms,c_ms,random
9,2.814782e-05,0.0,s_ma,c_ms,c_ma,random
9,3.0467476e-05,0.0,s_ma,c_ms,c_ms,random
9,2.617021e-05,0.0,s_ma,c_ms,c_ma,random
9,2.7726144e-05,0.0,s_ma,c_ms,c_ms,random
9,0.30323094,0.0,s_ms,c_ma,c_ma,random
9,0.27251005,0.0,s_ms,c_ma,c_ms,random
9,0.3140669,0.0,s_ms,c_ma,c_ma,random
9,0.28962448,0.0,s_ms,c_ma,c_ms,random
9,0.24882863,0.0,s_ms,c_ma,c_ms,random
9,9.035677e-05,0.0,s_ma,c_ma,c_ms,random
9,2.4384024e-05,0.0,s_ma,c_ma,c_ma,random
9,0.00013245651,0.0,s_ma,c_ma,c_ms,random
9,0.00010730772,0.0,s_ma,c_ma,c_ma,random
9,0.21354435,0.0,s_ms,c_ms,c_ma,random
9,0.25465798,0.0,s_ms,c_ms,c_ms,random
9,0.19129501,0.0,s_ms,c_ms,c_ms,random
9,0.17046738,0.0,s_ms,c_ms,c_ma,random
9,0.18258628,0.0,s_ms,c_ms,c_ma,random
9,3.1172985e-05,0.0,s_ma,c_ms,c_ms,random
9,0.00014618393,0.0,s_ma,c_ms,c_ma,random
9,0.00024062363,0.0,s_ma,c_ms,c_ms,random
9,0.00089106185,0.0,s_ma,c_ms,c_ma,random
9,0.0002487157,0.0,s_ma,c_ms,c_ms,random
9,0.4370286,0.0,s_ms,c_ma,c_ms,random
9,0.6216471,1.0,s_ms,c_ma,c_ma,random
9,0.36418572,0.0,s_ms,c_ma,c_ms,random
9,0.44541395,0.0,s_ms,c_ma,c_ma,random
9,0.32868695,0.0,s_ms,c_ma,c_ma,random
9,4.5539975e-05,0.0,s_ma,c_ma,c_ma,random
9,0.0001952341,0.0,s_ma,c_ma,c_ms,random
9,0.00013474884,0.0,s_ma,c_ma,c_ms,random
9,0.00014466193,0.0,s_ma,c_ma,c_ms,random
9,0.32542127,0.0,s_ms,c_ms,c_ms,random
9,0.3840892,0.0,s_ms,c_ms,c_ma,random
9,0.43721455,0.0,s_ms,c_ms,c_ma,random
9,0.43859813,0.0,s_ms,c_ms,c_ms,random
9,0.52511615,1.0,s_ms,c_ms,c_ms,random
9,7.6339e-05,0.0,s_ma,c_ms,c_ma,random
9,0.00018625805,0.0,s_ma,c_ms,c_ms,random
9,3.7506303e-05,0.0,s_ma,c_ms,c_ma,random
9,6.558251e-05,0.0,s_ma,c_ms,c_ms,random
9,0.00019287506,0.0,s_ma,c_ms,c_ma,random
9,0.33844224,0.0,s_ms,c_ma,c_ma,random
9,0.33687627,0.0,s_ms,c_ma,c_ms,random
9,0.33394825,0.0,s_ms,c_ma,c_ma,random
9,0.37338617,0.0,s_ms,c_ma,c_ms,random
9,0.3373301,0.0,s_ms,c_ma,c_ms,random
9,3.93662e-05,0.0,s_ma,c_ma,c_ms,random
9,0.00013767001,0.0,s_ma,c_ma,c_ma,random
9,0.000107447304,0.0,s_ma,c_ma,c_ma,random
9,0.0001323672,0.0,s_ma,c_ma,c_ms,random
9,0.2028713,0.0,s_ms,c_ms,c_ma,random
9,0.51075554,1.0,s_ms,c_ms,c_ms,random
9,0.55282414,1.0,s_ms,c_ms,c_ms,random
9,0.43579438,0.0,s_ms,c_ms,c_ma,random
9,0.4575546,0.0,s_ms,c_ms,c_ma,random
9,0.00012203965,0.0,s_ma,c_ms,c_ms,random
9,0.00019082901,0.0,s_ma,c_ms,c_ma,random
9,0.00022320035,0.0,s_ma,c_ms,c_ms,random
9,8.252673e-05,0.0,s_ma,c_ms,c_ma,random
9,0.00021910615,0.0,s_ma,c_ms,c_ms,random
9,3.1930867e-05,0.0,s_ma,c_ms,c_ma,random
9,2.21749e-06,0.0,s_ma,c_ms,c_ms,random
9,0.00016148514,0.0,s_ma,c_ms,c_ma,random
9,0.0001349827,0.0,s_ma,c_ms,c_ms,random
9,3.3871373e-05,0.0,s_ma,c_ms,c_ms,random
9,0.5340975,1.0,s_ms,c_ms,c_ms,random
9,0.83206856,1.0,s_ms,c_ms,c_ma,random
9,0.7073786,1.0,s_ms,c_ms,c_ma,random
9,0.5680587,1.0,s_ms,c_ms,c_ms,random
9,0.716015,1.0,s_ms,c_ms,c_ma,random
9,1.1648639e-05,0.0,s_ma,c_ma,c_ms,random
9,2.6419917e-05,0.0,s_ma,c_ma,c_ms,random
9,5.5383225e-06,0.0,s_ma,c_ma,c_ma,random
9,1.4968971e-05,0.0,s_ma,c_ma,c_ma,random
9,0.5443485,1.0,s_ms,c_ma,c_ms,random
9,0.5454706,1.0,s_ms,c_ma,c_ma,random
9,0.4332655,0.0,s_ms,c_ma,c_ms,random
9,0.5395888,1.0,s_ms,c_ma,c_ma,random
9,0.43577138,0.0,s_ms,c_ma,c_ms,random
9,6.4484644e-05,0.0,s_ma,c_ms,c_ms,random
9,0.00011557941,0.0,s_ma,c_ms,c_ma,random
9,0.00037563947,0.0,s_ma,c_ms,c_ms,random
9,4.035933e-05,0.0,s_ma,c_ms,c_ma,random
9,0.000120330296,0.0,s_ma,c_ms,c_ma,random
9,0.63391864,1.0,s_ms,c_ms,c_ma,random
9,0.47192305,0.0,s_ms,c_ms,c_ms,random
9,0.6234808,1.0,s_ms,c_ms,c_ms,random
9,0.5136434,1.0,s_ms,c_ms,c_ma,random
9,0.31415254,0.0,s_ms,c_ms,c_ms,random
9,1.2754111e-05,0.0,s_ma,c_ma,c_ms,random
9,1.7759929e-05,0.0,s_ma,c_ma,c_ma,random
9,4.043563e-05,0.0,s_ma,c_ma,c_ms,random
9,1.6675242e-05,0.0,s_ma,c_ma,c_ms,random
9,0.5978553,1.0,s_ms,c_ma,c_ma,random
9,0.62982297,1.0,s_ms,c_ma,c_ms,random
9,0.36913824,0.0,s_ms,c_ma,c_ma,random
9,0.53602135,1.0,s_ms,c_ma,c_ms,random
9,0.4720256,0.0,s_ms,c_ma,c_ma,random
9,5.6111392e-05,0.0,s_ma,c_ms,c_ms,random
9,2.1577498e-05,0.0,s_ma,c_ms,c_ma,random
9,0.00078529614,0.0,s_ma,c_ms,c_ms,random
9,1.760153e-05,0.0,s_ma,c_ms,c_ma,random
9,4.77879e-05,0.0,s_ma,c_ms,c_ma,random
9,0.5188968,1.0,s_ms,c_ms,c_ma,random
9,0.47452593,0.0,s_ms,c_ms,c_ms,random
9,0.71196985,1.0,s_ms,c_ms,c_ms,random
9,0.4473603,0.0,s_ms,c_ms,c_ma,random
9,0.32525066,0.0,s_ms,c_ms,c_ms,random
9,2.9055254e-05,0.0,s_ma,c_ma,c_ms,random
9,1.7700295e-05,0.0,s_ma,c_ma,c_ma,random
9,3.653824e-05,0.0,s_ma,c_ma,c_ms,random
9,0.00028265602,0.0,s_ma,c_ma,c_ms,random
9,0.70568144,1.0,s_ms,c_ma,c_ma,random
9,0.62637794,1.0,s_ms,c_ma,c_ms,random
9,0.61586416,1.0,s_ms,c_ma,c_ma,random
9,0.47608972,0.0,s_ms,c_ma,c_ms,random
9,0.65858066,1.0,s_ms,c_ma,c_ma,random
9,3.0379992e-05,0.0,s_ma,c_ms,c_ma,random
9,1.2804462e-05,0.0,s_ma,c_ms,c_ms,random
9,0.0005769236,0.0,s_ma,c_ms,c_ma,random
9,0.000109321016,0.0,s_ma,c_ms,c_ms,random
9,0.00038020228,0.0,s_ma,c_ms,c_ms,random
9,0.41838703,0.0,s_ms,c_ms,c_ms,random
9,0.37836856,0.0,s_ms,c_ms,c_ma,random
9,0.7468084,1.0,s_ms,c_ms,c_ma,random
9,0.46258712,0.0,s_ms,c_ms,c_ms,random
9,0.4453769,0.0,s_ms,c_ms,c_ma,random
9,5.3568597e-06,0.0,s_ma,c_ma,c_ma,random
9,4.1858424e-05,0.0,s_ma,c_ma,c_ms,random
9,2.9960273e-05,0.0,s_ma,c_ma,c_ms,random
9,7.1623275e-05,0.0,s_ma,c_ma,c_ma,random
9,0.54910356,1.0,s_ms,c_ma,c_ms,random
9,0.5630201,1.0,s_ms,c_ma,c_ma,random
9,0.33948445,0.0,s_ms,c_ma,c_ms,random
9,0.40134063,0.0,s_ms,c_ma,c_ma,random
9,0.40669,0.0,s_ms,c_ma,c_ms,random
9,0.00012312172,0.0,s_ma,c_ms,c_ma,random
9,3.8862163e-06,0.0,s_ma,c_ms,c_ms,random
9,0.0003287634,0.0,s_ma,c_ms,c_ma,random
9,6.023049e-05,0.0,s_ma,c_ms,c_ms,random
9,0.00041040342,0.0,s_ma,c_ms,c_ms,random
9,0.4310611,0.0,s_ms,c_ms,c_ms,random
9,0.5964203,1.0,s_ms,c_ms,c_ma,random
9,0.7148659,1.0,s_ms,c_ms,c_ma,random
9,0.34140116,0.0,s_ms,c_ms,c_ms,random
9,0.42138243,0.0,s_ms,c_ms,c_ma,random
9,1.5641934e-05,0.0,s_ma,c_ma,c_ma,random
9,1.5380116e-05,0.0,s_ma,c_ma,c_ms,random
9,0.00025020263,0.0,s_ma,c_ma,c_ms,random
9,7.068053e-05,0.0,s_ma,c_ma,c_ma,random
9,0.68825984,1.0,s_ms,c_ma,c_ms,random
9,0.70409966,1.0,s_ms,c_ma,c_ma,random
9,0.54631495,1.0,s_ms,c_ma,c_ms,random
9,0.52852124,1.0,s_ms,c_ma,c_ma,random
9,0.6714641,1.0,s_ms,c_ma,c_ms,random
9,0.3756448,0.0,s_ms,c_ms,c_ms,random
9,0.5180568,1.0,s_ms,c_ms,c_ma,random
9,0.39408106,0.0,s_ms,c_ms,c_ms,random
9,0.56590736,1.0,s_ms,c_ms,c_ma,random
9,0.35994673,0.0,s_ms,c_ms,c_ma,random
9,1.15875755e-05,0.0,s_ma,c_ms,c_ma,random
9,1.4590643e-05,0.0,s_ma,c_ms,c_ms,random
9,2.8652708e-05,0.0,s_ma,c_ms,c_ms,random
9,6.893008e-05,0.0,s_ma,c_ms,c_ma,random
9,9.521151e-05,0.0,s_ma,c_ms,c_ms,random
9,0.3769505,0.0,s_ms,c_ma,c_ms,random
9,0.28451443,0.0,s_ms,c_ma,c_ma,random
9,0.2182764,0.0,s_ms,c_ma,c_ma,random
9,0.34548634,0.0,s_ms,c_ma,c_ms,random
9,0.24332517,0.0,s_ms,c_ma,c_ms,random
9,0.00015288044,0.0,s_ma,c_ma,c_ms,random
9,3.4101227e-05,0.0,s_ma,c_ma,c_ma,random
9,0.00015926431,0.0,s_ma,c_ma,c_ms,random
9,6.649572e-05,0.0,s_ma,c_ma,c_ma,random
9,0.34528664,0.0,s_ms,c_ms,c_ma,random
9,0.44187716,0.0,s_ms,c_ms,c_ms,random
9,0.41460055,0.0,s_ms,c_ms,c_ma,random
9,0.3594299,0.0,s_ms,c_ms,c_ms,random
9,0.30305278,0.0,s_ms,c_ms,c_ms,random
9,4.5465567e-05,0.0,s_ma,c_ms,c_ms,random
9,2.8621504e-05,0.0,s_ma,c_ms,c_ma,random
9,0.00014414711,0.0,s_ma,c_ms,c_ma,random
9,0.00017750784,0.0,s_ma,c_ms,c_ms,random
9,0.0001960989,0.0,s_ma,c_ms,c_ma,random
9,0.34939224,0.0,s_ms,c_ma,c_ma,random
9,0.27594376,0.0,s_ms,c_ma,c_ms,random
9,0.26790178,0.0,s_ms,c_ma,c_ms,random
9,0.32542765,0.0,s_ms,c_ma,c_ma,random
9,0.21350308,0.0,s_ms,c_ma,c_ma,random
9,0.00015851138,0.0,s_ma,c_ma,c_ms,random
9,4.1070307e-05,0.0,s_ma,c_ma,c_ms,random
9,5.3905616e-05,0.0,s_ma,c_ma,c_ma,random
9,3.946936e-05,0.0,s_ma,c_ma,c_ms,random
9,0.44660628,0.0,s_ms,c_ms,c_ms,random
9,0.46953964,0.0,s_ms,c_ms,c_ma,random
9,0.42116374,0.0,s_ms,c_ms,c_ms,random
9,0.4644194,0.0,s_ms,c_ms,c_ma,random
9,0.4116739,0.0,s_ms,c_ms,c_ma,random
9,0.00013671978,0.0,s_ma,c_ms,c_ma,random
9,2.9811492e-05,0.0,s_ma,c_ms,c_ms,random
9,0.00024432546,0.0,s_ma,c_ms,c_ms,random
9,3.9648985e-05,0.0,s_ma,c_ms,c_ma,random
9,0.00022157839,0.0,s_ma,c_ms,c_ms,random
9,0.46580708,0.0,s_ms,c_ma,c_ms,random
9,0.55743563,1.0,s_ms,c_ma,c_ma,random
9,0.28646368,0.0,s_ms,c_ma,c_ma,random
9,0.587376,1.0,s_ms,c_ma,c_ms,random
9,0.34921023,0.0,s_ms,c_ma,c_ms,random
9,3.5828612e-05,0.0,s_ma,c_ma,c_ma,random
9,4.335434e-05,0.0,s_ma,c_ma,c_ms,random
9,0.00031470793,0.0,s_ma,c_ma,c_ms,random
9,0.00014202335,0.0,s_ma,c_ma,c_ma,random
9,0.58294535,1.0,s_ms,c_ms,c_ma,random
9,0.42079502,0.0,s_ms,c_ms,c_ms,random
9,0.3936231,0.0,s_ms,c_ms,c_ma,random
9,0.53335536,1.0,s_ms,c_ms,c_ms,random
9,0.33161947,0.0,s_ms,c_ms,c_ms,random
9,0.00020830634,0.0,s_ma,c_ms,c_ms,random
9,2.5849255e-05,0.0,s_ma,c_ms,c_ma,random
9,0.0008221048,0.0,s_ma,c_ms,c_ma,random
9,6.381954e-05,0.0,s_ma,c_ms,c_ms,random
9,8.931312e-05,0.0,s_ma,c_ms,c_ma,random
9,0.37952575,0.0,s_ms,c_ma,c_ma,random
9,0.32586333,0.0,s_ms,c_ma,c_ms,random
9,0.4221783,0.0,s_ms,c_ma,c_ms,random
9,0.49399436,0.0,s_ms,c_ma,c_ma,random
9,0.37757903,0.0,s_ms,c_ma,c_ma,random
9,0.00016205023,0.0,s_ma,c_ma,c_ms,random
9,5.4436183e-05,0.0,s_ma,c_ma,c_ma,random
9,0.00032287248,0.0,s_ma,c_ma,c_ms,random
9,1.5613838e-05,0.0,s_ma,c_ma,c_ms,random
9,0.59314936,1.0,s_ms,c_ms,c_ms,random
9,0.39669752,0.0,s_ms,c_ms,c_ma,random
9,0.3665107,0.0,s_ms,c_ms,c_ms,random
9,0.34520465,0.0,s_ms,c_ms,c_ma,random
9,0.31460804,0.0,s_ms,c_ms,c_ma,random
9,1.2294076e-05,0.0,s_ma,c_ms,c_ma,random
9,2.6300038e-05,0.0,s_ma,c_ms,c_ms,random
9,0.00025238114,0.0,s_ma,c_ms,c_ms,random
9,0.00018423401,0.0,s_ma,c_ms,c_ma,random
9,0.00017172919,0.0,s_ma,c_ms,c_ms,random
9,0.4808822,0.0,s_ms,c_ma,c_ms,random
9,0.4223111,0.0,s_ms,c_ma,c_ma,random
9,0.26673844,0.0,s_ms,c_ma,c_ma,random
9,0.5150175,1.0,s_ms,c_ma,c_ms,random
9,0.23612028,0.0,s_ms,c_ma,c_ms,random
9,6.247517e-05,0.0,s_ma,c_ma,c_ma,random
9,3.7132628e-05,0.0,s_ma,c_ma,c_ms,random
9,0.00012523143,0.0,s_ma,c_ma,c_ma,random
9,1.48128875e-05,0.0,s_ma,c_ma,c_ms,random
