model,acc,architecture,condition,alpha,lr_hebb,Unnamed: 0.1,Unnamed: 0
0,1.0,Hebbian,interleaved,0.0,0.01,,
0,1.0,Hebbian,interleaved,0.0,0.01,,
0,1.0,Hebbian,interleaved,0.0,0.01,,
0,1.0,Hebbian,interleaved,0.0,0.01,,
0,1.0,Hebbian,interleaved,0.0,0.01,,
0,1.0,Hebbian,interleaved,0.0,0.01,,
0,1.0,Hebbian,interleaved,0.0,0.01,,
0,1.0,Hebbian,interleaved,0.0,0.01,,
0,1.0,Hebbian,interleaved,0.0,0.01,,
0,1.0,Hebbian,interleaved,0.0,0.01,,
0,1.0,Hebbian,interleaved,0.0,0.01,,
0,1.0,Hebbian,interleaved,0.0,0.01,,
0,1.0,Hebbian,interleaved,0.0,0.01,,
0,1.0,Hebbian,interleaved,0.0,0.01,,
0,1.0,Hebbian,interleaved,0.0,0.01,,
0,1.0,Hebbian,interleaved,0.0,0.01,,
0,1.0,Hebbian,interleaved,0.0,0.01,,
0,1.0,Hebbian,interleaved,0.0,0.01,,
0,1.0,Hebbian,interleaved,0.0,0.01,,
0,1.0,Hebbian,interleaved,0.0,0.01,,
0,1.0,Hebbian,interleaved,0.0,0.01,,
0,1.0,Hebbian,interleaved,0.0,0.01,,
0,1.0,Hebbian,interleaved,0.0,0.01,,
0,1.0,Hebbian,interleaved,0.0,0.01,,
0,1.0,Hebbian,interleaved,0.0,0.01,,
0,1.0,Hebbian,interleaved,0.0,0.01,,
0,1.0,Hebbian,interleaved,0.0,0.01,,
0,1.0,Hebbian,interleaved,0.0,0.01,,
0,1.0,Hebbian,interleaved,0.0,0.01,,
0,1.0,Hebbian,interleaved,0.0,0.01,,
0,1.0,Hebbian,interleaved,0.0,0.01,,
0,1.0,Hebbian,interleaved,0.0,0.01,,
0,1.0,Hebbian,interleaved,0.0,0.01,,
0,1.0,Hebbian,interleaved,0.0,0.01,,
0,1.0,Hebbian,interleaved,0.0,0.01,,
0,1.0,Hebbian,interleaved,0.0,0.01,,
0,1.0,Hebbian,interleaved,0.0,0.01,,
0,1.0,Hebbian,interleaved,0.0,0.01,,
0,1.0,Hebbian,interleaved,0.0,0.01,,
0,1.0,Hebbian,interleaved,0.0,0.01,,
0,1.0,Hebbian,interleaved,0.0,0.01,,
0,1.0,Hebbian,interleaved,0.0,0.01,,
0,1.0,Hebbian,interleaved,0.0,0.01,,
0,1.0,Hebbian,interleaved,0.0,0.01,,
0,1.0,Hebbian,interleaved,0.0,0.01,,
0,1.0,Hebbian,interleaved,0.0,0.01,,
0,1.0,Hebbian,interleaved,0.0,0.01,,
0,1.0,Hebbian,interleaved,0.0,0.01,,
0,1.0,Hebbian,interleaved,0.0,0.01,,
0,1.0,Hebbian,interleaved,0.0,0.01,,
0,1.0,Hebbian,interleaved,0.0,0.01,,
0,1.0,Hebbian,interleaved,0.0,0.01,,
0,1.0,Hebbian,interleaved,0.0,0.01,,
0,1.0,Hebbian,interleaved,0.0,0.01,,
0,1.0,Hebbian,interleaved,0.0,0.01,,
0,1.0,Hebbian,interleaved,0.0,0.01,,
0,1.0,Hebbian,interleaved,0.0,0.01,,
0,1.0,Hebbian,interleaved,0.0,0.01,,
0,1.0,Hebbian,interleaved,0.0,0.01,,
0,1.0,Hebbian,interleaved,0.0,0.01,,
0,1.0,Hebbian,interleaved,0.0,0.01,,
0,1.0,Hebbian,interleaved,0.0,0.01,,
0,1.0,Hebbian,interleaved,0.0,0.01,,
0,1.0,Hebbian,interleaved,0.0,0.01,,
0,1.0,Hebbian,interleaved,0.0,0.01,,
0,1.0,Hebbian,interleaved,0.0,0.01,,
0,1.0,Hebbian,interleaved,0.0,0.01,,
0,1.0,Hebbian,interleaved,0.0,0.01,,
0,1.0,Hebbian,interleaved,0.0,0.01,,
0,1.0,Hebbian,interleaved,0.0,0.01,,
0,1.0,Hebbian,interleaved,0.0,0.01,,
0,1.0,Hebbian,interleaved,0.0,0.01,,
0,1.0,Hebbian,interleaved,0.0,0.01,,
0,1.0,Hebbian,interleaved,0.0,0.01,,
0,1.0,Hebbian,interleaved,0.0,0.01,,
0,1.0,Hebbian,interleaved,0.0,0.01,,
0,1.0,Hebbian,interleaved,0.0,0.01,,
0,1.0,Hebbian,interleaved,0.0,0.01,,
0,1.0,Hebbian,interleaved,0.0,0.01,,
0,1.0,Hebbian,interleaved,0.0,0.01,,
0,1.0,Hebbian,interleaved,0.0,0.01,,
0,1.0,Hebbian,interleaved,0.0,0.01,,
0,1.0,Hebbian,interleaved,0.0,0.01,,
0,1.0,Hebbian,interleaved,0.0,0.01,,
0,1.0,Hebbian,interleaved,0.0,0.01,,
0,1.0,Hebbian,interleaved,0.0,0.01,,
0,1.0,Hebbian,interleaved,0.0,0.01,,
0,1.0,Hebbian,interleaved,0.0,0.01,,
0,1.0,Hebbian,interleaved,0.0,0.01,,
0,1.0,Hebbian,interleaved,0.0,0.01,,
0,1.0,Hebbian,interleaved,0.0,0.01,,
0,1.0,Hebbian,interleaved,0.0,0.01,,
0,1.0,Hebbian,interleaved,0.0,0.01,,
0,1.0,Hebbian,interleaved,0.0,0.01,,
0,1.0,Hebbian,interleaved,0.0,0.01,,
0,0.0,Hebbian,interleaved,0.0,0.01,,
0,0.0,Hebbian,interleaved,0.0,0.01,,
0,0.0,Hebbian,interleaved,0.0,0.01,,
0,0.0,Hebbian,interleaved,0.0,0.01,,
0,0.0,Hebbian,interleaved,0.0,0.01,,
0,1.0,Hebbian,interleaved,0.0,0.01,,
0,1.0,Hebbian,interleaved,0.0,0.01,,
0,1.0,Hebbian,interleaved,0.0,0.01,,
0,1.0,Hebbian,interleaved,0.0,0.01,,
0,1.0,Hebbian,interleaved,0.0,0.01,,
0,1.0,Hebbian,interleaved,0.0,0.01,,
0,1.0,Hebbian,interleaved,0.0,0.01,,
0,1.0,Hebbian,interleaved,0.0,0.01,,
0,1.0,Hebbian,interleaved,0.0,0.01,,
0,1.0,Hebbian,interleaved,0.0,0.01,,
0,1.0,Hebbian,interleaved,0.0,0.01,,
0,1.0,Hebbian,interleaved,0.0,0.01,,
0,1.0,Hebbian,interleaved,0.0,0.01,,
0,1.0,Hebbian,interleaved,0.0,0.01,,
0,0.0,Hebbian,interleaved,0.0,0.01,,
0,0.0,Hebbian,interleaved,0.0,0.01,,
0,0.0,Hebbian,interleaved,0.0,0.01,,
0,0.0,Hebbian,interleaved,0.0,0.01,,
0,0.0,Hebbian,interleaved,0.0,0.01,,
0,1.0,Hebbian,interleaved,0.0,0.01,,
0,1.0,Hebbian,interleaved,0.0,0.01,,
0,1.0,Hebbian,interleaved,0.0,0.01,,
0,1.0,Hebbian,interleaved,0.0,0.01,,
0,1.0,Hebbian,interleaved,0.0,0.01,,
0,1.0,Hebbian,interleaved,0.0,0.01,,
0,1.0,Hebbian,interleaved,0.0,0.01,,
0,1.0,Hebbian,interleaved,0.0,0.01,,
0,1.0,Hebbian,interleaved,0.0,0.01,,
0,1.0,Hebbian,interleaved,0.0,0.01,,
0,1.0,Hebbian,interleaved,0.0,0.01,,
0,1.0,Hebbian,interleaved,0.0,0.01,,
0,1.0,Hebbian,interleaved,0.0,0.01,,
0,1.0,Hebbian,interleaved,0.0,0.01,,
0,0.0,Hebbian,interleaved,0.0,0.01,,
0,1.0,Hebbian,interleaved,0.0,0.01,,
0,0.0,Hebbian,interleaved,0.0,0.01,,
0,0.0,Hebbian,interleaved,0.0,0.01,,
0,0.0,Hebbian,interleaved,0.0,0.01,,
0,1.0,Hebbian,interleaved,0.0,0.01,,
0,1.0,Hebbian,interleaved,0.0,0.01,,
0,1.0,Hebbian,interleaved,0.0,0.01,,
0,1.0,Hebbian,interleaved,0.0,0.01,,
0,1.0,Hebbian,interleaved,0.0,0.01,,
0,1.0,Hebbian,interleaved,0.0,0.01,,
0,1.0,Hebbian,interleaved,0.0,0.01,,
0,1.0,Hebbian,interleaved,0.0,0.01,,
0,1.0,Hebbian,interleaved,0.0,0.01,,
0,1.0,Hebbian,interleaved,0.0,0.01,,
0,1.0,Hebbian,interleaved,0.0,0.01,,
0,1.0,Hebbian,interleaved,0.0,0.01,,
0,1.0,Hebbian,interleaved,0.0,0.01,,
0,1.0,Hebbian,interleaved,0.0,0.01,,
0,1.0,Hebbian,interleaved,0.0,0.01,,
0,1.0,Hebbian,interleaved,0.0,0.01,,
0,0.0,Hebbian,interleaved,0.0,0.01,,
0,1.0,Hebbian,interleaved,0.0,0.01,,
0,0.0,Hebbian,interleaved,0.0,0.01,,
0,1.0,Hebbian,interleaved,0.0,0.01,,
0,1.0,Hebbian,interleaved,0.0,0.01,,
0,1.0,Hebbian,interleaved,0.0,0.01,,
0,1.0,Hebbian,interleaved,0.0,0.01,,
0,1.0,Hebbian,interleaved,0.0,0.01,,
0,1.0,Hebbian,interleaved,0.0,0.01,,
0,1.0,Hebbian,interleaved,0.0,0.01,,
0,1.0,Hebbian,interleaved,0.0,0.01,,
0,1.0,Hebbian,interleaved,0.0,0.01,,
0,1.0,Hebbian,interleaved,0.0,0.01,,
0,1.0,Hebbian,interleaved,0.0,0.01,,
0,1.0,Hebbian,interleaved,0.0,0.01,,
0,1.0,Hebbian,interleaved,0.0,0.01,,
0,1.0,Hebbian,interleaved,0.0,0.01,,
0,1.0,Hebbian,interleaved,0.0,0.01,,
0,1.0,Hebbian,interleaved,0.0,0.01,,
0,0.0,Hebbian,interleaved,0.0,0.01,,
0,1.0,Hebbian,interleaved,0.0,0.01,,
0,0.0,Hebbian,interleaved,0.0,0.01,,
0,1.0,Hebbian,interleaved,0.0,0.01,,
0,1.0,Hebbian,interleaved,0.0,0.01,,
0,1.0,Hebbian,interleaved,0.0,0.01,,
0,1.0,Hebbian,interleaved,0.0,0.01,,
0,1.0,Hebbian,interleaved,0.0,0.01,,
0,1.0,Hebbian,interleaved,0.0,0.01,,
0,1.0,Hebbian,interleaved,0.0,0.01,,
0,1.0,Hebbian,interleaved,0.0,0.01,,
0,1.0,Hebbian,interleaved,0.0,0.01,,
0,1.0,Hebbian,interleaved,0.0,0.01,,
0,1.0,Hebbian,interleaved,0.0,0.01,,
0,1.0,Hebbian,interleaved,0.0,0.01,,
0,1.0,Hebbian,interleaved,0.0,0.01,,
0,1.0,Hebbian,interleaved,0.0,0.01,,
0,1.0,Hebbian,interleaved,0.0,0.01,,
0,1.0,Hebbian,interleaved,0.0,0.01,,
0,1.0,Hebbian,interleaved,0.0,0.01,,
0,1.0,Hebbian,interleaved,0.0,0.01,,
0,1.0,Hebbian,interleaved,0.0,0.01,,
0,1.0,Hebbian,interleaved,0.0,0.01,,
0,1.0,Hebbian,interleaved,0.0,0.01,,
0,1.0,Hebbian,interleaved,0.0,0.01,,
0,1.0,Hebbian,interleaved,0.0,0.01,,
0,1.0,Hebbian,interleaved,0.0,0.01,,
0,1.0,Hebbian,interleaved,0.0,0.01,,
0,1.0,Hebbian,interleaved,0.0,0.01,,
0,1.0,Hebbian,interleaved,0.0,0.01,,
0,1.0,Hebbian,interleaved,0.0,0.01,,
0,1.0,Hebbian,interleaved,0.0,0.01,,
0,1.0,Hebbian,interleaved,0.0,0.01,,
0,1.0,Hebbian,interleaved,0.0,0.01,,
0,1.0,Hebbian,interleaved,0.0,0.01,,
0,1.0,Hebbian,interleaved,0.0,0.01,,
0,1.0,Hebbian,interleaved,0.0,0.01,,
0,1.0,Hebbian,interleaved,0.0,0.01,,
0,1.0,Hebbian,interleaved,0.0,0.01,,
0,1.0,Hebbian,interleaved,0.0,0.01,,
0,1.0,Hebbian,interleaved,0.0,0.01,,
0,1.0,Hebbian,interleaved,0.0,0.01,,
0,1.0,Hebbian,interleaved,0.0,0.01,,
0,1.0,Hebbian,interleaved,0.0,0.01,,
0,1.0,Hebbian,interleaved,0.0,0.01,,
0,1.0,Hebbian,interleaved,0.0,0.01,,
0,1.0,Hebbian,interleaved,0.0,0.01,,
0,1.0,Hebbian,interleaved,0.0,0.01,,
0,1.0,Hebbian,interleaved,0.0,0.01,,
0,1.0,Hebbian,interleaved,0.0,0.01,,
0,1.0,Hebbian,interleaved,0.0,0.01,,
0,1.0,Hebbian,interleaved,0.0,0.01,,
0,1.0,Hebbian,interleaved,0.0,0.01,,
0,1.0,Hebbian,interleaved,0.0,0.01,,
0,1.0,Hebbian,interleaved,0.0,0.01,,
0,1.0,Hebbian,interleaved,0.0,0.01,,
0,1.0,Hebbian,interleaved,0.0,0.01,,
0,1.0,Hebbian,interleaved,0.0,0.01,,
0,1.0,Hebbian,interleaved,0.0,0.01,,
0,1.0,Hebbian,interleaved,0.0,0.01,,
0,1.0,Hebbian,interleaved,0.0,0.01,,
0,1.0,Hebbian,interleaved,0.0,0.01,,
0,1.0,Hebbian,interleaved,0.0,0.01,,
0,1.0,Hebbian,interleaved,0.0,0.01,,
0,1.0,Hebbian,interleaved,0.0,0.01,,
0,1.0,Hebbian,interleaved,0.0,0.01,,
0,1.0,Hebbian,interleaved,0.0,0.01,,
0,1.0,Hebbian,interleaved,0.0,0.01,,
0,1.0,Hebbian,interleaved,0.0,0.01,,
0,1.0,Hebbian,interleaved,0.0,0.01,,
0,1.0,Hebbian,interleaved,0.0,0.01,,
0,1.0,Hebbian,interleaved,0.0,0.01,,
0,1.0,Hebbian,interleaved,0.0,0.01,,
0,1.0,Hebbian,interleaved,0.0,0.01,,
0,1.0,Hebbian,interleaved,0.0,0.01,,
0,1.0,Hebbian,interleaved,0.0,0.01,,
0,1.0,Hebbian,interleaved,0.0,0.01,,
0,1.0,Hebbian,interleaved,0.0,0.01,,
0,1.0,Hebbian,interleaved,0.0,0.01,,
0,1.0,Hebbian,interleaved,0.0,0.01,,
0,1.0,Hebbian,interleaved,0.0,0.01,,
0,1.0,Hebbian,interleaved,0.0,0.01,,
0,1.0,Hebbian,interleaved,0.0,0.01,,
0,1.0,Hebbian,interleaved,0.0,0.01,,
0,1.0,Hebbian,interleaved,0.0,0.01,,
0,1.0,Hebbian,interleaved,0.0,0.01,,
0,1.0,Hebbian,interleaved,0.0,0.01,,
0,1.0,Hebbian,interleaved,0.0,0.01,,
0,1.0,Hebbian,interleaved,0.0,0.01,,
0,1.0,Hebbian,interleaved,0.0,0.01,,
0,1.0,Hebbian,interleaved,0.0,0.01,,
0,1.0,Hebbian,interleaved,0.0,0.01,,
0,1.0,Hebbian,interleaved,0.0,0.01,,
0,1.0,Hebbian,interleaved,0.0,0.01,,
0,1.0,Hebbian,interleaved,0.0,0.01,,
0,1.0,Hebbian,interleaved,0.0,0.01,,
0,1.0,Hebbian,interleaved,0.0,0.01,,
0,1.0,Hebbian,interleaved,0.0,0.01,,
0,1.0,Hebbian,interleaved,0.0,0.01,,
0,1.0,Hebbian,interleaved,0.0,0.01,,
0,1.0,Hebbian,interleaved,0.0,0.01,,
0,1.0,Hebbian,interleaved,0.0,0.01,,
0,1.0,Hebbian,interleaved,0.0,0.01,,
0,1.0,Hebbian,interleaved,0.0,0.01,,
0,1.0,Hebbian,interleaved,0.0,0.01,,
0,1.0,Hebbian,interleaved,0.0,0.01,,
0,1.0,Hebbian,interleaved,0.0,0.01,,
0,1.0,Hebbian,interleaved,0.0,0.01,,
0,1.0,Hebbian,interleaved,0.0,0.01,,
0,0.0,Hebbian,interleaved,0.0,0.01,,
0,1.0,Hebbian,interleaved,0.0,0.01,,
0,1.0,Hebbian,interleaved,0.0,0.01,,
0,1.0,Hebbian,interleaved,0.0,0.01,,
0,1.0,Hebbian,interleaved,0.0,0.01,,
0,1.0,Hebbian,interleaved,0.0,0.01,,
0,1.0,Hebbian,interleaved,0.0,0.01,,
0,1.0,Hebbian,interleaved,0.0,0.01,,
0,1.0,Hebbian,interleaved,0.0,0.01,,
0,1.0,Hebbian,interleaved,0.0,0.01,,
0,1.0,Hebbian,interleaved,0.0,0.01,,
0,1.0,Hebbian,interleaved,0.0,0.01,,
0,1.0,Hebbian,interleaved,0.0,0.01,,
0,0.0,Hebbian,interleaved,0.0,0.01,,
0,0.0,Hebbian,interleaved,0.0,0.01,,
0,0.0,Hebbian,interleaved,0.0,0.01,,
0,1.0,Hebbian,interleaved,0.0,0.01,,
0,1.0,Hebbian,interleaved,0.0,0.01,,
0,1.0,Hebbian,interleaved,0.0,0.01,,
0,1.0,Hebbian,interleaved,0.0,0.01,,
0,1.0,Hebbian,interleaved,0.0,0.01,,
0,1.0,Hebbian,interleaved,0.0,0.01,,
0,1.0,Hebbian,interleaved,0.0,0.01,,
0,1.0,Hebbian,interleaved,0.0,0.01,,
0,1.0,Hebbian,interleaved,0.0,0.01,,
0,1.0,Hebbian,interleaved,0.0,0.01,,
0,1.0,Hebbian,interleaved,0.0,0.01,,
0,1.0,Hebbian,interleaved,0.0,0.01,,
0,1.0,Hebbian,interleaved,0.0,0.01,,
0,1.0,Hebbian,interleaved,0.0,0.01,,
0,1.0,Hebbian,interleaved,0.0,0.01,,
0,1.0,Hebbian,interleaved,0.0,0.01,,
0,0.0,Hebbian,interleaved,0.0,0.01,,
0,0.0,Hebbian,interleaved,0.0,0.01,,
0,0.0,Hebbian,interleaved,0.0,0.01,,
0,0.0,Hebbian,interleaved,0.0,0.01,,
0,1.0,Hebbian,interleaved,0.0,0.01,,
0,1.0,Hebbian,interleaved,0.0,0.01,,
0,1.0,Hebbian,interleaved,0.0,0.01,,
0,1.0,Hebbian,interleaved,0.0,0.01,,
0,1.0,Hebbian,interleaved,0.0,0.01,,
0,1.0,Hebbian,interleaved,0.0,0.01,,
0,1.0,Hebbian,interleaved,0.0,0.01,,
0,1.0,Hebbian,interleaved,0.0,0.01,,
0,1.0,Hebbian,interleaved,0.0,0.01,,
0,1.0,Hebbian,interleaved,0.0,0.01,,
0,1.0,Hebbian,interleaved,0.0,0.01,,
0,1.0,Hebbian,interleaved,0.0,0.01,,
0,1.0,Hebbian,interleaved,0.0,0.01,,
0,1.0,Hebbian,interleaved,0.0,0.01,,
0,1.0,Hebbian,interleaved,0.0,0.01,,
0,0.0,Hebbian,interleaved,0.0,0.01,,
0,1.0,Hebbian,interleaved,0.0,0.01,,
0,1.0,Hebbian,interleaved,0.0,0.01,,
0,1.0,Hebbian,interleaved,0.0,0.01,,
0,1.0,Hebbian,interleaved,0.0,0.01,,
0,1.0,Hebbian,interleaved,0.0,0.01,,
0,1.0,Hebbian,interleaved,0.0,0.01,,
0,1.0,Hebbian,interleaved,0.0,0.01,,
0,1.0,Hebbian,interleaved,0.0,0.01,,
0,1.0,Hebbian,interleaved,0.0,0.01,,
0,1.0,Hebbian,interleaved,0.0,0.01,,
0,1.0,Hebbian,interleaved,0.0,0.01,,
0,1.0,Hebbian,interleaved,0.0,0.01,,
0,1.0,Hebbian,interleaved,0.0,0.01,,
0,1.0,Hebbian,interleaved,0.0,0.01,,
0,1.0,Hebbian,interleaved,0.0,0.01,,
0,1.0,Hebbian,interleaved,0.0,0.01,,
0,1.0,Hebbian,interleaved,0.0,0.01,,
0,1.0,Hebbian,interleaved,0.0,0.01,,
0,0.0,Hebbian,interleaved,0.0,0.01,,
0,1.0,Hebbian,interleaved,0.0,0.01,,
0,0.0,Hebbian,interleaved,0.0,0.01,,
0,0.0,Hebbian,interleaved,0.0,0.01,,
0,1.0,Hebbian,interleaved,0.0,0.01,,
0,1.0,Hebbian,interleaved,0.0,0.01,,
0,1.0,Hebbian,interleaved,0.0,0.01,,
0,1.0,Hebbian,interleaved,0.0,0.01,,
0,1.0,Hebbian,interleaved,0.0,0.01,,
0,1.0,Hebbian,interleaved,0.0,0.01,,
0,1.0,Hebbian,interleaved,0.0,0.01,,
0,1.0,Hebbian,interleaved,0.0,0.01,,
0,1.0,Hebbian,interleaved,0.0,0.01,,
0,1.0,Hebbian,interleaved,0.0,0.01,,
0,1.0,Hebbian,interleaved,0.0,0.01,,
0,1.0,Hebbian,interleaved,0.0,0.01,,
0,1.0,Hebbian,interleaved,0.0,0.01,,
0,1.0,Hebbian,interleaved,0.0,0.01,,
0,1.0,Hebbian,interleaved,0.0,0.01,,
0,0.0,Hebbian,interleaved,0.0,0.01,,
0,0.0,Hebbian,interleaved,0.0,0.01,,
0,0.0,Hebbian,interleaved,0.0,0.01,,
0,0.0,Hebbian,interleaved,0.0,0.01,,
0,1.0,Hebbian,interleaved,0.0,0.01,,
0,1.0,Hebbian,interleaved,0.0,0.01,,
0,1.0,Hebbian,interleaved,0.0,0.01,,
0,1.0,Hebbian,interleaved,0.0,0.01,,
0,1.0,Hebbian,interleaved,0.0,0.01,,
1,1.0,Hebbian,interleaved,0.0,0.01,,
1,1.0,Hebbian,interleaved,0.0,0.01,,
1,1.0,Hebbian,interleaved,0.0,0.01,,
1,1.0,Hebbian,interleaved,0.0,0.01,,
1,1.0,Hebbian,interleaved,0.0,0.01,,
1,1.0,Hebbian,interleaved,0.0,0.01,,
1,1.0,Hebbian,interleaved,0.0,0.01,,
1,1.0,Hebbian,interleaved,0.0,0.01,,
1,1.0,Hebbian,interleaved,0.0,0.01,,
1,1.0,Hebbian,interleaved,0.0,0.01,,
1,1.0,Hebbian,interleaved,0.0,0.01,,
1,1.0,Hebbian,interleaved,0.0,0.01,,
1,1.0,Hebbian,interleaved,0.0,0.01,,
1,1.0,Hebbian,interleaved,0.0,0.01,,
1,1.0,Hebbian,interleaved,0.0,0.01,,
1,1.0,Hebbian,interleaved,0.0,0.01,,
1,1.0,Hebbian,interleaved,0.0,0.01,,
1,1.0,Hebbian,interleaved,0.0,0.01,,
1,1.0,Hebbian,interleaved,0.0,0.01,,
1,1.0,Hebbian,interleaved,0.0,0.01,,
1,1.0,Hebbian,interleaved,0.0,0.01,,
1,1.0,Hebbian,interleaved,0.0,0.01,,
1,1.0,Hebbian,interleaved,0.0,0.01,,
1,1.0,Hebbian,interleaved,0.0,0.01,,
1,1.0,Hebbian,interleaved,0.0,0.01,,
1,1.0,Hebbian,interleaved,0.0,0.01,,
1,1.0,Hebbian,interleaved,0.0,0.01,,
1,1.0,Hebbian,interleaved,0.0,0.01,,
1,1.0,Hebbian,interleaved,0.0,0.01,,
1,1.0,Hebbian,interleaved,0.0,0.01,,
1,1.0,Hebbian,interleaved,0.0,0.01,,
1,1.0,Hebbian,interleaved,0.0,0.01,,
1,1.0,Hebbian,interleaved,0.0,0.01,,
1,1.0,Hebbian,interleaved,0.0,0.01,,
1,1.0,Hebbian,interleaved,0.0,0.01,,
1,1.0,Hebbian,interleaved,0.0,0.01,,
1,1.0,Hebbian,interleaved,0.0,0.01,,
1,1.0,Hebbian,interleaved,0.0,0.01,,
1,1.0,Hebbian,interleaved,0.0,0.01,,
1,1.0,Hebbian,interleaved,0.0,0.01,,
1,1.0,Hebbian,interleaved,0.0,0.01,,
1,1.0,Hebbian,interleaved,0.0,0.01,,
1,1.0,Hebbian,interleaved,0.0,0.01,,
1,1.0,Hebbian,interleaved,0.0,0.01,,
1,1.0,Hebbian,interleaved,0.0,0.01,,
1,1.0,Hebbian,interleaved,0.0,0.01,,
1,1.0,Hebbian,interleaved,0.0,0.01,,
1,1.0,Hebbian,interleaved,0.0,0.01,,
1,1.0,Hebbian,interleaved,0.0,0.01,,
1,1.0,Hebbian,interleaved,0.0,0.01,,
1,1.0,Hebbian,interleaved,0.0,0.01,,
1,1.0,Hebbian,interleaved,0.0,0.01,,
1,1.0,Hebbian,interleaved,0.0,0.01,,
1,1.0,Hebbian,interleaved,0.0,0.01,,
1,1.0,Hebbian,interleaved,0.0,0.01,,
1,1.0,Hebbian,interleaved,0.0,0.01,,
1,1.0,Hebbian,interleaved,0.0,0.01,,
1,1.0,Hebbian,interleaved,0.0,0.01,,
1,1.0,Hebbian,interleaved,0.0,0.01,,
1,1.0,Hebbian,interleaved,0.0,0.01,,
1,1.0,Hebbian,interleaved,0.0,0.01,,
1,1.0,Hebbian,interleaved,0.0,0.01,,
1,1.0,Hebbian,interleaved,0.0,0.01,,
1,1.0,Hebbian,interleaved,0.0,0.01,,
1,1.0,Hebbian,interleaved,0.0,0.01,,
1,1.0,Hebbian,interleaved,0.0,0.01,,
1,1.0,Hebbian,interleaved,0.0,0.01,,
1,1.0,Hebbian,interleaved,0.0,0.01,,
1,1.0,Hebbian,interleaved,0.0,0.01,,
1,1.0,Hebbian,interleaved,0.0,0.01,,
1,1.0,Hebbian,interleaved,0.0,0.01,,
1,1.0,Hebbian,interleaved,0.0,0.01,,
1,1.0,Hebbian,interleaved,0.0,0.01,,
1,1.0,Hebbian,interleaved,0.0,0.01,,
1,1.0,Hebbian,interleaved,0.0,0.01,,
1,1.0,Hebbian,interleaved,0.0,0.01,,
1,1.0,Hebbian,interleaved,0.0,0.01,,
1,1.0,Hebbian,interleaved,0.0,0.01,,
1,1.0,Hebbian,interleaved,0.0,0.01,,
1,1.0,Hebbian,interleaved,0.0,0.01,,
1,1.0,Hebbian,interleaved,0.0,0.01,,
1,1.0,Hebbian,interleaved,0.0,0.01,,
1,1.0,Hebbian,interleaved,0.0,0.01,,
1,1.0,Hebbian,interleaved,0.0,0.01,,
1,1.0,Hebbian,interleaved,0.0,0.01,,
1,1.0,Hebbian,interleaved,0.0,0.01,,
1,1.0,Hebbian,interleaved,0.0,0.01,,
1,1.0,Hebbian,interleaved,0.0,0.01,,
1,1.0,Hebbian,interleaved,0.0,0.01,,
1,1.0,Hebbian,interleaved,0.0,0.01,,
1,1.0,Hebbian,interleaved,0.0,0.01,,
1,1.0,Hebbian,interleaved,0.0,0.01,,
1,1.0,Hebbian,interleaved,0.0,0.01,,
1,1.0,Hebbian,interleaved,0.0,0.01,,
1,1.0,Hebbian,interleaved,0.0,0.01,,
1,1.0,Hebbian,interleaved,0.0,0.01,,
1,0.0,Hebbian,interleaved,0.0,0.01,,
1,0.0,Hebbian,interleaved,0.0,0.01,,
1,0.0,Hebbian,interleaved,0.0,0.01,,
1,0.0,Hebbian,interleaved,0.0,0.01,,
1,1.0,Hebbian,interleaved,0.0,0.01,,
1,1.0,Hebbian,interleaved,0.0,0.01,,
1,1.0,Hebbian,interleaved,0.0,0.01,,
1,1.0,Hebbian,interleaved,0.0,0.01,,
1,1.0,Hebbian,interleaved,0.0,0.01,,
1,1.0,Hebbian,interleaved,0.0,0.01,,
1,1.0,Hebbian,interleaved,0.0,0.01,,
1,1.0,Hebbian,interleaved,0.0,0.01,,
1,1.0,Hebbian,interleaved,0.0,0.01,,
1,1.0,Hebbian,interleaved,0.0,0.01,,
1,1.0,Hebbian,interleaved,0.0,0.01,,
1,1.0,Hebbian,interleaved,0.0,0.01,,
1,1.0,Hebbian,interleaved,0.0,0.01,,
1,1.0,Hebbian,interleaved,0.0,0.01,,
1,1.0,Hebbian,interleaved,0.0,0.01,,
1,0.0,Hebbian,interleaved,0.0,0.01,,
1,0.0,Hebbian,interleaved,0.0,0.01,,
1,0.0,Hebbian,interleaved,0.0,0.01,,
1,0.0,Hebbian,interleaved,0.0,0.01,,
1,1.0,Hebbian,interleaved,0.0,0.01,,
1,1.0,Hebbian,interleaved,0.0,0.01,,
1,1.0,Hebbian,interleaved,0.0,0.01,,
1,1.0,Hebbian,interleaved,0.0,0.01,,
1,1.0,Hebbian,interleaved,0.0,0.01,,
1,1.0,Hebbian,interleaved,0.0,0.01,,
1,1.0,Hebbian,interleaved,0.0,0.01,,
1,1.0,Hebbian,interleaved,0.0,0.01,,
1,1.0,Hebbian,interleaved,0.0,0.01,,
1,1.0,Hebbian,interleaved,0.0,0.01,,
1,1.0,Hebbian,interleaved,0.0,0.01,,
1,1.0,Hebbian,interleaved,0.0,0.01,,
1,1.0,Hebbian,interleaved,0.0,0.01,,
1,1.0,Hebbian,interleaved,0.0,0.01,,
1,0.0,Hebbian,interleaved,0.0,0.01,,
1,0.0,Hebbian,interleaved,0.0,0.01,,
1,0.0,Hebbian,interleaved,0.0,0.01,,
1,0.0,Hebbian,interleaved,0.0,0.01,,
1,0.0,Hebbian,interleaved,0.0,0.01,,
1,1.0,Hebbian,interleaved,0.0,0.01,,
1,1.0,Hebbian,interleaved,0.0,0.01,,
1,1.0,Hebbian,interleaved,0.0,0.01,,
1,1.0,Hebbian,interleaved,0.0,0.01,,
1,1.0,Hebbian,interleaved,0.0,0.01,,
1,1.0,Hebbian,interleaved,0.0,0.01,,
1,1.0,Hebbian,interleaved,0.0,0.01,,
1,1.0,Hebbian,interleaved,0.0,0.01,,
1,1.0,Hebbian,interleaved,0.0,0.01,,
1,1.0,Hebbian,interleaved,0.0,0.01,,
1,1.0,Hebbian,interleaved,0.0,0.01,,
1,1.0,Hebbian,interleaved,0.0,0.01,,
1,1.0,Hebbian,interleaved,0.0,0.01,,
1,1.0,Hebbian,interleaved,0.0,0.01,,
1,0.0,Hebbian,interleaved,0.0,0.01,,
1,0.0,Hebbian,interleaved,0.0,0.01,,
1,0.0,Hebbian,interleaved,0.0,0.01,,
1,0.0,Hebbian,interleaved,0.0,0.01,,
1,0.0,Hebbian,interleaved,0.0,0.01,,
1,1.0,Hebbian,interleaved,0.0,0.01,,
1,1.0,Hebbian,interleaved,0.0,0.01,,
1,1.0,Hebbian,interleaved,0.0,0.01,,
1,1.0,Hebbian,interleaved,0.0,0.01,,
1,1.0,Hebbian,interleaved,0.0,0.01,,
1,1.0,Hebbian,interleaved,0.0,0.01,,
1,1.0,Hebbian,interleaved,0.0,0.01,,
1,1.0,Hebbian,interleaved,0.0,0.01,,
1,1.0,Hebbian,interleaved,0.0,0.01,,
1,1.0,Hebbian,interleaved,0.0,0.01,,
1,1.0,Hebbian,interleaved,0.0,0.01,,
1,1.0,Hebbian,interleaved,0.0,0.01,,
1,1.0,Hebbian,interleaved,0.0,0.01,,
1,1.0,Hebbian,interleaved,0.0,0.01,,
1,0.0,Hebbian,interleaved,0.0,0.01,,
1,0.0,Hebbian,interleaved,0.0,0.01,,
1,0.0,Hebbian,interleaved,0.0,0.01,,
1,0.0,Hebbian,interleaved,0.0,0.01,,
1,0.0,Hebbian,interleaved,0.0,0.01,,
1,1.0,Hebbian,interleaved,0.0,0.01,,
1,1.0,Hebbian,interleaved,0.0,0.01,,
1,1.0,Hebbian,interleaved,0.0,0.01,,
1,1.0,Hebbian,interleaved,0.0,0.01,,
1,1.0,Hebbian,interleaved,0.0,0.01,,
1,1.0,Hebbian,interleaved,0.0,0.01,,
1,1.0,Hebbian,interleaved,0.0,0.01,,
1,1.0,Hebbian,interleaved,0.0,0.01,,
1,1.0,Hebbian,interleaved,0.0,0.01,,
1,1.0,Hebbian,interleaved,0.0,0.01,,
1,1.0,Hebbian,interleaved,0.0,0.01,,
1,1.0,Hebbian,interleaved,0.0,0.01,,
1,1.0,Hebbian,interleaved,0.0,0.01,,
1,1.0,Hebbian,interleaved,0.0,0.01,,
1,1.0,Hebbian,interleaved,0.0,0.01,,
1,1.0,Hebbian,interleaved,0.0,0.01,,
1,1.0,Hebbian,interleaved,0.0,0.01,,
1,1.0,Hebbian,interleaved,0.0,0.01,,
1,1.0,Hebbian,interleaved,0.0,0.01,,
1,1.0,Hebbian,interleaved,0.0,0.01,,
1,1.0,Hebbian,interleaved,0.0,0.01,,
1,1.0,Hebbian,interleaved,0.0,0.01,,
1,1.0,Hebbian,interleaved,0.0,0.01,,
1,1.0,Hebbian,interleaved,0.0,0.01,,
1,1.0,Hebbian,interleaved,0.0,0.01,,
1,1.0,Hebbian,interleaved,0.0,0.01,,
1,1.0,Hebbian,interleaved,0.0,0.01,,
1,1.0,Hebbian,interleaved,0.0,0.01,,
1,1.0,Hebbian,interleaved,0.0,0.01,,
1,1.0,Hebbian,interleaved,0.0,0.01,,
1,1.0,Hebbian,interleaved,0.0,0.01,,
1,1.0,Hebbian,interleaved,0.0,0.01,,
1,1.0,Hebbian,interleaved,0.0,0.01,,
1,1.0,Hebbian,interleaved,0.0,0.01,,
1,1.0,Hebbian,interleaved,0.0,0.01,,
1,1.0,Hebbian,interleaved,0.0,0.01,,
1,1.0,Hebbian,interleaved,0.0,0.01,,
1,1.0,Hebbian,interleaved,0.0,0.01,,
1,1.0,Hebbian,interleaved,0.0,0.01,,
1,1.0,Hebbian,interleaved,0.0,0.01,,
1,1.0,Hebbian,interleaved,0.0,0.01,,
1,1.0,Hebbian,interleaved,0.0,0.01,,
1,1.0,Hebbian,interleaved,0.0,0.01,,
1,1.0,Hebbian,interleaved,0.0,0.01,,
1,1.0,Hebbian,interleaved,0.0,0.01,,
1,1.0,Hebbian,interleaved,0.0,0.01,,
1,1.0,Hebbian,interleaved,0.0,0.01,,
1,1.0,Hebbian,interleaved,0.0,0.01,,
1,1.0,Hebbian,interleaved,0.0,0.01,,
1,1.0,Hebbian,interleaved,0.0,0.01,,
1,0.0,Hebbian,interleaved,0.0,0.01,,
1,1.0,Hebbian,interleaved,0.0,0.01,,
1,1.0,Hebbian,interleaved,0.0,0.01,,
1,1.0,Hebbian,interleaved,0.0,0.01,,
1,1.0,Hebbian,interleaved,0.0,0.01,,
1,1.0,Hebbian,interleaved,0.0,0.01,,
1,1.0,Hebbian,interleaved,0.0,0.01,,
1,1.0,Hebbian,interleaved,0.0,0.01,,
1,1.0,Hebbian,interleaved,0.0,0.01,,
1,1.0,Hebbian,interleaved,0.0,0.01,,
1,1.0,Hebbian,interleaved,0.0,0.01,,
1,1.0,Hebbian,interleaved,0.0,0.01,,
1,1.0,Hebbian,interleaved,0.0,0.01,,
1,1.0,Hebbian,interleaved,0.0,0.01,,
1,1.0,Hebbian,interleaved,0.0,0.01,,
1,1.0,Hebbian,interleaved,0.0,0.01,,
1,1.0,Hebbian,interleaved,0.0,0.01,,
1,1.0,Hebbian,interleaved,0.0,0.01,,
1,1.0,Hebbian,interleaved,0.0,0.01,,
1,1.0,Hebbian,interleaved,0.0,0.01,,
1,1.0,Hebbian,interleaved,0.0,0.01,,
1,1.0,Hebbian,interleaved,0.0,0.01,,
1,1.0,Hebbian,interleaved,0.0,0.01,,
1,1.0,Hebbian,interleaved,0.0,0.01,,
1,1.0,Hebbian,interleaved,0.0,0.01,,
1,1.0,Hebbian,interleaved,0.0,0.01,,
1,1.0,Hebbian,interleaved,0.0,0.01,,
1,1.0,Hebbian,interleaved,0.0,0.01,,
1,1.0,Hebbian,interleaved,0.0,0.01,,
1,1.0,Hebbian,interleaved,0.0,0.01,,
1,1.0,Hebbian,interleaved,0.0,0.01,,
1,1.0,Hebbian,interleaved,0.0,0.01,,
1,1.0,Hebbian,interleaved,0.0,0.01,,
1,1.0,Hebbian,interleaved,0.0,0.01,,
1,1.0,Hebbian,interleaved,0.0,0.01,,
1,1.0,Hebbian,interleaved,0.0,0.01,,
1,1.0,Hebbian,interleaved,0.0,0.01,,
1,1.0,Hebbian,interleaved,0.0,0.01,,
1,1.0,Hebbian,interleaved,0.0,0.01,,
1,1.0,Hebbian,interleaved,0.0,0.01,,
1,1.0,Hebbian,interleaved,0.0,0.01,,
1,1.0,Hebbian,interleaved,0.0,0.01,,
1,1.0,Hebbian,interleaved,0.0,0.01,,
1,1.0,Hebbian,interleaved,0.0,0.01,,
1,1.0,Hebbian,interleaved,0.0,0.01,,
1,1.0,Hebbian,interleaved,0.0,0.01,,
1,1.0,Hebbian,interleaved,0.0,0.01,,
1,1.0,Hebbian,interleaved,0.0,0.01,,
1,1.0,Hebbian,interleaved,0.0,0.01,,
1,1.0,Hebbian,interleaved,0.0,0.01,,
1,1.0,Hebbian,interleaved,0.0,0.01,,
1,1.0,Hebbian,interleaved,0.0,0.01,,
1,1.0,Hebbian,interleaved,0.0,0.01,,
1,1.0,Hebbian,interleaved,0.0,0.01,,
1,1.0,Hebbian,interleaved,0.0,0.01,,
1,1.0,Hebbian,interleaved,0.0,0.01,,
1,1.0,Hebbian,interleaved,0.0,0.01,,
1,1.0,Hebbian,interleaved,0.0,0.01,,
1,1.0,Hebbian,interleaved,0.0,0.01,,
1,1.0,Hebbian,interleaved,0.0,0.01,,
1,1.0,Hebbian,interleaved,0.0,0.01,,
1,1.0,Hebbian,interleaved,0.0,0.01,,
1,1.0,Hebbian,interleaved,0.0,0.01,,
1,1.0,Hebbian,interleaved,0.0,0.01,,
1,1.0,Hebbian,interleaved,0.0,0.01,,
1,1.0,Hebbian,interleaved,0.0,0.01,,
1,1.0,Hebbian,interleaved,0.0,0.01,,
1,1.0,Hebbian,interleaved,0.0,0.01,,
1,1.0,Hebbian,interleaved,0.0,0.01,,
1,0.0,Hebbian,interleaved,0.0,0.01,,
1,0.0,Hebbian,interleaved,0.0,0.01,,
1,0.0,Hebbian,interleaved,0.0,0.01,,
1,0.0,Hebbian,interleaved,0.0,0.01,,
1,0.0,Hebbian,interleaved,0.0,0.01,,
1,1.0,Hebbian,interleaved,0.0,0.01,,
1,1.0,Hebbian,interleaved,0.0,0.01,,
1,1.0,Hebbian,interleaved,0.0,0.01,,
1,1.0,Hebbian,interleaved,0.0,0.01,,
1,1.0,Hebbian,interleaved,0.0,0.01,,
1,1.0,Hebbian,interleaved,0.0,0.01,,
1,1.0,Hebbian,interleaved,0.0,0.01,,
1,1.0,Hebbian,interleaved,0.0,0.01,,
1,1.0,Hebbian,interleaved,0.0,0.01,,
1,1.0,Hebbian,interleaved,0.0,0.01,,
1,1.0,Hebbian,interleaved,0.0,0.01,,
1,1.0,Hebbian,interleaved,0.0,0.01,,
1,1.0,Hebbian,interleaved,0.0,0.01,,
1,1.0,Hebbian,interleaved,0.0,0.01,,
1,0.0,Hebbian,interleaved,0.0,0.01,,
1,0.0,Hebbian,interleaved,0.0,0.01,,
1,0.0,Hebbian,interleaved,0.0,0.01,,
1,0.0,Hebbian,interleaved,0.0,0.01,,
1,1.0,Hebbian,interleaved,0.0,0.01,,
1,1.0,Hebbian,interleaved,0.0,0.01,,
1,1.0,Hebbian,interleaved,0.0,0.01,,
1,1.0,Hebbian,interleaved,0.0,0.01,,
1,1.0,Hebbian,interleaved,0.0,0.01,,
1,1.0,Hebbian,interleaved,0.0,0.01,,
1,1.0,Hebbian,interleaved,0.0,0.01,,
1,1.0,Hebbian,interleaved,0.0,0.01,,
1,1.0,Hebbian,interleaved,0.0,0.01,,
1,1.0,Hebbian,interleaved,0.0,0.01,,
1,1.0,Hebbian,interleaved,0.0,0.01,,
1,1.0,Hebbian,interleaved,0.0,0.01,,
1,1.0,Hebbian,interleaved,0.0,0.01,,
1,1.0,Hebbian,interleaved,0.0,0.01,,
1,1.0,Hebbian,interleaved,0.0,0.01,,
1,0.0,Hebbian,interleaved,0.0,0.01,,
1,1.0,Hebbian,interleaved,0.0,0.01,,
1,1.0,Hebbian,interleaved,0.0,0.01,,
1,0.0,Hebbian,interleaved,0.0,0.01,,
1,0.0,Hebbian,interleaved,0.0,0.01,,
1,1.0,Hebbian,interleaved,0.0,0.01,,
1,1.0,Hebbian,interleaved,0.0,0.01,,
1,1.0,Hebbian,interleaved,0.0,0.01,,
1,1.0,Hebbian,interleaved,0.0,0.01,,
1,1.0,Hebbian,interleaved,0.0,0.01,,
1,1.0,Hebbian,interleaved,0.0,0.01,,
1,1.0,Hebbian,interleaved,0.0,0.01,,
1,1.0,Hebbian,interleaved,0.0,0.01,,
1,1.0,Hebbian,interleaved,0.0,0.01,,
1,1.0,Hebbian,interleaved,0.0,0.01,,
1,1.0,Hebbian,interleaved,0.0,0.01,,
1,1.0,Hebbian,interleaved,0.0,0.01,,
1,1.0,Hebbian,interleaved,0.0,0.01,,
1,1.0,Hebbian,interleaved,0.0,0.01,,
1,0.0,Hebbian,interleaved,0.0,0.01,,
1,1.0,Hebbian,interleaved,0.0,0.01,,
1,1.0,Hebbian,interleaved,0.0,0.01,,
1,1.0,Hebbian,interleaved,0.0,0.01,,
1,1.0,Hebbian,interleaved,0.0,0.01,,
1,1.0,Hebbian,interleaved,0.0,0.01,,
1,1.0,Hebbian,interleaved,0.0,0.01,,
1,1.0,Hebbian,interleaved,0.0,0.01,,
1,1.0,Hebbian,interleaved,0.0,0.01,,
1,1.0,Hebbian,interleaved,0.0,0.01,,
1,1.0,Hebbian,interleaved,0.0,0.01,,
1,1.0,Hebbian,interleaved,0.0,0.01,,
1,1.0,Hebbian,interleaved,0.0,0.01,,
1,1.0,Hebbian,interleaved,0.0,0.01,,
1,1.0,Hebbian,interleaved,0.0,0.01,,
1,1.0,Hebbian,interleaved,0.0,0.01,,
1,1.0,Hebbian,interleaved,0.0,0.01,,
1,1.0,Hebbian,interleaved,0.0,0.01,,
1,1.0,Hebbian,interleaved,0.0,0.01,,
1,0.0,Hebbian,interleaved,0.0,0.01,,
1,0.0,Hebbian,interleaved,0.0,0.01,,
1,1.0,Hebbian,interleaved,0.0,0.01,,
1,0.0,Hebbian,interleaved,0.0,0.01,,
1,1.0,Hebbian,interleaved,0.0,0.01,,
1,1.0,Hebbian,interleaved,0.0,0.01,,
1,1.0,Hebbian,interleaved,0.0,0.01,,
1,1.0,Hebbian,interleaved,0.0,0.01,,
1,1.0,Hebbian,interleaved,0.0,0.01,,
2,1.0,Hebbian,interleaved,0.0,0.01,,
2,1.0,Hebbian,interleaved,0.0,0.01,,
2,1.0,Hebbian,interleaved,0.0,0.01,,
2,1.0,Hebbian,interleaved,0.0,0.01,,
2,0.0,Hebbian,interleaved,0.0,0.01,,
2,0.0,Hebbian,interleaved,0.0,0.01,,
2,0.0,Hebbian,interleaved,0.0,0.01,,
2,0.0,Hebbian,interleaved,0.0,0.01,,
2,0.0,Hebbian,interleaved,0.0,0.01,,
2,1.0,Hebbian,interleaved,0.0,0.01,,
2,1.0,Hebbian,interleaved,0.0,0.01,,
2,1.0,Hebbian,interleaved,0.0,0.01,,
2,1.0,Hebbian,interleaved,0.0,0.01,,
2,1.0,Hebbian,interleaved,0.0,0.01,,
2,1.0,Hebbian,interleaved,0.0,0.01,,
2,1.0,Hebbian,interleaved,0.0,0.01,,
2,1.0,Hebbian,interleaved,0.0,0.01,,
2,1.0,Hebbian,interleaved,0.0,0.01,,
2,1.0,Hebbian,interleaved,0.0,0.01,,
2,1.0,Hebbian,interleaved,0.0,0.01,,
2,1.0,Hebbian,interleaved,0.0,0.01,,
2,1.0,Hebbian,interleaved,0.0,0.01,,
2,1.0,Hebbian,interleaved,0.0,0.01,,
2,0.0,Hebbian,interleaved,0.0,0.01,,
2,0.0,Hebbian,interleaved,0.0,0.01,,
2,0.0,Hebbian,interleaved,0.0,0.01,,
2,0.0,Hebbian,interleaved,0.0,0.01,,
2,0.0,Hebbian,interleaved,0.0,0.01,,
2,1.0,Hebbian,interleaved,0.0,0.01,,
2,1.0,Hebbian,interleaved,0.0,0.01,,
2,1.0,Hebbian,interleaved,0.0,0.01,,
2,1.0,Hebbian,interleaved,0.0,0.01,,
2,1.0,Hebbian,interleaved,0.0,0.01,,
2,1.0,Hebbian,interleaved,0.0,0.01,,
2,1.0,Hebbian,interleaved,0.0,0.01,,
2,1.0,Hebbian,interleaved,0.0,0.01,,
2,1.0,Hebbian,interleaved,0.0,0.01,,
2,1.0,Hebbian,interleaved,0.0,0.01,,
2,1.0,Hebbian,interleaved,0.0,0.01,,
2,1.0,Hebbian,interleaved,0.0,0.01,,
2,1.0,Hebbian,interleaved,0.0,0.01,,
2,1.0,Hebbian,interleaved,0.0,0.01,,
2,0.0,Hebbian,interleaved,0.0,0.01,,
2,0.0,Hebbian,interleaved,0.0,0.01,,
2,0.0,Hebbian,interleaved,0.0,0.01,,
2,0.0,Hebbian,interleaved,0.0,0.01,,
2,0.0,Hebbian,interleaved,0.0,0.01,,
2,1.0,Hebbian,interleaved,0.0,0.01,,
2,1.0,Hebbian,interleaved,0.0,0.01,,
2,1.0,Hebbian,interleaved,0.0,0.01,,
2,1.0,Hebbian,interleaved,0.0,0.01,,
2,1.0,Hebbian,interleaved,0.0,0.01,,
2,1.0,Hebbian,interleaved,0.0,0.01,,
2,1.0,Hebbian,interleaved,0.0,0.01,,
2,1.0,Hebbian,interleaved,0.0,0.01,,
2,1.0,Hebbian,interleaved,0.0,0.01,,
2,1.0,Hebbian,interleaved,0.0,0.01,,
2,1.0,Hebbian,interleaved,0.0,0.01,,
2,1.0,Hebbian,interleaved,0.0,0.01,,
2,1.0,Hebbian,interleaved,0.0,0.01,,
2,1.0,Hebbian,interleaved,0.0,0.01,,
2,1.0,Hebbian,interleaved,0.0,0.01,,
2,1.0,Hebbian,interleaved,0.0,0.01,,
2,1.0,Hebbian,interleaved,0.0,0.01,,
2,0.0,Hebbian,interleaved,0.0,0.01,,
2,0.0,Hebbian,interleaved,0.0,0.01,,
2,1.0,Hebbian,interleaved,0.0,0.01,,
2,1.0,Hebbian,interleaved,0.0,0.01,,
2,1.0,Hebbian,interleaved,0.0,0.01,,
2,1.0,Hebbian,interleaved,0.0,0.01,,
2,1.0,Hebbian,interleaved,0.0,0.01,,
2,1.0,Hebbian,interleaved,0.0,0.01,,
2,1.0,Hebbian,interleaved,0.0,0.01,,
2,1.0,Hebbian,interleaved,0.0,0.01,,
2,1.0,Hebbian,interleaved,0.0,0.01,,
2,1.0,Hebbian,interleaved,0.0,0.01,,
2,1.0,Hebbian,interleaved,0.0,0.01,,
2,1.0,Hebbian,interleaved,0.0,0.01,,
2,1.0,Hebbian,interleaved,0.0,0.01,,
2,1.0,Hebbian,interleaved,0.0,0.01,,
2,0.0,Hebbian,interleaved,0.0,0.01,,
2,0.0,Hebbian,interleaved,0.0,0.01,,
2,0.0,Hebbian,interleaved,0.0,0.01,,
2,0.0,Hebbian,interleaved,0.0,0.01,,
2,0.0,Hebbian,interleaved,0.0,0.01,,
2,1.0,Hebbian,interleaved,0.0,0.01,,
2,1.0,Hebbian,interleaved,0.0,0.01,,
2,1.0,Hebbian,interleaved,0.0,0.01,,
2,1.0,Hebbian,interleaved,0.0,0.01,,
2,1.0,Hebbian,interleaved,0.0,0.01,,
2,1.0,Hebbian,interleaved,0.0,0.01,,
2,1.0,Hebbian,interleaved,0.0,0.01,,
2,1.0,Hebbian,interleaved,0.0,0.01,,
2,1.0,Hebbian,interleaved,0.0,0.01,,
2,1.0,Hebbian,interleaved,0.0,0.01,,
2,1.0,Hebbian,interleaved,0.0,0.01,,
2,1.0,Hebbian,interleaved,0.0,0.01,,
2,1.0,Hebbian,interleaved,0.0,0.01,,
2,1.0,Hebbian,interleaved,0.0,0.01,,
2,1.0,Hebbian,interleaved,0.0,0.01,,
2,1.0,Hebbian,interleaved,0.0,0.01,,
2,1.0,Hebbian,interleaved,0.0,0.01,,
2,1.0,Hebbian,interleaved,0.0,0.01,,
2,1.0,Hebbian,interleaved,0.0,0.01,,
2,1.0,Hebbian,interleaved,0.0,0.01,,
2,1.0,Hebbian,interleaved,0.0,0.01,,
2,1.0,Hebbian,interleaved,0.0,0.01,,
2,1.0,Hebbian,interleaved,0.0,0.01,,
2,1.0,Hebbian,interleaved,0.0,0.01,,
2,1.0,Hebbian,interleaved,0.0,0.01,,
2,1.0,Hebbian,interleaved,0.0,0.01,,
2,1.0,Hebbian,interleaved,0.0,0.01,,
2,1.0,Hebbian,interleaved,0.0,0.01,,
2,1.0,Hebbian,interleaved,0.0,0.01,,
2,1.0,Hebbian,interleaved,0.0,0.01,,
2,1.0,Hebbian,interleaved,0.0,0.01,,
2,1.0,Hebbian,interleaved,0.0,0.01,,
2,1.0,Hebbian,interleaved,0.0,0.01,,
2,1.0,Hebbian,interleaved,0.0,0.01,,
2,1.0,Hebbian,interleaved,0.0,0.01,,
2,1.0,Hebbian,interleaved,0.0,0.01,,
2,1.0,Hebbian,interleaved,0.0,0.01,,
2,1.0,Hebbian,interleaved,0.0,0.01,,
2,1.0,Hebbian,interleaved,0.0,0.01,,
2,1.0,Hebbian,interleaved,0.0,0.01,,
2,1.0,Hebbian,interleaved,0.0,0.01,,
2,1.0,Hebbian,interleaved,0.0,0.01,,
2,1.0,Hebbian,interleaved,0.0,0.01,,
2,1.0,Hebbian,interleaved,0.0,0.01,,
2,1.0,Hebbian,interleaved,0.0,0.01,,
2,1.0,Hebbian,interleaved,0.0,0.01,,
2,1.0,Hebbian,interleaved,0.0,0.01,,
2,1.0,Hebbian,interleaved,0.0,0.01,,
2,1.0,Hebbian,interleaved,0.0,0.01,,
2,1.0,Hebbian,interleaved,0.0,0.01,,
2,1.0,Hebbian,interleaved,0.0,0.01,,
2,1.0,Hebbian,interleaved,0.0,0.01,,
2,1.0,Hebbian,interleaved,0.0,0.01,,
2,1.0,Hebbian,interleaved,0.0,0.01,,
2,1.0,Hebbian,interleaved,0.0,0.01,,
2,1.0,Hebbian,interleaved,0.0,0.01,,
2,1.0,Hebbian,interleaved,0.0,0.01,,
2,1.0,Hebbian,interleaved,0.0,0.01,,
2,1.0,Hebbian,interleaved,0.0,0.01,,
2,1.0,Hebbian,interleaved,0.0,0.01,,
2,1.0,Hebbian,interleaved,0.0,0.01,,
2,1.0,Hebbian,interleaved,0.0,0.01,,
2,1.0,Hebbian,interleaved,0.0,0.01,,
2,1.0,Hebbian,interleaved,0.0,0.01,,
2,1.0,Hebbian,interleaved,0.0,0.01,,
2,1.0,Hebbian,interleaved,0.0,0.01,,
2,1.0,Hebbian,interleaved,0.0,0.01,,
2,1.0,Hebbian,interleaved,0.0,0.01,,
2,1.0,Hebbian,interleaved,0.0,0.01,,
2,1.0,Hebbian,interleaved,0.0,0.01,,
2,1.0,Hebbian,interleaved,0.0,0.01,,
2,1.0,Hebbian,interleaved,0.0,0.01,,
2,1.0,Hebbian,interleaved,0.0,0.01,,
2,1.0,Hebbian,interleaved,0.0,0.01,,
2,1.0,Hebbian,interleaved,0.0,0.01,,
2,1.0,Hebbian,interleaved,0.0,0.01,,
2,1.0,Hebbian,interleaved,0.0,0.01,,
2,1.0,Hebbian,interleaved,0.0,0.01,,
2,1.0,Hebbian,interleaved,0.0,0.01,,
2,1.0,Hebbian,interleaved,0.0,0.01,,
2,1.0,Hebbian,interleaved,0.0,0.01,,
2,1.0,Hebbian,interleaved,0.0,0.01,,
2,1.0,Hebbian,interleaved,0.0,0.01,,
2,1.0,Hebbian,interleaved,0.0,0.01,,
2,1.0,Hebbian,interleaved,0.0,0.01,,
2,1.0,Hebbian,interleaved,0.0,0.01,,
2,1.0,Hebbian,interleaved,0.0,0.01,,
2,1.0,Hebbian,interleaved,0.0,0.01,,
2,1.0,Hebbian,interleaved,0.0,0.01,,
2,1.0,Hebbian,interleaved,0.0,0.01,,
2,1.0,Hebbian,interleaved,0.0,0.01,,
2,1.0,Hebbian,interleaved,0.0,0.01,,
2,1.0,Hebbian,interleaved,0.0,0.01,,
2,1.0,Hebbian,interleaved,0.0,0.01,,
2,1.0,Hebbian,interleaved,0.0,0.01,,
2,1.0,Hebbian,interleaved,0.0,0.01,,
2,1.0,Hebbian,interleaved,0.0,0.01,,
2,1.0,Hebbian,interleaved,0.0,0.01,,
2,1.0,Hebbian,interleaved,0.0,0.01,,
2,1.0,Hebbian,interleaved,0.0,0.01,,
2,1.0,Hebbian,interleaved,0.0,0.01,,
2,1.0,Hebbian,interleaved,0.0,0.01,,
2,1.0,Hebbian,interleaved,0.0,0.01,,
2,1.0,Hebbian,interleaved,0.0,0.01,,
2,1.0,Hebbian,interleaved,0.0,0.01,,
2,1.0,Hebbian,interleaved,0.0,0.01,,
2,1.0,Hebbian,interleaved,0.0,0.01,,
2,1.0,Hebbian,interleaved,0.0,0.01,,
2,1.0,Hebbian,interleaved,0.0,0.01,,
2,1.0,Hebbian,interleaved,0.0,0.01,,
2,1.0,Hebbian,interleaved,0.0,0.01,,
2,1.0,Hebbian,interleaved,0.0,0.01,,
2,1.0,Hebbian,interleaved,0.0,0.01,,
2,1.0,Hebbian,interleaved,0.0,0.01,,
2,1.0,Hebbian,interleaved,0.0,0.01,,
2,1.0,Hebbian,interleaved,0.0,0.01,,
2,1.0,Hebbian,interleaved,0.0,0.01,,
2,1.0,Hebbian,interleaved,0.0,0.01,,
2,1.0,Hebbian,interleaved,0.0,0.01,,
2,0.0,Hebbian,interleaved,0.0,0.01,,
2,0.0,Hebbian,interleaved,0.0,0.01,,
2,0.0,Hebbian,interleaved,0.0,0.01,,
2,0.0,Hebbian,interleaved,0.0,0.01,,
2,0.0,Hebbian,interleaved,0.0,0.01,,
2,1.0,Hebbian,interleaved,0.0,0.01,,
2,1.0,Hebbian,interleaved,0.0,0.01,,
2,1.0,Hebbian,interleaved,0.0,0.01,,
2,1.0,Hebbian,interleaved,0.0,0.01,,
2,1.0,Hebbian,interleaved,0.0,0.01,,
2,1.0,Hebbian,interleaved,0.0,0.01,,
2,1.0,Hebbian,interleaved,0.0,0.01,,
2,1.0,Hebbian,interleaved,0.0,0.01,,
2,1.0,Hebbian,interleaved,0.0,0.01,,
2,1.0,Hebbian,interleaved,0.0,0.01,,
2,1.0,Hebbian,interleaved,0.0,0.01,,
2,1.0,Hebbian,interleaved,0.0,0.01,,
2,1.0,Hebbian,interleaved,0.0,0.01,,
2,1.0,Hebbian,interleaved,0.0,0.01,,
2,0.0,Hebbian,interleaved,0.0,0.01,,
2,0.0,Hebbian,interleaved,0.0,0.01,,
2,0.0,Hebbian,interleaved,0.0,0.01,,
2,0.0,Hebbian,interleaved,0.0,0.01,,
2,0.0,Hebbian,interleaved,0.0,0.01,,
2,1.0,Hebbian,interleaved,0.0,0.01,,
2,1.0,Hebbian,interleaved,0.0,0.01,,
2,1.0,Hebbian,interleaved,0.0,0.01,,
2,1.0,Hebbian,interleaved,0.0,0.01,,
2,1.0,Hebbian,interleaved,0.0,0.01,,
2,1.0,Hebbian,interleaved,0.0,0.01,,
2,1.0,Hebbian,interleaved,0.0,0.01,,
2,1.0,Hebbian,interleaved,0.0,0.01,,
2,1.0,Hebbian,interleaved,0.0,0.01,,
2,1.0,Hebbian,interleaved,0.0,0.01,,
2,1.0,Hebbian,interleaved,0.0,0.01,,
2,1.0,Hebbian,interleaved,0.0,0.01,,
2,1.0,Hebbian,interleaved,0.0,0.01,,
2,1.0,Hebbian,interleaved,0.0,0.01,,
2,0.0,Hebbian,interleaved,0.0,0.01,,
2,0.0,Hebbian,interleaved,0.0,0.01,,
2,0.0,Hebbian,interleaved,0.0,0.01,,
2,0.0,Hebbian,interleaved,0.0,0.01,,
2,0.0,Hebbian,interleaved,0.0,0.01,,
2,1.0,Hebbian,interleaved,0.0,0.01,,
2,1.0,Hebbian,interleaved,0.0,0.01,,
2,1.0,Hebbian,interleaved,0.0,0.01,,
2,1.0,Hebbian,interleaved,0.0,0.01,,
2,1.0,Hebbian,interleaved,0.0,0.01,,
2,1.0,Hebbian,interleaved,0.0,0.01,,
2,1.0,Hebbian,interleaved,0.0,0.01,,
2,1.0,Hebbian,interleaved,0.0,0.01,,
2,1.0,Hebbian,interleaved,0.0,0.01,,
2,1.0,Hebbian,interleaved,0.0,0.01,,
2,1.0,Hebbian,interleaved,0.0,0.01,,
2,1.0,Hebbian,interleaved,0.0,0.01,,
2,1.0,Hebbian,interleaved,0.0,0.01,,
2,1.0,Hebbian,interleaved,0.0,0.01,,
2,0.0,Hebbian,interleaved,0.0,0.01,,
2,0.0,Hebbian,interleaved,0.0,0.01,,
2,1.0,Hebbian,interleaved,0.0,0.01,,
2,0.0,Hebbian,interleaved,0.0,0.01,,
2,0.0,Hebbian,interleaved,0.0,0.01,,
2,1.0,Hebbian,interleaved,0.0,0.01,,
2,1.0,Hebbian,interleaved,0.0,0.01,,
2,1.0,Hebbian,interleaved,0.0,0.01,,
2,1.0,Hebbian,interleaved,0.0,0.01,,
2,1.0,Hebbian,interleaved,0.0,0.01,,
2,1.0,Hebbian,interleaved,0.0,0.01,,
2,1.0,Hebbian,interleaved,0.0,0.01,,
2,1.0,Hebbian,interleaved,0.0,0.01,,
2,1.0,Hebbian,interleaved,0.0,0.01,,
2,1.0,Hebbian,interleaved,0.0,0.01,,
2,1.0,Hebbian,interleaved,0.0,0.01,,
2,1.0,Hebbian,interleaved,0.0,0.01,,
2,1.0,Hebbian,interleaved,0.0,0.01,,
2,1.0,Hebbian,interleaved,0.0,0.01,,
2,0.0,Hebbian,interleaved,0.0,0.01,,
2,0.0,Hebbian,interleaved,0.0,0.01,,
2,0.0,Hebbian,interleaved,0.0,0.01,,
2,0.0,Hebbian,interleaved,0.0,0.01,,
2,0.0,Hebbian,interleaved,0.0,0.01,,
2,1.0,Hebbian,interleaved,0.0,0.01,,
2,1.0,Hebbian,interleaved,0.0,0.01,,
2,1.0,Hebbian,interleaved,0.0,0.01,,
2,1.0,Hebbian,interleaved,0.0,0.01,,
2,1.0,Hebbian,interleaved,0.0,0.01,,
2,1.0,Hebbian,interleaved,0.0,0.01,,
2,1.0,Hebbian,interleaved,0.0,0.01,,
2,1.0,Hebbian,interleaved,0.0,0.01,,
2,1.0,Hebbian,interleaved,0.0,0.01,,
2,1.0,Hebbian,interleaved,0.0,0.01,,
2,1.0,Hebbian,interleaved,0.0,0.01,,
2,1.0,Hebbian,interleaved,0.0,0.01,,
2,1.0,Hebbian,interleaved,0.0,0.01,,
2,1.0,Hebbian,interleaved,0.0,0.01,,
2,1.0,Hebbian,interleaved,0.0,0.01,,
2,1.0,Hebbian,interleaved,0.0,0.01,,
2,1.0,Hebbian,interleaved,0.0,0.01,,
2,1.0,Hebbian,interleaved,0.0,0.01,,
2,1.0,Hebbian,interleaved,0.0,0.01,,
2,1.0,Hebbian,interleaved,0.0,0.01,,
2,1.0,Hebbian,interleaved,0.0,0.01,,
2,1.0,Hebbian,interleaved,0.0,0.01,,
2,1.0,Hebbian,interleaved,0.0,0.01,,
2,1.0,Hebbian,interleaved,0.0,0.01,,
2,1.0,Hebbian,interleaved,0.0,0.01,,
2,1.0,Hebbian,interleaved,0.0,0.01,,
2,1.0,Hebbian,interleaved,0.0,0.01,,
2,1.0,Hebbian,interleaved,0.0,0.01,,
2,1.0,Hebbian,interleaved,0.0,0.01,,
2,1.0,Hebbian,interleaved,0.0,0.01,,
2,1.0,Hebbian,interleaved,0.0,0.01,,
2,1.0,Hebbian,interleaved,0.0,0.01,,
2,1.0,Hebbian,interleaved,0.0,0.01,,
2,1.0,Hebbian,interleaved,0.0,0.01,,
2,1.0,Hebbian,interleaved,0.0,0.01,,
2,1.0,Hebbian,interleaved,0.0,0.01,,
2,1.0,Hebbian,interleaved,0.0,0.01,,
2,1.0,Hebbian,interleaved,0.0,0.01,,
2,1.0,Hebbian,interleaved,0.0,0.01,,
2,1.0,Hebbian,interleaved,0.0,0.01,,
2,1.0,Hebbian,interleaved,0.0,0.01,,
2,1.0,Hebbian,interleaved,0.0,0.01,,
2,1.0,Hebbian,interleaved,0.0,0.01,,
2,1.0,Hebbian,interleaved,0.0,0.01,,
2,1.0,Hebbian,interleaved,0.0,0.01,,
2,1.0,Hebbian,interleaved,0.0,0.01,,
2,1.0,Hebbian,interleaved,0.0,0.01,,
2,1.0,Hebbian,interleaved,0.0,0.01,,
2,1.0,Hebbian,interleaved,0.0,0.01,,
2,1.0,Hebbian,interleaved,0.0,0.01,,
2,1.0,Hebbian,interleaved,0.0,0.01,,
2,1.0,Hebbian,interleaved,0.0,0.01,,
2,1.0,Hebbian,interleaved,0.0,0.01,,
2,1.0,Hebbian,interleaved,0.0,0.01,,
2,1.0,Hebbian,interleaved,0.0,0.01,,
2,1.0,Hebbian,interleaved,0.0,0.01,,
2,1.0,Hebbian,interleaved,0.0,0.01,,
2,1.0,Hebbian,interleaved,0.0,0.01,,
2,1.0,Hebbian,interleaved,0.0,0.01,,
2,1.0,Hebbian,interleaved,0.0,0.01,,
2,1.0,Hebbian,interleaved,0.0,0.01,,
2,1.0,Hebbian,interleaved,0.0,0.01,,
2,1.0,Hebbian,interleaved,0.0,0.01,,
2,1.0,Hebbian,interleaved,0.0,0.01,,
2,1.0,Hebbian,interleaved,0.0,0.01,,
2,1.0,Hebbian,interleaved,0.0,0.01,,
2,1.0,Hebbian,interleaved,0.0,0.01,,
2,1.0,Hebbian,interleaved,0.0,0.01,,
2,1.0,Hebbian,interleaved,0.0,0.01,,
2,1.0,Hebbian,interleaved,0.0,0.01,,
2,1.0,Hebbian,interleaved,0.0,0.01,,
2,1.0,Hebbian,interleaved,0.0,0.01,,
2,1.0,Hebbian,interleaved,0.0,0.01,,
2,1.0,Hebbian,interleaved,0.0,0.01,,
2,1.0,Hebbian,interleaved,0.0,0.01,,
2,1.0,Hebbian,interleaved,0.0,0.01,,
2,1.0,Hebbian,interleaved,0.0,0.01,,
2,1.0,Hebbian,interleaved,0.0,0.01,,
2,1.0,Hebbian,interleaved,0.0,0.01,,
2,1.0,Hebbian,interleaved,0.0,0.01,,
2,1.0,Hebbian,interleaved,0.0,0.01,,
2,1.0,Hebbian,interleaved,0.0,0.01,,
2,1.0,Hebbian,interleaved,0.0,0.01,,
2,1.0,Hebbian,interleaved,0.0,0.01,,
2,1.0,Hebbian,interleaved,0.0,0.01,,
2,1.0,Hebbian,interleaved,0.0,0.01,,
2,1.0,Hebbian,interleaved,0.0,0.01,,
2,1.0,Hebbian,interleaved,0.0,0.01,,
2,1.0,Hebbian,interleaved,0.0,0.01,,
2,1.0,Hebbian,interleaved,0.0,0.01,,
2,1.0,Hebbian,interleaved,0.0,0.01,,
2,1.0,Hebbian,interleaved,0.0,0.01,,
2,1.0,Hebbian,interleaved,0.0,0.01,,
2,1.0,Hebbian,interleaved,0.0,0.01,,
2,1.0,Hebbian,interleaved,0.0,0.01,,
3,1.0,Hebbian,interleaved,0.0,0.01,,
3,1.0,Hebbian,interleaved,0.0,0.01,,
3,1.0,Hebbian,interleaved,0.0,0.01,,
3,1.0,Hebbian,interleaved,0.0,0.01,,
3,0.0,Hebbian,interleaved,0.0,0.01,,
3,0.0,Hebbian,interleaved,0.0,0.01,,
3,0.0,Hebbian,interleaved,0.0,0.01,,
3,0.0,Hebbian,interleaved,0.0,0.01,,
3,0.0,Hebbian,interleaved,0.0,0.01,,
3,1.0,Hebbian,interleaved,0.0,0.01,,
3,1.0,Hebbian,interleaved,0.0,0.01,,
3,1.0,Hebbian,interleaved,0.0,0.01,,
3,1.0,Hebbian,interleaved,0.0,0.01,,
3,1.0,Hebbian,interleaved,0.0,0.01,,
3,1.0,Hebbian,interleaved,0.0,0.01,,
3,1.0,Hebbian,interleaved,0.0,0.01,,
3,1.0,Hebbian,interleaved,0.0,0.01,,
3,1.0,Hebbian,interleaved,0.0,0.01,,
3,1.0,Hebbian,interleaved,0.0,0.01,,
3,1.0,Hebbian,interleaved,0.0,0.01,,
3,1.0,Hebbian,interleaved,0.0,0.01,,
3,1.0,Hebbian,interleaved,0.0,0.01,,
3,1.0,Hebbian,interleaved,0.0,0.01,,
3,0.0,Hebbian,interleaved,0.0,0.01,,
3,0.0,Hebbian,interleaved,0.0,0.01,,
3,0.0,Hebbian,interleaved,0.0,0.01,,
3,0.0,Hebbian,interleaved,0.0,0.01,,
3,0.0,Hebbian,interleaved,0.0,0.01,,
3,1.0,Hebbian,interleaved,0.0,0.01,,
3,1.0,Hebbian,interleaved,0.0,0.01,,
3,1.0,Hebbian,interleaved,0.0,0.01,,
3,1.0,Hebbian,interleaved,0.0,0.01,,
3,1.0,Hebbian,interleaved,0.0,0.01,,
3,1.0,Hebbian,interleaved,0.0,0.01,,
3,1.0,Hebbian,interleaved,0.0,0.01,,
3,1.0,Hebbian,interleaved,0.0,0.01,,
3,1.0,Hebbian,interleaved,0.0,0.01,,
3,1.0,Hebbian,interleaved,0.0,0.01,,
3,1.0,Hebbian,interleaved,0.0,0.01,,
3,1.0,Hebbian,interleaved,0.0,0.01,,
3,1.0,Hebbian,interleaved,0.0,0.01,,
3,1.0,Hebbian,interleaved,0.0,0.01,,
3,0.0,Hebbian,interleaved,0.0,0.01,,
3,0.0,Hebbian,interleaved,0.0,0.01,,
3,0.0,Hebbian,interleaved,0.0,0.01,,
3,0.0,Hebbian,interleaved,0.0,0.01,,
3,0.0,Hebbian,interleaved,0.0,0.01,,
3,1.0,Hebbian,interleaved,0.0,0.01,,
3,1.0,Hebbian,interleaved,0.0,0.01,,
3,1.0,Hebbian,interleaved,0.0,0.01,,
3,1.0,Hebbian,interleaved,0.0,0.01,,
3,1.0,Hebbian,interleaved,0.0,0.01,,
3,1.0,Hebbian,interleaved,0.0,0.01,,
3,1.0,Hebbian,interleaved,0.0,0.01,,
3,1.0,Hebbian,interleaved,0.0,0.01,,
3,1.0,Hebbian,interleaved,0.0,0.01,,
3,1.0,Hebbian,interleaved,0.0,0.01,,
3,1.0,Hebbian,interleaved,0.0,0.01,,
3,1.0,Hebbian,interleaved,0.0,0.01,,
3,1.0,Hebbian,interleaved,0.0,0.01,,
3,1.0,Hebbian,interleaved,0.0,0.01,,
3,0.0,Hebbian,interleaved,0.0,0.01,,
3,0.0,Hebbian,interleaved,0.0,0.01,,
3,0.0,Hebbian,interleaved,0.0,0.01,,
3,0.0,Hebbian,interleaved,0.0,0.01,,
3,0.0,Hebbian,interleaved,0.0,0.01,,
3,1.0,Hebbian,interleaved,0.0,0.01,,
3,1.0,Hebbian,interleaved,0.0,0.01,,
3,1.0,Hebbian,interleaved,0.0,0.01,,
3,1.0,Hebbian,interleaved,0.0,0.01,,
3,1.0,Hebbian,interleaved,0.0,0.01,,
3,1.0,Hebbian,interleaved,0.0,0.01,,
3,1.0,Hebbian,interleaved,0.0,0.01,,
3,1.0,Hebbian,interleaved,0.0,0.01,,
3,1.0,Hebbian,interleaved,0.0,0.01,,
3,1.0,Hebbian,interleaved,0.0,0.01,,
3,1.0,Hebbian,interleaved,0.0,0.01,,
3,1.0,Hebbian,interleaved,0.0,0.01,,
3,1.0,Hebbian,interleaved,0.0,0.01,,
3,1.0,Hebbian,interleaved,0.0,0.01,,
3,0.0,Hebbian,interleaved,0.0,0.01,,
3,0.0,Hebbian,interleaved,0.0,0.01,,
3,0.0,Hebbian,interleaved,0.0,0.01,,
3,0.0,Hebbian,interleaved,0.0,0.01,,
3,0.0,Hebbian,interleaved,0.0,0.01,,
3,1.0,Hebbian,interleaved,0.0,0.01,,
3,1.0,Hebbian,interleaved,0.0,0.01,,
3,1.0,Hebbian,interleaved,0.0,0.01,,
3,1.0,Hebbian,interleaved,0.0,0.01,,
3,1.0,Hebbian,interleaved,0.0,0.01,,
3,1.0,Hebbian,interleaved,0.0,0.01,,
3,1.0,Hebbian,interleaved,0.0,0.01,,
3,1.0,Hebbian,interleaved,0.0,0.01,,
3,1.0,Hebbian,interleaved,0.0,0.01,,
3,1.0,Hebbian,interleaved,0.0,0.01,,
3,1.0,Hebbian,interleaved,0.0,0.01,,
3,1.0,Hebbian,interleaved,0.0,0.01,,
3,1.0,Hebbian,interleaved,0.0,0.01,,
3,1.0,Hebbian,interleaved,0.0,0.01,,
3,1.0,Hebbian,interleaved,0.0,0.01,,
3,1.0,Hebbian,interleaved,0.0,0.01,,
3,1.0,Hebbian,interleaved,0.0,0.01,,
3,1.0,Hebbian,interleaved,0.0,0.01,,
3,1.0,Hebbian,interleaved,0.0,0.01,,
3,1.0,Hebbian,interleaved,0.0,0.01,,
3,1.0,Hebbian,interleaved,0.0,0.01,,
3,1.0,Hebbian,interleaved,0.0,0.01,,
3,1.0,Hebbian,interleaved,0.0,0.01,,
3,1.0,Hebbian,interleaved,0.0,0.01,,
3,1.0,Hebbian,interleaved,0.0,0.01,,
3,1.0,Hebbian,interleaved,0.0,0.01,,
3,1.0,Hebbian,interleaved,0.0,0.01,,
3,1.0,Hebbian,interleaved,0.0,0.01,,
3,1.0,Hebbian,interleaved,0.0,0.01,,
3,1.0,Hebbian,interleaved,0.0,0.01,,
3,1.0,Hebbian,interleaved,0.0,0.01,,
3,1.0,Hebbian,interleaved,0.0,0.01,,
3,1.0,Hebbian,interleaved,0.0,0.01,,
3,1.0,Hebbian,interleaved,0.0,0.01,,
3,1.0,Hebbian,interleaved,0.0,0.01,,
3,1.0,Hebbian,interleaved,0.0,0.01,,
3,1.0,Hebbian,interleaved,0.0,0.01,,
3,1.0,Hebbian,interleaved,0.0,0.01,,
3,1.0,Hebbian,interleaved,0.0,0.01,,
3,1.0,Hebbian,interleaved,0.0,0.01,,
3,1.0,Hebbian,interleaved,0.0,0.01,,
3,1.0,Hebbian,interleaved,0.0,0.01,,
3,1.0,Hebbian,interleaved,0.0,0.01,,
3,1.0,Hebbian,interleaved,0.0,0.01,,
3,1.0,Hebbian,interleaved,0.0,0.01,,
3,1.0,Hebbian,interleaved,0.0,0.01,,
3,1.0,Hebbian,interleaved,0.0,0.01,,
3,1.0,Hebbian,interleaved,0.0,0.01,,
3,1.0,Hebbian,interleaved,0.0,0.01,,
3,1.0,Hebbian,interleaved,0.0,0.01,,
3,1.0,Hebbian,interleaved,0.0,0.01,,
3,1.0,Hebbian,interleaved,0.0,0.01,,
3,1.0,Hebbian,interleaved,0.0,0.01,,
3,1.0,Hebbian,interleaved,0.0,0.01,,
3,1.0,Hebbian,interleaved,0.0,0.01,,
3,1.0,Hebbian,interleaved,0.0,0.01,,
3,1.0,Hebbian,interleaved,0.0,0.01,,
3,1.0,Hebbian,interleaved,0.0,0.01,,
3,1.0,Hebbian,interleaved,0.0,0.01,,
3,1.0,Hebbian,interleaved,0.0,0.01,,
3,1.0,Hebbian,interleaved,0.0,0.01,,
3,1.0,Hebbian,interleaved,0.0,0.01,,
3,1.0,Hebbian,interleaved,0.0,0.01,,
3,1.0,Hebbian,interleaved,0.0,0.01,,
3,1.0,Hebbian,interleaved,0.0,0.01,,
3,1.0,Hebbian,interleaved,0.0,0.01,,
3,1.0,Hebbian,interleaved,0.0,0.01,,
3,1.0,Hebbian,interleaved,0.0,0.01,,
3,1.0,Hebbian,interleaved,0.0,0.01,,
3,1.0,Hebbian,interleaved,0.0,0.01,,
3,1.0,Hebbian,interleaved,0.0,0.01,,
3,1.0,Hebbian,interleaved,0.0,0.01,,
3,1.0,Hebbian,interleaved,0.0,0.01,,
3,1.0,Hebbian,interleaved,0.0,0.01,,
3,1.0,Hebbian,interleaved,0.0,0.01,,
3,1.0,Hebbian,interleaved,0.0,0.01,,
3,1.0,Hebbian,interleaved,0.0,0.01,,
3,1.0,Hebbian,interleaved,0.0,0.01,,
3,1.0,Hebbian,interleaved,0.0,0.01,,
3,1.0,Hebbian,interleaved,0.0,0.01,,
3,1.0,Hebbian,interleaved,0.0,0.01,,
3,1.0,Hebbian,interleaved,0.0,0.01,,
3,1.0,Hebbian,interleaved,0.0,0.01,,
3,1.0,Hebbian,interleaved,0.0,0.01,,
3,1.0,Hebbian,interleaved,0.0,0.01,,
3,1.0,Hebbian,interleaved,0.0,0.01,,
3,1.0,Hebbian,interleaved,0.0,0.01,,
3,1.0,Hebbian,interleaved,0.0,0.01,,
3,1.0,Hebbian,interleaved,0.0,0.01,,
3,1.0,Hebbian,interleaved,0.0,0.01,,
3,1.0,Hebbian,interleaved,0.0,0.01,,
3,1.0,Hebbian,interleaved,0.0,0.01,,
3,1.0,Hebbian,interleaved,0.0,0.01,,
3,1.0,Hebbian,interleaved,0.0,0.01,,
3,1.0,Hebbian,interleaved,0.0,0.01,,
3,1.0,Hebbian,interleaved,0.0,0.01,,
3,1.0,Hebbian,interleaved,0.0,0.01,,
3,1.0,Hebbian,interleaved,0.0,0.01,,
3,1.0,Hebbian,interleaved,0.0,0.01,,
3,1.0,Hebbian,interleaved,0.0,0.01,,
3,1.0,Hebbian,interleaved,0.0,0.01,,
3,1.0,Hebbian,interleaved,0.0,0.01,,
3,1.0,Hebbian,interleaved,0.0,0.01,,
3,1.0,Hebbian,interleaved,0.0,0.01,,
3,1.0,Hebbian,interleaved,0.0,0.01,,
3,1.0,Hebbian,interleaved,0.0,0.01,,
3,1.0,Hebbian,interleaved,0.0,0.01,,
3,1.0,Hebbian,interleaved,0.0,0.01,,
3,1.0,Hebbian,interleaved,0.0,0.01,,
3,1.0,Hebbian,interleaved,0.0,0.01,,
3,1.0,Hebbian,interleaved,0.0,0.01,,
3,1.0,Hebbian,interleaved,0.0,0.01,,
3,1.0,Hebbian,interleaved,0.0,0.01,,
3,1.0,Hebbian,interleaved,0.0,0.01,,
3,1.0,Hebbian,interleaved,0.0,0.01,,
3,1.0,Hebbian,interleaved,0.0,0.01,,
3,1.0,Hebbian,interleaved,0.0,0.01,,
3,1.0,Hebbian,interleaved,0.0,0.01,,
3,1.0,Hebbian,interleaved,0.0,0.01,,
3,0.0,Hebbian,interleaved,0.0,0.01,,
3,0.0,Hebbian,interleaved,0.0,0.01,,
3,0.0,Hebbian,interleaved,0.0,0.01,,
3,0.0,Hebbian,interleaved,0.0,0.01,,
3,0.0,Hebbian,interleaved,0.0,0.01,,
3,1.0,Hebbian,interleaved,0.0,0.01,,
3,1.0,Hebbian,interleaved,0.0,0.01,,
3,1.0,Hebbian,interleaved,0.0,0.01,,
3,1.0,Hebbian,interleaved,0.0,0.01,,
3,1.0,Hebbian,interleaved,0.0,0.01,,
3,1.0,Hebbian,interleaved,0.0,0.01,,
3,1.0,Hebbian,interleaved,0.0,0.01,,
3,1.0,Hebbian,interleaved,0.0,0.01,,
3,1.0,Hebbian,interleaved,0.0,0.01,,
3,1.0,Hebbian,interleaved,0.0,0.01,,
3,1.0,Hebbian,interleaved,0.0,0.01,,
3,1.0,Hebbian,interleaved,0.0,0.01,,
3,1.0,Hebbian,interleaved,0.0,0.01,,
3,1.0,Hebbian,interleaved,0.0,0.01,,
3,0.0,Hebbian,interleaved,0.0,0.01,,
3,0.0,Hebbian,interleaved,0.0,0.01,,
3,0.0,Hebbian,interleaved,0.0,0.01,,
3,0.0,Hebbian,interleaved,0.0,0.01,,
3,0.0,Hebbian,interleaved,0.0,0.01,,
3,1.0,Hebbian,interleaved,0.0,0.01,,
3,1.0,Hebbian,interleaved,0.0,0.01,,
3,1.0,Hebbian,interleaved,0.0,0.01,,
3,1.0,Hebbian,interleaved,0.0,0.01,,
3,1.0,Hebbian,interleaved,0.0,0.01,,
3,1.0,Hebbian,interleaved,0.0,0.01,,
3,1.0,Hebbian,interleaved,0.0,0.01,,
3,1.0,Hebbian,interleaved,0.0,0.01,,
3,1.0,Hebbian,interleaved,0.0,0.01,,
3,1.0,Hebbian,interleaved,0.0,0.01,,
3,1.0,Hebbian,interleaved,0.0,0.01,,
3,1.0,Hebbian,interleaved,0.0,0.01,,
3,1.0,Hebbian,interleaved,0.0,0.01,,
3,1.0,Hebbian,interleaved,0.0,0.01,,
3,0.0,Hebbian,interleaved,0.0,0.01,,
3,0.0,Hebbian,interleaved,0.0,0.01,,
3,0.0,Hebbian,interleaved,0.0,0.01,,
3,0.0,Hebbian,interleaved,0.0,0.01,,
3,0.0,Hebbian,interleaved,0.0,0.01,,
3,1.0,Hebbian,interleaved,0.0,0.01,,
3,1.0,Hebbian,interleaved,0.0,0.01,,
3,1.0,Hebbian,interleaved,0.0,0.01,,
3,1.0,Hebbian,interleaved,0.0,0.01,,
3,1.0,Hebbian,interleaved,0.0,0.01,,
3,1.0,Hebbian,interleaved,0.0,0.01,,
3,1.0,Hebbian,interleaved,0.0,0.01,,
3,1.0,Hebbian,interleaved,0.0,0.01,,
3,1.0,Hebbian,interleaved,0.0,0.01,,
3,1.0,Hebbian,interleaved,0.0,0.01,,
3,1.0,Hebbian,interleaved,0.0,0.01,,
3,1.0,Hebbian,interleaved,0.0,0.01,,
3,1.0,Hebbian,interleaved,0.0,0.01,,
3,1.0,Hebbian,interleaved,0.0,0.01,,
3,0.0,Hebbian,interleaved,0.0,0.01,,
3,0.0,Hebbian,interleaved,0.0,0.01,,
3,0.0,Hebbian,interleaved,0.0,0.01,,
3,0.0,Hebbian,interleaved,0.0,0.01,,
3,0.0,Hebbian,interleaved,0.0,0.01,,
3,1.0,Hebbian,interleaved,0.0,0.01,,
3,1.0,Hebbian,interleaved,0.0,0.01,,
3,1.0,Hebbian,interleaved,0.0,0.01,,
3,1.0,Hebbian,interleaved,0.0,0.01,,
3,1.0,Hebbian,interleaved,0.0,0.01,,
3,1.0,Hebbian,interleaved,0.0,0.01,,
3,1.0,Hebbian,interleaved,0.0,0.01,,
3,1.0,Hebbian,interleaved,0.0,0.01,,
3,1.0,Hebbian,interleaved,0.0,0.01,,
3,1.0,Hebbian,interleaved,0.0,0.01,,
3,1.0,Hebbian,interleaved,0.0,0.01,,
3,1.0,Hebbian,interleaved,0.0,0.01,,
3,1.0,Hebbian,interleaved,0.0,0.01,,
3,1.0,Hebbian,interleaved,0.0,0.01,,
3,0.0,Hebbian,interleaved,0.0,0.01,,
3,0.0,Hebbian,interleaved,0.0,0.01,,
3,0.0,Hebbian,interleaved,0.0,0.01,,
3,0.0,Hebbian,interleaved,0.0,0.01,,
3,0.0,Hebbian,interleaved,0.0,0.01,,
3,1.0,Hebbian,interleaved,0.0,0.01,,
3,1.0,Hebbian,interleaved,0.0,0.01,,
3,1.0,Hebbian,interleaved,0.0,0.01,,
3,1.0,Hebbian,interleaved,0.0,0.01,,
3,1.0,Hebbian,interleaved,0.0,0.01,,
3,1.0,Hebbian,interleaved,0.0,0.01,,
3,1.0,Hebbian,interleaved,0.0,0.01,,
3,1.0,Hebbian,interleaved,0.0,0.01,,
3,1.0,Hebbian,interleaved,0.0,0.01,,
3,1.0,Hebbian,interleaved,0.0,0.01,,
3,1.0,Hebbian,interleaved,0.0,0.01,,
3,1.0,Hebbian,interleaved,0.0,0.01,,
3,1.0,Hebbian,interleaved,0.0,0.01,,
3,1.0,Hebbian,interleaved,0.0,0.01,,
3,1.0,Hebbian,interleaved,0.0,0.01,,
3,1.0,Hebbian,interleaved,0.0,0.01,,
3,1.0,Hebbian,interleaved,0.0,0.01,,
3,1.0,Hebbian,interleaved,0.0,0.01,,
3,1.0,Hebbian,interleaved,0.0,0.01,,
3,1.0,Hebbian,interleaved,0.0,0.01,,
3,1.0,Hebbian,interleaved,0.0,0.01,,
3,1.0,Hebbian,interleaved,0.0,0.01,,
3,1.0,Hebbian,interleaved,0.0,0.01,,
3,1.0,Hebbian,interleaved,0.0,0.01,,
3,1.0,Hebbian,interleaved,0.0,0.01,,
3,1.0,Hebbian,interleaved,0.0,0.01,,
3,1.0,Hebbian,interleaved,0.0,0.01,,
3,1.0,Hebbian,interleaved,0.0,0.01,,
3,1.0,Hebbian,interleaved,0.0,0.01,,
3,1.0,Hebbian,interleaved,0.0,0.01,,
3,1.0,Hebbian,interleaved,0.0,0.01,,
3,1.0,Hebbian,interleaved,0.0,0.01,,
3,1.0,Hebbian,interleaved,0.0,0.01,,
3,1.0,Hebbian,interleaved,0.0,0.01,,
3,1.0,Hebbian,interleaved,0.0,0.01,,
3,1.0,Hebbian,interleaved,0.0,0.01,,
3,1.0,Hebbian,interleaved,0.0,0.01,,
3,1.0,Hebbian,interleaved,0.0,0.01,,
3,1.0,Hebbian,interleaved,0.0,0.01,,
3,1.0,Hebbian,interleaved,0.0,0.01,,
3,1.0,Hebbian,interleaved,0.0,0.01,,
3,1.0,Hebbian,interleaved,0.0,0.01,,
3,1.0,Hebbian,interleaved,0.0,0.01,,
3,1.0,Hebbian,interleaved,0.0,0.01,,
3,1.0,Hebbian,interleaved,0.0,0.01,,
3,1.0,Hebbian,interleaved,0.0,0.01,,
3,1.0,Hebbian,interleaved,0.0,0.01,,
3,1.0,Hebbian,interleaved,0.0,0.01,,
3,1.0,Hebbian,interleaved,0.0,0.01,,
3,1.0,Hebbian,interleaved,0.0,0.01,,
3,1.0,Hebbian,interleaved,0.0,0.01,,
3,1.0,Hebbian,interleaved,0.0,0.01,,
3,1.0,Hebbian,interleaved,0.0,0.01,,
3,1.0,Hebbian,interleaved,0.0,0.01,,
3,1.0,Hebbian,interleaved,0.0,0.01,,
3,1.0,Hebbian,interleaved,0.0,0.01,,
3,1.0,Hebbian,interleaved,0.0,0.01,,
3,1.0,Hebbian,interleaved,0.0,0.01,,
3,1.0,Hebbian,interleaved,0.0,0.01,,
3,1.0,Hebbian,interleaved,0.0,0.01,,
3,1.0,Hebbian,interleaved,0.0,0.01,,
3,1.0,Hebbian,interleaved,0.0,0.01,,
3,1.0,Hebbian,interleaved,0.0,0.01,,
3,1.0,Hebbian,interleaved,0.0,0.01,,
3,1.0,Hebbian,interleaved,0.0,0.01,,
3,1.0,Hebbian,interleaved,0.0,0.01,,
3,1.0,Hebbian,interleaved,0.0,0.01,,
3,1.0,Hebbian,interleaved,0.0,0.01,,
3,1.0,Hebbian,interleaved,0.0,0.01,,
3,1.0,Hebbian,interleaved,0.0,0.01,,
3,1.0,Hebbian,interleaved,0.0,0.01,,
3,1.0,Hebbian,interleaved,0.0,0.01,,
3,1.0,Hebbian,interleaved,0.0,0.01,,
3,1.0,Hebbian,interleaved,0.0,0.01,,
3,1.0,Hebbian,interleaved,0.0,0.01,,
3,1.0,Hebbian,interleaved,0.0,0.01,,
3,1.0,Hebbian,interleaved,0.0,0.01,,
3,1.0,Hebbian,interleaved,0.0,0.01,,
3,1.0,Hebbian,interleaved,0.0,0.01,,
3,1.0,Hebbian,interleaved,0.0,0.01,,
3,1.0,Hebbian,interleaved,0.0,0.01,,
3,1.0,Hebbian,interleaved,0.0,0.01,,
3,1.0,Hebbian,interleaved,0.0,0.01,,
3,1.0,Hebbian,interleaved,0.0,0.01,,
3,1.0,Hebbian,interleaved,0.0,0.01,,
3,1.0,Hebbian,interleaved,0.0,0.01,,
3,1.0,Hebbian,interleaved,0.0,0.01,,
3,1.0,Hebbian,interleaved,0.0,0.01,,
3,1.0,Hebbian,interleaved,0.0,0.01,,
3,1.0,Hebbian,interleaved,0.0,0.01,,
3,1.0,Hebbian,interleaved,0.0,0.01,,
3,1.0,Hebbian,interleaved,0.0,0.01,,
3,1.0,Hebbian,interleaved,0.0,0.01,,
3,1.0,Hebbian,interleaved,0.0,0.01,,
3,1.0,Hebbian,interleaved,0.0,0.01,,
4,1.0,Hebbian,interleaved,0.0,0.01,,
4,1.0,Hebbian,interleaved,0.0,0.01,,
4,1.0,Hebbian,interleaved,0.0,0.01,,
4,1.0,Hebbian,interleaved,0.0,0.01,,
4,1.0,Hebbian,interleaved,0.0,0.01,,
4,1.0,Hebbian,interleaved,0.0,0.01,,
4,1.0,Hebbian,interleaved,0.0,0.01,,
4,1.0,Hebbian,interleaved,0.0,0.01,,
4,1.0,Hebbian,interleaved,0.0,0.01,,
4,1.0,Hebbian,interleaved,0.0,0.01,,
4,1.0,Hebbian,interleaved,0.0,0.01,,
4,1.0,Hebbian,interleaved,0.0,0.01,,
4,1.0,Hebbian,interleaved,0.0,0.01,,
4,1.0,Hebbian,interleaved,0.0,0.01,,
4,1.0,Hebbian,interleaved,0.0,0.01,,
4,1.0,Hebbian,interleaved,0.0,0.01,,
4,1.0,Hebbian,interleaved,0.0,0.01,,
4,1.0,Hebbian,interleaved,0.0,0.01,,
4,1.0,Hebbian,interleaved,0.0,0.01,,
4,1.0,Hebbian,interleaved,0.0,0.01,,
4,1.0,Hebbian,interleaved,0.0,0.01,,
4,1.0,Hebbian,interleaved,0.0,0.01,,
4,1.0,Hebbian,interleaved,0.0,0.01,,
4,1.0,Hebbian,interleaved,0.0,0.01,,
4,1.0,Hebbian,interleaved,0.0,0.01,,
4,1.0,Hebbian,interleaved,0.0,0.01,,
4,1.0,Hebbian,interleaved,0.0,0.01,,
4,0.0,Hebbian,interleaved,0.0,0.01,,
4,1.0,Hebbian,interleaved,0.0,0.01,,
4,1.0,Hebbian,interleaved,0.0,0.01,,
4,1.0,Hebbian,interleaved,0.0,0.01,,
4,1.0,Hebbian,interleaved,0.0,0.01,,
4,1.0,Hebbian,interleaved,0.0,0.01,,
4,1.0,Hebbian,interleaved,0.0,0.01,,
4,1.0,Hebbian,interleaved,0.0,0.01,,
4,1.0,Hebbian,interleaved,0.0,0.01,,
4,1.0,Hebbian,interleaved,0.0,0.01,,
4,1.0,Hebbian,interleaved,0.0,0.01,,
4,1.0,Hebbian,interleaved,0.0,0.01,,
4,1.0,Hebbian,interleaved,0.0,0.01,,
4,1.0,Hebbian,interleaved,0.0,0.01,,
4,1.0,Hebbian,interleaved,0.0,0.01,,
4,1.0,Hebbian,interleaved,0.0,0.01,,
4,1.0,Hebbian,interleaved,0.0,0.01,,
4,1.0,Hebbian,interleaved,0.0,0.01,,
4,1.0,Hebbian,interleaved,0.0,0.01,,
4,0.0,Hebbian,interleaved,0.0,0.01,,
4,1.0,Hebbian,interleaved,0.0,0.01,,
4,1.0,Hebbian,interleaved,0.0,0.01,,
4,1.0,Hebbian,interleaved,0.0,0.01,,
4,1.0,Hebbian,interleaved,0.0,0.01,,
4,1.0,Hebbian,interleaved,0.0,0.01,,
4,1.0,Hebbian,interleaved,0.0,0.01,,
4,1.0,Hebbian,interleaved,0.0,0.01,,
4,1.0,Hebbian,interleaved,0.0,0.01,,
4,1.0,Hebbian,interleaved,0.0,0.01,,
4,1.0,Hebbian,interleaved,0.0,0.01,,
4,1.0,Hebbian,interleaved,0.0,0.01,,
4,1.0,Hebbian,interleaved,0.0,0.01,,
4,1.0,Hebbian,interleaved,0.0,0.01,,
4,1.0,Hebbian,interleaved,0.0,0.01,,
4,0.0,Hebbian,interleaved,0.0,0.01,,
4,1.0,Hebbian,interleaved,0.0,0.01,,
4,1.0,Hebbian,interleaved,0.0,0.01,,
4,1.0,Hebbian,interleaved,0.0,0.01,,
4,0.0,Hebbian,interleaved,0.0,0.01,,
4,1.0,Hebbian,interleaved,0.0,0.01,,
4,1.0,Hebbian,interleaved,0.0,0.01,,
4,1.0,Hebbian,interleaved,0.0,0.01,,
4,1.0,Hebbian,interleaved,0.0,0.01,,
4,1.0,Hebbian,interleaved,0.0,0.01,,
4,1.0,Hebbian,interleaved,0.0,0.01,,
4,1.0,Hebbian,interleaved,0.0,0.01,,
4,1.0,Hebbian,interleaved,0.0,0.01,,
4,1.0,Hebbian,interleaved,0.0,0.01,,
4,1.0,Hebbian,interleaved,0.0,0.01,,
4,1.0,Hebbian,interleaved,0.0,0.01,,
4,1.0,Hebbian,interleaved,0.0,0.01,,
4,1.0,Hebbian,interleaved,0.0,0.01,,
4,1.0,Hebbian,interleaved,0.0,0.01,,
4,1.0,Hebbian,interleaved,0.0,0.01,,
4,1.0,Hebbian,interleaved,0.0,0.01,,
4,1.0,Hebbian,interleaved,0.0,0.01,,
4,1.0,Hebbian,interleaved,0.0,0.01,,
4,0.0,Hebbian,interleaved,0.0,0.01,,
4,1.0,Hebbian,interleaved,0.0,0.01,,
4,1.0,Hebbian,interleaved,0.0,0.01,,
4,1.0,Hebbian,interleaved,0.0,0.01,,
4,1.0,Hebbian,interleaved,0.0,0.01,,
4,1.0,Hebbian,interleaved,0.0,0.01,,
4,1.0,Hebbian,interleaved,0.0,0.01,,
4,1.0,Hebbian,interleaved,0.0,0.01,,
4,1.0,Hebbian,interleaved,0.0,0.01,,
4,1.0,Hebbian,interleaved,0.0,0.01,,
4,1.0,Hebbian,interleaved,0.0,0.01,,
4,1.0,Hebbian,interleaved,0.0,0.01,,
4,1.0,Hebbian,interleaved,0.0,0.01,,
4,0.0,Hebbian,interleaved,0.0,0.01,,
4,1.0,Hebbian,interleaved,0.0,0.01,,
4,1.0,Hebbian,interleaved,0.0,0.01,,
4,1.0,Hebbian,interleaved,0.0,0.01,,
4,1.0,Hebbian,interleaved,0.0,0.01,,
4,1.0,Hebbian,interleaved,0.0,0.01,,
4,1.0,Hebbian,interleaved,0.0,0.01,,
4,1.0,Hebbian,interleaved,0.0,0.01,,
4,1.0,Hebbian,interleaved,0.0,0.01,,
4,1.0,Hebbian,interleaved,0.0,0.01,,
4,1.0,Hebbian,interleaved,0.0,0.01,,
4,1.0,Hebbian,interleaved,0.0,0.01,,
4,1.0,Hebbian,interleaved,0.0,0.01,,
4,1.0,Hebbian,interleaved,0.0,0.01,,
4,1.0,Hebbian,interleaved,0.0,0.01,,
4,1.0,Hebbian,interleaved,0.0,0.01,,
4,1.0,Hebbian,interleaved,0.0,0.01,,
4,0.0,Hebbian,interleaved,0.0,0.01,,
4,1.0,Hebbian,interleaved,0.0,0.01,,
4,0.0,Hebbian,interleaved,0.0,0.01,,
4,1.0,Hebbian,interleaved,0.0,0.01,,
4,1.0,Hebbian,interleaved,0.0,0.01,,
4,1.0,Hebbian,interleaved,0.0,0.01,,
4,1.0,Hebbian,interleaved,0.0,0.01,,
4,1.0,Hebbian,interleaved,0.0,0.01,,
4,1.0,Hebbian,interleaved,0.0,0.01,,
4,1.0,Hebbian,interleaved,0.0,0.01,,
4,1.0,Hebbian,interleaved,0.0,0.01,,
4,1.0,Hebbian,interleaved,0.0,0.01,,
4,1.0,Hebbian,interleaved,0.0,0.01,,
4,1.0,Hebbian,interleaved,0.0,0.01,,
4,1.0,Hebbian,interleaved,0.0,0.01,,
4,1.0,Hebbian,interleaved,0.0,0.01,,
4,1.0,Hebbian,interleaved,0.0,0.01,,
4,1.0,Hebbian,interleaved,0.0,0.01,,
4,1.0,Hebbian,interleaved,0.0,0.01,,
4,0.0,Hebbian,interleaved,0.0,0.01,,
4,1.0,Hebbian,interleaved,0.0,0.01,,
4,1.0,Hebbian,interleaved,0.0,0.01,,
4,1.0,Hebbian,interleaved,0.0,0.01,,
4,0.0,Hebbian,interleaved,0.0,0.01,,
4,1.0,Hebbian,interleaved,0.0,0.01,,
4,1.0,Hebbian,interleaved,0.0,0.01,,
4,1.0,Hebbian,interleaved,0.0,0.01,,
4,1.0,Hebbian,interleaved,0.0,0.01,,
4,1.0,Hebbian,interleaved,0.0,0.01,,
4,1.0,Hebbian,interleaved,0.0,0.01,,
4,1.0,Hebbian,interleaved,0.0,0.01,,
4,1.0,Hebbian,interleaved,0.0,0.01,,
4,1.0,Hebbian,interleaved,0.0,0.01,,
4,1.0,Hebbian,interleaved,0.0,0.01,,
4,1.0,Hebbian,interleaved,0.0,0.01,,
4,1.0,Hebbian,interleaved,0.0,0.01,,
4,1.0,Hebbian,interleaved,0.0,0.01,,
4,1.0,Hebbian,interleaved,0.0,0.01,,
4,1.0,Hebbian,interleaved,0.0,0.01,,
4,1.0,Hebbian,interleaved,0.0,0.01,,
4,1.0,Hebbian,interleaved,0.0,0.01,,
4,1.0,Hebbian,interleaved,0.0,0.01,,
4,1.0,Hebbian,interleaved,0.0,0.01,,
4,1.0,Hebbian,interleaved,0.0,0.01,,
4,1.0,Hebbian,interleaved,0.0,0.01,,
4,1.0,Hebbian,interleaved,0.0,0.01,,
4,1.0,Hebbian,interleaved,0.0,0.01,,
4,1.0,Hebbian,interleaved,0.0,0.01,,
4,1.0,Hebbian,interleaved,0.0,0.01,,
4,1.0,Hebbian,interleaved,0.0,0.01,,
4,1.0,Hebbian,interleaved,0.0,0.01,,
4,1.0,Hebbian,interleaved,0.0,0.01,,
4,1.0,Hebbian,interleaved,0.0,0.01,,
4,1.0,Hebbian,interleaved,0.0,0.01,,
4,1.0,Hebbian,interleaved,0.0,0.01,,
4,1.0,Hebbian,interleaved,0.0,0.01,,
4,1.0,Hebbian,interleaved,0.0,0.01,,
4,1.0,Hebbian,interleaved,0.0,0.01,,
4,1.0,Hebbian,interleaved,0.0,0.01,,
4,1.0,Hebbian,interleaved,0.0,0.01,,
4,1.0,Hebbian,interleaved,0.0,0.01,,
4,1.0,Hebbian,interleaved,0.0,0.01,,
4,1.0,Hebbian,interleaved,0.0,0.01,,
4,1.0,Hebbian,interleaved,0.0,0.01,,
4,1.0,Hebbian,interleaved,0.0,0.01,,
4,1.0,Hebbian,interleaved,0.0,0.01,,
4,1.0,Hebbian,interleaved,0.0,0.01,,
4,1.0,Hebbian,interleaved,0.0,0.01,,
4,1.0,Hebbian,interleaved,0.0,0.01,,
4,1.0,Hebbian,interleaved,0.0,0.01,,
4,1.0,Hebbian,interleaved,0.0,0.01,,
4,1.0,Hebbian,interleaved,0.0,0.01,,
4,1.0,Hebbian,interleaved,0.0,0.01,,
4,1.0,Hebbian,interleaved,0.0,0.01,,
4,1.0,Hebbian,interleaved,0.0,0.01,,
4,1.0,Hebbian,interleaved,0.0,0.01,,
4,1.0,Hebbian,interleaved,0.0,0.01,,
4,1.0,Hebbian,interleaved,0.0,0.01,,
4,1.0,Hebbian,interleaved,0.0,0.01,,
4,1.0,Hebbian,interleaved,0.0,0.01,,
4,1.0,Hebbian,interleaved,0.0,0.01,,
4,1.0,Hebbian,interleaved,0.0,0.01,,
4,1.0,Hebbian,interleaved,0.0,0.01,,
4,1.0,Hebbian,interleaved,0.0,0.01,,
4,1.0,Hebbian,interleaved,0.0,0.01,,
4,1.0,Hebbian,interleaved,0.0,0.01,,
4,1.0,Hebbian,interleaved,0.0,0.01,,
4,1.0,Hebbian,interleaved,0.0,0.01,,
4,1.0,Hebbian,interleaved,0.0,0.01,,
4,1.0,Hebbian,interleaved,0.0,0.01,,
4,1.0,Hebbian,interleaved,0.0,0.01,,
4,1.0,Hebbian,interleaved,0.0,0.01,,
4,1.0,Hebbian,interleaved,0.0,0.01,,
4,1.0,Hebbian,interleaved,0.0,0.01,,
4,1.0,Hebbian,interleaved,0.0,0.01,,
4,1.0,Hebbian,interleaved,0.0,0.01,,
4,1.0,Hebbian,interleaved,0.0,0.01,,
4,1.0,Hebbian,interleaved,0.0,0.01,,
4,1.0,Hebbian,interleaved,0.0,0.01,,
4,1.0,Hebbian,interleaved,0.0,0.01,,
4,1.0,Hebbian,interleaved,0.0,0.01,,
4,1.0,Hebbian,interleaved,0.0,0.01,,
4,1.0,Hebbian,interleaved,0.0,0.01,,
4,1.0,Hebbian,interleaved,0.0,0.01,,
4,1.0,Hebbian,interleaved,0.0,0.01,,
4,1.0,Hebbian,interleaved,0.0,0.01,,
4,1.0,Hebbian,interleaved,0.0,0.01,,
4,1.0,Hebbian,interleaved,0.0,0.01,,
4,1.0,Hebbian,interleaved,0.0,0.01,,
4,1.0,Hebbian,interleaved,0.0,0.01,,
4,1.0,Hebbian,interleaved,0.0,0.01,,
4,1.0,Hebbian,interleaved,0.0,0.01,,
4,1.0,Hebbian,interleaved,0.0,0.01,,
4,1.0,Hebbian,interleaved,0.0,0.01,,
4,1.0,Hebbian,interleaved,0.0,0.01,,
4,1.0,Hebbian,interleaved,0.0,0.01,,
4,1.0,Hebbian,interleaved,0.0,0.01,,
4,1.0,Hebbian,interleaved,0.0,0.01,,
4,1.0,Hebbian,interleaved,0.0,0.01,,
4,1.0,Hebbian,interleaved,0.0,0.01,,
4,1.0,Hebbian,interleaved,0.0,0.01,,
4,1.0,Hebbian,interleaved,0.0,0.01,,
4,1.0,Hebbian,interleaved,0.0,0.01,,
4,1.0,Hebbian,interleaved,0.0,0.01,,
4,1.0,Hebbian,interleaved,0.0,0.01,,
4,1.0,Hebbian,interleaved,0.0,0.01,,
4,1.0,Hebbian,interleaved,0.0,0.01,,
4,1.0,Hebbian,interleaved,0.0,0.01,,
4,1.0,Hebbian,interleaved,0.0,0.01,,
4,1.0,Hebbian,interleaved,0.0,0.01,,
4,1.0,Hebbian,interleaved,0.0,0.01,,
4,1.0,Hebbian,interleaved,0.0,0.01,,
4,1.0,Hebbian,interleaved,0.0,0.01,,
4,1.0,Hebbian,interleaved,0.0,0.01,,
4,1.0,Hebbian,interleaved,0.0,0.01,,
4,1.0,Hebbian,interleaved,0.0,0.01,,
4,1.0,Hebbian,interleaved,0.0,0.01,,
4,1.0,Hebbian,interleaved,0.0,0.01,,
4,1.0,Hebbian,interleaved,0.0,0.01,,
4,1.0,Hebbian,interleaved,0.0,0.01,,
4,1.0,Hebbian,interleaved,0.0,0.01,,
4,1.0,Hebbian,interleaved,0.0,0.01,,
4,1.0,Hebbian,interleaved,0.0,0.01,,
4,1.0,Hebbian,interleaved,0.0,0.01,,
4,1.0,Hebbian,interleaved,0.0,0.01,,
4,1.0,Hebbian,interleaved,0.0,0.01,,
4,1.0,Hebbian,interleaved,0.0,0.01,,
4,1.0,Hebbian,interleaved,0.0,0.01,,
4,1.0,Hebbian,interleaved,0.0,0.01,,
4,1.0,Hebbian,interleaved,0.0,0.01,,
4,1.0,Hebbian,interleaved,0.0,0.01,,
4,1.0,Hebbian,interleaved,0.0,0.01,,
4,1.0,Hebbian,interleaved,0.0,0.01,,
4,1.0,Hebbian,interleaved,0.0,0.01,,
4,1.0,Hebbian,interleaved,0.0,0.01,,
4,1.0,Hebbian,interleaved,0.0,0.01,,
4,1.0,Hebbian,interleaved,0.0,0.01,,
4,1.0,Hebbian,interleaved,0.0,0.01,,
4,1.0,Hebbian,interleaved,0.0,0.01,,
4,1.0,Hebbian,interleaved,0.0,0.01,,
4,1.0,Hebbian,interleaved,0.0,0.01,,
4,1.0,Hebbian,interleaved,0.0,0.01,,
4,1.0,Hebbian,interleaved,0.0,0.01,,
4,1.0,Hebbian,interleaved,0.0,0.01,,
4,1.0,Hebbian,interleaved,0.0,0.01,,
4,1.0,Hebbian,interleaved,0.0,0.01,,
4,1.0,Hebbian,interleaved,0.0,0.01,,
4,1.0,Hebbian,interleaved,0.0,0.01,,
4,1.0,Hebbian,interleaved,0.0,0.01,,
4,1.0,Hebbian,interleaved,0.0,0.01,,
4,1.0,Hebbian,interleaved,0.0,0.01,,
4,1.0,Hebbian,interleaved,0.0,0.01,,
4,1.0,Hebbian,interleaved,0.0,0.01,,
4,1.0,Hebbian,interleaved,0.0,0.01,,
4,1.0,Hebbian,interleaved,0.0,0.01,,
4,1.0,Hebbian,interleaved,0.0,0.01,,
4,1.0,Hebbian,interleaved,0.0,0.01,,
4,1.0,Hebbian,interleaved,0.0,0.01,,
4,1.0,Hebbian,interleaved,0.0,0.01,,
4,1.0,Hebbian,interleaved,0.0,0.01,,
4,1.0,Hebbian,interleaved,0.0,0.01,,
4,0.0,Hebbian,interleaved,0.0,0.01,,
4,0.0,Hebbian,interleaved,0.0,0.01,,
4,0.0,Hebbian,interleaved,0.0,0.01,,
4,0.0,Hebbian,interleaved,0.0,0.01,,
4,0.0,Hebbian,interleaved,0.0,0.01,,
4,1.0,Hebbian,interleaved,0.0,0.01,,
4,1.0,Hebbian,interleaved,0.0,0.01,,
4,1.0,Hebbian,interleaved,0.0,0.01,,
4,1.0,Hebbian,interleaved,0.0,0.01,,
4,1.0,Hebbian,interleaved,0.0,0.01,,
4,1.0,Hebbian,interleaved,0.0,0.01,,
4,1.0,Hebbian,interleaved,0.0,0.01,,
4,1.0,Hebbian,interleaved,0.0,0.01,,
4,1.0,Hebbian,interleaved,0.0,0.01,,
4,1.0,Hebbian,interleaved,0.0,0.01,,
4,1.0,Hebbian,interleaved,0.0,0.01,,
4,1.0,Hebbian,interleaved,0.0,0.01,,
4,1.0,Hebbian,interleaved,0.0,0.01,,
4,1.0,Hebbian,interleaved,0.0,0.01,,
4,0.0,Hebbian,interleaved,0.0,0.01,,
4,0.0,Hebbian,interleaved,0.0,0.01,,
4,0.0,Hebbian,interleaved,0.0,0.01,,
4,0.0,Hebbian,interleaved,0.0,0.01,,
4,0.0,Hebbian,interleaved,0.0,0.01,,
4,1.0,Hebbian,interleaved,0.0,0.01,,
4,1.0,Hebbian,interleaved,0.0,0.01,,
4,1.0,Hebbian,interleaved,0.0,0.01,,
4,1.0,Hebbian,interleaved,0.0,0.01,,
4,1.0,Hebbian,interleaved,0.0,0.01,,
4,1.0,Hebbian,interleaved,0.0,0.01,,
4,1.0,Hebbian,interleaved,0.0,0.01,,
4,1.0,Hebbian,interleaved,0.0,0.01,,
4,1.0,Hebbian,interleaved,0.0,0.01,,
4,1.0,Hebbian,interleaved,0.0,0.01,,
4,1.0,Hebbian,interleaved,0.0,0.01,,
4,1.0,Hebbian,interleaved,0.0,0.01,,
4,1.0,Hebbian,interleaved,0.0,0.01,,
4,1.0,Hebbian,interleaved,0.0,0.01,,
4,0.0,Hebbian,interleaved,0.0,0.01,,
4,0.0,Hebbian,interleaved,0.0,0.01,,
4,1.0,Hebbian,interleaved,0.0,0.01,,
4,0.0,Hebbian,interleaved,0.0,0.01,,
4,0.0,Hebbian,interleaved,0.0,0.01,,
4,1.0,Hebbian,interleaved,0.0,0.01,,
4,1.0,Hebbian,interleaved,0.0,0.01,,
4,1.0,Hebbian,interleaved,0.0,0.01,,
4,1.0,Hebbian,interleaved,0.0,0.01,,
4,1.0,Hebbian,interleaved,0.0,0.01,,
4,1.0,Hebbian,interleaved,0.0,0.01,,
4,1.0,Hebbian,interleaved,0.0,0.01,,
4,1.0,Hebbian,interleaved,0.0,0.01,,
4,1.0,Hebbian,interleaved,0.0,0.01,,
4,1.0,Hebbian,interleaved,0.0,0.01,,
4,1.0,Hebbian,interleaved,0.0,0.01,,
4,1.0,Hebbian,interleaved,0.0,0.01,,
4,1.0,Hebbian,interleaved,0.0,0.01,,
4,1.0,Hebbian,interleaved,0.0,0.01,,
4,0.0,Hebbian,interleaved,0.0,0.01,,
4,0.0,Hebbian,interleaved,0.0,0.01,,
4,0.0,Hebbian,interleaved,0.0,0.01,,
4,0.0,Hebbian,interleaved,0.0,0.01,,
4,0.0,Hebbian,interleaved,0.0,0.01,,
4,1.0,Hebbian,interleaved,0.0,0.01,,
4,1.0,Hebbian,interleaved,0.0,0.01,,
4,1.0,Hebbian,interleaved,0.0,0.01,,
4,1.0,Hebbian,interleaved,0.0,0.01,,
4,1.0,Hebbian,interleaved,0.0,0.01,,
4,1.0,Hebbian,interleaved,0.0,0.01,,
4,1.0,Hebbian,interleaved,0.0,0.01,,
4,1.0,Hebbian,interleaved,0.0,0.01,,
4,1.0,Hebbian,interleaved,0.0,0.01,,
4,1.0,Hebbian,interleaved,0.0,0.01,,
4,1.0,Hebbian,interleaved,0.0,0.01,,
4,1.0,Hebbian,interleaved,0.0,0.01,,
4,1.0,Hebbian,interleaved,0.0,0.01,,
4,1.0,Hebbian,interleaved,0.0,0.01,,
4,0.0,Hebbian,interleaved,0.0,0.01,,
4,0.0,Hebbian,interleaved,0.0,0.01,,
4,0.0,Hebbian,interleaved,0.0,0.01,,
4,0.0,Hebbian,interleaved,0.0,0.01,,
4,0.0,Hebbian,interleaved,0.0,0.01,,
4,1.0,Hebbian,interleaved,0.0,0.01,,
4,1.0,Hebbian,interleaved,0.0,0.01,,
4,1.0,Hebbian,interleaved,0.0,0.01,,
4,1.0,Hebbian,interleaved,0.0,0.01,,
5,1.0,Hebbian,interleaved,0.0,0.01,,
5,1.0,Hebbian,interleaved,0.0,0.01,,
5,1.0,Hebbian,interleaved,0.0,0.01,,
5,1.0,Hebbian,interleaved,0.0,0.01,,
5,0.0,Hebbian,interleaved,0.0,0.01,,
5,1.0,Hebbian,interleaved,0.0,0.01,,
5,0.0,Hebbian,interleaved,0.0,0.01,,
5,1.0,Hebbian,interleaved,0.0,0.01,,
5,1.0,Hebbian,interleaved,0.0,0.01,,
5,1.0,Hebbian,interleaved,0.0,0.01,,
5,1.0,Hebbian,interleaved,0.0,0.01,,
5,1.0,Hebbian,interleaved,0.0,0.01,,
5,1.0,Hebbian,interleaved,0.0,0.01,,
5,1.0,Hebbian,interleaved,0.0,0.01,,
5,1.0,Hebbian,interleaved,0.0,0.01,,
5,1.0,Hebbian,interleaved,0.0,0.01,,
5,1.0,Hebbian,interleaved,0.0,0.01,,
5,1.0,Hebbian,interleaved,0.0,0.01,,
5,1.0,Hebbian,interleaved,0.0,0.01,,
5,1.0,Hebbian,interleaved,0.0,0.01,,
5,1.0,Hebbian,interleaved,0.0,0.01,,
5,1.0,Hebbian,interleaved,0.0,0.01,,
5,1.0,Hebbian,interleaved,0.0,0.01,,
5,0.0,Hebbian,interleaved,0.0,0.01,,
5,1.0,Hebbian,interleaved,0.0,0.01,,
5,1.0,Hebbian,interleaved,0.0,0.01,,
5,1.0,Hebbian,interleaved,0.0,0.01,,
5,1.0,Hebbian,interleaved,0.0,0.01,,
5,1.0,Hebbian,interleaved,0.0,0.01,,
5,1.0,Hebbian,interleaved,0.0,0.01,,
5,1.0,Hebbian,interleaved,0.0,0.01,,
5,1.0,Hebbian,interleaved,0.0,0.01,,
5,1.0,Hebbian,interleaved,0.0,0.01,,
5,1.0,Hebbian,interleaved,0.0,0.01,,
5,1.0,Hebbian,interleaved,0.0,0.01,,
5,1.0,Hebbian,interleaved,0.0,0.01,,
5,1.0,Hebbian,interleaved,0.0,0.01,,
5,1.0,Hebbian,interleaved,0.0,0.01,,
5,1.0,Hebbian,interleaved,0.0,0.01,,
5,1.0,Hebbian,interleaved,0.0,0.01,,
5,1.0,Hebbian,interleaved,0.0,0.01,,
5,1.0,Hebbian,interleaved,0.0,0.01,,
5,0.0,Hebbian,interleaved,0.0,0.01,,
5,0.0,Hebbian,interleaved,0.0,0.01,,
5,0.0,Hebbian,interleaved,0.0,0.01,,
5,1.0,Hebbian,interleaved,0.0,0.01,,
5,1.0,Hebbian,interleaved,0.0,0.01,,
5,1.0,Hebbian,interleaved,0.0,0.01,,
5,1.0,Hebbian,interleaved,0.0,0.01,,
5,1.0,Hebbian,interleaved,0.0,0.01,,
5,1.0,Hebbian,interleaved,0.0,0.01,,
5,1.0,Hebbian,interleaved,0.0,0.01,,
5,1.0,Hebbian,interleaved,0.0,0.01,,
5,1.0,Hebbian,interleaved,0.0,0.01,,
5,1.0,Hebbian,interleaved,0.0,0.01,,
5,1.0,Hebbian,interleaved,0.0,0.01,,
5,1.0,Hebbian,interleaved,0.0,0.01,,
5,1.0,Hebbian,interleaved,0.0,0.01,,
5,1.0,Hebbian,interleaved,0.0,0.01,,
5,1.0,Hebbian,interleaved,0.0,0.01,,
5,1.0,Hebbian,interleaved,0.0,0.01,,
5,0.0,Hebbian,interleaved,0.0,0.01,,
5,1.0,Hebbian,interleaved,0.0,0.01,,
5,1.0,Hebbian,interleaved,0.0,0.01,,
5,1.0,Hebbian,interleaved,0.0,0.01,,
5,1.0,Hebbian,interleaved,0.0,0.01,,
5,1.0,Hebbian,interleaved,0.0,0.01,,
5,1.0,Hebbian,interleaved,0.0,0.01,,
5,1.0,Hebbian,interleaved,0.0,0.01,,
5,1.0,Hebbian,interleaved,0.0,0.01,,
5,1.0,Hebbian,interleaved,0.0,0.01,,
5,1.0,Hebbian,interleaved,0.0,0.01,,
5,1.0,Hebbian,interleaved,0.0,0.01,,
5,1.0,Hebbian,interleaved,0.0,0.01,,
5,1.0,Hebbian,interleaved,0.0,0.01,,
5,1.0,Hebbian,interleaved,0.0,0.01,,
5,1.0,Hebbian,interleaved,0.0,0.01,,
5,1.0,Hebbian,interleaved,0.0,0.01,,
5,1.0,Hebbian,interleaved,0.0,0.01,,
5,1.0,Hebbian,interleaved,0.0,0.01,,
5,0.0,Hebbian,interleaved,0.0,0.01,,
5,1.0,Hebbian,interleaved,0.0,0.01,,
5,1.0,Hebbian,interleaved,0.0,0.01,,
5,1.0,Hebbian,interleaved,0.0,0.01,,
5,1.0,Hebbian,interleaved,0.0,0.01,,
5,1.0,Hebbian,interleaved,0.0,0.01,,
5,1.0,Hebbian,interleaved,0.0,0.01,,
5,1.0,Hebbian,interleaved,0.0,0.01,,
5,1.0,Hebbian,interleaved,0.0,0.01,,
5,1.0,Hebbian,interleaved,0.0,0.01,,
5,1.0,Hebbian,interleaved,0.0,0.01,,
5,1.0,Hebbian,interleaved,0.0,0.01,,
5,1.0,Hebbian,interleaved,0.0,0.01,,
5,1.0,Hebbian,interleaved,0.0,0.01,,
5,1.0,Hebbian,interleaved,0.0,0.01,,
5,1.0,Hebbian,interleaved,0.0,0.01,,
5,1.0,Hebbian,interleaved,0.0,0.01,,
5,1.0,Hebbian,interleaved,0.0,0.01,,
5,1.0,Hebbian,interleaved,0.0,0.01,,
5,1.0,Hebbian,interleaved,0.0,0.01,,
5,1.0,Hebbian,interleaved,0.0,0.01,,
5,1.0,Hebbian,interleaved,0.0,0.01,,
5,1.0,Hebbian,interleaved,0.0,0.01,,
5,1.0,Hebbian,interleaved,0.0,0.01,,
5,1.0,Hebbian,interleaved,0.0,0.01,,
5,1.0,Hebbian,interleaved,0.0,0.01,,
5,1.0,Hebbian,interleaved,0.0,0.01,,
5,1.0,Hebbian,interleaved,0.0,0.01,,
5,1.0,Hebbian,interleaved,0.0,0.01,,
5,1.0,Hebbian,interleaved,0.0,0.01,,
5,1.0,Hebbian,interleaved,0.0,0.01,,
5,1.0,Hebbian,interleaved,0.0,0.01,,
5,1.0,Hebbian,interleaved,0.0,0.01,,
5,1.0,Hebbian,interleaved,0.0,0.01,,
5,1.0,Hebbian,interleaved,0.0,0.01,,
5,1.0,Hebbian,interleaved,0.0,0.01,,
5,1.0,Hebbian,interleaved,0.0,0.01,,
5,1.0,Hebbian,interleaved,0.0,0.01,,
5,1.0,Hebbian,interleaved,0.0,0.01,,
5,1.0,Hebbian,interleaved,0.0,0.01,,
5,1.0,Hebbian,interleaved,0.0,0.01,,
5,1.0,Hebbian,interleaved,0.0,0.01,,
5,1.0,Hebbian,interleaved,0.0,0.01,,
5,1.0,Hebbian,interleaved,0.0,0.01,,
5,1.0,Hebbian,interleaved,0.0,0.01,,
5,1.0,Hebbian,interleaved,0.0,0.01,,
5,1.0,Hebbian,interleaved,0.0,0.01,,
5,1.0,Hebbian,interleaved,0.0,0.01,,
5,1.0,Hebbian,interleaved,0.0,0.01,,
5,1.0,Hebbian,interleaved,0.0,0.01,,
5,1.0,Hebbian,interleaved,0.0,0.01,,
5,1.0,Hebbian,interleaved,0.0,0.01,,
5,1.0,Hebbian,interleaved,0.0,0.01,,
5,1.0,Hebbian,interleaved,0.0,0.01,,
5,1.0,Hebbian,interleaved,0.0,0.01,,
5,1.0,Hebbian,interleaved,0.0,0.01,,
5,1.0,Hebbian,interleaved,0.0,0.01,,
5,1.0,Hebbian,interleaved,0.0,0.01,,
5,1.0,Hebbian,interleaved,0.0,0.01,,
5,1.0,Hebbian,interleaved,0.0,0.01,,
5,1.0,Hebbian,interleaved,0.0,0.01,,
5,1.0,Hebbian,interleaved,0.0,0.01,,
5,1.0,Hebbian,interleaved,0.0,0.01,,
5,1.0,Hebbian,interleaved,0.0,0.01,,
5,1.0,Hebbian,interleaved,0.0,0.01,,
5,1.0,Hebbian,interleaved,0.0,0.01,,
5,1.0,Hebbian,interleaved,0.0,0.01,,
5,1.0,Hebbian,interleaved,0.0,0.01,,
5,1.0,Hebbian,interleaved,0.0,0.01,,
5,1.0,Hebbian,interleaved,0.0,0.01,,
5,1.0,Hebbian,interleaved,0.0,0.01,,
5,1.0,Hebbian,interleaved,0.0,0.01,,
5,1.0,Hebbian,interleaved,0.0,0.01,,
5,0.0,Hebbian,interleaved,0.0,0.01,,
5,1.0,Hebbian,interleaved,0.0,0.01,,
5,0.0,Hebbian,interleaved,0.0,0.01,,
5,0.0,Hebbian,interleaved,0.0,0.01,,
5,1.0,Hebbian,interleaved,0.0,0.01,,
5,1.0,Hebbian,interleaved,0.0,0.01,,
5,1.0,Hebbian,interleaved,0.0,0.01,,
5,1.0,Hebbian,interleaved,0.0,0.01,,
5,1.0,Hebbian,interleaved,0.0,0.01,,
5,1.0,Hebbian,interleaved,0.0,0.01,,
5,1.0,Hebbian,interleaved,0.0,0.01,,
5,1.0,Hebbian,interleaved,0.0,0.01,,
5,1.0,Hebbian,interleaved,0.0,0.01,,
5,1.0,Hebbian,interleaved,0.0,0.01,,
5,1.0,Hebbian,interleaved,0.0,0.01,,
5,1.0,Hebbian,interleaved,0.0,0.01,,
5,1.0,Hebbian,interleaved,0.0,0.01,,
5,1.0,Hebbian,interleaved,0.0,0.01,,
5,1.0,Hebbian,interleaved,0.0,0.01,,
5,1.0,Hebbian,interleaved,0.0,0.01,,
5,1.0,Hebbian,interleaved,0.0,0.01,,
5,0.0,Hebbian,interleaved,0.0,0.01,,
5,0.0,Hebbian,interleaved,0.0,0.01,,
5,1.0,Hebbian,interleaved,0.0,0.01,,
5,1.0,Hebbian,interleaved,0.0,0.01,,
5,1.0,Hebbian,interleaved,0.0,0.01,,
5,1.0,Hebbian,interleaved,0.0,0.01,,
5,1.0,Hebbian,interleaved,0.0,0.01,,
5,1.0,Hebbian,interleaved,0.0,0.01,,
5,1.0,Hebbian,interleaved,0.0,0.01,,
5,1.0,Hebbian,interleaved,0.0,0.01,,
5,1.0,Hebbian,interleaved,0.0,0.01,,
5,1.0,Hebbian,interleaved,0.0,0.01,,
5,1.0,Hebbian,interleaved,0.0,0.01,,
5,1.0,Hebbian,interleaved,0.0,0.01,,
5,1.0,Hebbian,interleaved,0.0,0.01,,
5,1.0,Hebbian,interleaved,0.0,0.01,,
5,1.0,Hebbian,interleaved,0.0,0.01,,
5,1.0,Hebbian,interleaved,0.0,0.01,,
5,1.0,Hebbian,interleaved,0.0,0.01,,
5,1.0,Hebbian,interleaved,0.0,0.01,,
5,1.0,Hebbian,interleaved,0.0,0.01,,
5,1.0,Hebbian,interleaved,0.0,0.01,,
5,1.0,Hebbian,interleaved,0.0,0.01,,
5,1.0,Hebbian,interleaved,0.0,0.01,,
5,1.0,Hebbian,interleaved,0.0,0.01,,
5,1.0,Hebbian,interleaved,0.0,0.01,,
5,1.0,Hebbian,interleaved,0.0,0.01,,
5,1.0,Hebbian,interleaved,0.0,0.01,,
5,1.0,Hebbian,interleaved,0.0,0.01,,
5,1.0,Hebbian,interleaved,0.0,0.01,,
5,1.0,Hebbian,interleaved,0.0,0.01,,
5,1.0,Hebbian,interleaved,0.0,0.01,,
5,1.0,Hebbian,interleaved,0.0,0.01,,
5,1.0,Hebbian,interleaved,0.0,0.01,,
5,1.0,Hebbian,interleaved,0.0,0.01,,
5,1.0,Hebbian,interleaved,0.0,0.01,,
5,1.0,Hebbian,interleaved,0.0,0.01,,
5,1.0,Hebbian,interleaved,0.0,0.01,,
5,1.0,Hebbian,interleaved,0.0,0.01,,
5,1.0,Hebbian,interleaved,0.0,0.01,,
5,1.0,Hebbian,interleaved,0.0,0.01,,
5,1.0,Hebbian,interleaved,0.0,0.01,,
5,1.0,Hebbian,interleaved,0.0,0.01,,
5,1.0,Hebbian,interleaved,0.0,0.01,,
5,1.0,Hebbian,interleaved,0.0,0.01,,
5,1.0,Hebbian,interleaved,0.0,0.01,,
5,1.0,Hebbian,interleaved,0.0,0.01,,
5,1.0,Hebbian,interleaved,0.0,0.01,,
5,1.0,Hebbian,interleaved,0.0,0.01,,
5,0.0,Hebbian,interleaved,0.0,0.01,,
5,0.0,Hebbian,interleaved,0.0,0.01,,
5,1.0,Hebbian,interleaved,0.0,0.01,,
5,1.0,Hebbian,interleaved,0.0,0.01,,
5,0.0,Hebbian,interleaved,0.0,0.01,,
5,1.0,Hebbian,interleaved,0.0,0.01,,
5,1.0,Hebbian,interleaved,0.0,0.01,,
5,1.0,Hebbian,interleaved,0.0,0.01,,
5,1.0,Hebbian,interleaved,0.0,0.01,,
5,1.0,Hebbian,interleaved,0.0,0.01,,
5,1.0,Hebbian,interleaved,0.0,0.01,,
5,1.0,Hebbian,interleaved,0.0,0.01,,
5,1.0,Hebbian,interleaved,0.0,0.01,,
5,1.0,Hebbian,interleaved,0.0,0.01,,
5,1.0,Hebbian,interleaved,0.0,0.01,,
5,1.0,Hebbian,interleaved,0.0,0.01,,
5,1.0,Hebbian,interleaved,0.0,0.01,,
5,1.0,Hebbian,interleaved,0.0,0.01,,
5,1.0,Hebbian,interleaved,0.0,0.01,,
5,1.0,Hebbian,interleaved,0.0,0.01,,
5,1.0,Hebbian,interleaved,0.0,0.01,,
5,1.0,Hebbian,interleaved,0.0,0.01,,
5,1.0,Hebbian,interleaved,0.0,0.01,,
5,1.0,Hebbian,interleaved,0.0,0.01,,
5,1.0,Hebbian,interleaved,0.0,0.01,,
5,1.0,Hebbian,interleaved,0.0,0.01,,
5,1.0,Hebbian,interleaved,0.0,0.01,,
5,1.0,Hebbian,interleaved,0.0,0.01,,
5,1.0,Hebbian,interleaved,0.0,0.01,,
5,1.0,Hebbian,interleaved,0.0,0.01,,
5,1.0,Hebbian,interleaved,0.0,0.01,,
5,1.0,Hebbian,interleaved,0.0,0.01,,
5,1.0,Hebbian,interleaved,0.0,0.01,,
5,1.0,Hebbian,interleaved,0.0,0.01,,
5,1.0,Hebbian,interleaved,0.0,0.01,,
5,1.0,Hebbian,interleaved,0.0,0.01,,
5,1.0,Hebbian,interleaved,0.0,0.01,,
5,1.0,Hebbian,interleaved,0.0,0.01,,
5,1.0,Hebbian,interleaved,0.0,0.01,,
5,0.0,Hebbian,interleaved,0.0,0.01,,
5,1.0,Hebbian,interleaved,0.0,0.01,,
5,1.0,Hebbian,interleaved,0.0,0.01,,
5,0.0,Hebbian,interleaved,0.0,0.01,,
5,1.0,Hebbian,interleaved,0.0,0.01,,
5,1.0,Hebbian,interleaved,0.0,0.01,,
5,1.0,Hebbian,interleaved,0.0,0.01,,
5,1.0,Hebbian,interleaved,0.0,0.01,,
5,1.0,Hebbian,interleaved,0.0,0.01,,
5,1.0,Hebbian,interleaved,0.0,0.01,,
5,1.0,Hebbian,interleaved,0.0,0.01,,
5,1.0,Hebbian,interleaved,0.0,0.01,,
5,1.0,Hebbian,interleaved,0.0,0.01,,
5,1.0,Hebbian,interleaved,0.0,0.01,,
5,1.0,Hebbian,interleaved,0.0,0.01,,
5,1.0,Hebbian,interleaved,0.0,0.01,,
5,1.0,Hebbian,interleaved,0.0,0.01,,
5,1.0,Hebbian,interleaved,0.0,0.01,,
5,1.0,Hebbian,interleaved,0.0,0.01,,
5,1.0,Hebbian,interleaved,0.0,0.01,,
5,1.0,Hebbian,interleaved,0.0,0.01,,
5,1.0,Hebbian,interleaved,0.0,0.01,,
5,0.0,Hebbian,interleaved,0.0,0.01,,
5,1.0,Hebbian,interleaved,0.0,0.01,,
5,1.0,Hebbian,interleaved,0.0,0.01,,
5,1.0,Hebbian,interleaved,0.0,0.01,,
5,1.0,Hebbian,interleaved,0.0,0.01,,
5,1.0,Hebbian,interleaved,0.0,0.01,,
5,1.0,Hebbian,interleaved,0.0,0.01,,
5,1.0,Hebbian,interleaved,0.0,0.01,,
5,1.0,Hebbian,interleaved,0.0,0.01,,
5,1.0,Hebbian,interleaved,0.0,0.01,,
5,1.0,Hebbian,interleaved,0.0,0.01,,
5,0.0,Hebbian,interleaved,0.0,0.01,,
5,1.0,Hebbian,interleaved,0.0,0.01,,
5,1.0,Hebbian,interleaved,0.0,0.01,,
5,1.0,Hebbian,interleaved,0.0,0.01,,
5,0.0,Hebbian,interleaved,0.0,0.01,,
5,1.0,Hebbian,interleaved,0.0,0.01,,
5,1.0,Hebbian,interleaved,0.0,0.01,,
5,1.0,Hebbian,interleaved,0.0,0.01,,
5,1.0,Hebbian,interleaved,0.0,0.01,,
5,1.0,Hebbian,interleaved,0.0,0.01,,
5,1.0,Hebbian,interleaved,0.0,0.01,,
5,1.0,Hebbian,interleaved,0.0,0.01,,
5,1.0,Hebbian,interleaved,0.0,0.01,,
5,1.0,Hebbian,interleaved,0.0,0.01,,
5,1.0,Hebbian,interleaved,0.0,0.01,,
5,1.0,Hebbian,interleaved,0.0,0.01,,
5,1.0,Hebbian,interleaved,0.0,0.01,,
5,1.0,Hebbian,interleaved,0.0,0.01,,
5,1.0,Hebbian,interleaved,0.0,0.01,,
5,1.0,Hebbian,interleaved,0.0,0.01,,
5,1.0,Hebbian,interleaved,0.0,0.01,,
5,1.0,Hebbian,interleaved,0.0,0.01,,
5,1.0,Hebbian,interleaved,0.0,0.01,,
5,0.0,Hebbian,interleaved,0.0,0.01,,
5,1.0,Hebbian,interleaved,0.0,0.01,,
5,1.0,Hebbian,interleaved,0.0,0.01,,
5,1.0,Hebbian,interleaved,0.0,0.01,,
5,1.0,Hebbian,interleaved,0.0,0.01,,
5,1.0,Hebbian,interleaved,0.0,0.01,,
5,1.0,Hebbian,interleaved,0.0,0.01,,
5,1.0,Hebbian,interleaved,0.0,0.01,,
5,1.0,Hebbian,interleaved,0.0,0.01,,
5,1.0,Hebbian,interleaved,0.0,0.01,,
5,1.0,Hebbian,interleaved,0.0,0.01,,
5,1.0,Hebbian,interleaved,0.0,0.01,,
5,1.0,Hebbian,interleaved,0.0,0.01,,
5,1.0,Hebbian,interleaved,0.0,0.01,,
5,1.0,Hebbian,interleaved,0.0,0.01,,
5,0.0,Hebbian,interleaved,0.0,0.01,,
5,1.0,Hebbian,interleaved,0.0,0.01,,
5,0.0,Hebbian,interleaved,0.0,0.01,,
5,1.0,Hebbian,interleaved,0.0,0.01,,
5,0.0,Hebbian,interleaved,0.0,0.01,,
5,1.0,Hebbian,interleaved,0.0,0.01,,
5,1.0,Hebbian,interleaved,0.0,0.01,,
5,1.0,Hebbian,interleaved,0.0,0.01,,
5,1.0,Hebbian,interleaved,0.0,0.01,,
5,1.0,Hebbian,interleaved,0.0,0.01,,
5,1.0,Hebbian,interleaved,0.0,0.01,,
5,1.0,Hebbian,interleaved,0.0,0.01,,
5,1.0,Hebbian,interleaved,0.0,0.01,,
5,1.0,Hebbian,interleaved,0.0,0.01,,
5,1.0,Hebbian,interleaved,0.0,0.01,,
5,1.0,Hebbian,interleaved,0.0,0.01,,
5,1.0,Hebbian,interleaved,0.0,0.01,,
5,1.0,Hebbian,interleaved,0.0,0.01,,
5,1.0,Hebbian,interleaved,0.0,0.01,,
5,0.0,Hebbian,interleaved,0.0,0.01,,
5,1.0,Hebbian,interleaved,0.0,0.01,,
5,1.0,Hebbian,interleaved,0.0,0.01,,
5,1.0,Hebbian,interleaved,0.0,0.01,,
5,1.0,Hebbian,interleaved,0.0,0.01,,
5,1.0,Hebbian,interleaved,0.0,0.01,,
5,1.0,Hebbian,interleaved,0.0,0.01,,
5,1.0,Hebbian,interleaved,0.0,0.01,,
5,1.0,Hebbian,interleaved,0.0,0.01,,
5,1.0,Hebbian,interleaved,0.0,0.01,,
5,1.0,Hebbian,interleaved,0.0,0.01,,
5,1.0,Hebbian,interleaved,0.0,0.01,,
5,1.0,Hebbian,interleaved,0.0,0.01,,
5,1.0,Hebbian,interleaved,0.0,0.01,,
5,1.0,Hebbian,interleaved,0.0,0.01,,
5,1.0,Hebbian,interleaved,0.0,0.01,,
5,1.0,Hebbian,interleaved,0.0,0.01,,
5,1.0,Hebbian,interleaved,0.0,0.01,,
5,1.0,Hebbian,interleaved,0.0,0.01,,
5,1.0,Hebbian,interleaved,0.0,0.01,,
5,1.0,Hebbian,interleaved,0.0,0.01,,
5,0.0,Hebbian,interleaved,0.0,0.01,,
5,1.0,Hebbian,interleaved,0.0,0.01,,
5,1.0,Hebbian,interleaved,0.0,0.01,,
5,1.0,Hebbian,interleaved,0.0,0.01,,
5,1.0,Hebbian,interleaved,0.0,0.01,,
5,1.0,Hebbian,interleaved,0.0,0.01,,
5,1.0,Hebbian,interleaved,0.0,0.01,,
6,1.0,Hebbian,interleaved,0.0,0.01,,
6,1.0,Hebbian,interleaved,0.0,0.01,,
6,1.0,Hebbian,interleaved,0.0,0.01,,
6,1.0,Hebbian,interleaved,0.0,0.01,,
6,0.0,Hebbian,interleaved,0.0,0.01,,
6,0.0,Hebbian,interleaved,0.0,0.01,,
6,0.0,Hebbian,interleaved,0.0,0.01,,
6,0.0,Hebbian,interleaved,0.0,0.01,,
6,0.0,Hebbian,interleaved,0.0,0.01,,
6,1.0,Hebbian,interleaved,0.0,0.01,,
6,1.0,Hebbian,interleaved,0.0,0.01,,
6,1.0,Hebbian,interleaved,0.0,0.01,,
6,1.0,Hebbian,interleaved,0.0,0.01,,
6,1.0,Hebbian,interleaved,0.0,0.01,,
6,1.0,Hebbian,interleaved,0.0,0.01,,
6,1.0,Hebbian,interleaved,0.0,0.01,,
6,1.0,Hebbian,interleaved,0.0,0.01,,
6,1.0,Hebbian,interleaved,0.0,0.01,,
6,1.0,Hebbian,interleaved,0.0,0.01,,
6,1.0,Hebbian,interleaved,0.0,0.01,,
6,1.0,Hebbian,interleaved,0.0,0.01,,
6,1.0,Hebbian,interleaved,0.0,0.01,,
6,1.0,Hebbian,interleaved,0.0,0.01,,
6,0.0,Hebbian,interleaved,0.0,0.01,,
6,0.0,Hebbian,interleaved,0.0,0.01,,
6,0.0,Hebbian,interleaved,0.0,0.01,,
6,0.0,Hebbian,interleaved,0.0,0.01,,
6,0.0,Hebbian,interleaved,0.0,0.01,,
6,1.0,Hebbian,interleaved,0.0,0.01,,
6,1.0,Hebbian,interleaved,0.0,0.01,,
6,1.0,Hebbian,interleaved,0.0,0.01,,
6,1.0,Hebbian,interleaved,0.0,0.01,,
6,1.0,Hebbian,interleaved,0.0,0.01,,
6,1.0,Hebbian,interleaved,0.0,0.01,,
6,1.0,Hebbian,interleaved,0.0,0.01,,
6,1.0,Hebbian,interleaved,0.0,0.01,,
6,1.0,Hebbian,interleaved,0.0,0.01,,
6,1.0,Hebbian,interleaved,0.0,0.01,,
6,1.0,Hebbian,interleaved,0.0,0.01,,
6,1.0,Hebbian,interleaved,0.0,0.01,,
6,1.0,Hebbian,interleaved,0.0,0.01,,
6,1.0,Hebbian,interleaved,0.0,0.01,,
6,0.0,Hebbian,interleaved,0.0,0.01,,
6,0.0,Hebbian,interleaved,0.0,0.01,,
6,0.0,Hebbian,interleaved,0.0,0.01,,
6,0.0,Hebbian,interleaved,0.0,0.01,,
6,0.0,Hebbian,interleaved,0.0,0.01,,
6,1.0,Hebbian,interleaved,0.0,0.01,,
6,1.0,Hebbian,interleaved,0.0,0.01,,
6,1.0,Hebbian,interleaved,0.0,0.01,,
6,1.0,Hebbian,interleaved,0.0,0.01,,
6,1.0,Hebbian,interleaved,0.0,0.01,,
6,1.0,Hebbian,interleaved,0.0,0.01,,
6,1.0,Hebbian,interleaved,0.0,0.01,,
6,1.0,Hebbian,interleaved,0.0,0.01,,
6,1.0,Hebbian,interleaved,0.0,0.01,,
6,1.0,Hebbian,interleaved,0.0,0.01,,
6,1.0,Hebbian,interleaved,0.0,0.01,,
6,1.0,Hebbian,interleaved,0.0,0.01,,
6,1.0,Hebbian,interleaved,0.0,0.01,,
6,1.0,Hebbian,interleaved,0.0,0.01,,
6,0.0,Hebbian,interleaved,0.0,0.01,,
6,0.0,Hebbian,interleaved,0.0,0.01,,
6,0.0,Hebbian,interleaved,0.0,0.01,,
6,0.0,Hebbian,interleaved,0.0,0.01,,
6,0.0,Hebbian,interleaved,0.0,0.01,,
6,1.0,Hebbian,interleaved,0.0,0.01,,
6,1.0,Hebbian,interleaved,0.0,0.01,,
6,1.0,Hebbian,interleaved,0.0,0.01,,
6,1.0,Hebbian,interleaved,0.0,0.01,,
6,1.0,Hebbian,interleaved,0.0,0.01,,
6,1.0,Hebbian,interleaved,0.0,0.01,,
6,1.0,Hebbian,interleaved,0.0,0.01,,
6,1.0,Hebbian,interleaved,0.0,0.01,,
6,1.0,Hebbian,interleaved,0.0,0.01,,
6,1.0,Hebbian,interleaved,0.0,0.01,,
6,1.0,Hebbian,interleaved,0.0,0.01,,
6,1.0,Hebbian,interleaved,0.0,0.01,,
6,1.0,Hebbian,interleaved,0.0,0.01,,
6,1.0,Hebbian,interleaved,0.0,0.01,,
6,0.0,Hebbian,interleaved,0.0,0.01,,
6,0.0,Hebbian,interleaved,0.0,0.01,,
6,0.0,Hebbian,interleaved,0.0,0.01,,
6,0.0,Hebbian,interleaved,0.0,0.01,,
6,0.0,Hebbian,interleaved,0.0,0.01,,
6,1.0,Hebbian,interleaved,0.0,0.01,,
6,1.0,Hebbian,interleaved,0.0,0.01,,
6,1.0,Hebbian,interleaved,0.0,0.01,,
6,1.0,Hebbian,interleaved,0.0,0.01,,
6,1.0,Hebbian,interleaved,0.0,0.01,,
6,1.0,Hebbian,interleaved,0.0,0.01,,
6,1.0,Hebbian,interleaved,0.0,0.01,,
6,1.0,Hebbian,interleaved,0.0,0.01,,
6,1.0,Hebbian,interleaved,0.0,0.01,,
6,1.0,Hebbian,interleaved,0.0,0.01,,
6,1.0,Hebbian,interleaved,0.0,0.01,,
6,1.0,Hebbian,interleaved,0.0,0.01,,
6,1.0,Hebbian,interleaved,0.0,0.01,,
6,1.0,Hebbian,interleaved,0.0,0.01,,
6,1.0,Hebbian,interleaved,0.0,0.01,,
6,1.0,Hebbian,interleaved,0.0,0.01,,
6,1.0,Hebbian,interleaved,0.0,0.01,,
6,1.0,Hebbian,interleaved,0.0,0.01,,
6,1.0,Hebbian,interleaved,0.0,0.01,,
6,1.0,Hebbian,interleaved,0.0,0.01,,
6,1.0,Hebbian,interleaved,0.0,0.01,,
6,1.0,Hebbian,interleaved,0.0,0.01,,
6,1.0,Hebbian,interleaved,0.0,0.01,,
6,1.0,Hebbian,interleaved,0.0,0.01,,
6,1.0,Hebbian,interleaved,0.0,0.01,,
6,1.0,Hebbian,interleaved,0.0,0.01,,
6,1.0,Hebbian,interleaved,0.0,0.01,,
6,1.0,Hebbian,interleaved,0.0,0.01,,
6,1.0,Hebbian,interleaved,0.0,0.01,,
6,1.0,Hebbian,interleaved,0.0,0.01,,
6,1.0,Hebbian,interleaved,0.0,0.01,,
6,1.0,Hebbian,interleaved,0.0,0.01,,
6,1.0,Hebbian,interleaved,0.0,0.01,,
6,1.0,Hebbian,interleaved,0.0,0.01,,
6,1.0,Hebbian,interleaved,0.0,0.01,,
6,1.0,Hebbian,interleaved,0.0,0.01,,
6,1.0,Hebbian,interleaved,0.0,0.01,,
6,1.0,Hebbian,interleaved,0.0,0.01,,
6,1.0,Hebbian,interleaved,0.0,0.01,,
6,1.0,Hebbian,interleaved,0.0,0.01,,
6,1.0,Hebbian,interleaved,0.0,0.01,,
6,1.0,Hebbian,interleaved,0.0,0.01,,
6,1.0,Hebbian,interleaved,0.0,0.01,,
6,1.0,Hebbian,interleaved,0.0,0.01,,
6,1.0,Hebbian,interleaved,0.0,0.01,,
6,1.0,Hebbian,interleaved,0.0,0.01,,
6,1.0,Hebbian,interleaved,0.0,0.01,,
6,1.0,Hebbian,interleaved,0.0,0.01,,
6,1.0,Hebbian,interleaved,0.0,0.01,,
6,1.0,Hebbian,interleaved,0.0,0.01,,
6,1.0,Hebbian,interleaved,0.0,0.01,,
6,1.0,Hebbian,interleaved,0.0,0.01,,
6,1.0,Hebbian,interleaved,0.0,0.01,,
6,1.0,Hebbian,interleaved,0.0,0.01,,
6,1.0,Hebbian,interleaved,0.0,0.01,,
6,1.0,Hebbian,interleaved,0.0,0.01,,
6,1.0,Hebbian,interleaved,0.0,0.01,,
6,1.0,Hebbian,interleaved,0.0,0.01,,
6,1.0,Hebbian,interleaved,0.0,0.01,,
6,1.0,Hebbian,interleaved,0.0,0.01,,
6,1.0,Hebbian,interleaved,0.0,0.01,,
6,1.0,Hebbian,interleaved,0.0,0.01,,
6,1.0,Hebbian,interleaved,0.0,0.01,,
6,1.0,Hebbian,interleaved,0.0,0.01,,
6,1.0,Hebbian,interleaved,0.0,0.01,,
6,1.0,Hebbian,interleaved,0.0,0.01,,
6,1.0,Hebbian,interleaved,0.0,0.01,,
6,1.0,Hebbian,interleaved,0.0,0.01,,
6,1.0,Hebbian,interleaved,0.0,0.01,,
6,1.0,Hebbian,interleaved,0.0,0.01,,
6,1.0,Hebbian,interleaved,0.0,0.01,,
6,1.0,Hebbian,interleaved,0.0,0.01,,
6,1.0,Hebbian,interleaved,0.0,0.01,,
6,1.0,Hebbian,interleaved,0.0,0.01,,
6,1.0,Hebbian,interleaved,0.0,0.01,,
6,1.0,Hebbian,interleaved,0.0,0.01,,
6,1.0,Hebbian,interleaved,0.0,0.01,,
6,1.0,Hebbian,interleaved,0.0,0.01,,
6,1.0,Hebbian,interleaved,0.0,0.01,,
6,1.0,Hebbian,interleaved,0.0,0.01,,
6,1.0,Hebbian,interleaved,0.0,0.01,,
6,1.0,Hebbian,interleaved,0.0,0.01,,
6,1.0,Hebbian,interleaved,0.0,0.01,,
6,1.0,Hebbian,interleaved,0.0,0.01,,
6,1.0,Hebbian,interleaved,0.0,0.01,,
6,1.0,Hebbian,interleaved,0.0,0.01,,
6,1.0,Hebbian,interleaved,0.0,0.01,,
6,1.0,Hebbian,interleaved,0.0,0.01,,
6,1.0,Hebbian,interleaved,0.0,0.01,,
6,1.0,Hebbian,interleaved,0.0,0.01,,
6,1.0,Hebbian,interleaved,0.0,0.01,,
6,1.0,Hebbian,interleaved,0.0,0.01,,
6,1.0,Hebbian,interleaved,0.0,0.01,,
6,1.0,Hebbian,interleaved,0.0,0.01,,
6,1.0,Hebbian,interleaved,0.0,0.01,,
6,1.0,Hebbian,interleaved,0.0,0.01,,
6,1.0,Hebbian,interleaved,0.0,0.01,,
6,1.0,Hebbian,interleaved,0.0,0.01,,
6,1.0,Hebbian,interleaved,0.0,0.01,,
6,1.0,Hebbian,interleaved,0.0,0.01,,
6,1.0,Hebbian,interleaved,0.0,0.01,,
6,1.0,Hebbian,interleaved,0.0,0.01,,
6,1.0,Hebbian,interleaved,0.0,0.01,,
6,1.0,Hebbian,interleaved,0.0,0.01,,
6,1.0,Hebbian,interleaved,0.0,0.01,,
6,1.0,Hebbian,interleaved,0.0,0.01,,
6,1.0,Hebbian,interleaved,0.0,0.01,,
6,1.0,Hebbian,interleaved,0.0,0.01,,
6,1.0,Hebbian,interleaved,0.0,0.01,,
6,1.0,Hebbian,interleaved,0.0,0.01,,
6,1.0,Hebbian,interleaved,0.0,0.01,,
6,1.0,Hebbian,interleaved,0.0,0.01,,
6,1.0,Hebbian,interleaved,0.0,0.01,,
6,1.0,Hebbian,interleaved,0.0,0.01,,
6,1.0,Hebbian,interleaved,0.0,0.01,,
6,1.0,Hebbian,interleaved,0.0,0.01,,
6,1.0,Hebbian,interleaved,0.0,0.01,,
6,1.0,Hebbian,interleaved,0.0,0.01,,
6,1.0,Hebbian,interleaved,0.0,0.01,,
6,0.0,Hebbian,interleaved,0.0,0.01,,
6,0.0,Hebbian,interleaved,0.0,0.01,,
6,0.0,Hebbian,interleaved,0.0,0.01,,
6,0.0,Hebbian,interleaved,0.0,0.01,,
6,0.0,Hebbian,interleaved,0.0,0.01,,
6,1.0,Hebbian,interleaved,0.0,0.01,,
6,1.0,Hebbian,interleaved,0.0,0.01,,
6,1.0,Hebbian,interleaved,0.0,0.01,,
6,1.0,Hebbian,interleaved,0.0,0.01,,
6,1.0,Hebbian,interleaved,0.0,0.01,,
6,1.0,Hebbian,interleaved,0.0,0.01,,
6,1.0,Hebbian,interleaved,0.0,0.01,,
6,1.0,Hebbian,interleaved,0.0,0.01,,
6,1.0,Hebbian,interleaved,0.0,0.01,,
6,1.0,Hebbian,interleaved,0.0,0.01,,
6,1.0,Hebbian,interleaved,0.0,0.01,,
6,1.0,Hebbian,interleaved,0.0,0.01,,
6,1.0,Hebbian,interleaved,0.0,0.01,,
6,1.0,Hebbian,interleaved,0.0,0.01,,
6,0.0,Hebbian,interleaved,0.0,0.01,,
6,0.0,Hebbian,interleaved,0.0,0.01,,
6,0.0,Hebbian,interleaved,0.0,0.01,,
6,0.0,Hebbian,interleaved,0.0,0.01,,
6,0.0,Hebbian,interleaved,0.0,0.01,,
6,1.0,Hebbian,interleaved,0.0,0.01,,
6,1.0,Hebbian,interleaved,0.0,0.01,,
6,1.0,Hebbian,interleaved,0.0,0.01,,
6,1.0,Hebbian,interleaved,0.0,0.01,,
6,1.0,Hebbian,interleaved,0.0,0.01,,
6,1.0,Hebbian,interleaved,0.0,0.01,,
6,1.0,Hebbian,interleaved,0.0,0.01,,
6,1.0,Hebbian,interleaved,0.0,0.01,,
6,1.0,Hebbian,interleaved,0.0,0.01,,
6,1.0,Hebbian,interleaved,0.0,0.01,,
6,1.0,Hebbian,interleaved,0.0,0.01,,
6,1.0,Hebbian,interleaved,0.0,0.01,,
6,1.0,Hebbian,interleaved,0.0,0.01,,
6,1.0,Hebbian,interleaved,0.0,0.01,,
6,0.0,Hebbian,interleaved,0.0,0.01,,
6,0.0,Hebbian,interleaved,0.0,0.01,,
6,0.0,Hebbian,interleaved,0.0,0.01,,
6,0.0,Hebbian,interleaved,0.0,0.01,,
6,0.0,Hebbian,interleaved,0.0,0.01,,
6,1.0,Hebbian,interleaved,0.0,0.01,,
6,1.0,Hebbian,interleaved,0.0,0.01,,
6,1.0,Hebbian,interleaved,0.0,0.01,,
6,1.0,Hebbian,interleaved,0.0,0.01,,
6,1.0,Hebbian,interleaved,0.0,0.01,,
6,1.0,Hebbian,interleaved,0.0,0.01,,
6,1.0,Hebbian,interleaved,0.0,0.01,,
6,1.0,Hebbian,interleaved,0.0,0.01,,
6,1.0,Hebbian,interleaved,0.0,0.01,,
6,1.0,Hebbian,interleaved,0.0,0.01,,
6,1.0,Hebbian,interleaved,0.0,0.01,,
6,1.0,Hebbian,interleaved,0.0,0.01,,
6,1.0,Hebbian,interleaved,0.0,0.01,,
6,1.0,Hebbian,interleaved,0.0,0.01,,
6,0.0,Hebbian,interleaved,0.0,0.01,,
6,0.0,Hebbian,interleaved,0.0,0.01,,
6,0.0,Hebbian,interleaved,0.0,0.01,,
6,0.0,Hebbian,interleaved,0.0,0.01,,
6,0.0,Hebbian,interleaved,0.0,0.01,,
6,1.0,Hebbian,interleaved,0.0,0.01,,
6,1.0,Hebbian,interleaved,0.0,0.01,,
6,1.0,Hebbian,interleaved,0.0,0.01,,
6,1.0,Hebbian,interleaved,0.0,0.01,,
6,1.0,Hebbian,interleaved,0.0,0.01,,
6,1.0,Hebbian,interleaved,0.0,0.01,,
6,1.0,Hebbian,interleaved,0.0,0.01,,
6,1.0,Hebbian,interleaved,0.0,0.01,,
6,1.0,Hebbian,interleaved,0.0,0.01,,
6,1.0,Hebbian,interleaved,0.0,0.01,,
6,1.0,Hebbian,interleaved,0.0,0.01,,
6,1.0,Hebbian,interleaved,0.0,0.01,,
6,1.0,Hebbian,interleaved,0.0,0.01,,
6,1.0,Hebbian,interleaved,0.0,0.01,,
6,0.0,Hebbian,interleaved,0.0,0.01,,
6,0.0,Hebbian,interleaved,0.0,0.01,,
6,0.0,Hebbian,interleaved,0.0,0.01,,
6,0.0,Hebbian,interleaved,0.0,0.01,,
6,0.0,Hebbian,interleaved,0.0,0.01,,
6,1.0,Hebbian,interleaved,0.0,0.01,,
6,1.0,Hebbian,interleaved,0.0,0.01,,
6,1.0,Hebbian,interleaved,0.0,0.01,,
6,1.0,Hebbian,interleaved,0.0,0.01,,
6,1.0,Hebbian,interleaved,0.0,0.01,,
6,1.0,Hebbian,interleaved,0.0,0.01,,
6,1.0,Hebbian,interleaved,0.0,0.01,,
6,1.0,Hebbian,interleaved,0.0,0.01,,
6,1.0,Hebbian,interleaved,0.0,0.01,,
6,1.0,Hebbian,interleaved,0.0,0.01,,
6,1.0,Hebbian,interleaved,0.0,0.01,,
6,1.0,Hebbian,interleaved,0.0,0.01,,
6,1.0,Hebbian,interleaved,0.0,0.01,,
6,1.0,Hebbian,interleaved,0.0,0.01,,
6,1.0,Hebbian,interleaved,0.0,0.01,,
6,1.0,Hebbian,interleaved,0.0,0.01,,
6,1.0,Hebbian,interleaved,0.0,0.01,,
6,1.0,Hebbian,interleaved,0.0,0.01,,
6,1.0,Hebbian,interleaved,0.0,0.01,,
6,1.0,Hebbian,interleaved,0.0,0.01,,
6,1.0,Hebbian,interleaved,0.0,0.01,,
6,1.0,Hebbian,interleaved,0.0,0.01,,
6,1.0,Hebbian,interleaved,0.0,0.01,,
6,1.0,Hebbian,interleaved,0.0,0.01,,
6,1.0,Hebbian,interleaved,0.0,0.01,,
6,1.0,Hebbian,interleaved,0.0,0.01,,
6,1.0,Hebbian,interleaved,0.0,0.01,,
6,1.0,Hebbian,interleaved,0.0,0.01,,
6,1.0,Hebbian,interleaved,0.0,0.01,,
6,1.0,Hebbian,interleaved,0.0,0.01,,
6,1.0,Hebbian,interleaved,0.0,0.01,,
6,1.0,Hebbian,interleaved,0.0,0.01,,
6,1.0,Hebbian,interleaved,0.0,0.01,,
6,1.0,Hebbian,interleaved,0.0,0.01,,
6,1.0,Hebbian,interleaved,0.0,0.01,,
6,1.0,Hebbian,interleaved,0.0,0.01,,
6,1.0,Hebbian,interleaved,0.0,0.01,,
6,1.0,Hebbian,interleaved,0.0,0.01,,
6,1.0,Hebbian,interleaved,0.0,0.01,,
6,1.0,Hebbian,interleaved,0.0,0.01,,
6,1.0,Hebbian,interleaved,0.0,0.01,,
6,1.0,Hebbian,interleaved,0.0,0.01,,
6,1.0,Hebbian,interleaved,0.0,0.01,,
6,1.0,Hebbian,interleaved,0.0,0.01,,
6,1.0,Hebbian,interleaved,0.0,0.01,,
6,1.0,Hebbian,interleaved,0.0,0.01,,
6,1.0,Hebbian,interleaved,0.0,0.01,,
6,1.0,Hebbian,interleaved,0.0,0.01,,
6,1.0,Hebbian,interleaved,0.0,0.01,,
6,1.0,Hebbian,interleaved,0.0,0.01,,
6,1.0,Hebbian,interleaved,0.0,0.01,,
6,1.0,Hebbian,interleaved,0.0,0.01,,
6,1.0,Hebbian,interleaved,0.0,0.01,,
6,1.0,Hebbian,interleaved,0.0,0.01,,
6,1.0,Hebbian,interleaved,0.0,0.01,,
6,1.0,Hebbian,interleaved,0.0,0.01,,
6,1.0,Hebbian,interleaved,0.0,0.01,,
6,1.0,Hebbian,interleaved,0.0,0.01,,
6,1.0,Hebbian,interleaved,0.0,0.01,,
6,1.0,Hebbian,interleaved,0.0,0.01,,
6,1.0,Hebbian,interleaved,0.0,0.01,,
6,1.0,Hebbian,interleaved,0.0,0.01,,
6,1.0,Hebbian,interleaved,0.0,0.01,,
6,1.0,Hebbian,interleaved,0.0,0.01,,
6,1.0,Hebbian,interleaved,0.0,0.01,,
6,1.0,Hebbian,interleaved,0.0,0.01,,
6,1.0,Hebbian,interleaved,0.0,0.01,,
6,1.0,Hebbian,interleaved,0.0,0.01,,
6,1.0,Hebbian,interleaved,0.0,0.01,,
6,1.0,Hebbian,interleaved,0.0,0.01,,
6,1.0,Hebbian,interleaved,0.0,0.01,,
6,1.0,Hebbian,interleaved,0.0,0.01,,
6,1.0,Hebbian,interleaved,0.0,0.01,,
6,1.0,Hebbian,interleaved,0.0,0.01,,
6,1.0,Hebbian,interleaved,0.0,0.01,,
6,1.0,Hebbian,interleaved,0.0,0.01,,
6,1.0,Hebbian,interleaved,0.0,0.01,,
6,1.0,Hebbian,interleaved,0.0,0.01,,
6,1.0,Hebbian,interleaved,0.0,0.01,,
6,1.0,Hebbian,interleaved,0.0,0.01,,
6,1.0,Hebbian,interleaved,0.0,0.01,,
6,1.0,Hebbian,interleaved,0.0,0.01,,
6,1.0,Hebbian,interleaved,0.0,0.01,,
6,1.0,Hebbian,interleaved,0.0,0.01,,
6,1.0,Hebbian,interleaved,0.0,0.01,,
6,1.0,Hebbian,interleaved,0.0,0.01,,
6,1.0,Hebbian,interleaved,0.0,0.01,,
6,1.0,Hebbian,interleaved,0.0,0.01,,
6,1.0,Hebbian,interleaved,0.0,0.01,,
6,1.0,Hebbian,interleaved,0.0,0.01,,
6,1.0,Hebbian,interleaved,0.0,0.01,,
6,1.0,Hebbian,interleaved,0.0,0.01,,
6,1.0,Hebbian,interleaved,0.0,0.01,,
6,1.0,Hebbian,interleaved,0.0,0.01,,
6,1.0,Hebbian,interleaved,0.0,0.01,,
7,1.0,Hebbian,interleaved,0.0,0.01,,
7,1.0,Hebbian,interleaved,0.0,0.01,,
7,1.0,Hebbian,interleaved,0.0,0.01,,
7,1.0,Hebbian,interleaved,0.0,0.01,,
7,0.0,Hebbian,interleaved,0.0,0.01,,
7,0.0,Hebbian,interleaved,0.0,0.01,,
7,0.0,Hebbian,interleaved,0.0,0.01,,
7,0.0,Hebbian,interleaved,0.0,0.01,,
7,1.0,Hebbian,interleaved,0.0,0.01,,
7,1.0,Hebbian,interleaved,0.0,0.01,,
7,1.0,Hebbian,interleaved,0.0,0.01,,
7,1.0,Hebbian,interleaved,0.0,0.01,,
7,1.0,Hebbian,interleaved,0.0,0.01,,
7,1.0,Hebbian,interleaved,0.0,0.01,,
7,1.0,Hebbian,interleaved,0.0,0.01,,
7,1.0,Hebbian,interleaved,0.0,0.01,,
7,1.0,Hebbian,interleaved,0.0,0.01,,
7,1.0,Hebbian,interleaved,0.0,0.01,,
7,1.0,Hebbian,interleaved,0.0,0.01,,
7,1.0,Hebbian,interleaved,0.0,0.01,,
7,1.0,Hebbian,interleaved,0.0,0.01,,
7,1.0,Hebbian,interleaved,0.0,0.01,,
7,1.0,Hebbian,interleaved,0.0,0.01,,
7,0.0,Hebbian,interleaved,0.0,0.01,,
7,1.0,Hebbian,interleaved,0.0,0.01,,
7,0.0,Hebbian,interleaved,0.0,0.01,,
7,1.0,Hebbian,interleaved,0.0,0.01,,
7,1.0,Hebbian,interleaved,0.0,0.01,,
7,1.0,Hebbian,interleaved,0.0,0.01,,
7,1.0,Hebbian,interleaved,0.0,0.01,,
7,1.0,Hebbian,interleaved,0.0,0.01,,
7,1.0,Hebbian,interleaved,0.0,0.01,,
7,1.0,Hebbian,interleaved,0.0,0.01,,
7,1.0,Hebbian,interleaved,0.0,0.01,,
7,1.0,Hebbian,interleaved,0.0,0.01,,
7,1.0,Hebbian,interleaved,0.0,0.01,,
7,1.0,Hebbian,interleaved,0.0,0.01,,
7,1.0,Hebbian,interleaved,0.0,0.01,,
7,1.0,Hebbian,interleaved,0.0,0.01,,
7,1.0,Hebbian,interleaved,0.0,0.01,,
7,1.0,Hebbian,interleaved,0.0,0.01,,
7,1.0,Hebbian,interleaved,0.0,0.01,,
7,0.0,Hebbian,interleaved,0.0,0.01,,
7,1.0,Hebbian,interleaved,0.0,0.01,,
7,0.0,Hebbian,interleaved,0.0,0.01,,
7,0.0,Hebbian,interleaved,0.0,0.01,,
7,1.0,Hebbian,interleaved,0.0,0.01,,
7,1.0,Hebbian,interleaved,0.0,0.01,,
7,1.0,Hebbian,interleaved,0.0,0.01,,
7,1.0,Hebbian,interleaved,0.0,0.01,,
7,1.0,Hebbian,interleaved,0.0,0.01,,
7,1.0,Hebbian,interleaved,0.0,0.01,,
7,1.0,Hebbian,interleaved,0.0,0.01,,
7,1.0,Hebbian,interleaved,0.0,0.01,,
7,1.0,Hebbian,interleaved,0.0,0.01,,
7,1.0,Hebbian,interleaved,0.0,0.01,,
7,1.0,Hebbian,interleaved,0.0,0.01,,
7,1.0,Hebbian,interleaved,0.0,0.01,,
7,1.0,Hebbian,interleaved,0.0,0.01,,
7,1.0,Hebbian,interleaved,0.0,0.01,,
7,1.0,Hebbian,interleaved,0.0,0.01,,
7,0.0,Hebbian,interleaved,0.0,0.01,,
7,0.0,Hebbian,interleaved,0.0,0.01,,
7,0.0,Hebbian,interleaved,0.0,0.01,,
7,0.0,Hebbian,interleaved,0.0,0.01,,
7,0.0,Hebbian,interleaved,0.0,0.01,,
7,1.0,Hebbian,interleaved,0.0,0.01,,
7,1.0,Hebbian,interleaved,0.0,0.01,,
7,1.0,Hebbian,interleaved,0.0,0.01,,
7,1.0,Hebbian,interleaved,0.0,0.01,,
7,1.0,Hebbian,interleaved,0.0,0.01,,
7,1.0,Hebbian,interleaved,0.0,0.01,,
7,1.0,Hebbian,interleaved,0.0,0.01,,
7,1.0,Hebbian,interleaved,0.0,0.01,,
7,1.0,Hebbian,interleaved,0.0,0.01,,
7,1.0,Hebbian,interleaved,0.0,0.01,,
7,1.0,Hebbian,interleaved,0.0,0.01,,
7,1.0,Hebbian,interleaved,0.0,0.01,,
7,1.0,Hebbian,interleaved,0.0,0.01,,
7,1.0,Hebbian,interleaved,0.0,0.01,,
7,0.0,Hebbian,interleaved,0.0,0.01,,
7,0.0,Hebbian,interleaved,0.0,0.01,,
7,0.0,Hebbian,interleaved,0.0,0.01,,
7,0.0,Hebbian,interleaved,0.0,0.01,,
7,0.0,Hebbian,interleaved,0.0,0.01,,
7,1.0,Hebbian,interleaved,0.0,0.01,,
7,1.0,Hebbian,interleaved,0.0,0.01,,
7,1.0,Hebbian,interleaved,0.0,0.01,,
7,1.0,Hebbian,interleaved,0.0,0.01,,
7,1.0,Hebbian,interleaved,0.0,0.01,,
7,1.0,Hebbian,interleaved,0.0,0.01,,
7,1.0,Hebbian,interleaved,0.0,0.01,,
7,1.0,Hebbian,interleaved,0.0,0.01,,
7,1.0,Hebbian,interleaved,0.0,0.01,,
7,1.0,Hebbian,interleaved,0.0,0.01,,
7,1.0,Hebbian,interleaved,0.0,0.01,,
7,1.0,Hebbian,interleaved,0.0,0.01,,
7,1.0,Hebbian,interleaved,0.0,0.01,,
7,1.0,Hebbian,interleaved,0.0,0.01,,
7,1.0,Hebbian,interleaved,0.0,0.01,,
7,1.0,Hebbian,interleaved,0.0,0.01,,
7,1.0,Hebbian,interleaved,0.0,0.01,,
7,1.0,Hebbian,interleaved,0.0,0.01,,
7,1.0,Hebbian,interleaved,0.0,0.01,,
7,1.0,Hebbian,interleaved,0.0,0.01,,
7,1.0,Hebbian,interleaved,0.0,0.01,,
7,1.0,Hebbian,interleaved,0.0,0.01,,
7,1.0,Hebbian,interleaved,0.0,0.01,,
7,1.0,Hebbian,interleaved,0.0,0.01,,
7,1.0,Hebbian,interleaved,0.0,0.01,,
7,1.0,Hebbian,interleaved,0.0,0.01,,
7,1.0,Hebbian,interleaved,0.0,0.01,,
7,1.0,Hebbian,interleaved,0.0,0.01,,
7,1.0,Hebbian,interleaved,0.0,0.01,,
7,1.0,Hebbian,interleaved,0.0,0.01,,
7,0.0,Hebbian,interleaved,0.0,0.01,,
7,1.0,Hebbian,interleaved,0.0,0.01,,
7,1.0,Hebbian,interleaved,0.0,0.01,,
7,1.0,Hebbian,interleaved,0.0,0.01,,
7,1.0,Hebbian,interleaved,0.0,0.01,,
7,1.0,Hebbian,interleaved,0.0,0.01,,
7,1.0,Hebbian,interleaved,0.0,0.01,,
7,1.0,Hebbian,interleaved,0.0,0.01,,
7,1.0,Hebbian,interleaved,0.0,0.01,,
7,1.0,Hebbian,interleaved,0.0,0.01,,
7,1.0,Hebbian,interleaved,0.0,0.01,,
7,1.0,Hebbian,interleaved,0.0,0.01,,
7,1.0,Hebbian,interleaved,0.0,0.01,,
7,1.0,Hebbian,interleaved,0.0,0.01,,
7,1.0,Hebbian,interleaved,0.0,0.01,,
7,1.0,Hebbian,interleaved,0.0,0.01,,
7,1.0,Hebbian,interleaved,0.0,0.01,,
7,1.0,Hebbian,interleaved,0.0,0.01,,
7,1.0,Hebbian,interleaved,0.0,0.01,,
7,1.0,Hebbian,interleaved,0.0,0.01,,
7,1.0,Hebbian,interleaved,0.0,0.01,,
7,1.0,Hebbian,interleaved,0.0,0.01,,
7,1.0,Hebbian,interleaved,0.0,0.01,,
7,1.0,Hebbian,interleaved,0.0,0.01,,
7,1.0,Hebbian,interleaved,0.0,0.01,,
7,1.0,Hebbian,interleaved,0.0,0.01,,
7,1.0,Hebbian,interleaved,0.0,0.01,,
7,1.0,Hebbian,interleaved,0.0,0.01,,
7,1.0,Hebbian,interleaved,0.0,0.01,,
7,1.0,Hebbian,interleaved,0.0,0.01,,
7,1.0,Hebbian,interleaved,0.0,0.01,,
7,1.0,Hebbian,interleaved,0.0,0.01,,
7,1.0,Hebbian,interleaved,0.0,0.01,,
7,1.0,Hebbian,interleaved,0.0,0.01,,
7,1.0,Hebbian,interleaved,0.0,0.01,,
7,1.0,Hebbian,interleaved,0.0,0.01,,
7,1.0,Hebbian,interleaved,0.0,0.01,,
7,1.0,Hebbian,interleaved,0.0,0.01,,
7,1.0,Hebbian,interleaved,0.0,0.01,,
7,1.0,Hebbian,interleaved,0.0,0.01,,
7,1.0,Hebbian,interleaved,0.0,0.01,,
7,1.0,Hebbian,interleaved,0.0,0.01,,
7,1.0,Hebbian,interleaved,0.0,0.01,,
7,1.0,Hebbian,interleaved,0.0,0.01,,
7,1.0,Hebbian,interleaved,0.0,0.01,,
7,1.0,Hebbian,interleaved,0.0,0.01,,
7,1.0,Hebbian,interleaved,0.0,0.01,,
7,1.0,Hebbian,interleaved,0.0,0.01,,
7,1.0,Hebbian,interleaved,0.0,0.01,,
7,1.0,Hebbian,interleaved,0.0,0.01,,
7,1.0,Hebbian,interleaved,0.0,0.01,,
7,1.0,Hebbian,interleaved,0.0,0.01,,
7,1.0,Hebbian,interleaved,0.0,0.01,,
7,1.0,Hebbian,interleaved,0.0,0.01,,
7,1.0,Hebbian,interleaved,0.0,0.01,,
7,1.0,Hebbian,interleaved,0.0,0.01,,
7,1.0,Hebbian,interleaved,0.0,0.01,,
7,1.0,Hebbian,interleaved,0.0,0.01,,
7,1.0,Hebbian,interleaved,0.0,0.01,,
7,1.0,Hebbian,interleaved,0.0,0.01,,
7,1.0,Hebbian,interleaved,0.0,0.01,,
7,1.0,Hebbian,interleaved,0.0,0.01,,
7,1.0,Hebbian,interleaved,0.0,0.01,,
7,1.0,Hebbian,interleaved,0.0,0.01,,
7,1.0,Hebbian,interleaved,0.0,0.01,,
7,1.0,Hebbian,interleaved,0.0,0.01,,
7,1.0,Hebbian,interleaved,0.0,0.01,,
7,1.0,Hebbian,interleaved,0.0,0.01,,
7,1.0,Hebbian,interleaved,0.0,0.01,,
7,1.0,Hebbian,interleaved,0.0,0.01,,
7,1.0,Hebbian,interleaved,0.0,0.01,,
7,1.0,Hebbian,interleaved,0.0,0.01,,
7,1.0,Hebbian,interleaved,0.0,0.01,,
7,1.0,Hebbian,interleaved,0.0,0.01,,
7,1.0,Hebbian,interleaved,0.0,0.01,,
7,1.0,Hebbian,interleaved,0.0,0.01,,
7,1.0,Hebbian,interleaved,0.0,0.01,,
7,1.0,Hebbian,interleaved,0.0,0.01,,
7,1.0,Hebbian,interleaved,0.0,0.01,,
7,1.0,Hebbian,interleaved,0.0,0.01,,
7,1.0,Hebbian,interleaved,0.0,0.01,,
7,1.0,Hebbian,interleaved,0.0,0.01,,
7,1.0,Hebbian,interleaved,0.0,0.01,,
7,1.0,Hebbian,interleaved,0.0,0.01,,
7,1.0,Hebbian,interleaved,0.0,0.01,,
7,1.0,Hebbian,interleaved,0.0,0.01,,
7,1.0,Hebbian,interleaved,0.0,0.01,,
7,1.0,Hebbian,interleaved,0.0,0.01,,
7,1.0,Hebbian,interleaved,0.0,0.01,,
7,1.0,Hebbian,interleaved,0.0,0.01,,
7,1.0,Hebbian,interleaved,0.0,0.01,,
7,0.0,Hebbian,interleaved,0.0,0.01,,
7,0.0,Hebbian,interleaved,0.0,0.01,,
7,1.0,Hebbian,interleaved,0.0,0.01,,
7,1.0,Hebbian,interleaved,0.0,0.01,,
7,1.0,Hebbian,interleaved,0.0,0.01,,
7,1.0,Hebbian,interleaved,0.0,0.01,,
7,1.0,Hebbian,interleaved,0.0,0.01,,
7,1.0,Hebbian,interleaved,0.0,0.01,,
7,1.0,Hebbian,interleaved,0.0,0.01,,
7,1.0,Hebbian,interleaved,0.0,0.01,,
7,1.0,Hebbian,interleaved,0.0,0.01,,
7,1.0,Hebbian,interleaved,0.0,0.01,,
7,1.0,Hebbian,interleaved,0.0,0.01,,
7,1.0,Hebbian,interleaved,0.0,0.01,,
7,1.0,Hebbian,interleaved,0.0,0.01,,
7,1.0,Hebbian,interleaved,0.0,0.01,,
7,1.0,Hebbian,interleaved,0.0,0.01,,
7,1.0,Hebbian,interleaved,0.0,0.01,,
7,1.0,Hebbian,interleaved,0.0,0.01,,
7,0.0,Hebbian,interleaved,0.0,0.01,,
7,0.0,Hebbian,interleaved,0.0,0.01,,
7,1.0,Hebbian,interleaved,0.0,0.01,,
7,1.0,Hebbian,interleaved,0.0,0.01,,
7,1.0,Hebbian,interleaved,0.0,0.01,,
7,1.0,Hebbian,interleaved,0.0,0.01,,
7,1.0,Hebbian,interleaved,0.0,0.01,,
7,1.0,Hebbian,interleaved,0.0,0.01,,
7,1.0,Hebbian,interleaved,0.0,0.01,,
7,1.0,Hebbian,interleaved,0.0,0.01,,
7,1.0,Hebbian,interleaved,0.0,0.01,,
7,1.0,Hebbian,interleaved,0.0,0.01,,
7,1.0,Hebbian,interleaved,0.0,0.01,,
7,1.0,Hebbian,interleaved,0.0,0.01,,
7,1.0,Hebbian,interleaved,0.0,0.01,,
7,1.0,Hebbian,interleaved,0.0,0.01,,
7,1.0,Hebbian,interleaved,0.0,0.01,,
7,0.0,Hebbian,interleaved,0.0,0.01,,
7,0.0,Hebbian,interleaved,0.0,0.01,,
7,0.0,Hebbian,interleaved,0.0,0.01,,
7,0.0,Hebbian,interleaved,0.0,0.01,,
7,0.0,Hebbian,interleaved,0.0,0.01,,
7,1.0,Hebbian,interleaved,0.0,0.01,,
7,1.0,Hebbian,interleaved,0.0,0.01,,
7,1.0,Hebbian,interleaved,0.0,0.01,,
7,1.0,Hebbian,interleaved,0.0,0.01,,
7,1.0,Hebbian,interleaved,0.0,0.01,,
7,1.0,Hebbian,interleaved,0.0,0.01,,
7,1.0,Hebbian,interleaved,0.0,0.01,,
7,1.0,Hebbian,interleaved,0.0,0.01,,
7,1.0,Hebbian,interleaved,0.0,0.01,,
7,1.0,Hebbian,interleaved,0.0,0.01,,
7,1.0,Hebbian,interleaved,0.0,0.01,,
7,1.0,Hebbian,interleaved,0.0,0.01,,
7,1.0,Hebbian,interleaved,0.0,0.01,,
7,1.0,Hebbian,interleaved,0.0,0.01,,
7,1.0,Hebbian,interleaved,0.0,0.01,,
7,1.0,Hebbian,interleaved,0.0,0.01,,
7,1.0,Hebbian,interleaved,0.0,0.01,,
7,0.0,Hebbian,interleaved,0.0,0.01,,
7,1.0,Hebbian,interleaved,0.0,0.01,,
7,1.0,Hebbian,interleaved,0.0,0.01,,
7,1.0,Hebbian,interleaved,0.0,0.01,,
7,1.0,Hebbian,interleaved,0.0,0.01,,
7,1.0,Hebbian,interleaved,0.0,0.01,,
7,1.0,Hebbian,interleaved,0.0,0.01,,
7,1.0,Hebbian,interleaved,0.0,0.01,,
7,1.0,Hebbian,interleaved,0.0,0.01,,
7,1.0,Hebbian,interleaved,0.0,0.01,,
7,1.0,Hebbian,interleaved,0.0,0.01,,
7,1.0,Hebbian,interleaved,0.0,0.01,,
7,1.0,Hebbian,interleaved,0.0,0.01,,
7,1.0,Hebbian,interleaved,0.0,0.01,,
7,1.0,Hebbian,interleaved,0.0,0.01,,
7,1.0,Hebbian,interleaved,0.0,0.01,,
7,1.0,Hebbian,interleaved,0.0,0.01,,
7,0.0,Hebbian,interleaved,0.0,0.01,,
7,0.0,Hebbian,interleaved,0.0,0.01,,
7,0.0,Hebbian,interleaved,0.0,0.01,,
7,1.0,Hebbian,interleaved,0.0,0.01,,
7,1.0,Hebbian,interleaved,0.0,0.01,,
7,1.0,Hebbian,interleaved,0.0,0.01,,
7,1.0,Hebbian,interleaved,0.0,0.01,,
7,1.0,Hebbian,interleaved,0.0,0.01,,
7,1.0,Hebbian,interleaved,0.0,0.01,,
7,1.0,Hebbian,interleaved,0.0,0.01,,
7,1.0,Hebbian,interleaved,0.0,0.01,,
7,1.0,Hebbian,interleaved,0.0,0.01,,
7,1.0,Hebbian,interleaved,0.0,0.01,,
7,1.0,Hebbian,interleaved,0.0,0.01,,
7,1.0,Hebbian,interleaved,0.0,0.01,,
7,1.0,Hebbian,interleaved,0.0,0.01,,
7,1.0,Hebbian,interleaved,0.0,0.01,,
7,1.0,Hebbian,interleaved,0.0,0.01,,
7,1.0,Hebbian,interleaved,0.0,0.01,,
7,1.0,Hebbian,interleaved,0.0,0.01,,
7,1.0,Hebbian,interleaved,0.0,0.01,,
7,1.0,Hebbian,interleaved,0.0,0.01,,
7,1.0,Hebbian,interleaved,0.0,0.01,,
7,1.0,Hebbian,interleaved,0.0,0.01,,
7,1.0,Hebbian,interleaved,0.0,0.01,,
7,1.0,Hebbian,interleaved,0.0,0.01,,
7,1.0,Hebbian,interleaved,0.0,0.01,,
7,1.0,Hebbian,interleaved,0.0,0.01,,
7,1.0,Hebbian,interleaved,0.0,0.01,,
7,1.0,Hebbian,interleaved,0.0,0.01,,
7,1.0,Hebbian,interleaved,0.0,0.01,,
7,1.0,Hebbian,interleaved,0.0,0.01,,
7,1.0,Hebbian,interleaved,0.0,0.01,,
7,1.0,Hebbian,interleaved,0.0,0.01,,
7,0.0,Hebbian,interleaved,0.0,0.01,,
7,1.0,Hebbian,interleaved,0.0,0.01,,
7,1.0,Hebbian,interleaved,0.0,0.01,,
7,1.0,Hebbian,interleaved,0.0,0.01,,
7,1.0,Hebbian,interleaved,0.0,0.01,,
7,1.0,Hebbian,interleaved,0.0,0.01,,
7,1.0,Hebbian,interleaved,0.0,0.01,,
7,1.0,Hebbian,interleaved,0.0,0.01,,
7,1.0,Hebbian,interleaved,0.0,0.01,,
7,1.0,Hebbian,interleaved,0.0,0.01,,
7,1.0,Hebbian,interleaved,0.0,0.01,,
7,1.0,Hebbian,interleaved,0.0,0.01,,
7,1.0,Hebbian,interleaved,0.0,0.01,,
7,1.0,Hebbian,interleaved,0.0,0.01,,
7,1.0,Hebbian,interleaved,0.0,0.01,,
7,1.0,Hebbian,interleaved,0.0,0.01,,
7,1.0,Hebbian,interleaved,0.0,0.01,,
7,1.0,Hebbian,interleaved,0.0,0.01,,
7,1.0,Hebbian,interleaved,0.0,0.01,,
7,1.0,Hebbian,interleaved,0.0,0.01,,
7,1.0,Hebbian,interleaved,0.0,0.01,,
7,1.0,Hebbian,interleaved,0.0,0.01,,
7,1.0,Hebbian,interleaved,0.0,0.01,,
7,1.0,Hebbian,interleaved,0.0,0.01,,
7,1.0,Hebbian,interleaved,0.0,0.01,,
7,1.0,Hebbian,interleaved,0.0,0.01,,
7,1.0,Hebbian,interleaved,0.0,0.01,,
7,1.0,Hebbian,interleaved,0.0,0.01,,
7,1.0,Hebbian,interleaved,0.0,0.01,,
7,1.0,Hebbian,interleaved,0.0,0.01,,
7,1.0,Hebbian,interleaved,0.0,0.01,,
7,1.0,Hebbian,interleaved,0.0,0.01,,
7,1.0,Hebbian,interleaved,0.0,0.01,,
7,1.0,Hebbian,interleaved,0.0,0.01,,
7,1.0,Hebbian,interleaved,0.0,0.01,,
7,1.0,Hebbian,interleaved,0.0,0.01,,
7,1.0,Hebbian,interleaved,0.0,0.01,,
7,1.0,Hebbian,interleaved,0.0,0.01,,
7,1.0,Hebbian,interleaved,0.0,0.01,,
7,1.0,Hebbian,interleaved,0.0,0.01,,
7,1.0,Hebbian,interleaved,0.0,0.01,,
7,1.0,Hebbian,interleaved,0.0,0.01,,
7,1.0,Hebbian,interleaved,0.0,0.01,,
7,1.0,Hebbian,interleaved,0.0,0.01,,
7,1.0,Hebbian,interleaved,0.0,0.01,,
7,1.0,Hebbian,interleaved,0.0,0.01,,
7,1.0,Hebbian,interleaved,0.0,0.01,,
7,1.0,Hebbian,interleaved,0.0,0.01,,
7,1.0,Hebbian,interleaved,0.0,0.01,,
7,1.0,Hebbian,interleaved,0.0,0.01,,
7,1.0,Hebbian,interleaved,0.0,0.01,,
7,1.0,Hebbian,interleaved,0.0,0.01,,
7,1.0,Hebbian,interleaved,0.0,0.01,,
7,1.0,Hebbian,interleaved,0.0,0.01,,
7,1.0,Hebbian,interleaved,0.0,0.01,,
7,1.0,Hebbian,interleaved,0.0,0.01,,
7,1.0,Hebbian,interleaved,0.0,0.01,,
7,0.0,Hebbian,interleaved,0.0,0.01,,
7,1.0,Hebbian,interleaved,0.0,0.01,,
7,1.0,Hebbian,interleaved,0.0,0.01,,
7,1.0,Hebbian,interleaved,0.0,0.01,,
7,1.0,Hebbian,interleaved,0.0,0.01,,
7,1.0,Hebbian,interleaved,0.0,0.01,,
7,1.0,Hebbian,interleaved,0.0,0.01,,
7,1.0,Hebbian,interleaved,0.0,0.01,,
8,1.0,Hebbian,interleaved,0.0,0.01,,
8,1.0,Hebbian,interleaved,0.0,0.01,,
8,1.0,Hebbian,interleaved,0.0,0.01,,
8,1.0,Hebbian,interleaved,0.0,0.01,,
8,1.0,Hebbian,interleaved,0.0,0.01,,
8,1.0,Hebbian,interleaved,0.0,0.01,,
8,1.0,Hebbian,interleaved,0.0,0.01,,
8,1.0,Hebbian,interleaved,0.0,0.01,,
8,1.0,Hebbian,interleaved,0.0,0.01,,
8,1.0,Hebbian,interleaved,0.0,0.01,,
8,1.0,Hebbian,interleaved,0.0,0.01,,
8,1.0,Hebbian,interleaved,0.0,0.01,,
8,1.0,Hebbian,interleaved,0.0,0.01,,
8,1.0,Hebbian,interleaved,0.0,0.01,,
8,1.0,Hebbian,interleaved,0.0,0.01,,
8,1.0,Hebbian,interleaved,0.0,0.01,,
8,1.0,Hebbian,interleaved,0.0,0.01,,
8,1.0,Hebbian,interleaved,0.0,0.01,,
8,1.0,Hebbian,interleaved,0.0,0.01,,
8,1.0,Hebbian,interleaved,0.0,0.01,,
8,1.0,Hebbian,interleaved,0.0,0.01,,
8,1.0,Hebbian,interleaved,0.0,0.01,,
8,1.0,Hebbian,interleaved,0.0,0.01,,
8,1.0,Hebbian,interleaved,0.0,0.01,,
8,1.0,Hebbian,interleaved,0.0,0.01,,
8,1.0,Hebbian,interleaved,0.0,0.01,,
8,1.0,Hebbian,interleaved,0.0,0.01,,
8,1.0,Hebbian,interleaved,0.0,0.01,,
8,1.0,Hebbian,interleaved,0.0,0.01,,
8,1.0,Hebbian,interleaved,0.0,0.01,,
8,1.0,Hebbian,interleaved,0.0,0.01,,
8,1.0,Hebbian,interleaved,0.0,0.01,,
8,1.0,Hebbian,interleaved,0.0,0.01,,
8,1.0,Hebbian,interleaved,0.0,0.01,,
8,1.0,Hebbian,interleaved,0.0,0.01,,
8,1.0,Hebbian,interleaved,0.0,0.01,,
8,1.0,Hebbian,interleaved,0.0,0.01,,
8,1.0,Hebbian,interleaved,0.0,0.01,,
8,1.0,Hebbian,interleaved,0.0,0.01,,
8,1.0,Hebbian,interleaved,0.0,0.01,,
8,1.0,Hebbian,interleaved,0.0,0.01,,
8,1.0,Hebbian,interleaved,0.0,0.01,,
8,1.0,Hebbian,interleaved,0.0,0.01,,
8,1.0,Hebbian,interleaved,0.0,0.01,,
8,1.0,Hebbian,interleaved,0.0,0.01,,
8,1.0,Hebbian,interleaved,0.0,0.01,,
8,1.0,Hebbian,interleaved,0.0,0.01,,
8,1.0,Hebbian,interleaved,0.0,0.01,,
8,1.0,Hebbian,interleaved,0.0,0.01,,
8,1.0,Hebbian,interleaved,0.0,0.01,,
8,1.0,Hebbian,interleaved,0.0,0.01,,
8,1.0,Hebbian,interleaved,0.0,0.01,,
8,1.0,Hebbian,interleaved,0.0,0.01,,
8,1.0,Hebbian,interleaved,0.0,0.01,,
8,1.0,Hebbian,interleaved,0.0,0.01,,
8,1.0,Hebbian,interleaved,0.0,0.01,,
8,1.0,Hebbian,interleaved,0.0,0.01,,
8,1.0,Hebbian,interleaved,0.0,0.01,,
8,1.0,Hebbian,interleaved,0.0,0.01,,
8,1.0,Hebbian,interleaved,0.0,0.01,,
8,1.0,Hebbian,interleaved,0.0,0.01,,
8,1.0,Hebbian,interleaved,0.0,0.01,,
8,1.0,Hebbian,interleaved,0.0,0.01,,
8,1.0,Hebbian,interleaved,0.0,0.01,,
8,1.0,Hebbian,interleaved,0.0,0.01,,
8,1.0,Hebbian,interleaved,0.0,0.01,,
8,1.0,Hebbian,interleaved,0.0,0.01,,
8,1.0,Hebbian,interleaved,0.0,0.01,,
8,1.0,Hebbian,interleaved,0.0,0.01,,
8,1.0,Hebbian,interleaved,0.0,0.01,,
8,1.0,Hebbian,interleaved,0.0,0.01,,
8,1.0,Hebbian,interleaved,0.0,0.01,,
8,1.0,Hebbian,interleaved,0.0,0.01,,
8,1.0,Hebbian,interleaved,0.0,0.01,,
8,1.0,Hebbian,interleaved,0.0,0.01,,
8,1.0,Hebbian,interleaved,0.0,0.01,,
8,1.0,Hebbian,interleaved,0.0,0.01,,
8,1.0,Hebbian,interleaved,0.0,0.01,,
8,1.0,Hebbian,interleaved,0.0,0.01,,
8,1.0,Hebbian,interleaved,0.0,0.01,,
8,1.0,Hebbian,interleaved,0.0,0.01,,
8,1.0,Hebbian,interleaved,0.0,0.01,,
8,1.0,Hebbian,interleaved,0.0,0.01,,
8,1.0,Hebbian,interleaved,0.0,0.01,,
8,1.0,Hebbian,interleaved,0.0,0.01,,
8,1.0,Hebbian,interleaved,0.0,0.01,,
8,1.0,Hebbian,interleaved,0.0,0.01,,
8,1.0,Hebbian,interleaved,0.0,0.01,,
8,1.0,Hebbian,interleaved,0.0,0.01,,
8,1.0,Hebbian,interleaved,0.0,0.01,,
8,1.0,Hebbian,interleaved,0.0,0.01,,
8,1.0,Hebbian,interleaved,0.0,0.01,,
8,1.0,Hebbian,interleaved,0.0,0.01,,
8,1.0,Hebbian,interleaved,0.0,0.01,,
8,1.0,Hebbian,interleaved,0.0,0.01,,
8,0.0,Hebbian,interleaved,0.0,0.01,,
8,0.0,Hebbian,interleaved,0.0,0.01,,
8,0.0,Hebbian,interleaved,0.0,0.01,,
8,1.0,Hebbian,interleaved,0.0,0.01,,
8,0.0,Hebbian,interleaved,0.0,0.01,,
8,1.0,Hebbian,interleaved,0.0,0.01,,
8,1.0,Hebbian,interleaved,0.0,0.01,,
8,1.0,Hebbian,interleaved,0.0,0.01,,
8,1.0,Hebbian,interleaved,0.0,0.01,,
8,1.0,Hebbian,interleaved,0.0,0.01,,
8,1.0,Hebbian,interleaved,0.0,0.01,,
8,1.0,Hebbian,interleaved,0.0,0.01,,
8,1.0,Hebbian,interleaved,0.0,0.01,,
8,1.0,Hebbian,interleaved,0.0,0.01,,
8,1.0,Hebbian,interleaved,0.0,0.01,,
8,1.0,Hebbian,interleaved,0.0,0.01,,
8,1.0,Hebbian,interleaved,0.0,0.01,,
8,1.0,Hebbian,interleaved,0.0,0.01,,
8,1.0,Hebbian,interleaved,0.0,0.01,,
8,0.0,Hebbian,interleaved,0.0,0.01,,
8,0.0,Hebbian,interleaved,0.0,0.01,,
8,0.0,Hebbian,interleaved,0.0,0.01,,
8,0.0,Hebbian,interleaved,0.0,0.01,,
8,0.0,Hebbian,interleaved,0.0,0.01,,
8,1.0,Hebbian,interleaved,0.0,0.01,,
8,1.0,Hebbian,interleaved,0.0,0.01,,
8,1.0,Hebbian,interleaved,0.0,0.01,,
8,1.0,Hebbian,interleaved,0.0,0.01,,
8,1.0,Hebbian,interleaved,0.0,0.01,,
8,1.0,Hebbian,interleaved,0.0,0.01,,
8,1.0,Hebbian,interleaved,0.0,0.01,,
8,1.0,Hebbian,interleaved,0.0,0.01,,
8,1.0,Hebbian,interleaved,0.0,0.01,,
8,1.0,Hebbian,interleaved,0.0,0.01,,
8,1.0,Hebbian,interleaved,0.0,0.01,,
8,1.0,Hebbian,interleaved,0.0,0.01,,
8,1.0,Hebbian,interleaved,0.0,0.01,,
8,1.0,Hebbian,interleaved,0.0,0.01,,
8,0.0,Hebbian,interleaved,0.0,0.01,,
8,1.0,Hebbian,interleaved,0.0,0.01,,
8,0.0,Hebbian,interleaved,0.0,0.01,,
8,1.0,Hebbian,interleaved,0.0,0.01,,
8,0.0,Hebbian,interleaved,0.0,0.01,,
8,1.0,Hebbian,interleaved,0.0,0.01,,
8,1.0,Hebbian,interleaved,0.0,0.01,,
8,1.0,Hebbian,interleaved,0.0,0.01,,
8,1.0,Hebbian,interleaved,0.0,0.01,,
8,1.0,Hebbian,interleaved,0.0,0.01,,
8,1.0,Hebbian,interleaved,0.0,0.01,,
8,1.0,Hebbian,interleaved,0.0,0.01,,
8,1.0,Hebbian,interleaved,0.0,0.01,,
8,1.0,Hebbian,interleaved,0.0,0.01,,
8,1.0,Hebbian,interleaved,0.0,0.01,,
8,1.0,Hebbian,interleaved,0.0,0.01,,
8,1.0,Hebbian,interleaved,0.0,0.01,,
8,1.0,Hebbian,interleaved,0.0,0.01,,
8,1.0,Hebbian,interleaved,0.0,0.01,,
8,0.0,Hebbian,interleaved,0.0,0.01,,
8,0.0,Hebbian,interleaved,0.0,0.01,,
8,0.0,Hebbian,interleaved,0.0,0.01,,
8,0.0,Hebbian,interleaved,0.0,0.01,,
8,0.0,Hebbian,interleaved,0.0,0.01,,
8,1.0,Hebbian,interleaved,0.0,0.01,,
8,1.0,Hebbian,interleaved,0.0,0.01,,
8,1.0,Hebbian,interleaved,0.0,0.01,,
8,1.0,Hebbian,interleaved,0.0,0.01,,
8,1.0,Hebbian,interleaved,0.0,0.01,,
8,1.0,Hebbian,interleaved,0.0,0.01,,
8,1.0,Hebbian,interleaved,0.0,0.01,,
8,1.0,Hebbian,interleaved,0.0,0.01,,
8,1.0,Hebbian,interleaved,0.0,0.01,,
8,1.0,Hebbian,interleaved,0.0,0.01,,
8,1.0,Hebbian,interleaved,0.0,0.01,,
8,1.0,Hebbian,interleaved,0.0,0.01,,
8,1.0,Hebbian,interleaved,0.0,0.01,,
8,1.0,Hebbian,interleaved,0.0,0.01,,
8,0.0,Hebbian,interleaved,0.0,0.01,,
8,0.0,Hebbian,interleaved,0.0,0.01,,
8,0.0,Hebbian,interleaved,0.0,0.01,,
8,0.0,Hebbian,interleaved,0.0,0.01,,
8,0.0,Hebbian,interleaved,0.0,0.01,,
8,1.0,Hebbian,interleaved,0.0,0.01,,
8,1.0,Hebbian,interleaved,0.0,0.01,,
8,1.0,Hebbian,interleaved,0.0,0.01,,
8,1.0,Hebbian,interleaved,0.0,0.01,,
8,1.0,Hebbian,interleaved,0.0,0.01,,
8,1.0,Hebbian,interleaved,0.0,0.01,,
8,1.0,Hebbian,interleaved,0.0,0.01,,
8,1.0,Hebbian,interleaved,0.0,0.01,,
8,1.0,Hebbian,interleaved,0.0,0.01,,
8,1.0,Hebbian,interleaved,0.0,0.01,,
8,1.0,Hebbian,interleaved,0.0,0.01,,
8,1.0,Hebbian,interleaved,0.0,0.01,,
8,1.0,Hebbian,interleaved,0.0,0.01,,
8,1.0,Hebbian,interleaved,0.0,0.01,,
8,1.0,Hebbian,interleaved,0.0,0.01,,
8,1.0,Hebbian,interleaved,0.0,0.01,,
8,1.0,Hebbian,interleaved,0.0,0.01,,
8,1.0,Hebbian,interleaved,0.0,0.01,,
8,1.0,Hebbian,interleaved,0.0,0.01,,
8,1.0,Hebbian,interleaved,0.0,0.01,,
8,1.0,Hebbian,interleaved,0.0,0.01,,
8,1.0,Hebbian,interleaved,0.0,0.01,,
8,1.0,Hebbian,interleaved,0.0,0.01,,
8,1.0,Hebbian,interleaved,0.0,0.01,,
8,1.0,Hebbian,interleaved,0.0,0.01,,
8,1.0,Hebbian,interleaved,0.0,0.01,,
8,1.0,Hebbian,interleaved,0.0,0.01,,
8,1.0,Hebbian,interleaved,0.0,0.01,,
8,1.0,Hebbian,interleaved,0.0,0.01,,
8,1.0,Hebbian,interleaved,0.0,0.01,,
8,1.0,Hebbian,interleaved,0.0,0.01,,
8,1.0,Hebbian,interleaved,0.0,0.01,,
8,1.0,Hebbian,interleaved,0.0,0.01,,
8,1.0,Hebbian,interleaved,0.0,0.01,,
8,1.0,Hebbian,interleaved,0.0,0.01,,
8,1.0,Hebbian,interleaved,0.0,0.01,,
8,1.0,Hebbian,interleaved,0.0,0.01,,
8,1.0,Hebbian,interleaved,0.0,0.01,,
8,1.0,Hebbian,interleaved,0.0,0.01,,
8,1.0,Hebbian,interleaved,0.0,0.01,,
8,1.0,Hebbian,interleaved,0.0,0.01,,
8,1.0,Hebbian,interleaved,0.0,0.01,,
8,1.0,Hebbian,interleaved,0.0,0.01,,
8,1.0,Hebbian,interleaved,0.0,0.01,,
8,1.0,Hebbian,interleaved,0.0,0.01,,
8,1.0,Hebbian,interleaved,0.0,0.01,,
8,1.0,Hebbian,interleaved,0.0,0.01,,
8,1.0,Hebbian,interleaved,0.0,0.01,,
8,1.0,Hebbian,interleaved,0.0,0.01,,
8,1.0,Hebbian,interleaved,0.0,0.01,,
8,1.0,Hebbian,interleaved,0.0,0.01,,
8,1.0,Hebbian,interleaved,0.0,0.01,,
8,1.0,Hebbian,interleaved,0.0,0.01,,
8,1.0,Hebbian,interleaved,0.0,0.01,,
8,1.0,Hebbian,interleaved,0.0,0.01,,
8,1.0,Hebbian,interleaved,0.0,0.01,,
8,1.0,Hebbian,interleaved,0.0,0.01,,
8,1.0,Hebbian,interleaved,0.0,0.01,,
8,1.0,Hebbian,interleaved,0.0,0.01,,
8,1.0,Hebbian,interleaved,0.0,0.01,,
8,1.0,Hebbian,interleaved,0.0,0.01,,
8,1.0,Hebbian,interleaved,0.0,0.01,,
8,1.0,Hebbian,interleaved,0.0,0.01,,
8,1.0,Hebbian,interleaved,0.0,0.01,,
8,1.0,Hebbian,interleaved,0.0,0.01,,
8,1.0,Hebbian,interleaved,0.0,0.01,,
8,1.0,Hebbian,interleaved,0.0,0.01,,
8,1.0,Hebbian,interleaved,0.0,0.01,,
8,1.0,Hebbian,interleaved,0.0,0.01,,
8,1.0,Hebbian,interleaved,0.0,0.01,,
8,1.0,Hebbian,interleaved,0.0,0.01,,
8,1.0,Hebbian,interleaved,0.0,0.01,,
8,1.0,Hebbian,interleaved,0.0,0.01,,
8,1.0,Hebbian,interleaved,0.0,0.01,,
8,1.0,Hebbian,interleaved,0.0,0.01,,
8,1.0,Hebbian,interleaved,0.0,0.01,,
8,1.0,Hebbian,interleaved,0.0,0.01,,
8,1.0,Hebbian,interleaved,0.0,0.01,,
8,1.0,Hebbian,interleaved,0.0,0.01,,
8,1.0,Hebbian,interleaved,0.0,0.01,,
8,1.0,Hebbian,interleaved,0.0,0.01,,
8,1.0,Hebbian,interleaved,0.0,0.01,,
8,1.0,Hebbian,interleaved,0.0,0.01,,
8,1.0,Hebbian,interleaved,0.0,0.01,,
8,1.0,Hebbian,interleaved,0.0,0.01,,
8,1.0,Hebbian,interleaved,0.0,0.01,,
8,1.0,Hebbian,interleaved,0.0,0.01,,
8,1.0,Hebbian,interleaved,0.0,0.01,,
8,1.0,Hebbian,interleaved,0.0,0.01,,
8,1.0,Hebbian,interleaved,0.0,0.01,,
8,1.0,Hebbian,interleaved,0.0,0.01,,
8,1.0,Hebbian,interleaved,0.0,0.01,,
8,1.0,Hebbian,interleaved,0.0,0.01,,
8,1.0,Hebbian,interleaved,0.0,0.01,,
8,1.0,Hebbian,interleaved,0.0,0.01,,
8,1.0,Hebbian,interleaved,0.0,0.01,,
8,1.0,Hebbian,interleaved,0.0,0.01,,
8,1.0,Hebbian,interleaved,0.0,0.01,,
8,1.0,Hebbian,interleaved,0.0,0.01,,
8,1.0,Hebbian,interleaved,0.0,0.01,,
8,1.0,Hebbian,interleaved,0.0,0.01,,
8,1.0,Hebbian,interleaved,0.0,0.01,,
8,1.0,Hebbian,interleaved,0.0,0.01,,
8,1.0,Hebbian,interleaved,0.0,0.01,,
8,1.0,Hebbian,interleaved,0.0,0.01,,
8,1.0,Hebbian,interleaved,0.0,0.01,,
8,1.0,Hebbian,interleaved,0.0,0.01,,
8,1.0,Hebbian,interleaved,0.0,0.01,,
8,1.0,Hebbian,interleaved,0.0,0.01,,
8,1.0,Hebbian,interleaved,0.0,0.01,,
8,1.0,Hebbian,interleaved,0.0,0.01,,
8,1.0,Hebbian,interleaved,0.0,0.01,,
8,1.0,Hebbian,interleaved,0.0,0.01,,
8,1.0,Hebbian,interleaved,0.0,0.01,,
8,1.0,Hebbian,interleaved,0.0,0.01,,
8,1.0,Hebbian,interleaved,0.0,0.01,,
8,1.0,Hebbian,interleaved,0.0,0.01,,
8,1.0,Hebbian,interleaved,0.0,0.01,,
8,1.0,Hebbian,interleaved,0.0,0.01,,
8,0.0,Hebbian,interleaved,0.0,0.01,,
8,0.0,Hebbian,interleaved,0.0,0.01,,
8,0.0,Hebbian,interleaved,0.0,0.01,,
8,0.0,Hebbian,interleaved,0.0,0.01,,
8,0.0,Hebbian,interleaved,0.0,0.01,,
8,1.0,Hebbian,interleaved,0.0,0.01,,
8,1.0,Hebbian,interleaved,0.0,0.01,,
8,1.0,Hebbian,interleaved,0.0,0.01,,
8,1.0,Hebbian,interleaved,0.0,0.01,,
8,1.0,Hebbian,interleaved,0.0,0.01,,
8,1.0,Hebbian,interleaved,0.0,0.01,,
8,1.0,Hebbian,interleaved,0.0,0.01,,
8,1.0,Hebbian,interleaved,0.0,0.01,,
8,1.0,Hebbian,interleaved,0.0,0.01,,
8,1.0,Hebbian,interleaved,0.0,0.01,,
8,1.0,Hebbian,interleaved,0.0,0.01,,
8,1.0,Hebbian,interleaved,0.0,0.01,,
8,1.0,Hebbian,interleaved,0.0,0.01,,
8,1.0,Hebbian,interleaved,0.0,0.01,,
8,0.0,Hebbian,interleaved,0.0,0.01,,
8,0.0,Hebbian,interleaved,0.0,0.01,,
8,0.0,Hebbian,interleaved,0.0,0.01,,
8,0.0,Hebbian,interleaved,0.0,0.01,,
8,0.0,Hebbian,interleaved,0.0,0.01,,
8,1.0,Hebbian,interleaved,0.0,0.01,,
8,1.0,Hebbian,interleaved,0.0,0.01,,
8,1.0,Hebbian,interleaved,0.0,0.01,,
8,1.0,Hebbian,interleaved,0.0,0.01,,
8,1.0,Hebbian,interleaved,0.0,0.01,,
8,1.0,Hebbian,interleaved,0.0,0.01,,
8,1.0,Hebbian,interleaved,0.0,0.01,,
8,1.0,Hebbian,interleaved,0.0,0.01,,
8,1.0,Hebbian,interleaved,0.0,0.01,,
8,1.0,Hebbian,interleaved,0.0,0.01,,
8,1.0,Hebbian,interleaved,0.0,0.01,,
8,1.0,Hebbian,interleaved,0.0,0.01,,
8,1.0,Hebbian,interleaved,0.0,0.01,,
8,1.0,Hebbian,interleaved,0.0,0.01,,
8,0.0,Hebbian,interleaved,0.0,0.01,,
8,0.0,Hebbian,interleaved,0.0,0.01,,
8,0.0,Hebbian,interleaved,0.0,0.01,,
8,0.0,Hebbian,interleaved,0.0,0.01,,
8,0.0,Hebbian,interleaved,0.0,0.01,,
8,1.0,Hebbian,interleaved,0.0,0.01,,
8,1.0,Hebbian,interleaved,0.0,0.01,,
8,1.0,Hebbian,interleaved,0.0,0.01,,
8,1.0,Hebbian,interleaved,0.0,0.01,,
8,1.0,Hebbian,interleaved,0.0,0.01,,
8,1.0,Hebbian,interleaved,0.0,0.01,,
8,1.0,Hebbian,interleaved,0.0,0.01,,
8,1.0,Hebbian,interleaved,0.0,0.01,,
8,1.0,Hebbian,interleaved,0.0,0.01,,
8,1.0,Hebbian,interleaved,0.0,0.01,,
8,1.0,Hebbian,interleaved,0.0,0.01,,
8,1.0,Hebbian,interleaved,0.0,0.01,,
8,1.0,Hebbian,interleaved,0.0,0.01,,
8,1.0,Hebbian,interleaved,0.0,0.01,,
8,0.0,Hebbian,interleaved,0.0,0.01,,
8,0.0,Hebbian,interleaved,0.0,0.01,,
8,0.0,Hebbian,interleaved,0.0,0.01,,
8,0.0,Hebbian,interleaved,0.0,0.01,,
8,0.0,Hebbian,interleaved,0.0,0.01,,
8,1.0,Hebbian,interleaved,0.0,0.01,,
8,1.0,Hebbian,interleaved,0.0,0.01,,
8,1.0,Hebbian,interleaved,0.0,0.01,,
8,1.0,Hebbian,interleaved,0.0,0.01,,
8,1.0,Hebbian,interleaved,0.0,0.01,,
8,1.0,Hebbian,interleaved,0.0,0.01,,
8,1.0,Hebbian,interleaved,0.0,0.01,,
8,1.0,Hebbian,interleaved,0.0,0.01,,
8,1.0,Hebbian,interleaved,0.0,0.01,,
8,1.0,Hebbian,interleaved,0.0,0.01,,
8,1.0,Hebbian,interleaved,0.0,0.01,,
8,1.0,Hebbian,interleaved,0.0,0.01,,
8,1.0,Hebbian,interleaved,0.0,0.01,,
8,1.0,Hebbian,interleaved,0.0,0.01,,
8,0.0,Hebbian,interleaved,0.0,0.01,,
8,0.0,Hebbian,interleaved,0.0,0.01,,
8,0.0,Hebbian,interleaved,0.0,0.01,,
8,0.0,Hebbian,interleaved,0.0,0.01,,
8,0.0,Hebbian,interleaved,0.0,0.01,,
8,1.0,Hebbian,interleaved,0.0,0.01,,
8,1.0,Hebbian,interleaved,0.0,0.01,,
8,1.0,Hebbian,interleaved,0.0,0.01,,
8,1.0,Hebbian,interleaved,0.0,0.01,,
9,1.0,Hebbian,interleaved,0.0,0.01,,
9,1.0,Hebbian,interleaved,0.0,0.01,,
9,1.0,Hebbian,interleaved,0.0,0.01,,
9,1.0,Hebbian,interleaved,0.0,0.01,,
9,1.0,Hebbian,interleaved,0.0,0.01,,
9,1.0,Hebbian,interleaved,0.0,0.01,,
9,1.0,Hebbian,interleaved,0.0,0.01,,
9,0.0,Hebbian,interleaved,0.0,0.01,,
9,1.0,Hebbian,interleaved,0.0,0.01,,
9,1.0,Hebbian,interleaved,0.0,0.01,,
9,1.0,Hebbian,interleaved,0.0,0.01,,
9,1.0,Hebbian,interleaved,0.0,0.01,,
9,1.0,Hebbian,interleaved,0.0,0.01,,
9,1.0,Hebbian,interleaved,0.0,0.01,,
9,1.0,Hebbian,interleaved,0.0,0.01,,
9,1.0,Hebbian,interleaved,0.0,0.01,,
9,1.0,Hebbian,interleaved,0.0,0.01,,
9,1.0,Hebbian,interleaved,0.0,0.01,,
9,1.0,Hebbian,interleaved,0.0,0.01,,
9,1.0,Hebbian,interleaved,0.0,0.01,,
9,1.0,Hebbian,interleaved,0.0,0.01,,
9,1.0,Hebbian,interleaved,0.0,0.01,,
9,1.0,Hebbian,interleaved,0.0,0.01,,
9,0.0,Hebbian,interleaved,0.0,0.01,,
9,1.0,Hebbian,interleaved,0.0,0.01,,
9,1.0,Hebbian,interleaved,0.0,0.01,,
9,0.0,Hebbian,interleaved,0.0,0.01,,
9,0.0,Hebbian,interleaved,0.0,0.01,,
9,1.0,Hebbian,interleaved,0.0,0.01,,
9,1.0,Hebbian,interleaved,0.0,0.01,,
9,1.0,Hebbian,interleaved,0.0,0.01,,
9,1.0,Hebbian,interleaved,0.0,0.01,,
9,1.0,Hebbian,interleaved,0.0,0.01,,
9,1.0,Hebbian,interleaved,0.0,0.01,,
9,1.0,Hebbian,interleaved,0.0,0.01,,
9,1.0,Hebbian,interleaved,0.0,0.01,,
9,1.0,Hebbian,interleaved,0.0,0.01,,
9,1.0,Hebbian,interleaved,0.0,0.01,,
9,1.0,Hebbian,interleaved,0.0,0.01,,
9,1.0,Hebbian,interleaved,0.0,0.01,,
9,1.0,Hebbian,interleaved,0.0,0.01,,
9,1.0,Hebbian,interleaved,0.0,0.01,,
9,1.0,Hebbian,interleaved,0.0,0.01,,
9,0.0,Hebbian,interleaved,0.0,0.01,,
9,1.0,Hebbian,interleaved,0.0,0.01,,
9,0.0,Hebbian,interleaved,0.0,0.01,,
9,0.0,Hebbian,interleaved,0.0,0.01,,
9,1.0,Hebbian,interleaved,0.0,0.01,,
9,1.0,Hebbian,interleaved,0.0,0.01,,
9,1.0,Hebbian,interleaved,0.0,0.01,,
9,1.0,Hebbian,interleaved,0.0,0.01,,
9,1.0,Hebbian,interleaved,0.0,0.01,,
9,1.0,Hebbian,interleaved,0.0,0.01,,
9,1.0,Hebbian,interleaved,0.0,0.01,,
9,1.0,Hebbian,interleaved,0.0,0.01,,
9,1.0,Hebbian,interleaved,0.0,0.01,,
9,1.0,Hebbian,interleaved,0.0,0.01,,
9,1.0,Hebbian,interleaved,0.0,0.01,,
9,1.0,Hebbian,interleaved,0.0,0.01,,
9,1.0,Hebbian,interleaved,0.0,0.01,,
9,1.0,Hebbian,interleaved,0.0,0.01,,
9,0.0,Hebbian,interleaved,0.0,0.01,,
9,0.0,Hebbian,interleaved,0.0,0.01,,
9,0.0,Hebbian,interleaved,0.0,0.01,,
9,0.0,Hebbian,interleaved,0.0,0.01,,
9,0.0,Hebbian,interleaved,0.0,0.01,,
9,1.0,Hebbian,interleaved,0.0,0.01,,
9,1.0,Hebbian,interleaved,0.0,0.01,,
9,1.0,Hebbian,interleaved,0.0,0.01,,
9,1.0,Hebbian,interleaved,0.0,0.01,,
9,1.0,Hebbian,interleaved,0.0,0.01,,
9,1.0,Hebbian,interleaved,0.0,0.01,,
9,1.0,Hebbian,interleaved,0.0,0.01,,
9,1.0,Hebbian,interleaved,0.0,0.01,,
9,1.0,Hebbian,interleaved,0.0,0.01,,
9,1.0,Hebbian,interleaved,0.0,0.01,,
9,1.0,Hebbian,interleaved,0.0,0.01,,
9,1.0,Hebbian,interleaved,0.0,0.01,,
9,1.0,Hebbian,interleaved,0.0,0.01,,
9,1.0,Hebbian,interleaved,0.0,0.01,,
9,0.0,Hebbian,interleaved,0.0,0.01,,
9,1.0,Hebbian,interleaved,0.0,0.01,,
9,1.0,Hebbian,interleaved,0.0,0.01,,
9,0.0,Hebbian,interleaved,0.0,0.01,,
9,0.0,Hebbian,interleaved,0.0,0.01,,
9,1.0,Hebbian,interleaved,0.0,0.01,,
9,1.0,Hebbian,interleaved,0.0,0.01,,
9,1.0,Hebbian,interleaved,0.0,0.01,,
9,1.0,Hebbian,interleaved,0.0,0.01,,
9,1.0,Hebbian,interleaved,0.0,0.01,,
9,1.0,Hebbian,interleaved,0.0,0.01,,
9,1.0,Hebbian,interleaved,0.0,0.01,,
9,1.0,Hebbian,interleaved,0.0,0.01,,
9,1.0,Hebbian,interleaved,0.0,0.01,,
9,1.0,Hebbian,interleaved,0.0,0.01,,
9,1.0,Hebbian,interleaved,0.0,0.01,,
9,1.0,Hebbian,interleaved,0.0,0.01,,
9,1.0,Hebbian,interleaved,0.0,0.01,,
9,1.0,Hebbian,interleaved,0.0,0.01,,
9,1.0,Hebbian,interleaved,0.0,0.01,,
9,1.0,Hebbian,interleaved,0.0,0.01,,
9,1.0,Hebbian,interleaved,0.0,0.01,,
9,1.0,Hebbian,interleaved,0.0,0.01,,
9,1.0,Hebbian,interleaved,0.0,0.01,,
9,1.0,Hebbian,interleaved,0.0,0.01,,
9,1.0,Hebbian,interleaved,0.0,0.01,,
9,1.0,Hebbian,interleaved,0.0,0.01,,
9,1.0,Hebbian,interleaved,0.0,0.01,,
9,1.0,Hebbian,interleaved,0.0,0.01,,
9,1.0,Hebbian,interleaved,0.0,0.01,,
9,1.0,Hebbian,interleaved,0.0,0.01,,
9,1.0,Hebbian,interleaved,0.0,0.01,,
9,1.0,Hebbian,interleaved,0.0,0.01,,
9,1.0,Hebbian,interleaved,0.0,0.01,,
9,1.0,Hebbian,interleaved,0.0,0.01,,
9,0.0,Hebbian,interleaved,0.0,0.01,,
9,1.0,Hebbian,interleaved,0.0,0.01,,
9,1.0,Hebbian,interleaved,0.0,0.01,,
9,1.0,Hebbian,interleaved,0.0,0.01,,
9,1.0,Hebbian,interleaved,0.0,0.01,,
9,1.0,Hebbian,interleaved,0.0,0.01,,
9,1.0,Hebbian,interleaved,0.0,0.01,,
9,1.0,Hebbian,interleaved,0.0,0.01,,
9,1.0,Hebbian,interleaved,0.0,0.01,,
9,1.0,Hebbian,interleaved,0.0,0.01,,
9,1.0,Hebbian,interleaved,0.0,0.01,,
9,1.0,Hebbian,interleaved,0.0,0.01,,
9,1.0,Hebbian,interleaved,0.0,0.01,,
9,1.0,Hebbian,interleaved,0.0,0.01,,
9,1.0,Hebbian,interleaved,0.0,0.01,,
9,1.0,Hebbian,interleaved,0.0,0.01,,
9,1.0,Hebbian,interleaved,0.0,0.01,,
9,1.0,Hebbian,interleaved,0.0,0.01,,
9,0.0,Hebbian,interleaved,0.0,0.01,,
9,1.0,Hebbian,interleaved,0.0,0.01,,
9,1.0,Hebbian,interleaved,0.0,0.01,,
9,1.0,Hebbian,interleaved,0.0,0.01,,
9,1.0,Hebbian,interleaved,0.0,0.01,,
9,1.0,Hebbian,interleaved,0.0,0.01,,
9,1.0,Hebbian,interleaved,0.0,0.01,,
9,1.0,Hebbian,interleaved,0.0,0.01,,
9,1.0,Hebbian,interleaved,0.0,0.01,,
9,1.0,Hebbian,interleaved,0.0,0.01,,
9,1.0,Hebbian,interleaved,0.0,0.01,,
9,1.0,Hebbian,interleaved,0.0,0.01,,
9,1.0,Hebbian,interleaved,0.0,0.01,,
9,1.0,Hebbian,interleaved,0.0,0.01,,
9,1.0,Hebbian,interleaved,0.0,0.01,,
9,1.0,Hebbian,interleaved,0.0,0.01,,
9,1.0,Hebbian,interleaved,0.0,0.01,,
9,1.0,Hebbian,interleaved,0.0,0.01,,
9,1.0,Hebbian,interleaved,0.0,0.01,,
9,1.0,Hebbian,interleaved,0.0,0.01,,
9,1.0,Hebbian,interleaved,0.0,0.01,,
9,1.0,Hebbian,interleaved,0.0,0.01,,
9,1.0,Hebbian,interleaved,0.0,0.01,,
9,1.0,Hebbian,interleaved,0.0,0.01,,
9,1.0,Hebbian,interleaved,0.0,0.01,,
9,1.0,Hebbian,interleaved,0.0,0.01,,
9,1.0,Hebbian,interleaved,0.0,0.01,,
9,1.0,Hebbian,interleaved,0.0,0.01,,
9,1.0,Hebbian,interleaved,0.0,0.01,,
9,1.0,Hebbian,interleaved,0.0,0.01,,
9,1.0,Hebbian,interleaved,0.0,0.01,,
9,1.0,Hebbian,interleaved,0.0,0.01,,
9,1.0,Hebbian,interleaved,0.0,0.01,,
9,1.0,Hebbian,interleaved,0.0,0.01,,
9,1.0,Hebbian,interleaved,0.0,0.01,,
9,1.0,Hebbian,interleaved,0.0,0.01,,
9,1.0,Hebbian,interleaved,0.0,0.01,,
9,1.0,Hebbian,interleaved,0.0,0.01,,
9,1.0,Hebbian,interleaved,0.0,0.01,,
9,1.0,Hebbian,interleaved,0.0,0.01,,
9,1.0,Hebbian,interleaved,0.0,0.01,,
9,1.0,Hebbian,interleaved,0.0,0.01,,
9,1.0,Hebbian,interleaved,0.0,0.01,,
9,1.0,Hebbian,interleaved,0.0,0.01,,
9,1.0,Hebbian,interleaved,0.0,0.01,,
9,1.0,Hebbian,interleaved,0.0,0.01,,
9,1.0,Hebbian,interleaved,0.0,0.01,,
9,1.0,Hebbian,interleaved,0.0,0.01,,
9,1.0,Hebbian,interleaved,0.0,0.01,,
9,1.0,Hebbian,interleaved,0.0,0.01,,
9,1.0,Hebbian,interleaved,0.0,0.01,,
9,1.0,Hebbian,interleaved,0.0,0.01,,
9,1.0,Hebbian,interleaved,0.0,0.01,,
9,1.0,Hebbian,interleaved,0.0,0.01,,
9,1.0,Hebbian,interleaved,0.0,0.01,,
9,1.0,Hebbian,interleaved,0.0,0.01,,
9,1.0,Hebbian,interleaved,0.0,0.01,,
9,1.0,Hebbian,interleaved,0.0,0.01,,
9,1.0,Hebbian,interleaved,0.0,0.01,,
9,1.0,Hebbian,interleaved,0.0,0.01,,
9,1.0,Hebbian,interleaved,0.0,0.01,,
9,1.0,Hebbian,interleaved,0.0,0.01,,
9,1.0,Hebbian,interleaved,0.0,0.01,,
9,1.0,Hebbian,interleaved,0.0,0.01,,
9,1.0,Hebbian,interleaved,0.0,0.01,,
9,1.0,Hebbian,interleaved,0.0,0.01,,
9,1.0,Hebbian,interleaved,0.0,0.01,,
9,1.0,Hebbian,interleaved,0.0,0.01,,
9,1.0,Hebbian,interleaved,0.0,0.01,,
9,1.0,Hebbian,interleaved,0.0,0.01,,
9,1.0,Hebbian,interleaved,0.0,0.01,,
9,1.0,Hebbian,interleaved,0.0,0.01,,
9,1.0,Hebbian,interleaved,0.0,0.01,,
9,1.0,Hebbian,interleaved,0.0,0.01,,
9,1.0,Hebbian,interleaved,0.0,0.01,,
9,0.0,Hebbian,interleaved,0.0,0.01,,
9,1.0,Hebbian,interleaved,0.0,0.01,,
9,1.0,Hebbian,interleaved,0.0,0.01,,
9,1.0,Hebbian,interleaved,0.0,0.01,,
9,1.0,Hebbian,interleaved,0.0,0.01,,
9,1.0,Hebbian,interleaved,0.0,0.01,,
9,1.0,Hebbian,interleaved,0.0,0.01,,
9,1.0,Hebbian,interleaved,0.0,0.01,,
9,1.0,Hebbian,interleaved,0.0,0.01,,
9,1.0,Hebbian,interleaved,0.0,0.01,,
9,1.0,Hebbian,interleaved,0.0,0.01,,
9,1.0,Hebbian,interleaved,0.0,0.01,,
9,1.0,Hebbian,interleaved,0.0,0.01,,
9,1.0,Hebbian,interleaved,0.0,0.01,,
9,1.0,Hebbian,interleaved,0.0,0.01,,
9,1.0,Hebbian,interleaved,0.0,0.01,,
9,1.0,Hebbian,interleaved,0.0,0.01,,
9,1.0,Hebbian,interleaved,0.0,0.01,,
9,1.0,Hebbian,interleaved,0.0,0.01,,
9,1.0,Hebbian,interleaved,0.0,0.01,,
9,1.0,Hebbian,interleaved,0.0,0.01,,
9,1.0,Hebbian,interleaved,0.0,0.01,,
9,1.0,Hebbian,interleaved,0.0,0.01,,
9,1.0,Hebbian,interleaved,0.0,0.01,,
9,1.0,Hebbian,interleaved,0.0,0.01,,
9,1.0,Hebbian,interleaved,0.0,0.01,,
9,1.0,Hebbian,interleaved,0.0,0.01,,
9,1.0,Hebbian,interleaved,0.0,0.01,,
9,1.0,Hebbian,interleaved,0.0,0.01,,
9,1.0,Hebbian,interleaved,0.0,0.01,,
9,1.0,Hebbian,interleaved,0.0,0.01,,
9,1.0,Hebbian,interleaved,0.0,0.01,,
9,1.0,Hebbian,interleaved,0.0,0.01,,
9,1.0,Hebbian,interleaved,0.0,0.01,,
9,0.0,Hebbian,interleaved,0.0,0.01,,
9,1.0,Hebbian,interleaved,0.0,0.01,,
9,1.0,Hebbian,interleaved,0.0,0.01,,
9,1.0,Hebbian,interleaved,0.0,0.01,,
9,0.0,Hebbian,interleaved,0.0,0.01,,
9,1.0,Hebbian,interleaved,0.0,0.01,,
9,1.0,Hebbian,interleaved,0.0,0.01,,
9,1.0,Hebbian,interleaved,0.0,0.01,,
9,1.0,Hebbian,interleaved,0.0,0.01,,
9,1.0,Hebbian,interleaved,0.0,0.01,,
9,1.0,Hebbian,interleaved,0.0,0.01,,
9,1.0,Hebbian,interleaved,0.0,0.01,,
9,1.0,Hebbian,interleaved,0.0,0.01,,
9,1.0,Hebbian,interleaved,0.0,0.01,,
9,1.0,Hebbian,interleaved,0.0,0.01,,
9,1.0,Hebbian,interleaved,0.0,0.01,,
9,1.0,Hebbian,interleaved,0.0,0.01,,
9,1.0,Hebbian,interleaved,0.0,0.01,,
9,1.0,Hebbian,interleaved,0.0,0.01,,
9,1.0,Hebbian,interleaved,0.0,0.01,,
9,1.0,Hebbian,interleaved,0.0,0.01,,
9,1.0,Hebbian,interleaved,0.0,0.01,,
9,1.0,Hebbian,interleaved,0.0,0.01,,
9,1.0,Hebbian,interleaved,0.0,0.01,,
9,1.0,Hebbian,interleaved,0.0,0.01,,
9,1.0,Hebbian,interleaved,0.0,0.01,,
9,1.0,Hebbian,interleaved,0.0,0.01,,
9,1.0,Hebbian,interleaved,0.0,0.01,,
9,1.0,Hebbian,interleaved,0.0,0.01,,
9,1.0,Hebbian,interleaved,0.0,0.01,,
9,1.0,Hebbian,interleaved,0.0,0.01,,
9,1.0,Hebbian,interleaved,0.0,0.01,,
9,1.0,Hebbian,interleaved,0.0,0.01,,
9,1.0,Hebbian,interleaved,0.0,0.01,,
9,1.0,Hebbian,interleaved,0.0,0.01,,
9,1.0,Hebbian,interleaved,0.0,0.01,,
9,1.0,Hebbian,interleaved,0.0,0.01,,
9,1.0,Hebbian,interleaved,0.0,0.01,,
9,0.0,Hebbian,interleaved,0.0,0.01,,
9,1.0,Hebbian,interleaved,0.0,0.01,,
9,1.0,Hebbian,interleaved,0.0,0.01,,
9,1.0,Hebbian,interleaved,0.0,0.01,,
9,1.0,Hebbian,interleaved,0.0,0.01,,
9,1.0,Hebbian,interleaved,0.0,0.01,,
9,1.0,Hebbian,interleaved,0.0,0.01,,
9,1.0,Hebbian,interleaved,0.0,0.01,,
9,1.0,Hebbian,interleaved,0.0,0.01,,
9,1.0,Hebbian,interleaved,0.0,0.01,,
9,1.0,Hebbian,interleaved,0.0,0.01,,
9,1.0,Hebbian,interleaved,0.0,0.01,,
9,1.0,Hebbian,interleaved,0.0,0.01,,
9,1.0,Hebbian,interleaved,0.0,0.01,,
9,1.0,Hebbian,interleaved,0.0,0.01,,
9,1.0,Hebbian,interleaved,0.0,0.01,,
9,0.0,Hebbian,interleaved,0.0,0.01,,
9,1.0,Hebbian,interleaved,0.0,0.01,,
9,1.0,Hebbian,interleaved,0.0,0.01,,
9,1.0,Hebbian,interleaved,0.0,0.01,,
9,1.0,Hebbian,interleaved,0.0,0.01,,
9,1.0,Hebbian,interleaved,0.0,0.01,,
9,1.0,Hebbian,interleaved,0.0,0.01,,
9,1.0,Hebbian,interleaved,0.0,0.01,,
9,1.0,Hebbian,interleaved,0.0,0.01,,
9,1.0,Hebbian,interleaved,0.0,0.01,,
9,1.0,Hebbian,interleaved,0.0,0.01,,
9,1.0,Hebbian,interleaved,0.0,0.01,,
9,1.0,Hebbian,interleaved,0.0,0.01,,
9,1.0,Hebbian,interleaved,0.0,0.01,,
9,1.0,Hebbian,interleaved,0.0,0.01,,
9,1.0,Hebbian,interleaved,0.0,0.01,,
9,1.0,Hebbian,interleaved,0.0,0.01,,
9,1.0,Hebbian,interleaved,0.0,0.01,,
9,1.0,Hebbian,interleaved,0.0,0.01,,
9,0.0,Hebbian,interleaved,0.0,0.01,,
9,1.0,Hebbian,interleaved,0.0,0.01,,
9,1.0,Hebbian,interleaved,0.0,0.01,,
9,1.0,Hebbian,interleaved,0.0,0.01,,
9,1.0,Hebbian,interleaved,0.0,0.01,,
9,1.0,Hebbian,interleaved,0.0,0.01,,
9,1.0,Hebbian,interleaved,0.0,0.01,,
9,1.0,Hebbian,interleaved,0.0,0.01,,
9,1.0,Hebbian,interleaved,0.0,0.01,,
9,1.0,Hebbian,interleaved,0.0,0.01,,
9,1.0,Hebbian,interleaved,0.0,0.01,,
9,1.0,Hebbian,interleaved,0.0,0.01,,
9,1.0,Hebbian,interleaved,0.0,0.01,,
9,1.0,Hebbian,interleaved,0.0,0.01,,
9,1.0,Hebbian,interleaved,0.0,0.01,,
9,1.0,Hebbian,interleaved,0.0,0.01,,
9,1.0,Hebbian,interleaved,0.0,0.01,,
9,1.0,Hebbian,interleaved,0.0,0.01,,
9,0.0,Hebbian,interleaved,0.0,0.01,,
9,0.0,Hebbian,interleaved,0.0,0.01,,
9,1.0,Hebbian,interleaved,0.0,0.01,,
9,0.0,Hebbian,interleaved,0.0,0.01,,
9,1.0,Hebbian,interleaved,0.0,0.01,,
9,1.0,Hebbian,interleaved,0.0,0.01,,
9,1.0,Hebbian,interleaved,0.0,0.01,,
9,1.0,Hebbian,interleaved,0.0,0.01,,
9,1.0,Hebbian,interleaved,0.0,0.01,,
9,1.0,Hebbian,interleaved,0.0,0.01,,
9,1.0,Hebbian,interleaved,0.0,0.01,,
9,1.0,Hebbian,interleaved,0.0,0.01,,
9,1.0,Hebbian,interleaved,0.0,0.01,,
9,1.0,Hebbian,interleaved,0.0,0.01,,
9,1.0,Hebbian,interleaved,0.0,0.01,,
9,1.0,Hebbian,interleaved,0.0,0.01,,
9,1.0,Hebbian,interleaved,0.0,0.01,,
9,1.0,Hebbian,interleaved,0.0,0.01,,
9,1.0,Hebbian,interleaved,0.0,0.01,,
9,1.0,Hebbian,interleaved,0.0,0.01,,
9,1.0,Hebbian,interleaved,0.0,0.01,,
9,1.0,Hebbian,interleaved,0.0,0.01,,
9,1.0,Hebbian,interleaved,0.0,0.01,,
9,1.0,Hebbian,interleaved,0.0,0.01,,
9,1.0,Hebbian,interleaved,0.0,0.01,,
9,1.0,Hebbian,interleaved,0.0,0.01,,
9,1.0,Hebbian,interleaved,0.0,0.01,,
9,1.0,Hebbian,interleaved,0.0,0.01,,
9,1.0,Hebbian,interleaved,0.0,0.01,,
9,1.0,Hebbian,interleaved,0.0,0.01,,
9,1.0,Hebbian,interleaved,0.0,0.01,,
9,1.0,Hebbian,interleaved,0.0,0.01,,
9,1.0,Hebbian,interleaved,0.0,0.01,,
9,1.0,Hebbian,interleaved,0.0,0.01,,
9,1.0,Hebbian,interleaved,0.0,0.01,,
9,1.0,Hebbian,interleaved,0.0,0.01,,
9,1.0,Hebbian,interleaved,0.0,0.01,,
9,1.0,Hebbian,interleaved,0.0,0.01,,
9,1.0,Hebbian,interleaved,0.0,0.01,,
9,0.0,Hebbian,interleaved,0.0,0.01,,
9,1.0,Hebbian,interleaved,0.0,0.01,,
9,0.0,Hebbian,interleaved,0.0,0.01,,
9,0.0,Hebbian,interleaved,0.0,0.01,,
9,1.0,Hebbian,interleaved,0.0,0.01,,
9,1.0,Hebbian,interleaved,0.0,0.01,,
9,1.0,Hebbian,interleaved,0.0,0.01,,
9,1.0,Hebbian,interleaved,0.0,0.01,,
0,1.0,Hebbian,blocked,0.0,,,
0,1.0,Hebbian,blocked,0.0,,,
0,1.0,Hebbian,blocked,0.0,,,
0,1.0,Hebbian,blocked,0.0,,,
0,0.0,Hebbian,blocked,0.0,,,
0,0.0,Hebbian,blocked,0.0,,,
0,0.0,Hebbian,blocked,0.0,,,
0,0.0,Hebbian,blocked,0.0,,,
0,0.0,Hebbian,blocked,0.0,,,
0,1.0,Hebbian,blocked,0.0,,,
0,1.0,Hebbian,blocked,0.0,,,
0,1.0,Hebbian,blocked,0.0,,,
0,1.0,Hebbian,blocked,0.0,,,
0,1.0,Hebbian,blocked,0.0,,,
0,1.0,Hebbian,blocked,0.0,,,
0,1.0,Hebbian,blocked,0.0,,,
0,1.0,Hebbian,blocked,0.0,,,
0,1.0,Hebbian,blocked,0.0,,,
0,1.0,Hebbian,blocked,0.0,,,
0,1.0,Hebbian,blocked,0.0,,,
0,1.0,Hebbian,blocked,0.0,,,
0,1.0,Hebbian,blocked,0.0,,,
0,1.0,Hebbian,blocked,0.0,,,
0,0.0,Hebbian,blocked,0.0,,,
0,0.0,Hebbian,blocked,0.0,,,
0,0.0,Hebbian,blocked,0.0,,,
0,0.0,Hebbian,blocked,0.0,,,
0,0.0,Hebbian,blocked,0.0,,,
0,1.0,Hebbian,blocked,0.0,,,
0,1.0,Hebbian,blocked,0.0,,,
0,1.0,Hebbian,blocked,0.0,,,
0,1.0,Hebbian,blocked,0.0,,,
0,1.0,Hebbian,blocked,0.0,,,
0,0.0,Hebbian,blocked,0.0,,,
0,0.0,Hebbian,blocked,0.0,,,
0,0.0,Hebbian,blocked,0.0,,,
0,0.0,Hebbian,blocked,0.0,,,
0,0.0,Hebbian,blocked,0.0,,,
0,1.0,Hebbian,blocked,0.0,,,
0,1.0,Hebbian,blocked,0.0,,,
0,1.0,Hebbian,blocked,0.0,,,
0,1.0,Hebbian,blocked,0.0,,,
0,0.0,Hebbian,blocked,0.0,,,
0,0.0,Hebbian,blocked,0.0,,,
0,0.0,Hebbian,blocked,0.0,,,
0,0.0,Hebbian,blocked,0.0,,,
0,0.0,Hebbian,blocked,0.0,,,
0,1.0,Hebbian,blocked,0.0,,,
0,1.0,Hebbian,blocked,0.0,,,
0,1.0,Hebbian,blocked,0.0,,,
0,1.0,Hebbian,blocked,0.0,,,
0,1.0,Hebbian,blocked,0.0,,,
0,1.0,Hebbian,blocked,0.0,,,
0,0.0,Hebbian,blocked,0.0,,,
0,0.0,Hebbian,blocked,0.0,,,
0,0.0,Hebbian,blocked,0.0,,,
0,0.0,Hebbian,blocked,0.0,,,
0,1.0,Hebbian,blocked,0.0,,,
0,1.0,Hebbian,blocked,0.0,,,
0,1.0,Hebbian,blocked,0.0,,,
0,1.0,Hebbian,blocked,0.0,,,
0,0.0,Hebbian,blocked,0.0,,,
0,0.0,Hebbian,blocked,0.0,,,
0,0.0,Hebbian,blocked,0.0,,,
0,0.0,Hebbian,blocked,0.0,,,
0,0.0,Hebbian,blocked,0.0,,,
0,1.0,Hebbian,blocked,0.0,,,
0,1.0,Hebbian,blocked,0.0,,,
0,1.0,Hebbian,blocked,0.0,,,
0,1.0,Hebbian,blocked,0.0,,,
0,1.0,Hebbian,blocked,0.0,,,
0,0.0,Hebbian,blocked,0.0,,,
0,0.0,Hebbian,blocked,0.0,,,
0,0.0,Hebbian,blocked,0.0,,,
0,0.0,Hebbian,blocked,0.0,,,
0,0.0,Hebbian,blocked,0.0,,,
0,1.0,Hebbian,blocked,0.0,,,
0,1.0,Hebbian,blocked,0.0,,,
0,1.0,Hebbian,blocked,0.0,,,
0,1.0,Hebbian,blocked,0.0,,,
0,0.0,Hebbian,blocked,0.0,,,
0,0.0,Hebbian,blocked,0.0,,,
0,0.0,Hebbian,blocked,0.0,,,
0,0.0,Hebbian,blocked,0.0,,,
0,0.0,Hebbian,blocked,0.0,,,
0,1.0,Hebbian,blocked,0.0,,,
0,1.0,Hebbian,blocked,0.0,,,
0,1.0,Hebbian,blocked,0.0,,,
0,1.0,Hebbian,blocked,0.0,,,
0,1.0,Hebbian,blocked,0.0,,,
0,1.0,Hebbian,blocked,0.0,,,
0,1.0,Hebbian,blocked,0.0,,,
0,0.0,Hebbian,blocked,0.0,,,
0,1.0,Hebbian,blocked,0.0,,,
0,1.0,Hebbian,blocked,0.0,,,
0,1.0,Hebbian,blocked,0.0,,,
0,1.0,Hebbian,blocked,0.0,,,
0,1.0,Hebbian,blocked,0.0,,,
0,1.0,Hebbian,blocked,0.0,,,
0,1.0,Hebbian,blocked,0.0,,,
0,1.0,Hebbian,blocked,0.0,,,
0,1.0,Hebbian,blocked,0.0,,,
0,1.0,Hebbian,blocked,0.0,,,
0,1.0,Hebbian,blocked,0.0,,,
0,1.0,Hebbian,blocked,0.0,,,
0,1.0,Hebbian,blocked,0.0,,,
0,1.0,Hebbian,blocked,0.0,,,
0,1.0,Hebbian,blocked,0.0,,,
0,1.0,Hebbian,blocked,0.0,,,
0,1.0,Hebbian,blocked,0.0,,,
0,1.0,Hebbian,blocked,0.0,,,
0,1.0,Hebbian,blocked,0.0,,,
0,1.0,Hebbian,blocked,0.0,,,
0,1.0,Hebbian,blocked,0.0,,,
0,1.0,Hebbian,blocked,0.0,,,
0,1.0,Hebbian,blocked,0.0,,,
0,1.0,Hebbian,blocked,0.0,,,
0,1.0,Hebbian,blocked,0.0,,,
0,1.0,Hebbian,blocked,0.0,,,
0,1.0,Hebbian,blocked,0.0,,,
0,1.0,Hebbian,blocked,0.0,,,
0,1.0,Hebbian,blocked,0.0,,,
0,1.0,Hebbian,blocked,0.0,,,
0,1.0,Hebbian,blocked,0.0,,,
0,1.0,Hebbian,blocked,0.0,,,
0,1.0,Hebbian,blocked,0.0,,,
0,1.0,Hebbian,blocked,0.0,,,
0,1.0,Hebbian,blocked,0.0,,,
0,1.0,Hebbian,blocked,0.0,,,
0,1.0,Hebbian,blocked,0.0,,,
0,1.0,Hebbian,blocked,0.0,,,
0,1.0,Hebbian,blocked,0.0,,,
0,1.0,Hebbian,blocked,0.0,,,
0,1.0,Hebbian,blocked,0.0,,,
0,1.0,Hebbian,blocked,0.0,,,
0,1.0,Hebbian,blocked,0.0,,,
0,1.0,Hebbian,blocked,0.0,,,
0,1.0,Hebbian,blocked,0.0,,,
0,1.0,Hebbian,blocked,0.0,,,
0,1.0,Hebbian,blocked,0.0,,,
0,1.0,Hebbian,blocked,0.0,,,
0,1.0,Hebbian,blocked,0.0,,,
0,1.0,Hebbian,blocked,0.0,,,
0,1.0,Hebbian,blocked,0.0,,,
0,1.0,Hebbian,blocked,0.0,,,
0,1.0,Hebbian,blocked,0.0,,,
0,1.0,Hebbian,blocked,0.0,,,
0,1.0,Hebbian,blocked,0.0,,,
0,1.0,Hebbian,blocked,0.0,,,
0,1.0,Hebbian,blocked,0.0,,,
0,1.0,Hebbian,blocked,0.0,,,
0,1.0,Hebbian,blocked,0.0,,,
0,1.0,Hebbian,blocked,0.0,,,
0,1.0,Hebbian,blocked,0.0,,,
0,1.0,Hebbian,blocked,0.0,,,
0,1.0,Hebbian,blocked,0.0,,,
0,1.0,Hebbian,blocked,0.0,,,
0,1.0,Hebbian,blocked,0.0,,,
0,1.0,Hebbian,blocked,0.0,,,
0,1.0,Hebbian,blocked,0.0,,,
0,1.0,Hebbian,blocked,0.0,,,
0,1.0,Hebbian,blocked,0.0,,,
0,1.0,Hebbian,blocked,0.0,,,
0,1.0,Hebbian,blocked,0.0,,,
0,1.0,Hebbian,blocked,0.0,,,
0,1.0,Hebbian,blocked,0.0,,,
0,1.0,Hebbian,blocked,0.0,,,
0,1.0,Hebbian,blocked,0.0,,,
0,1.0,Hebbian,blocked,0.0,,,
0,1.0,Hebbian,blocked,0.0,,,
0,1.0,Hebbian,blocked,0.0,,,
0,1.0,Hebbian,blocked,0.0,,,
0,1.0,Hebbian,blocked,0.0,,,
0,1.0,Hebbian,blocked,0.0,,,
0,1.0,Hebbian,blocked,0.0,,,
0,1.0,Hebbian,blocked,0.0,,,
0,1.0,Hebbian,blocked,0.0,,,
0,1.0,Hebbian,blocked,0.0,,,
0,1.0,Hebbian,blocked,0.0,,,
0,1.0,Hebbian,blocked,0.0,,,
0,1.0,Hebbian,blocked,0.0,,,
0,1.0,Hebbian,blocked,0.0,,,
0,1.0,Hebbian,blocked,0.0,,,
0,1.0,Hebbian,blocked,0.0,,,
0,1.0,Hebbian,blocked,0.0,,,
0,1.0,Hebbian,blocked,0.0,,,
0,1.0,Hebbian,blocked,0.0,,,
0,1.0,Hebbian,blocked,0.0,,,
0,1.0,Hebbian,blocked,0.0,,,
0,1.0,Hebbian,blocked,0.0,,,
0,1.0,Hebbian,blocked,0.0,,,
0,1.0,Hebbian,blocked,0.0,,,
0,1.0,Hebbian,blocked,0.0,,,
0,1.0,Hebbian,blocked,0.0,,,
0,1.0,Hebbian,blocked,0.0,,,
0,1.0,Hebbian,blocked,0.0,,,
0,1.0,Hebbian,blocked,0.0,,,
0,0.0,Hebbian,blocked,0.0,,,
0,1.0,Hebbian,blocked,0.0,,,
0,0.0,Hebbian,blocked,0.0,,,
0,1.0,Hebbian,blocked,0.0,,,
0,1.0,Hebbian,blocked,0.0,,,
0,1.0,Hebbian,blocked,0.0,,,
0,1.0,Hebbian,blocked,0.0,,,
0,0.0,Hebbian,blocked,0.0,,,
0,0.0,Hebbian,blocked,0.0,,,
0,0.0,Hebbian,blocked,0.0,,,
0,0.0,Hebbian,blocked,0.0,,,
0,0.0,Hebbian,blocked,0.0,,,
0,1.0,Hebbian,blocked,0.0,,,
0,1.0,Hebbian,blocked,0.0,,,
0,1.0,Hebbian,blocked,0.0,,,
0,1.0,Hebbian,blocked,0.0,,,
0,1.0,Hebbian,blocked,0.0,,,
0,0.0,Hebbian,blocked,0.0,,,
0,1.0,Hebbian,blocked,0.0,,,
0,0.0,Hebbian,blocked,0.0,,,
0,1.0,Hebbian,blocked,0.0,,,
0,0.0,Hebbian,blocked,0.0,,,
0,1.0,Hebbian,blocked,0.0,,,
0,1.0,Hebbian,blocked,0.0,,,
0,1.0,Hebbian,blocked,0.0,,,
0,1.0,Hebbian,blocked,0.0,,,
0,0.0,Hebbian,blocked,0.0,,,
0,0.0,Hebbian,blocked,0.0,,,
0,0.0,Hebbian,blocked,0.0,,,
0,0.0,Hebbian,blocked,0.0,,,
0,0.0,Hebbian,blocked,0.0,,,
0,1.0,Hebbian,blocked,0.0,,,
0,1.0,Hebbian,blocked,0.0,,,
0,1.0,Hebbian,blocked,0.0,,,
0,1.0,Hebbian,blocked,0.0,,,
0,1.0,Hebbian,blocked,0.0,,,
0,0.0,Hebbian,blocked,0.0,,,
0,0.0,Hebbian,blocked,0.0,,,
0,0.0,Hebbian,blocked,0.0,,,
0,0.0,Hebbian,blocked,0.0,,,
0,0.0,Hebbian,blocked,0.0,,,
0,1.0,Hebbian,blocked,0.0,,,
0,1.0,Hebbian,blocked,0.0,,,
0,1.0,Hebbian,blocked,0.0,,,
0,1.0,Hebbian,blocked,0.0,,,
0,0.0,Hebbian,blocked,0.0,,,
0,0.0,Hebbian,blocked,0.0,,,
0,0.0,Hebbian,blocked,0.0,,,
0,0.0,Hebbian,blocked,0.0,,,
0,0.0,Hebbian,blocked,0.0,,,
0,1.0,Hebbian,blocked,0.0,,,
0,1.0,Hebbian,blocked,0.0,,,
0,1.0,Hebbian,blocked,0.0,,,
0,1.0,Hebbian,blocked,0.0,,,
0,1.0,Hebbian,blocked,0.0,,,
0,0.0,Hebbian,blocked,0.0,,,
0,0.0,Hebbian,blocked,0.0,,,
0,0.0,Hebbian,blocked,0.0,,,
0,0.0,Hebbian,blocked,0.0,,,
0,0.0,Hebbian,blocked,0.0,,,
0,1.0,Hebbian,blocked,0.0,,,
0,1.0,Hebbian,blocked,0.0,,,
0,1.0,Hebbian,blocked,0.0,,,
0,1.0,Hebbian,blocked,0.0,,,
0,0.0,Hebbian,blocked,0.0,,,
0,0.0,Hebbian,blocked,0.0,,,
0,0.0,Hebbian,blocked,0.0,,,
0,0.0,Hebbian,blocked,0.0,,,
0,0.0,Hebbian,blocked,0.0,,,
0,1.0,Hebbian,blocked,0.0,,,
0,1.0,Hebbian,blocked,0.0,,,
0,1.0,Hebbian,blocked,0.0,,,
0,1.0,Hebbian,blocked,0.0,,,
0,1.0,Hebbian,blocked,0.0,,,
0,0.0,Hebbian,blocked,0.0,,,
0,1.0,Hebbian,blocked,0.0,,,
0,0.0,Hebbian,blocked,0.0,,,
0,0.0,Hebbian,blocked,0.0,,,
0,0.0,Hebbian,blocked,0.0,,,
0,1.0,Hebbian,blocked,0.0,,,
0,1.0,Hebbian,blocked,0.0,,,
0,1.0,Hebbian,blocked,0.0,,,
0,1.0,Hebbian,blocked,0.0,,,
0,0.0,Hebbian,blocked,0.0,,,
0,0.0,Hebbian,blocked,0.0,,,
0,0.0,Hebbian,blocked,0.0,,,
0,0.0,Hebbian,blocked,0.0,,,
0,0.0,Hebbian,blocked,0.0,,,
0,1.0,Hebbian,blocked,0.0,,,
0,1.0,Hebbian,blocked,0.0,,,
0,1.0,Hebbian,blocked,0.0,,,
0,1.0,Hebbian,blocked,0.0,,,
0,1.0,Hebbian,blocked,0.0,,,
0,1.0,Hebbian,blocked,0.0,,,
0,1.0,Hebbian,blocked,0.0,,,
0,1.0,Hebbian,blocked,0.0,,,
0,1.0,Hebbian,blocked,0.0,,,
0,1.0,Hebbian,blocked,0.0,,,
0,1.0,Hebbian,blocked,0.0,,,
0,1.0,Hebbian,blocked,0.0,,,
0,1.0,Hebbian,blocked,0.0,,,
0,1.0,Hebbian,blocked,0.0,,,
0,1.0,Hebbian,blocked,0.0,,,
0,1.0,Hebbian,blocked,0.0,,,
0,1.0,Hebbian,blocked,0.0,,,
0,1.0,Hebbian,blocked,0.0,,,
0,1.0,Hebbian,blocked,0.0,,,
0,1.0,Hebbian,blocked,0.0,,,
0,1.0,Hebbian,blocked,0.0,,,
0,1.0,Hebbian,blocked,0.0,,,
0,1.0,Hebbian,blocked,0.0,,,
0,1.0,Hebbian,blocked,0.0,,,
0,1.0,Hebbian,blocked,0.0,,,
0,1.0,Hebbian,blocked,0.0,,,
0,1.0,Hebbian,blocked,0.0,,,
0,1.0,Hebbian,blocked,0.0,,,
0,1.0,Hebbian,blocked,0.0,,,
0,1.0,Hebbian,blocked,0.0,,,
0,1.0,Hebbian,blocked,0.0,,,
0,1.0,Hebbian,blocked,0.0,,,
0,1.0,Hebbian,blocked,0.0,,,
0,1.0,Hebbian,blocked,0.0,,,
0,1.0,Hebbian,blocked,0.0,,,
0,1.0,Hebbian,blocked,0.0,,,
0,1.0,Hebbian,blocked,0.0,,,
0,1.0,Hebbian,blocked,0.0,,,
0,1.0,Hebbian,blocked,0.0,,,
0,1.0,Hebbian,blocked,0.0,,,
0,1.0,Hebbian,blocked,0.0,,,
0,1.0,Hebbian,blocked,0.0,,,
0,1.0,Hebbian,blocked,0.0,,,
0,1.0,Hebbian,blocked,0.0,,,
0,1.0,Hebbian,blocked,0.0,,,
0,1.0,Hebbian,blocked,0.0,,,
0,1.0,Hebbian,blocked,0.0,,,
0,1.0,Hebbian,blocked,0.0,,,
0,1.0,Hebbian,blocked,0.0,,,
0,1.0,Hebbian,blocked,0.0,,,
0,1.0,Hebbian,blocked,0.0,,,
0,1.0,Hebbian,blocked,0.0,,,
0,1.0,Hebbian,blocked,0.0,,,
0,1.0,Hebbian,blocked,0.0,,,
0,1.0,Hebbian,blocked,0.0,,,
0,1.0,Hebbian,blocked,0.0,,,
0,1.0,Hebbian,blocked,0.0,,,
0,1.0,Hebbian,blocked,0.0,,,
0,1.0,Hebbian,blocked,0.0,,,
0,1.0,Hebbian,blocked,0.0,,,
0,1.0,Hebbian,blocked,0.0,,,
0,1.0,Hebbian,blocked,0.0,,,
0,1.0,Hebbian,blocked,0.0,,,
0,1.0,Hebbian,blocked,0.0,,,
0,1.0,Hebbian,blocked,0.0,,,
0,1.0,Hebbian,blocked,0.0,,,
0,1.0,Hebbian,blocked,0.0,,,
0,1.0,Hebbian,blocked,0.0,,,
0,1.0,Hebbian,blocked,0.0,,,
0,1.0,Hebbian,blocked,0.0,,,
0,1.0,Hebbian,blocked,0.0,,,
0,1.0,Hebbian,blocked,0.0,,,
0,1.0,Hebbian,blocked,0.0,,,
0,1.0,Hebbian,blocked,0.0,,,
0,1.0,Hebbian,blocked,0.0,,,
0,1.0,Hebbian,blocked,0.0,,,
0,1.0,Hebbian,blocked,0.0,,,
0,1.0,Hebbian,blocked,0.0,,,
0,1.0,Hebbian,blocked,0.0,,,
0,1.0,Hebbian,blocked,0.0,,,
0,1.0,Hebbian,blocked,0.0,,,
0,1.0,Hebbian,blocked,0.0,,,
0,1.0,Hebbian,blocked,0.0,,,
0,1.0,Hebbian,blocked,0.0,,,
0,1.0,Hebbian,blocked,0.0,,,
0,1.0,Hebbian,blocked,0.0,,,
0,1.0,Hebbian,blocked,0.0,,,
0,1.0,Hebbian,blocked,0.0,,,
0,1.0,Hebbian,blocked,0.0,,,
0,1.0,Hebbian,blocked,0.0,,,
0,1.0,Hebbian,blocked,0.0,,,
0,1.0,Hebbian,blocked,0.0,,,
0,1.0,Hebbian,blocked,0.0,,,
0,1.0,Hebbian,blocked,0.0,,,
0,1.0,Hebbian,blocked,0.0,,,
1,1.0,Hebbian,blocked,0.0,,,
1,1.0,Hebbian,blocked,0.0,,,
1,1.0,Hebbian,blocked,0.0,,,
1,1.0,Hebbian,blocked,0.0,,,
1,0.0,Hebbian,blocked,0.0,,,
1,0.0,Hebbian,blocked,0.0,,,
1,1.0,Hebbian,blocked,0.0,,,
1,1.0,Hebbian,blocked,0.0,,,
1,1.0,Hebbian,blocked,0.0,,,
1,1.0,Hebbian,blocked,0.0,,,
1,1.0,Hebbian,blocked,0.0,,,
1,1.0,Hebbian,blocked,0.0,,,
1,1.0,Hebbian,blocked,0.0,,,
1,1.0,Hebbian,blocked,0.0,,,
1,1.0,Hebbian,blocked,0.0,,,
1,1.0,Hebbian,blocked,0.0,,,
1,1.0,Hebbian,blocked,0.0,,,
1,1.0,Hebbian,blocked,0.0,,,
1,1.0,Hebbian,blocked,0.0,,,
1,1.0,Hebbian,blocked,0.0,,,
1,1.0,Hebbian,blocked,0.0,,,
1,1.0,Hebbian,blocked,0.0,,,
1,1.0,Hebbian,blocked,0.0,,,
1,1.0,Hebbian,blocked,0.0,,,
1,1.0,Hebbian,blocked,0.0,,,
1,1.0,Hebbian,blocked,0.0,,,
1,1.0,Hebbian,blocked,0.0,,,
1,1.0,Hebbian,blocked,0.0,,,
1,1.0,Hebbian,blocked,0.0,,,
1,1.0,Hebbian,blocked,0.0,,,
1,1.0,Hebbian,blocked,0.0,,,
1,1.0,Hebbian,blocked,0.0,,,
1,1.0,Hebbian,blocked,0.0,,,
1,1.0,Hebbian,blocked,0.0,,,
1,1.0,Hebbian,blocked,0.0,,,
1,1.0,Hebbian,blocked,0.0,,,
1,1.0,Hebbian,blocked,0.0,,,
1,1.0,Hebbian,blocked,0.0,,,
1,1.0,Hebbian,blocked,0.0,,,
1,1.0,Hebbian,blocked,0.0,,,
1,1.0,Hebbian,blocked,0.0,,,
1,1.0,Hebbian,blocked,0.0,,,
1,1.0,Hebbian,blocked,0.0,,,
1,1.0,Hebbian,blocked,0.0,,,
1,1.0,Hebbian,blocked,0.0,,,
1,1.0,Hebbian,blocked,0.0,,,
1,1.0,Hebbian,blocked,0.0,,,
1,1.0,Hebbian,blocked,0.0,,,
1,1.0,Hebbian,blocked,0.0,,,
1,1.0,Hebbian,blocked,0.0,,,
1,1.0,Hebbian,blocked,0.0,,,
1,1.0,Hebbian,blocked,0.0,,,
1,1.0,Hebbian,blocked,0.0,,,
1,1.0,Hebbian,blocked,0.0,,,
1,1.0,Hebbian,blocked,0.0,,,
1,1.0,Hebbian,blocked,0.0,,,
1,1.0,Hebbian,blocked,0.0,,,
1,1.0,Hebbian,blocked,0.0,,,
1,1.0,Hebbian,blocked,0.0,,,
1,1.0,Hebbian,blocked,0.0,,,
1,1.0,Hebbian,blocked,0.0,,,
1,1.0,Hebbian,blocked,0.0,,,
1,1.0,Hebbian,blocked,0.0,,,
1,1.0,Hebbian,blocked,0.0,,,
1,1.0,Hebbian,blocked,0.0,,,
1,1.0,Hebbian,blocked,0.0,,,
1,1.0,Hebbian,blocked,0.0,,,
1,1.0,Hebbian,blocked,0.0,,,
1,1.0,Hebbian,blocked,0.0,,,
1,1.0,Hebbian,blocked,0.0,,,
1,1.0,Hebbian,blocked,0.0,,,
1,1.0,Hebbian,blocked,0.0,,,
1,1.0,Hebbian,blocked,0.0,,,
1,1.0,Hebbian,blocked,0.0,,,
1,1.0,Hebbian,blocked,0.0,,,
1,1.0,Hebbian,blocked,0.0,,,
1,1.0,Hebbian,blocked,0.0,,,
1,1.0,Hebbian,blocked,0.0,,,
1,1.0,Hebbian,blocked,0.0,,,
1,1.0,Hebbian,blocked,0.0,,,
1,1.0,Hebbian,blocked,0.0,,,
1,1.0,Hebbian,blocked,0.0,,,
1,1.0,Hebbian,blocked,0.0,,,
1,1.0,Hebbian,blocked,0.0,,,
1,1.0,Hebbian,blocked,0.0,,,
1,1.0,Hebbian,blocked,0.0,,,
1,1.0,Hebbian,blocked,0.0,,,
1,1.0,Hebbian,blocked,0.0,,,
1,1.0,Hebbian,blocked,0.0,,,
1,1.0,Hebbian,blocked,0.0,,,
1,1.0,Hebbian,blocked,0.0,,,
1,1.0,Hebbian,blocked,0.0,,,
1,1.0,Hebbian,blocked,0.0,,,
1,1.0,Hebbian,blocked,0.0,,,
1,1.0,Hebbian,blocked,0.0,,,
1,1.0,Hebbian,blocked,0.0,,,
1,0.0,Hebbian,blocked,0.0,,,
1,0.0,Hebbian,blocked,0.0,,,
1,1.0,Hebbian,blocked,0.0,,,
1,0.0,Hebbian,blocked,0.0,,,
1,1.0,Hebbian,blocked,0.0,,,
1,1.0,Hebbian,blocked,0.0,,,
1,1.0,Hebbian,blocked,0.0,,,
1,1.0,Hebbian,blocked,0.0,,,
1,1.0,Hebbian,blocked,0.0,,,
1,1.0,Hebbian,blocked,0.0,,,
1,1.0,Hebbian,blocked,0.0,,,
1,1.0,Hebbian,blocked,0.0,,,
1,1.0,Hebbian,blocked,0.0,,,
1,1.0,Hebbian,blocked,0.0,,,
1,1.0,Hebbian,blocked,0.0,,,
1,1.0,Hebbian,blocked,0.0,,,
1,1.0,Hebbian,blocked,0.0,,,
1,1.0,Hebbian,blocked,0.0,,,
1,1.0,Hebbian,blocked,0.0,,,
1,0.0,Hebbian,blocked,0.0,,,
1,1.0,Hebbian,blocked,0.0,,,
1,0.0,Hebbian,blocked,0.0,,,
1,0.0,Hebbian,blocked,0.0,,,
1,1.0,Hebbian,blocked,0.0,,,
1,1.0,Hebbian,blocked,0.0,,,
1,1.0,Hebbian,blocked,0.0,,,
1,1.0,Hebbian,blocked,0.0,,,
1,1.0,Hebbian,blocked,0.0,,,
1,1.0,Hebbian,blocked,0.0,,,
1,1.0,Hebbian,blocked,0.0,,,
1,1.0,Hebbian,blocked,0.0,,,
1,1.0,Hebbian,blocked,0.0,,,
1,1.0,Hebbian,blocked,0.0,,,
1,1.0,Hebbian,blocked,0.0,,,
1,1.0,Hebbian,blocked,0.0,,,
1,1.0,Hebbian,blocked,0.0,,,
1,1.0,Hebbian,blocked,0.0,,,
1,0.0,Hebbian,blocked,0.0,,,
1,0.0,Hebbian,blocked,0.0,,,
1,0.0,Hebbian,blocked,0.0,,,
1,0.0,Hebbian,blocked,0.0,,,
1,0.0,Hebbian,blocked,0.0,,,
1,1.0,Hebbian,blocked,0.0,,,
1,1.0,Hebbian,blocked,0.0,,,
1,1.0,Hebbian,blocked,0.0,,,
1,1.0,Hebbian,blocked,0.0,,,
1,1.0,Hebbian,blocked,0.0,,,
1,1.0,Hebbian,blocked,0.0,,,
1,1.0,Hebbian,blocked,0.0,,,
1,1.0,Hebbian,blocked,0.0,,,
1,1.0,Hebbian,blocked,0.0,,,
1,1.0,Hebbian,blocked,0.0,,,
1,1.0,Hebbian,blocked,0.0,,,
1,1.0,Hebbian,blocked,0.0,,,
1,1.0,Hebbian,blocked,0.0,,,
1,1.0,Hebbian,blocked,0.0,,,
1,0.0,Hebbian,blocked,0.0,,,
1,0.0,Hebbian,blocked,0.0,,,
1,0.0,Hebbian,blocked,0.0,,,
1,1.0,Hebbian,blocked,0.0,,,
1,0.0,Hebbian,blocked,0.0,,,
1,1.0,Hebbian,blocked,0.0,,,
1,1.0,Hebbian,blocked,0.0,,,
1,1.0,Hebbian,blocked,0.0,,,
1,1.0,Hebbian,blocked,0.0,,,
1,1.0,Hebbian,blocked,0.0,,,
1,1.0,Hebbian,blocked,0.0,,,
1,1.0,Hebbian,blocked,0.0,,,
1,1.0,Hebbian,blocked,0.0,,,
1,1.0,Hebbian,blocked,0.0,,,
1,1.0,Hebbian,blocked,0.0,,,
1,1.0,Hebbian,blocked,0.0,,,
1,1.0,Hebbian,blocked,0.0,,,
1,1.0,Hebbian,blocked,0.0,,,
1,1.0,Hebbian,blocked,0.0,,,
1,0.0,Hebbian,blocked,0.0,,,
1,0.0,Hebbian,blocked,0.0,,,
1,0.0,Hebbian,blocked,0.0,,,
1,0.0,Hebbian,blocked,0.0,,,
1,0.0,Hebbian,blocked,0.0,,,
1,1.0,Hebbian,blocked,0.0,,,
1,1.0,Hebbian,blocked,0.0,,,
1,1.0,Hebbian,blocked,0.0,,,
1,1.0,Hebbian,blocked,0.0,,,
1,1.0,Hebbian,blocked,0.0,,,
1,1.0,Hebbian,blocked,0.0,,,
1,1.0,Hebbian,blocked,0.0,,,
1,1.0,Hebbian,blocked,0.0,,,
1,1.0,Hebbian,blocked,0.0,,,
1,1.0,Hebbian,blocked,0.0,,,
1,1.0,Hebbian,blocked,0.0,,,
1,1.0,Hebbian,blocked,0.0,,,
1,1.0,Hebbian,blocked,0.0,,,
1,1.0,Hebbian,blocked,0.0,,,
1,1.0,Hebbian,blocked,0.0,,,
1,1.0,Hebbian,blocked,0.0,,,
1,1.0,Hebbian,blocked,0.0,,,
1,1.0,Hebbian,blocked,0.0,,,
1,1.0,Hebbian,blocked,0.0,,,
1,1.0,Hebbian,blocked,0.0,,,
1,1.0,Hebbian,blocked,0.0,,,
1,1.0,Hebbian,blocked,0.0,,,
1,1.0,Hebbian,blocked,0.0,,,
1,1.0,Hebbian,blocked,0.0,,,
1,1.0,Hebbian,blocked,0.0,,,
1,1.0,Hebbian,blocked,0.0,,,
1,1.0,Hebbian,blocked,0.0,,,
1,1.0,Hebbian,blocked,0.0,,,
1,1.0,Hebbian,blocked,0.0,,,
1,1.0,Hebbian,blocked,0.0,,,
1,1.0,Hebbian,blocked,0.0,,,
1,1.0,Hebbian,blocked,0.0,,,
1,1.0,Hebbian,blocked,0.0,,,
1,1.0,Hebbian,blocked,0.0,,,
1,1.0,Hebbian,blocked,0.0,,,
1,1.0,Hebbian,blocked,0.0,,,
1,1.0,Hebbian,blocked,0.0,,,
1,1.0,Hebbian,blocked,0.0,,,
1,1.0,Hebbian,blocked,0.0,,,
1,1.0,Hebbian,blocked,0.0,,,
1,1.0,Hebbian,blocked,0.0,,,
1,1.0,Hebbian,blocked,0.0,,,
1,1.0,Hebbian,blocked,0.0,,,
1,1.0,Hebbian,blocked,0.0,,,
1,1.0,Hebbian,blocked,0.0,,,
1,1.0,Hebbian,blocked,0.0,,,
1,1.0,Hebbian,blocked,0.0,,,
1,1.0,Hebbian,blocked,0.0,,,
1,1.0,Hebbian,blocked,0.0,,,
1,1.0,Hebbian,blocked,0.0,,,
1,1.0,Hebbian,blocked,0.0,,,
1,1.0,Hebbian,blocked,0.0,,,
1,1.0,Hebbian,blocked,0.0,,,
1,1.0,Hebbian,blocked,0.0,,,
1,1.0,Hebbian,blocked,0.0,,,
1,1.0,Hebbian,blocked,0.0,,,
1,1.0,Hebbian,blocked,0.0,,,
1,1.0,Hebbian,blocked,0.0,,,
1,1.0,Hebbian,blocked,0.0,,,
1,1.0,Hebbian,blocked,0.0,,,
1,1.0,Hebbian,blocked,0.0,,,
1,1.0,Hebbian,blocked,0.0,,,
1,1.0,Hebbian,blocked,0.0,,,
1,1.0,Hebbian,blocked,0.0,,,
1,1.0,Hebbian,blocked,0.0,,,
1,1.0,Hebbian,blocked,0.0,,,
1,1.0,Hebbian,blocked,0.0,,,
1,1.0,Hebbian,blocked,0.0,,,
1,1.0,Hebbian,blocked,0.0,,,
1,1.0,Hebbian,blocked,0.0,,,
1,1.0,Hebbian,blocked,0.0,,,
1,1.0,Hebbian,blocked,0.0,,,
1,1.0,Hebbian,blocked,0.0,,,
1,1.0,Hebbian,blocked,0.0,,,
1,1.0,Hebbian,blocked,0.0,,,
1,1.0,Hebbian,blocked,0.0,,,
1,1.0,Hebbian,blocked,0.0,,,
1,1.0,Hebbian,blocked,0.0,,,
1,1.0,Hebbian,blocked,0.0,,,
1,1.0,Hebbian,blocked,0.0,,,
1,1.0,Hebbian,blocked,0.0,,,
1,1.0,Hebbian,blocked,0.0,,,
1,1.0,Hebbian,blocked,0.0,,,
1,1.0,Hebbian,blocked,0.0,,,
1,1.0,Hebbian,blocked,0.0,,,
1,1.0,Hebbian,blocked,0.0,,,
1,1.0,Hebbian,blocked,0.0,,,
1,1.0,Hebbian,blocked,0.0,,,
1,1.0,Hebbian,blocked,0.0,,,
1,1.0,Hebbian,blocked,0.0,,,
1,1.0,Hebbian,blocked,0.0,,,
1,1.0,Hebbian,blocked,0.0,,,
1,1.0,Hebbian,blocked,0.0,,,
1,1.0,Hebbian,blocked,0.0,,,
1,1.0,Hebbian,blocked,0.0,,,
1,1.0,Hebbian,blocked,0.0,,,
1,1.0,Hebbian,blocked,0.0,,,
1,1.0,Hebbian,blocked,0.0,,,
1,1.0,Hebbian,blocked,0.0,,,
1,1.0,Hebbian,blocked,0.0,,,
1,1.0,Hebbian,blocked,0.0,,,
1,1.0,Hebbian,blocked,0.0,,,
1,1.0,Hebbian,blocked,0.0,,,
1,1.0,Hebbian,blocked,0.0,,,
1,1.0,Hebbian,blocked,0.0,,,
1,1.0,Hebbian,blocked,0.0,,,
1,1.0,Hebbian,blocked,0.0,,,
1,1.0,Hebbian,blocked,0.0,,,
1,1.0,Hebbian,blocked,0.0,,,
1,1.0,Hebbian,blocked,0.0,,,
1,1.0,Hebbian,blocked,0.0,,,
1,1.0,Hebbian,blocked,0.0,,,
1,1.0,Hebbian,blocked,0.0,,,
1,1.0,Hebbian,blocked,0.0,,,
1,1.0,Hebbian,blocked,0.0,,,
1,1.0,Hebbian,blocked,0.0,,,
1,1.0,Hebbian,blocked,0.0,,,
1,1.0,Hebbian,blocked,0.0,,,
1,1.0,Hebbian,blocked,0.0,,,
1,0.0,Hebbian,blocked,0.0,,,
1,0.0,Hebbian,blocked,0.0,,,
1,0.0,Hebbian,blocked,0.0,,,
1,0.0,Hebbian,blocked,0.0,,,
1,0.0,Hebbian,blocked,0.0,,,
1,1.0,Hebbian,blocked,0.0,,,
1,1.0,Hebbian,blocked,0.0,,,
1,1.0,Hebbian,blocked,0.0,,,
1,1.0,Hebbian,blocked,0.0,,,
1,1.0,Hebbian,blocked,0.0,,,
1,1.0,Hebbian,blocked,0.0,,,
1,1.0,Hebbian,blocked,0.0,,,
1,1.0,Hebbian,blocked,0.0,,,
1,1.0,Hebbian,blocked,0.0,,,
1,1.0,Hebbian,blocked,0.0,,,
1,1.0,Hebbian,blocked,0.0,,,
1,1.0,Hebbian,blocked,0.0,,,
1,1.0,Hebbian,blocked,0.0,,,
1,1.0,Hebbian,blocked,0.0,,,
1,0.0,Hebbian,blocked,0.0,,,
1,0.0,Hebbian,blocked,0.0,,,
1,0.0,Hebbian,blocked,0.0,,,
1,0.0,Hebbian,blocked,0.0,,,
1,0.0,Hebbian,blocked,0.0,,,
1,1.0,Hebbian,blocked,0.0,,,
1,1.0,Hebbian,blocked,0.0,,,
1,1.0,Hebbian,blocked,0.0,,,
1,1.0,Hebbian,blocked,0.0,,,
1,1.0,Hebbian,blocked,0.0,,,
1,1.0,Hebbian,blocked,0.0,,,
1,1.0,Hebbian,blocked,0.0,,,
1,1.0,Hebbian,blocked,0.0,,,
1,1.0,Hebbian,blocked,0.0,,,
1,1.0,Hebbian,blocked,0.0,,,
1,1.0,Hebbian,blocked,0.0,,,
1,1.0,Hebbian,blocked,0.0,,,
1,1.0,Hebbian,blocked,0.0,,,
1,1.0,Hebbian,blocked,0.0,,,
1,0.0,Hebbian,blocked,0.0,,,
1,0.0,Hebbian,blocked,0.0,,,
1,0.0,Hebbian,blocked,0.0,,,
1,0.0,Hebbian,blocked,0.0,,,
1,0.0,Hebbian,blocked,0.0,,,
1,1.0,Hebbian,blocked,0.0,,,
1,1.0,Hebbian,blocked,0.0,,,
1,1.0,Hebbian,blocked,0.0,,,
1,1.0,Hebbian,blocked,0.0,,,
1,1.0,Hebbian,blocked,0.0,,,
1,1.0,Hebbian,blocked,0.0,,,
1,1.0,Hebbian,blocked,0.0,,,
1,1.0,Hebbian,blocked,0.0,,,
1,1.0,Hebbian,blocked,0.0,,,
1,1.0,Hebbian,blocked,0.0,,,
1,1.0,Hebbian,blocked,0.0,,,
1,1.0,Hebbian,blocked,0.0,,,
1,1.0,Hebbian,blocked,0.0,,,
1,1.0,Hebbian,blocked,0.0,,,
1,0.0,Hebbian,blocked,0.0,,,
1,0.0,Hebbian,blocked,0.0,,,
1,0.0,Hebbian,blocked,0.0,,,
1,0.0,Hebbian,blocked,0.0,,,
1,0.0,Hebbian,blocked,0.0,,,
1,1.0,Hebbian,blocked,0.0,,,
1,1.0,Hebbian,blocked,0.0,,,
1,1.0,Hebbian,blocked,0.0,,,
1,1.0,Hebbian,blocked,0.0,,,
1,1.0,Hebbian,blocked,0.0,,,
1,1.0,Hebbian,blocked,0.0,,,
1,1.0,Hebbian,blocked,0.0,,,
1,1.0,Hebbian,blocked,0.0,,,
1,1.0,Hebbian,blocked,0.0,,,
1,1.0,Hebbian,blocked,0.0,,,
1,1.0,Hebbian,blocked,0.0,,,
1,1.0,Hebbian,blocked,0.0,,,
1,1.0,Hebbian,blocked,0.0,,,
1,1.0,Hebbian,blocked,0.0,,,
1,0.0,Hebbian,blocked,0.0,,,
1,0.0,Hebbian,blocked,0.0,,,
1,0.0,Hebbian,blocked,0.0,,,
1,0.0,Hebbian,blocked,0.0,,,
1,0.0,Hebbian,blocked,0.0,,,
1,1.0,Hebbian,blocked,0.0,,,
1,1.0,Hebbian,blocked,0.0,,,
1,1.0,Hebbian,blocked,0.0,,,
1,1.0,Hebbian,blocked,0.0,,,
2,1.0,Hebbian,blocked,0.0,,,
2,1.0,Hebbian,blocked,0.0,,,
2,1.0,Hebbian,blocked,0.0,,,
2,1.0,Hebbian,blocked,0.0,,,
2,1.0,Hebbian,blocked,0.0,,,
2,1.0,Hebbian,blocked,0.0,,,
2,1.0,Hebbian,blocked,0.0,,,
2,1.0,Hebbian,blocked,0.0,,,
2,1.0,Hebbian,blocked,0.0,,,
2,1.0,Hebbian,blocked,0.0,,,
2,1.0,Hebbian,blocked,0.0,,,
2,1.0,Hebbian,blocked,0.0,,,
2,1.0,Hebbian,blocked,0.0,,,
2,1.0,Hebbian,blocked,0.0,,,
2,1.0,Hebbian,blocked,0.0,,,
2,1.0,Hebbian,blocked,0.0,,,
2,1.0,Hebbian,blocked,0.0,,,
2,1.0,Hebbian,blocked,0.0,,,
2,1.0,Hebbian,blocked,0.0,,,
2,1.0,Hebbian,blocked,0.0,,,
2,1.0,Hebbian,blocked,0.0,,,
2,1.0,Hebbian,blocked,0.0,,,
2,1.0,Hebbian,blocked,0.0,,,
2,1.0,Hebbian,blocked,0.0,,,
2,1.0,Hebbian,blocked,0.0,,,
2,1.0,Hebbian,blocked,0.0,,,
2,1.0,Hebbian,blocked,0.0,,,
2,1.0,Hebbian,blocked,0.0,,,
2,1.0,Hebbian,blocked,0.0,,,
2,1.0,Hebbian,blocked,0.0,,,
2,1.0,Hebbian,blocked,0.0,,,
2,1.0,Hebbian,blocked,0.0,,,
2,1.0,Hebbian,blocked,0.0,,,
2,1.0,Hebbian,blocked,0.0,,,
2,1.0,Hebbian,blocked,0.0,,,
2,1.0,Hebbian,blocked,0.0,,,
2,1.0,Hebbian,blocked,0.0,,,
2,1.0,Hebbian,blocked,0.0,,,
2,1.0,Hebbian,blocked,0.0,,,
2,1.0,Hebbian,blocked,0.0,,,
2,1.0,Hebbian,blocked,0.0,,,
2,1.0,Hebbian,blocked,0.0,,,
2,1.0,Hebbian,blocked,0.0,,,
2,1.0,Hebbian,blocked,0.0,,,
2,1.0,Hebbian,blocked,0.0,,,
2,1.0,Hebbian,blocked,0.0,,,
2,1.0,Hebbian,blocked,0.0,,,
2,1.0,Hebbian,blocked,0.0,,,
2,1.0,Hebbian,blocked,0.0,,,
2,1.0,Hebbian,blocked,0.0,,,
2,1.0,Hebbian,blocked,0.0,,,
2,1.0,Hebbian,blocked,0.0,,,
2,1.0,Hebbian,blocked,0.0,,,
2,1.0,Hebbian,blocked,0.0,,,
2,1.0,Hebbian,blocked,0.0,,,
2,1.0,Hebbian,blocked,0.0,,,
2,1.0,Hebbian,blocked,0.0,,,
2,1.0,Hebbian,blocked,0.0,,,
2,1.0,Hebbian,blocked,0.0,,,
2,1.0,Hebbian,blocked,0.0,,,
2,1.0,Hebbian,blocked,0.0,,,
2,1.0,Hebbian,blocked,0.0,,,
2,1.0,Hebbian,blocked,0.0,,,
2,1.0,Hebbian,blocked,0.0,,,
2,1.0,Hebbian,blocked,0.0,,,
2,1.0,Hebbian,blocked,0.0,,,
2,1.0,Hebbian,blocked,0.0,,,
2,1.0,Hebbian,blocked,0.0,,,
2,1.0,Hebbian,blocked,0.0,,,
2,1.0,Hebbian,blocked,0.0,,,
2,1.0,Hebbian,blocked,0.0,,,
2,1.0,Hebbian,blocked,0.0,,,
2,1.0,Hebbian,blocked,0.0,,,
2,1.0,Hebbian,blocked,0.0,,,
2,1.0,Hebbian,blocked,0.0,,,
2,1.0,Hebbian,blocked,0.0,,,
2,1.0,Hebbian,blocked,0.0,,,
2,1.0,Hebbian,blocked,0.0,,,
2,1.0,Hebbian,blocked,0.0,,,
2,1.0,Hebbian,blocked,0.0,,,
2,1.0,Hebbian,blocked,0.0,,,
2,1.0,Hebbian,blocked,0.0,,,
2,1.0,Hebbian,blocked,0.0,,,
2,1.0,Hebbian,blocked,0.0,,,
2,1.0,Hebbian,blocked,0.0,,,
2,1.0,Hebbian,blocked,0.0,,,
2,1.0,Hebbian,blocked,0.0,,,
2,1.0,Hebbian,blocked,0.0,,,
2,1.0,Hebbian,blocked,0.0,,,
2,1.0,Hebbian,blocked,0.0,,,
2,1.0,Hebbian,blocked,0.0,,,
2,1.0,Hebbian,blocked,0.0,,,
2,1.0,Hebbian,blocked,0.0,,,
2,1.0,Hebbian,blocked,0.0,,,
2,1.0,Hebbian,blocked,0.0,,,
2,0.0,Hebbian,blocked,0.0,,,
2,0.0,Hebbian,blocked,0.0,,,
2,0.0,Hebbian,blocked,0.0,,,
2,0.0,Hebbian,blocked,0.0,,,
2,0.0,Hebbian,blocked,0.0,,,
2,1.0,Hebbian,blocked,0.0,,,
2,1.0,Hebbian,blocked,0.0,,,
2,1.0,Hebbian,blocked,0.0,,,
2,1.0,Hebbian,blocked,0.0,,,
2,1.0,Hebbian,blocked,0.0,,,
2,1.0,Hebbian,blocked,0.0,,,
2,1.0,Hebbian,blocked,0.0,,,
2,1.0,Hebbian,blocked,0.0,,,
2,1.0,Hebbian,blocked,0.0,,,
2,1.0,Hebbian,blocked,0.0,,,
2,1.0,Hebbian,blocked,0.0,,,
2,1.0,Hebbian,blocked,0.0,,,
2,1.0,Hebbian,blocked,0.0,,,
2,1.0,Hebbian,blocked,0.0,,,
2,0.0,Hebbian,blocked,0.0,,,
2,0.0,Hebbian,blocked,0.0,,,
2,1.0,Hebbian,blocked,0.0,,,
2,0.0,Hebbian,blocked,0.0,,,
2,0.0,Hebbian,blocked,0.0,,,
2,1.0,Hebbian,blocked,0.0,,,
2,1.0,Hebbian,blocked,0.0,,,
2,1.0,Hebbian,blocked,0.0,,,
2,1.0,Hebbian,blocked,0.0,,,
2,1.0,Hebbian,blocked,0.0,,,
2,1.0,Hebbian,blocked,0.0,,,
2,1.0,Hebbian,blocked,0.0,,,
2,1.0,Hebbian,blocked,0.0,,,
2,1.0,Hebbian,blocked,0.0,,,
2,1.0,Hebbian,blocked,0.0,,,
2,1.0,Hebbian,blocked,0.0,,,
2,1.0,Hebbian,blocked,0.0,,,
2,1.0,Hebbian,blocked,0.0,,,
2,1.0,Hebbian,blocked,0.0,,,
2,0.0,Hebbian,blocked,0.0,,,
2,0.0,Hebbian,blocked,0.0,,,
2,0.0,Hebbian,blocked,0.0,,,
2,0.0,Hebbian,blocked,0.0,,,
2,0.0,Hebbian,blocked,0.0,,,
2,1.0,Hebbian,blocked,0.0,,,
2,1.0,Hebbian,blocked,0.0,,,
2,1.0,Hebbian,blocked,0.0,,,
2,1.0,Hebbian,blocked,0.0,,,
2,1.0,Hebbian,blocked,0.0,,,
2,1.0,Hebbian,blocked,0.0,,,
2,1.0,Hebbian,blocked,0.0,,,
2,1.0,Hebbian,blocked,0.0,,,
2,1.0,Hebbian,blocked,0.0,,,
2,1.0,Hebbian,blocked,0.0,,,
2,1.0,Hebbian,blocked,0.0,,,
2,1.0,Hebbian,blocked,0.0,,,
2,1.0,Hebbian,blocked,0.0,,,
2,1.0,Hebbian,blocked,0.0,,,
2,0.0,Hebbian,blocked,0.0,,,
2,0.0,Hebbian,blocked,0.0,,,
2,0.0,Hebbian,blocked,0.0,,,
2,0.0,Hebbian,blocked,0.0,,,
2,0.0,Hebbian,blocked,0.0,,,
2,1.0,Hebbian,blocked,0.0,,,
2,1.0,Hebbian,blocked,0.0,,,
2,1.0,Hebbian,blocked,0.0,,,
2,1.0,Hebbian,blocked,0.0,,,
2,1.0,Hebbian,blocked,0.0,,,
2,1.0,Hebbian,blocked,0.0,,,
2,1.0,Hebbian,blocked,0.0,,,
2,1.0,Hebbian,blocked,0.0,,,
2,1.0,Hebbian,blocked,0.0,,,
2,1.0,Hebbian,blocked,0.0,,,
2,1.0,Hebbian,blocked,0.0,,,
2,1.0,Hebbian,blocked,0.0,,,
2,1.0,Hebbian,blocked,0.0,,,
2,1.0,Hebbian,blocked,0.0,,,
2,0.0,Hebbian,blocked,0.0,,,
2,0.0,Hebbian,blocked,0.0,,,
2,0.0,Hebbian,blocked,0.0,,,
2,0.0,Hebbian,blocked,0.0,,,
2,0.0,Hebbian,blocked,0.0,,,
2,1.0,Hebbian,blocked,0.0,,,
2,1.0,Hebbian,blocked,0.0,,,
2,1.0,Hebbian,blocked,0.0,,,
2,1.0,Hebbian,blocked,0.0,,,
2,1.0,Hebbian,blocked,0.0,,,
2,1.0,Hebbian,blocked,0.0,,,
2,1.0,Hebbian,blocked,0.0,,,
2,1.0,Hebbian,blocked,0.0,,,
2,1.0,Hebbian,blocked,0.0,,,
2,1.0,Hebbian,blocked,0.0,,,
2,1.0,Hebbian,blocked,0.0,,,
2,1.0,Hebbian,blocked,0.0,,,
2,1.0,Hebbian,blocked,0.0,,,
2,1.0,Hebbian,blocked,0.0,,,
2,1.0,Hebbian,blocked,0.0,,,
2,1.0,Hebbian,blocked,0.0,,,
2,1.0,Hebbian,blocked,0.0,,,
2,1.0,Hebbian,blocked,0.0,,,
2,1.0,Hebbian,blocked,0.0,,,
2,1.0,Hebbian,blocked,0.0,,,
2,1.0,Hebbian,blocked,0.0,,,
2,1.0,Hebbian,blocked,0.0,,,
2,1.0,Hebbian,blocked,0.0,,,
2,1.0,Hebbian,blocked,0.0,,,
2,1.0,Hebbian,blocked,0.0,,,
2,1.0,Hebbian,blocked,0.0,,,
2,1.0,Hebbian,blocked,0.0,,,
2,1.0,Hebbian,blocked,0.0,,,
2,1.0,Hebbian,blocked,0.0,,,
2,1.0,Hebbian,blocked,0.0,,,
2,1.0,Hebbian,blocked,0.0,,,
2,1.0,Hebbian,blocked,0.0,,,
2,1.0,Hebbian,blocked,0.0,,,
2,1.0,Hebbian,blocked,0.0,,,
2,1.0,Hebbian,blocked,0.0,,,
2,1.0,Hebbian,blocked,0.0,,,
2,1.0,Hebbian,blocked,0.0,,,
2,1.0,Hebbian,blocked,0.0,,,
2,1.0,Hebbian,blocked,0.0,,,
2,1.0,Hebbian,blocked,0.0,,,
2,1.0,Hebbian,blocked,0.0,,,
2,1.0,Hebbian,blocked,0.0,,,
2,1.0,Hebbian,blocked,0.0,,,
2,1.0,Hebbian,blocked,0.0,,,
2,1.0,Hebbian,blocked,0.0,,,
2,1.0,Hebbian,blocked,0.0,,,
2,1.0,Hebbian,blocked,0.0,,,
2,1.0,Hebbian,blocked,0.0,,,
2,1.0,Hebbian,blocked,0.0,,,
2,1.0,Hebbian,blocked,0.0,,,
2,1.0,Hebbian,blocked,0.0,,,
2,1.0,Hebbian,blocked,0.0,,,
2,1.0,Hebbian,blocked,0.0,,,
2,1.0,Hebbian,blocked,0.0,,,
2,1.0,Hebbian,blocked,0.0,,,
2,1.0,Hebbian,blocked,0.0,,,
2,1.0,Hebbian,blocked,0.0,,,
2,1.0,Hebbian,blocked,0.0,,,
2,1.0,Hebbian,blocked,0.0,,,
2,1.0,Hebbian,blocked,0.0,,,
2,1.0,Hebbian,blocked,0.0,,,
2,1.0,Hebbian,blocked,0.0,,,
2,1.0,Hebbian,blocked,0.0,,,
2,1.0,Hebbian,blocked,0.0,,,
2,1.0,Hebbian,blocked,0.0,,,
2,1.0,Hebbian,blocked,0.0,,,
2,1.0,Hebbian,blocked,0.0,,,
2,1.0,Hebbian,blocked,0.0,,,
2,1.0,Hebbian,blocked,0.0,,,
2,1.0,Hebbian,blocked,0.0,,,
2,1.0,Hebbian,blocked,0.0,,,
2,1.0,Hebbian,blocked,0.0,,,
2,1.0,Hebbian,blocked,0.0,,,
2,1.0,Hebbian,blocked,0.0,,,
2,1.0,Hebbian,blocked,0.0,,,
2,1.0,Hebbian,blocked,0.0,,,
2,1.0,Hebbian,blocked,0.0,,,
2,1.0,Hebbian,blocked,0.0,,,
2,1.0,Hebbian,blocked,0.0,,,
2,1.0,Hebbian,blocked,0.0,,,
2,1.0,Hebbian,blocked,0.0,,,
2,1.0,Hebbian,blocked,0.0,,,
2,1.0,Hebbian,blocked,0.0,,,
2,1.0,Hebbian,blocked,0.0,,,
2,1.0,Hebbian,blocked,0.0,,,
2,1.0,Hebbian,blocked,0.0,,,
2,1.0,Hebbian,blocked,0.0,,,
2,1.0,Hebbian,blocked,0.0,,,
2,1.0,Hebbian,blocked,0.0,,,
2,1.0,Hebbian,blocked,0.0,,,
2,1.0,Hebbian,blocked,0.0,,,
2,1.0,Hebbian,blocked,0.0,,,
2,1.0,Hebbian,blocked,0.0,,,
2,1.0,Hebbian,blocked,0.0,,,
2,1.0,Hebbian,blocked,0.0,,,
2,1.0,Hebbian,blocked,0.0,,,
2,1.0,Hebbian,blocked,0.0,,,
2,1.0,Hebbian,blocked,0.0,,,
2,1.0,Hebbian,blocked,0.0,,,
2,1.0,Hebbian,blocked,0.0,,,
2,1.0,Hebbian,blocked,0.0,,,
2,1.0,Hebbian,blocked,0.0,,,
2,1.0,Hebbian,blocked,0.0,,,
2,1.0,Hebbian,blocked,0.0,,,
2,1.0,Hebbian,blocked,0.0,,,
2,1.0,Hebbian,blocked,0.0,,,
2,1.0,Hebbian,blocked,0.0,,,
2,1.0,Hebbian,blocked,0.0,,,
2,1.0,Hebbian,blocked,0.0,,,
2,1.0,Hebbian,blocked,0.0,,,
2,1.0,Hebbian,blocked,0.0,,,
2,1.0,Hebbian,blocked,0.0,,,
2,1.0,Hebbian,blocked,0.0,,,
2,1.0,Hebbian,blocked,0.0,,,
2,1.0,Hebbian,blocked,0.0,,,
2,1.0,Hebbian,blocked,0.0,,,
2,1.0,Hebbian,blocked,0.0,,,
2,1.0,Hebbian,blocked,0.0,,,
2,1.0,Hebbian,blocked,0.0,,,
2,0.0,Hebbian,blocked,0.0,,,
2,0.0,Hebbian,blocked,0.0,,,
2,0.0,Hebbian,blocked,0.0,,,
2,0.0,Hebbian,blocked,0.0,,,
2,0.0,Hebbian,blocked,0.0,,,
2,1.0,Hebbian,blocked,0.0,,,
2,1.0,Hebbian,blocked,0.0,,,
2,1.0,Hebbian,blocked,0.0,,,
2,1.0,Hebbian,blocked,0.0,,,
2,1.0,Hebbian,blocked,0.0,,,
2,1.0,Hebbian,blocked,0.0,,,
2,1.0,Hebbian,blocked,0.0,,,
2,1.0,Hebbian,blocked,0.0,,,
2,1.0,Hebbian,blocked,0.0,,,
2,1.0,Hebbian,blocked,0.0,,,
2,1.0,Hebbian,blocked,0.0,,,
2,1.0,Hebbian,blocked,0.0,,,
2,1.0,Hebbian,blocked,0.0,,,
2,1.0,Hebbian,blocked,0.0,,,
2,0.0,Hebbian,blocked,0.0,,,
2,0.0,Hebbian,blocked,0.0,,,
2,0.0,Hebbian,blocked,0.0,,,
2,0.0,Hebbian,blocked,0.0,,,
2,0.0,Hebbian,blocked,0.0,,,
2,1.0,Hebbian,blocked,0.0,,,
2,1.0,Hebbian,blocked,0.0,,,
2,1.0,Hebbian,blocked,0.0,,,
2,1.0,Hebbian,blocked,0.0,,,
2,1.0,Hebbian,blocked,0.0,,,
2,1.0,Hebbian,blocked,0.0,,,
2,0.0,Hebbian,blocked,0.0,,,
2,1.0,Hebbian,blocked,0.0,,,
2,1.0,Hebbian,blocked,0.0,,,
2,1.0,Hebbian,blocked,0.0,,,
2,1.0,Hebbian,blocked,0.0,,,
2,1.0,Hebbian,blocked,0.0,,,
2,1.0,Hebbian,blocked,0.0,,,
2,1.0,Hebbian,blocked,0.0,,,
2,0.0,Hebbian,blocked,0.0,,,
2,0.0,Hebbian,blocked,0.0,,,
2,0.0,Hebbian,blocked,0.0,,,
2,0.0,Hebbian,blocked,0.0,,,
2,0.0,Hebbian,blocked,0.0,,,
2,1.0,Hebbian,blocked,0.0,,,
2,1.0,Hebbian,blocked,0.0,,,
2,1.0,Hebbian,blocked,0.0,,,
2,1.0,Hebbian,blocked,0.0,,,
2,1.0,Hebbian,blocked,0.0,,,
2,1.0,Hebbian,blocked,0.0,,,
2,1.0,Hebbian,blocked,0.0,,,
2,1.0,Hebbian,blocked,0.0,,,
2,1.0,Hebbian,blocked,0.0,,,
2,1.0,Hebbian,blocked,0.0,,,
2,1.0,Hebbian,blocked,0.0,,,
2,1.0,Hebbian,blocked,0.0,,,
2,1.0,Hebbian,blocked,0.0,,,
2,1.0,Hebbian,blocked,0.0,,,
2,0.0,Hebbian,blocked,0.0,,,
2,0.0,Hebbian,blocked,0.0,,,
2,0.0,Hebbian,blocked,0.0,,,
2,0.0,Hebbian,blocked,0.0,,,
2,0.0,Hebbian,blocked,0.0,,,
2,1.0,Hebbian,blocked,0.0,,,
2,1.0,Hebbian,blocked,0.0,,,
2,1.0,Hebbian,blocked,0.0,,,
2,1.0,Hebbian,blocked,0.0,,,
2,1.0,Hebbian,blocked,0.0,,,
2,1.0,Hebbian,blocked,0.0,,,
2,0.0,Hebbian,blocked,0.0,,,
2,1.0,Hebbian,blocked,0.0,,,
2,1.0,Hebbian,blocked,0.0,,,
2,1.0,Hebbian,blocked,0.0,,,
2,1.0,Hebbian,blocked,0.0,,,
2,1.0,Hebbian,blocked,0.0,,,
2,1.0,Hebbian,blocked,0.0,,,
2,1.0,Hebbian,blocked,0.0,,,
2,0.0,Hebbian,blocked,0.0,,,
2,0.0,Hebbian,blocked,0.0,,,
2,0.0,Hebbian,blocked,0.0,,,
2,0.0,Hebbian,blocked,0.0,,,
2,0.0,Hebbian,blocked,0.0,,,
2,1.0,Hebbian,blocked,0.0,,,
2,1.0,Hebbian,blocked,0.0,,,
2,1.0,Hebbian,blocked,0.0,,,
2,1.0,Hebbian,blocked,0.0,,,
3,1.0,Hebbian,blocked,0.0,,,
3,1.0,Hebbian,blocked,0.0,,,
3,1.0,Hebbian,blocked,0.0,,,
3,1.0,Hebbian,blocked,0.0,,,
3,0.0,Hebbian,blocked,0.0,,,
3,1.0,Hebbian,blocked,0.0,,,
3,0.0,Hebbian,blocked,0.0,,,
3,1.0,Hebbian,blocked,0.0,,,
3,0.0,Hebbian,blocked,0.0,,,
3,1.0,Hebbian,blocked,0.0,,,
3,1.0,Hebbian,blocked,0.0,,,
3,1.0,Hebbian,blocked,0.0,,,
3,1.0,Hebbian,blocked,0.0,,,
3,1.0,Hebbian,blocked,0.0,,,
3,1.0,Hebbian,blocked,0.0,,,
3,1.0,Hebbian,blocked,0.0,,,
3,1.0,Hebbian,blocked,0.0,,,
3,1.0,Hebbian,blocked,0.0,,,
3,1.0,Hebbian,blocked,0.0,,,
3,1.0,Hebbian,blocked,0.0,,,
3,1.0,Hebbian,blocked,0.0,,,
3,1.0,Hebbian,blocked,0.0,,,
3,1.0,Hebbian,blocked,0.0,,,
3,0.0,Hebbian,blocked,0.0,,,
3,1.0,Hebbian,blocked,0.0,,,
3,0.0,Hebbian,blocked,0.0,,,
3,1.0,Hebbian,blocked,0.0,,,
3,0.0,Hebbian,blocked,0.0,,,
3,1.0,Hebbian,blocked,0.0,,,
3,1.0,Hebbian,blocked,0.0,,,
3,1.0,Hebbian,blocked,0.0,,,
3,1.0,Hebbian,blocked,0.0,,,
3,1.0,Hebbian,blocked,0.0,,,
3,1.0,Hebbian,blocked,0.0,,,
3,1.0,Hebbian,blocked,0.0,,,
3,1.0,Hebbian,blocked,0.0,,,
3,1.0,Hebbian,blocked,0.0,,,
3,1.0,Hebbian,blocked,0.0,,,
3,1.0,Hebbian,blocked,0.0,,,
3,1.0,Hebbian,blocked,0.0,,,
3,1.0,Hebbian,blocked,0.0,,,
3,1.0,Hebbian,blocked,0.0,,,
3,0.0,Hebbian,blocked,0.0,,,
3,0.0,Hebbian,blocked,0.0,,,
3,0.0,Hebbian,blocked,0.0,,,
3,1.0,Hebbian,blocked,0.0,,,
3,0.0,Hebbian,blocked,0.0,,,
3,1.0,Hebbian,blocked,0.0,,,
3,1.0,Hebbian,blocked,0.0,,,
3,1.0,Hebbian,blocked,0.0,,,
3,1.0,Hebbian,blocked,0.0,,,
3,1.0,Hebbian,blocked,0.0,,,
3,1.0,Hebbian,blocked,0.0,,,
3,1.0,Hebbian,blocked,0.0,,,
3,1.0,Hebbian,blocked,0.0,,,
3,1.0,Hebbian,blocked,0.0,,,
3,1.0,Hebbian,blocked,0.0,,,
3,1.0,Hebbian,blocked,0.0,,,
3,1.0,Hebbian,blocked,0.0,,,
3,1.0,Hebbian,blocked,0.0,,,
3,1.0,Hebbian,blocked,0.0,,,
3,0.0,Hebbian,blocked,0.0,,,
3,0.0,Hebbian,blocked,0.0,,,
3,0.0,Hebbian,blocked,0.0,,,
3,1.0,Hebbian,blocked,0.0,,,
3,1.0,Hebbian,blocked,0.0,,,
3,1.0,Hebbian,blocked,0.0,,,
3,1.0,Hebbian,blocked,0.0,,,
3,1.0,Hebbian,blocked,0.0,,,
3,1.0,Hebbian,blocked,0.0,,,
3,1.0,Hebbian,blocked,0.0,,,
3,1.0,Hebbian,blocked,0.0,,,
3,1.0,Hebbian,blocked,0.0,,,
3,1.0,Hebbian,blocked,0.0,,,
3,1.0,Hebbian,blocked,0.0,,,
3,1.0,Hebbian,blocked,0.0,,,
3,1.0,Hebbian,blocked,0.0,,,
3,1.0,Hebbian,blocked,0.0,,,
3,1.0,Hebbian,blocked,0.0,,,
3,1.0,Hebbian,blocked,0.0,,,
3,0.0,Hebbian,blocked,0.0,,,
3,1.0,Hebbian,blocked,0.0,,,
3,0.0,Hebbian,blocked,0.0,,,
3,1.0,Hebbian,blocked,0.0,,,
3,1.0,Hebbian,blocked,0.0,,,
3,1.0,Hebbian,blocked,0.0,,,
3,1.0,Hebbian,blocked,0.0,,,
3,1.0,Hebbian,blocked,0.0,,,
3,1.0,Hebbian,blocked,0.0,,,
3,1.0,Hebbian,blocked,0.0,,,
3,1.0,Hebbian,blocked,0.0,,,
3,1.0,Hebbian,blocked,0.0,,,
3,1.0,Hebbian,blocked,0.0,,,
3,1.0,Hebbian,blocked,0.0,,,
3,1.0,Hebbian,blocked,0.0,,,
3,1.0,Hebbian,blocked,0.0,,,
3,1.0,Hebbian,blocked,0.0,,,
3,1.0,Hebbian,blocked,0.0,,,
3,1.0,Hebbian,blocked,0.0,,,
3,1.0,Hebbian,blocked,0.0,,,
3,1.0,Hebbian,blocked,0.0,,,
3,1.0,Hebbian,blocked,0.0,,,
3,1.0,Hebbian,blocked,0.0,,,
3,1.0,Hebbian,blocked,0.0,,,
3,1.0,Hebbian,blocked,0.0,,,
3,1.0,Hebbian,blocked,0.0,,,
3,1.0,Hebbian,blocked,0.0,,,
3,1.0,Hebbian,blocked,0.0,,,
3,1.0,Hebbian,blocked,0.0,,,
3,1.0,Hebbian,blocked,0.0,,,
3,1.0,Hebbian,blocked,0.0,,,
3,1.0,Hebbian,blocked,0.0,,,
3,1.0,Hebbian,blocked,0.0,,,
3,1.0,Hebbian,blocked,0.0,,,
3,1.0,Hebbian,blocked,0.0,,,
3,1.0,Hebbian,blocked,0.0,,,
3,1.0,Hebbian,blocked,0.0,,,
3,1.0,Hebbian,blocked,0.0,,,
3,1.0,Hebbian,blocked,0.0,,,
3,1.0,Hebbian,blocked,0.0,,,
3,1.0,Hebbian,blocked,0.0,,,
3,1.0,Hebbian,blocked,0.0,,,
3,1.0,Hebbian,blocked,0.0,,,
3,1.0,Hebbian,blocked,0.0,,,
3,1.0,Hebbian,blocked,0.0,,,
3,1.0,Hebbian,blocked,0.0,,,
3,1.0,Hebbian,blocked,0.0,,,
3,1.0,Hebbian,blocked,0.0,,,
3,1.0,Hebbian,blocked,0.0,,,
3,1.0,Hebbian,blocked,0.0,,,
3,1.0,Hebbian,blocked,0.0,,,
3,1.0,Hebbian,blocked,0.0,,,
3,1.0,Hebbian,blocked,0.0,,,
3,1.0,Hebbian,blocked,0.0,,,
3,1.0,Hebbian,blocked,0.0,,,
3,1.0,Hebbian,blocked,0.0,,,
3,1.0,Hebbian,blocked,0.0,,,
3,1.0,Hebbian,blocked,0.0,,,
3,1.0,Hebbian,blocked,0.0,,,
3,1.0,Hebbian,blocked,0.0,,,
3,1.0,Hebbian,blocked,0.0,,,
3,1.0,Hebbian,blocked,0.0,,,
3,1.0,Hebbian,blocked,0.0,,,
3,1.0,Hebbian,blocked,0.0,,,
3,1.0,Hebbian,blocked,0.0,,,
3,1.0,Hebbian,blocked,0.0,,,
3,1.0,Hebbian,blocked,0.0,,,
3,1.0,Hebbian,blocked,0.0,,,
3,1.0,Hebbian,blocked,0.0,,,
3,1.0,Hebbian,blocked,0.0,,,
3,1.0,Hebbian,blocked,0.0,,,
3,1.0,Hebbian,blocked,0.0,,,
3,1.0,Hebbian,blocked,0.0,,,
3,1.0,Hebbian,blocked,0.0,,,
3,1.0,Hebbian,blocked,0.0,,,
3,1.0,Hebbian,blocked,0.0,,,
3,0.0,Hebbian,blocked,0.0,,,
3,1.0,Hebbian,blocked,0.0,,,
3,1.0,Hebbian,blocked,0.0,,,
3,1.0,Hebbian,blocked,0.0,,,
3,1.0,Hebbian,blocked,0.0,,,
3,1.0,Hebbian,blocked,0.0,,,
3,1.0,Hebbian,blocked,0.0,,,
3,1.0,Hebbian,blocked,0.0,,,
3,1.0,Hebbian,blocked,0.0,,,
3,1.0,Hebbian,blocked,0.0,,,
3,1.0,Hebbian,blocked,0.0,,,
3,1.0,Hebbian,blocked,0.0,,,
3,1.0,Hebbian,blocked,0.0,,,
3,1.0,Hebbian,blocked,0.0,,,
3,1.0,Hebbian,blocked,0.0,,,
3,1.0,Hebbian,blocked,0.0,,,
3,1.0,Hebbian,blocked,0.0,,,
3,1.0,Hebbian,blocked,0.0,,,
3,1.0,Hebbian,blocked,0.0,,,
3,1.0,Hebbian,blocked,0.0,,,
3,1.0,Hebbian,blocked,0.0,,,
3,1.0,Hebbian,blocked,0.0,,,
3,1.0,Hebbian,blocked,0.0,,,
3,1.0,Hebbian,blocked,0.0,,,
3,1.0,Hebbian,blocked,0.0,,,
3,1.0,Hebbian,blocked,0.0,,,
3,1.0,Hebbian,blocked,0.0,,,
3,1.0,Hebbian,blocked,0.0,,,
3,1.0,Hebbian,blocked,0.0,,,
3,1.0,Hebbian,blocked,0.0,,,
3,1.0,Hebbian,blocked,0.0,,,
3,1.0,Hebbian,blocked,0.0,,,
3,1.0,Hebbian,blocked,0.0,,,
3,1.0,Hebbian,blocked,0.0,,,
3,1.0,Hebbian,blocked,0.0,,,
3,1.0,Hebbian,blocked,0.0,,,
3,1.0,Hebbian,blocked,0.0,,,
3,1.0,Hebbian,blocked,0.0,,,
3,1.0,Hebbian,blocked,0.0,,,
3,1.0,Hebbian,blocked,0.0,,,
3,1.0,Hebbian,blocked,0.0,,,
3,1.0,Hebbian,blocked,0.0,,,
3,1.0,Hebbian,blocked,0.0,,,
3,1.0,Hebbian,blocked,0.0,,,
3,1.0,Hebbian,blocked,0.0,,,
3,1.0,Hebbian,blocked,0.0,,,
3,1.0,Hebbian,blocked,0.0,,,
3,1.0,Hebbian,blocked,0.0,,,
3,0.0,Hebbian,blocked,0.0,,,
3,0.0,Hebbian,blocked,0.0,,,
3,0.0,Hebbian,blocked,0.0,,,
3,0.0,Hebbian,blocked,0.0,,,
3,0.0,Hebbian,blocked,0.0,,,
3,1.0,Hebbian,blocked,0.0,,,
3,1.0,Hebbian,blocked,0.0,,,
3,1.0,Hebbian,blocked,0.0,,,
3,1.0,Hebbian,blocked,0.0,,,
3,1.0,Hebbian,blocked,0.0,,,
3,1.0,Hebbian,blocked,0.0,,,
3,1.0,Hebbian,blocked,0.0,,,
3,1.0,Hebbian,blocked,0.0,,,
3,1.0,Hebbian,blocked,0.0,,,
3,1.0,Hebbian,blocked,0.0,,,
3,1.0,Hebbian,blocked,0.0,,,
3,1.0,Hebbian,blocked,0.0,,,
3,1.0,Hebbian,blocked,0.0,,,
3,1.0,Hebbian,blocked,0.0,,,
3,0.0,Hebbian,blocked,0.0,,,
3,0.0,Hebbian,blocked,0.0,,,
3,0.0,Hebbian,blocked,0.0,,,
3,0.0,Hebbian,blocked,0.0,,,
3,0.0,Hebbian,blocked,0.0,,,
3,1.0,Hebbian,blocked,0.0,,,
3,1.0,Hebbian,blocked,0.0,,,
3,1.0,Hebbian,blocked,0.0,,,
3,1.0,Hebbian,blocked,0.0,,,
3,1.0,Hebbian,blocked,0.0,,,
3,1.0,Hebbian,blocked,0.0,,,
3,1.0,Hebbian,blocked,0.0,,,
3,1.0,Hebbian,blocked,0.0,,,
3,1.0,Hebbian,blocked,0.0,,,
3,1.0,Hebbian,blocked,0.0,,,
3,1.0,Hebbian,blocked,0.0,,,
3,1.0,Hebbian,blocked,0.0,,,
3,1.0,Hebbian,blocked,0.0,,,
3,1.0,Hebbian,blocked,0.0,,,
3,0.0,Hebbian,blocked,0.0,,,
3,0.0,Hebbian,blocked,0.0,,,
3,0.0,Hebbian,blocked,0.0,,,
3,0.0,Hebbian,blocked,0.0,,,
3,0.0,Hebbian,blocked,0.0,,,
3,1.0,Hebbian,blocked,0.0,,,
3,1.0,Hebbian,blocked,0.0,,,
3,1.0,Hebbian,blocked,0.0,,,
3,1.0,Hebbian,blocked,0.0,,,
3,1.0,Hebbian,blocked,0.0,,,
3,1.0,Hebbian,blocked,0.0,,,
3,1.0,Hebbian,blocked,0.0,,,
3,1.0,Hebbian,blocked,0.0,,,
3,1.0,Hebbian,blocked,0.0,,,
3,1.0,Hebbian,blocked,0.0,,,
3,1.0,Hebbian,blocked,0.0,,,
3,1.0,Hebbian,blocked,0.0,,,
3,1.0,Hebbian,blocked,0.0,,,
3,1.0,Hebbian,blocked,0.0,,,
3,0.0,Hebbian,blocked,0.0,,,
3,0.0,Hebbian,blocked,0.0,,,
3,0.0,Hebbian,blocked,0.0,,,
3,0.0,Hebbian,blocked,0.0,,,
3,0.0,Hebbian,blocked,0.0,,,
3,1.0,Hebbian,blocked,0.0,,,
3,1.0,Hebbian,blocked,0.0,,,
3,1.0,Hebbian,blocked,0.0,,,
3,1.0,Hebbian,blocked,0.0,,,
3,1.0,Hebbian,blocked,0.0,,,
3,1.0,Hebbian,blocked,0.0,,,
3,1.0,Hebbian,blocked,0.0,,,
3,1.0,Hebbian,blocked,0.0,,,
3,1.0,Hebbian,blocked,0.0,,,
3,1.0,Hebbian,blocked,0.0,,,
3,1.0,Hebbian,blocked,0.0,,,
3,1.0,Hebbian,blocked,0.0,,,
3,1.0,Hebbian,blocked,0.0,,,
3,1.0,Hebbian,blocked,0.0,,,
3,0.0,Hebbian,blocked,0.0,,,
3,0.0,Hebbian,blocked,0.0,,,
3,0.0,Hebbian,blocked,0.0,,,
3,0.0,Hebbian,blocked,0.0,,,
3,0.0,Hebbian,blocked,0.0,,,
3,1.0,Hebbian,blocked,0.0,,,
3,1.0,Hebbian,blocked,0.0,,,
3,1.0,Hebbian,blocked,0.0,,,
3,1.0,Hebbian,blocked,0.0,,,
3,1.0,Hebbian,blocked,0.0,,,
3,1.0,Hebbian,blocked,0.0,,,
3,1.0,Hebbian,blocked,0.0,,,
3,1.0,Hebbian,blocked,0.0,,,
3,1.0,Hebbian,blocked,0.0,,,
3,1.0,Hebbian,blocked,0.0,,,
3,1.0,Hebbian,blocked,0.0,,,
3,1.0,Hebbian,blocked,0.0,,,
3,1.0,Hebbian,blocked,0.0,,,
3,1.0,Hebbian,blocked,0.0,,,
3,1.0,Hebbian,blocked,0.0,,,
3,1.0,Hebbian,blocked,0.0,,,
3,1.0,Hebbian,blocked,0.0,,,
3,1.0,Hebbian,blocked,0.0,,,
3,1.0,Hebbian,blocked,0.0,,,
3,1.0,Hebbian,blocked,0.0,,,
3,1.0,Hebbian,blocked,0.0,,,
3,1.0,Hebbian,blocked,0.0,,,
3,1.0,Hebbian,blocked,0.0,,,
3,1.0,Hebbian,blocked,0.0,,,
3,1.0,Hebbian,blocked,0.0,,,
3,1.0,Hebbian,blocked,0.0,,,
3,1.0,Hebbian,blocked,0.0,,,
3,1.0,Hebbian,blocked,0.0,,,
3,1.0,Hebbian,blocked,0.0,,,
3,1.0,Hebbian,blocked,0.0,,,
3,1.0,Hebbian,blocked,0.0,,,
3,1.0,Hebbian,blocked,0.0,,,
3,1.0,Hebbian,blocked,0.0,,,
3,1.0,Hebbian,blocked,0.0,,,
3,1.0,Hebbian,blocked,0.0,,,
3,1.0,Hebbian,blocked,0.0,,,
3,1.0,Hebbian,blocked,0.0,,,
3,1.0,Hebbian,blocked,0.0,,,
3,1.0,Hebbian,blocked,0.0,,,
3,1.0,Hebbian,blocked,0.0,,,
3,1.0,Hebbian,blocked,0.0,,,
3,1.0,Hebbian,blocked,0.0,,,
3,1.0,Hebbian,blocked,0.0,,,
3,1.0,Hebbian,blocked,0.0,,,
3,1.0,Hebbian,blocked,0.0,,,
3,1.0,Hebbian,blocked,0.0,,,
3,1.0,Hebbian,blocked,0.0,,,
3,1.0,Hebbian,blocked,0.0,,,
3,1.0,Hebbian,blocked,0.0,,,
3,1.0,Hebbian,blocked,0.0,,,
3,1.0,Hebbian,blocked,0.0,,,
3,1.0,Hebbian,blocked,0.0,,,
3,1.0,Hebbian,blocked,0.0,,,
3,1.0,Hebbian,blocked,0.0,,,
3,1.0,Hebbian,blocked,0.0,,,
3,1.0,Hebbian,blocked,0.0,,,
3,1.0,Hebbian,blocked,0.0,,,
3,1.0,Hebbian,blocked,0.0,,,
3,1.0,Hebbian,blocked,0.0,,,
3,1.0,Hebbian,blocked,0.0,,,
3,1.0,Hebbian,blocked,0.0,,,
3,1.0,Hebbian,blocked,0.0,,,
3,1.0,Hebbian,blocked,0.0,,,
3,1.0,Hebbian,blocked,0.0,,,
3,1.0,Hebbian,blocked,0.0,,,
3,1.0,Hebbian,blocked,0.0,,,
3,1.0,Hebbian,blocked,0.0,,,
3,1.0,Hebbian,blocked,0.0,,,
3,1.0,Hebbian,blocked,0.0,,,
3,1.0,Hebbian,blocked,0.0,,,
3,1.0,Hebbian,blocked,0.0,,,
3,1.0,Hebbian,blocked,0.0,,,
3,1.0,Hebbian,blocked,0.0,,,
3,1.0,Hebbian,blocked,0.0,,,
3,1.0,Hebbian,blocked,0.0,,,
3,1.0,Hebbian,blocked,0.0,,,
3,1.0,Hebbian,blocked,0.0,,,
3,1.0,Hebbian,blocked,0.0,,,
3,1.0,Hebbian,blocked,0.0,,,
3,1.0,Hebbian,blocked,0.0,,,
3,1.0,Hebbian,blocked,0.0,,,
3,1.0,Hebbian,blocked,0.0,,,
3,1.0,Hebbian,blocked,0.0,,,
3,1.0,Hebbian,blocked,0.0,,,
3,1.0,Hebbian,blocked,0.0,,,
3,1.0,Hebbian,blocked,0.0,,,
3,1.0,Hebbian,blocked,0.0,,,
3,1.0,Hebbian,blocked,0.0,,,
3,1.0,Hebbian,blocked,0.0,,,
3,1.0,Hebbian,blocked,0.0,,,
3,1.0,Hebbian,blocked,0.0,,,
3,1.0,Hebbian,blocked,0.0,,,
3,1.0,Hebbian,blocked,0.0,,,
3,1.0,Hebbian,blocked,0.0,,,
3,1.0,Hebbian,blocked,0.0,,,
4,1.0,Hebbian,blocked,0.0,,,
4,1.0,Hebbian,blocked,0.0,,,
4,1.0,Hebbian,blocked,0.0,,,
4,1.0,Hebbian,blocked,0.0,,,
4,0.0,Hebbian,blocked,0.0,,,
4,0.0,Hebbian,blocked,0.0,,,
4,0.0,Hebbian,blocked,0.0,,,
4,0.0,Hebbian,blocked,0.0,,,
4,0.0,Hebbian,blocked,0.0,,,
4,1.0,Hebbian,blocked,0.0,,,
4,1.0,Hebbian,blocked,0.0,,,
4,1.0,Hebbian,blocked,0.0,,,
4,1.0,Hebbian,blocked,0.0,,,
4,1.0,Hebbian,blocked,0.0,,,
4,1.0,Hebbian,blocked,0.0,,,
4,1.0,Hebbian,blocked,0.0,,,
4,1.0,Hebbian,blocked,0.0,,,
4,1.0,Hebbian,blocked,0.0,,,
4,1.0,Hebbian,blocked,0.0,,,
4,1.0,Hebbian,blocked,0.0,,,
4,1.0,Hebbian,blocked,0.0,,,
4,1.0,Hebbian,blocked,0.0,,,
4,1.0,Hebbian,blocked,0.0,,,
4,0.0,Hebbian,blocked,0.0,,,
4,0.0,Hebbian,blocked,0.0,,,
4,0.0,Hebbian,blocked,0.0,,,
4,0.0,Hebbian,blocked,0.0,,,
4,0.0,Hebbian,blocked,0.0,,,
4,1.0,Hebbian,blocked,0.0,,,
4,1.0,Hebbian,blocked,0.0,,,
4,1.0,Hebbian,blocked,0.0,,,
4,1.0,Hebbian,blocked,0.0,,,
4,1.0,Hebbian,blocked,0.0,,,
4,1.0,Hebbian,blocked,0.0,,,
4,1.0,Hebbian,blocked,0.0,,,
4,1.0,Hebbian,blocked,0.0,,,
4,1.0,Hebbian,blocked,0.0,,,
4,1.0,Hebbian,blocked,0.0,,,
4,1.0,Hebbian,blocked,0.0,,,
4,1.0,Hebbian,blocked,0.0,,,
4,1.0,Hebbian,blocked,0.0,,,
4,1.0,Hebbian,blocked,0.0,,,
4,0.0,Hebbian,blocked,0.0,,,
4,0.0,Hebbian,blocked,0.0,,,
4,0.0,Hebbian,blocked,0.0,,,
4,0.0,Hebbian,blocked,0.0,,,
4,0.0,Hebbian,blocked,0.0,,,
4,1.0,Hebbian,blocked,0.0,,,
4,1.0,Hebbian,blocked,0.0,,,
4,1.0,Hebbian,blocked,0.0,,,
4,1.0,Hebbian,blocked,0.0,,,
4,1.0,Hebbian,blocked,0.0,,,
4,1.0,Hebbian,blocked,0.0,,,
4,1.0,Hebbian,blocked,0.0,,,
4,1.0,Hebbian,blocked,0.0,,,
4,1.0,Hebbian,blocked,0.0,,,
4,1.0,Hebbian,blocked,0.0,,,
4,1.0,Hebbian,blocked,0.0,,,
4,1.0,Hebbian,blocked,0.0,,,
4,1.0,Hebbian,blocked,0.0,,,
4,1.0,Hebbian,blocked,0.0,,,
4,0.0,Hebbian,blocked,0.0,,,
4,0.0,Hebbian,blocked,0.0,,,
4,0.0,Hebbian,blocked,0.0,,,
4,0.0,Hebbian,blocked,0.0,,,
4,0.0,Hebbian,blocked,0.0,,,
4,1.0,Hebbian,blocked,0.0,,,
4,1.0,Hebbian,blocked,0.0,,,
4,1.0,Hebbian,blocked,0.0,,,
4,1.0,Hebbian,blocked,0.0,,,
4,1.0,Hebbian,blocked,0.0,,,
4,1.0,Hebbian,blocked,0.0,,,
4,1.0,Hebbian,blocked,0.0,,,
4,1.0,Hebbian,blocked,0.0,,,
4,1.0,Hebbian,blocked,0.0,,,
4,1.0,Hebbian,blocked,0.0,,,
4,1.0,Hebbian,blocked,0.0,,,
4,1.0,Hebbian,blocked,0.0,,,
4,1.0,Hebbian,blocked,0.0,,,
4,1.0,Hebbian,blocked,0.0,,,
4,1.0,Hebbian,blocked,0.0,,,
4,0.0,Hebbian,blocked,0.0,,,
4,0.0,Hebbian,blocked,0.0,,,
4,0.0,Hebbian,blocked,0.0,,,
4,0.0,Hebbian,blocked,0.0,,,
4,1.0,Hebbian,blocked,0.0,,,
4,1.0,Hebbian,blocked,0.0,,,
4,1.0,Hebbian,blocked,0.0,,,
4,1.0,Hebbian,blocked,0.0,,,
4,1.0,Hebbian,blocked,0.0,,,
4,1.0,Hebbian,blocked,0.0,,,
4,1.0,Hebbian,blocked,0.0,,,
4,1.0,Hebbian,blocked,0.0,,,
4,1.0,Hebbian,blocked,0.0,,,
4,1.0,Hebbian,blocked,0.0,,,
4,1.0,Hebbian,blocked,0.0,,,
4,1.0,Hebbian,blocked,0.0,,,
4,1.0,Hebbian,blocked,0.0,,,
4,1.0,Hebbian,blocked,0.0,,,
4,1.0,Hebbian,blocked,0.0,,,
4,1.0,Hebbian,blocked,0.0,,,
4,1.0,Hebbian,blocked,0.0,,,
4,1.0,Hebbian,blocked,0.0,,,
4,1.0,Hebbian,blocked,0.0,,,
4,1.0,Hebbian,blocked,0.0,,,
4,1.0,Hebbian,blocked,0.0,,,
4,1.0,Hebbian,blocked,0.0,,,
4,1.0,Hebbian,blocked,0.0,,,
4,1.0,Hebbian,blocked,0.0,,,
4,1.0,Hebbian,blocked,0.0,,,
4,1.0,Hebbian,blocked,0.0,,,
4,1.0,Hebbian,blocked,0.0,,,
4,1.0,Hebbian,blocked,0.0,,,
4,1.0,Hebbian,blocked,0.0,,,
4,1.0,Hebbian,blocked,0.0,,,
4,1.0,Hebbian,blocked,0.0,,,
4,1.0,Hebbian,blocked,0.0,,,
4,1.0,Hebbian,blocked,0.0,,,
4,1.0,Hebbian,blocked,0.0,,,
4,1.0,Hebbian,blocked,0.0,,,
4,1.0,Hebbian,blocked,0.0,,,
4,1.0,Hebbian,blocked,0.0,,,
4,1.0,Hebbian,blocked,0.0,,,
4,1.0,Hebbian,blocked,0.0,,,
4,1.0,Hebbian,blocked,0.0,,,
4,1.0,Hebbian,blocked,0.0,,,
4,1.0,Hebbian,blocked,0.0,,,
4,1.0,Hebbian,blocked,0.0,,,
4,1.0,Hebbian,blocked,0.0,,,
4,1.0,Hebbian,blocked,0.0,,,
4,1.0,Hebbian,blocked,0.0,,,
4,1.0,Hebbian,blocked,0.0,,,
4,1.0,Hebbian,blocked,0.0,,,
4,1.0,Hebbian,blocked,0.0,,,
4,1.0,Hebbian,blocked,0.0,,,
4,1.0,Hebbian,blocked,0.0,,,
4,1.0,Hebbian,blocked,0.0,,,
4,1.0,Hebbian,blocked,0.0,,,
4,1.0,Hebbian,blocked,0.0,,,
4,1.0,Hebbian,blocked,0.0,,,
4,1.0,Hebbian,blocked,0.0,,,
4,1.0,Hebbian,blocked,0.0,,,
4,1.0,Hebbian,blocked,0.0,,,
4,1.0,Hebbian,blocked,0.0,,,
4,1.0,Hebbian,blocked,0.0,,,
4,1.0,Hebbian,blocked,0.0,,,
4,1.0,Hebbian,blocked,0.0,,,
4,1.0,Hebbian,blocked,0.0,,,
4,1.0,Hebbian,blocked,0.0,,,
4,1.0,Hebbian,blocked,0.0,,,
4,1.0,Hebbian,blocked,0.0,,,
4,1.0,Hebbian,blocked,0.0,,,
4,1.0,Hebbian,blocked,0.0,,,
4,1.0,Hebbian,blocked,0.0,,,
4,1.0,Hebbian,blocked,0.0,,,
4,1.0,Hebbian,blocked,0.0,,,
4,1.0,Hebbian,blocked,0.0,,,
4,1.0,Hebbian,blocked,0.0,,,
4,1.0,Hebbian,blocked,0.0,,,
4,1.0,Hebbian,blocked,0.0,,,
4,1.0,Hebbian,blocked,0.0,,,
4,1.0,Hebbian,blocked,0.0,,,
4,1.0,Hebbian,blocked,0.0,,,
4,1.0,Hebbian,blocked,0.0,,,
4,1.0,Hebbian,blocked,0.0,,,
4,1.0,Hebbian,blocked,0.0,,,
4,1.0,Hebbian,blocked,0.0,,,
4,1.0,Hebbian,blocked,0.0,,,
4,1.0,Hebbian,blocked,0.0,,,
4,1.0,Hebbian,blocked,0.0,,,
4,1.0,Hebbian,blocked,0.0,,,
4,1.0,Hebbian,blocked,0.0,,,
4,1.0,Hebbian,blocked,0.0,,,
4,1.0,Hebbian,blocked,0.0,,,
4,1.0,Hebbian,blocked,0.0,,,
4,1.0,Hebbian,blocked,0.0,,,
4,1.0,Hebbian,blocked,0.0,,,
4,1.0,Hebbian,blocked,0.0,,,
4,1.0,Hebbian,blocked,0.0,,,
4,1.0,Hebbian,blocked,0.0,,,
4,1.0,Hebbian,blocked,0.0,,,
4,1.0,Hebbian,blocked,0.0,,,
4,1.0,Hebbian,blocked,0.0,,,
4,1.0,Hebbian,blocked,0.0,,,
4,1.0,Hebbian,blocked,0.0,,,
4,1.0,Hebbian,blocked,0.0,,,
4,1.0,Hebbian,blocked,0.0,,,
4,1.0,Hebbian,blocked,0.0,,,
4,1.0,Hebbian,blocked,0.0,,,
4,1.0,Hebbian,blocked,0.0,,,
4,1.0,Hebbian,blocked,0.0,,,
4,1.0,Hebbian,blocked,0.0,,,
4,1.0,Hebbian,blocked,0.0,,,
4,1.0,Hebbian,blocked,0.0,,,
4,1.0,Hebbian,blocked,0.0,,,
4,1.0,Hebbian,blocked,0.0,,,
4,1.0,Hebbian,blocked,0.0,,,
4,0.0,Hebbian,blocked,0.0,,,
4,1.0,Hebbian,blocked,0.0,,,
4,1.0,Hebbian,blocked,0.0,,,
4,1.0,Hebbian,blocked,0.0,,,
4,1.0,Hebbian,blocked,0.0,,,
4,1.0,Hebbian,blocked,0.0,,,
4,1.0,Hebbian,blocked,0.0,,,
4,0.0,Hebbian,blocked,0.0,,,
4,0.0,Hebbian,blocked,0.0,,,
4,0.0,Hebbian,blocked,0.0,,,
4,0.0,Hebbian,blocked,0.0,,,
4,0.0,Hebbian,blocked,0.0,,,
4,1.0,Hebbian,blocked,0.0,,,
4,1.0,Hebbian,blocked,0.0,,,
4,1.0,Hebbian,blocked,0.0,,,
4,1.0,Hebbian,blocked,0.0,,,
4,1.0,Hebbian,blocked,0.0,,,
4,1.0,Hebbian,blocked,0.0,,,
4,1.0,Hebbian,blocked,0.0,,,
4,1.0,Hebbian,blocked,0.0,,,
4,1.0,Hebbian,blocked,0.0,,,
4,1.0,Hebbian,blocked,0.0,,,
4,1.0,Hebbian,blocked,0.0,,,
4,1.0,Hebbian,blocked,0.0,,,
4,1.0,Hebbian,blocked,0.0,,,
4,1.0,Hebbian,blocked,0.0,,,
4,0.0,Hebbian,blocked,0.0,,,
4,0.0,Hebbian,blocked,0.0,,,
4,0.0,Hebbian,blocked,0.0,,,
4,0.0,Hebbian,blocked,0.0,,,
4,0.0,Hebbian,blocked,0.0,,,
4,1.0,Hebbian,blocked,0.0,,,
4,1.0,Hebbian,blocked,0.0,,,
4,1.0,Hebbian,blocked,0.0,,,
4,1.0,Hebbian,blocked,0.0,,,
4,1.0,Hebbian,blocked,0.0,,,
4,1.0,Hebbian,blocked,0.0,,,
4,1.0,Hebbian,blocked,0.0,,,
4,1.0,Hebbian,blocked,0.0,,,
4,1.0,Hebbian,blocked,0.0,,,
4,1.0,Hebbian,blocked,0.0,,,
4,1.0,Hebbian,blocked,0.0,,,
4,1.0,Hebbian,blocked,0.0,,,
4,1.0,Hebbian,blocked,0.0,,,
4,1.0,Hebbian,blocked,0.0,,,
4,0.0,Hebbian,blocked,0.0,,,
4,0.0,Hebbian,blocked,0.0,,,
4,0.0,Hebbian,blocked,0.0,,,
4,0.0,Hebbian,blocked,0.0,,,
4,0.0,Hebbian,blocked,0.0,,,
4,1.0,Hebbian,blocked,0.0,,,
4,1.0,Hebbian,blocked,0.0,,,
4,1.0,Hebbian,blocked,0.0,,,
4,1.0,Hebbian,blocked,0.0,,,
4,1.0,Hebbian,blocked,0.0,,,
4,1.0,Hebbian,blocked,0.0,,,
4,1.0,Hebbian,blocked,0.0,,,
4,1.0,Hebbian,blocked,0.0,,,
4,1.0,Hebbian,blocked,0.0,,,
4,1.0,Hebbian,blocked,0.0,,,
4,1.0,Hebbian,blocked,0.0,,,
4,1.0,Hebbian,blocked,0.0,,,
4,1.0,Hebbian,blocked,0.0,,,
4,1.0,Hebbian,blocked,0.0,,,
4,0.0,Hebbian,blocked,0.0,,,
4,0.0,Hebbian,blocked,0.0,,,
4,0.0,Hebbian,blocked,0.0,,,
4,0.0,Hebbian,blocked,0.0,,,
4,0.0,Hebbian,blocked,0.0,,,
4,1.0,Hebbian,blocked,0.0,,,
4,1.0,Hebbian,blocked,0.0,,,
4,1.0,Hebbian,blocked,0.0,,,
4,1.0,Hebbian,blocked,0.0,,,
4,1.0,Hebbian,blocked,0.0,,,
4,1.0,Hebbian,blocked,0.0,,,
4,1.0,Hebbian,blocked,0.0,,,
4,1.0,Hebbian,blocked,0.0,,,
4,1.0,Hebbian,blocked,0.0,,,
4,0.0,Hebbian,blocked,0.0,,,
4,1.0,Hebbian,blocked,0.0,,,
4,1.0,Hebbian,blocked,0.0,,,
4,1.0,Hebbian,blocked,0.0,,,
4,1.0,Hebbian,blocked,0.0,,,
4,0.0,Hebbian,blocked,0.0,,,
4,0.0,Hebbian,blocked,0.0,,,
4,0.0,Hebbian,blocked,0.0,,,
4,0.0,Hebbian,blocked,0.0,,,
4,0.0,Hebbian,blocked,0.0,,,
4,1.0,Hebbian,blocked,0.0,,,
4,1.0,Hebbian,blocked,0.0,,,
4,1.0,Hebbian,blocked,0.0,,,
4,1.0,Hebbian,blocked,0.0,,,
4,1.0,Hebbian,blocked,0.0,,,
4,1.0,Hebbian,blocked,0.0,,,
4,1.0,Hebbian,blocked,0.0,,,
4,1.0,Hebbian,blocked,0.0,,,
4,1.0,Hebbian,blocked,0.0,,,
4,1.0,Hebbian,blocked,0.0,,,
4,1.0,Hebbian,blocked,0.0,,,
4,1.0,Hebbian,blocked,0.0,,,
4,1.0,Hebbian,blocked,0.0,,,
4,1.0,Hebbian,blocked,0.0,,,
4,1.0,Hebbian,blocked,0.0,,,
4,1.0,Hebbian,blocked,0.0,,,
4,1.0,Hebbian,blocked,0.0,,,
4,1.0,Hebbian,blocked,0.0,,,
4,1.0,Hebbian,blocked,0.0,,,
4,1.0,Hebbian,blocked,0.0,,,
4,1.0,Hebbian,blocked,0.0,,,
4,1.0,Hebbian,blocked,0.0,,,
4,1.0,Hebbian,blocked,0.0,,,
4,1.0,Hebbian,blocked,0.0,,,
4,1.0,Hebbian,blocked,0.0,,,
4,1.0,Hebbian,blocked,0.0,,,
4,1.0,Hebbian,blocked,0.0,,,
4,1.0,Hebbian,blocked,0.0,,,
4,1.0,Hebbian,blocked,0.0,,,
4,1.0,Hebbian,blocked,0.0,,,
4,1.0,Hebbian,blocked,0.0,,,
4,1.0,Hebbian,blocked,0.0,,,
4,1.0,Hebbian,blocked,0.0,,,
4,1.0,Hebbian,blocked,0.0,,,
4,1.0,Hebbian,blocked,0.0,,,
4,1.0,Hebbian,blocked,0.0,,,
4,1.0,Hebbian,blocked,0.0,,,
4,1.0,Hebbian,blocked,0.0,,,
4,1.0,Hebbian,blocked,0.0,,,
4,1.0,Hebbian,blocked,0.0,,,
4,1.0,Hebbian,blocked,0.0,,,
4,1.0,Hebbian,blocked,0.0,,,
4,1.0,Hebbian,blocked,0.0,,,
4,1.0,Hebbian,blocked,0.0,,,
4,1.0,Hebbian,blocked,0.0,,,
4,1.0,Hebbian,blocked,0.0,,,
4,1.0,Hebbian,blocked,0.0,,,
4,1.0,Hebbian,blocked,0.0,,,
4,1.0,Hebbian,blocked,0.0,,,
4,1.0,Hebbian,blocked,0.0,,,
4,1.0,Hebbian,blocked,0.0,,,
4,1.0,Hebbian,blocked,0.0,,,
4,1.0,Hebbian,blocked,0.0,,,
4,1.0,Hebbian,blocked,0.0,,,
4,1.0,Hebbian,blocked,0.0,,,
4,1.0,Hebbian,blocked,0.0,,,
4,1.0,Hebbian,blocked,0.0,,,
4,1.0,Hebbian,blocked,0.0,,,
4,1.0,Hebbian,blocked,0.0,,,
4,1.0,Hebbian,blocked,0.0,,,
4,1.0,Hebbian,blocked,0.0,,,
4,1.0,Hebbian,blocked,0.0,,,
4,1.0,Hebbian,blocked,0.0,,,
4,1.0,Hebbian,blocked,0.0,,,
4,1.0,Hebbian,blocked,0.0,,,
4,1.0,Hebbian,blocked,0.0,,,
4,1.0,Hebbian,blocked,0.0,,,
4,1.0,Hebbian,blocked,0.0,,,
4,1.0,Hebbian,blocked,0.0,,,
4,1.0,Hebbian,blocked,0.0,,,
4,1.0,Hebbian,blocked,0.0,,,
4,1.0,Hebbian,blocked,0.0,,,
4,1.0,Hebbian,blocked,0.0,,,
4,1.0,Hebbian,blocked,0.0,,,
4,1.0,Hebbian,blocked,0.0,,,
4,1.0,Hebbian,blocked,0.0,,,
4,1.0,Hebbian,blocked,0.0,,,
4,1.0,Hebbian,blocked,0.0,,,
4,1.0,Hebbian,blocked,0.0,,,
4,1.0,Hebbian,blocked,0.0,,,
4,1.0,Hebbian,blocked,0.0,,,
4,1.0,Hebbian,blocked,0.0,,,
4,1.0,Hebbian,blocked,0.0,,,
4,1.0,Hebbian,blocked,0.0,,,
4,1.0,Hebbian,blocked,0.0,,,
4,1.0,Hebbian,blocked,0.0,,,
4,1.0,Hebbian,blocked,0.0,,,
4,1.0,Hebbian,blocked,0.0,,,
4,1.0,Hebbian,blocked,0.0,,,
4,1.0,Hebbian,blocked,0.0,,,
4,1.0,Hebbian,blocked,0.0,,,
4,1.0,Hebbian,blocked,0.0,,,
4,1.0,Hebbian,blocked,0.0,,,
4,1.0,Hebbian,blocked,0.0,,,
4,1.0,Hebbian,blocked,0.0,,,
5,1.0,Hebbian,blocked,0.0,,,
5,1.0,Hebbian,blocked,0.0,,,
5,1.0,Hebbian,blocked,0.0,,,
5,1.0,Hebbian,blocked,0.0,,,
5,1.0,Hebbian,blocked,0.0,,,
5,1.0,Hebbian,blocked,0.0,,,
5,1.0,Hebbian,blocked,0.0,,,
5,1.0,Hebbian,blocked,0.0,,,
5,1.0,Hebbian,blocked,0.0,,,
5,1.0,Hebbian,blocked,0.0,,,
5,1.0,Hebbian,blocked,0.0,,,
5,1.0,Hebbian,blocked,0.0,,,
5,1.0,Hebbian,blocked,0.0,,,
5,1.0,Hebbian,blocked,0.0,,,
5,1.0,Hebbian,blocked,0.0,,,
5,1.0,Hebbian,blocked,0.0,,,
5,1.0,Hebbian,blocked,0.0,,,
5,1.0,Hebbian,blocked,0.0,,,
5,1.0,Hebbian,blocked,0.0,,,
5,1.0,Hebbian,blocked,0.0,,,
5,1.0,Hebbian,blocked,0.0,,,
5,1.0,Hebbian,blocked,0.0,,,
5,1.0,Hebbian,blocked,0.0,,,
5,1.0,Hebbian,blocked,0.0,,,
5,1.0,Hebbian,blocked,0.0,,,
5,1.0,Hebbian,blocked,0.0,,,
5,1.0,Hebbian,blocked,0.0,,,
5,0.0,Hebbian,blocked,0.0,,,
5,1.0,Hebbian,blocked,0.0,,,
5,1.0,Hebbian,blocked,0.0,,,
5,1.0,Hebbian,blocked,0.0,,,
5,1.0,Hebbian,blocked,0.0,,,
5,1.0,Hebbian,blocked,0.0,,,
5,1.0,Hebbian,blocked,0.0,,,
5,1.0,Hebbian,blocked,0.0,,,
5,1.0,Hebbian,blocked,0.0,,,
5,1.0,Hebbian,blocked,0.0,,,
5,1.0,Hebbian,blocked,0.0,,,
5,1.0,Hebbian,blocked,0.0,,,
5,1.0,Hebbian,blocked,0.0,,,
5,1.0,Hebbian,blocked,0.0,,,
5,1.0,Hebbian,blocked,0.0,,,
5,1.0,Hebbian,blocked,0.0,,,
5,1.0,Hebbian,blocked,0.0,,,
5,1.0,Hebbian,blocked,0.0,,,
5,1.0,Hebbian,blocked,0.0,,,
5,1.0,Hebbian,blocked,0.0,,,
5,1.0,Hebbian,blocked,0.0,,,
5,1.0,Hebbian,blocked,0.0,,,
5,1.0,Hebbian,blocked,0.0,,,
5,1.0,Hebbian,blocked,0.0,,,
5,1.0,Hebbian,blocked,0.0,,,
5,1.0,Hebbian,blocked,0.0,,,
5,1.0,Hebbian,blocked,0.0,,,
5,1.0,Hebbian,blocked,0.0,,,
5,1.0,Hebbian,blocked,0.0,,,
5,1.0,Hebbian,blocked,0.0,,,
5,1.0,Hebbian,blocked,0.0,,,
5,1.0,Hebbian,blocked,0.0,,,
5,1.0,Hebbian,blocked,0.0,,,
5,1.0,Hebbian,blocked,0.0,,,
5,1.0,Hebbian,blocked,0.0,,,
5,1.0,Hebbian,blocked,0.0,,,
5,1.0,Hebbian,blocked,0.0,,,
5,1.0,Hebbian,blocked,0.0,,,
5,1.0,Hebbian,blocked,0.0,,,
5,1.0,Hebbian,blocked,0.0,,,
5,1.0,Hebbian,blocked,0.0,,,
5,1.0,Hebbian,blocked,0.0,,,
5,1.0,Hebbian,blocked,0.0,,,
5,1.0,Hebbian,blocked,0.0,,,
5,1.0,Hebbian,blocked,0.0,,,
5,1.0,Hebbian,blocked,0.0,,,
5,1.0,Hebbian,blocked,0.0,,,
5,1.0,Hebbian,blocked,0.0,,,
5,1.0,Hebbian,blocked,0.0,,,
5,1.0,Hebbian,blocked,0.0,,,
5,1.0,Hebbian,blocked,0.0,,,
5,1.0,Hebbian,blocked,0.0,,,
5,1.0,Hebbian,blocked,0.0,,,
5,0.0,Hebbian,blocked,0.0,,,
5,1.0,Hebbian,blocked,0.0,,,
5,1.0,Hebbian,blocked,0.0,,,
5,1.0,Hebbian,blocked,0.0,,,
5,1.0,Hebbian,blocked,0.0,,,
5,1.0,Hebbian,blocked,0.0,,,
5,1.0,Hebbian,blocked,0.0,,,
5,1.0,Hebbian,blocked,0.0,,,
5,1.0,Hebbian,blocked,0.0,,,
5,1.0,Hebbian,blocked,0.0,,,
5,1.0,Hebbian,blocked,0.0,,,
5,1.0,Hebbian,blocked,0.0,,,
5,1.0,Hebbian,blocked,0.0,,,
5,1.0,Hebbian,blocked,0.0,,,
5,1.0,Hebbian,blocked,0.0,,,
5,1.0,Hebbian,blocked,0.0,,,
5,1.0,Hebbian,blocked,0.0,,,
5,1.0,Hebbian,blocked,0.0,,,
5,1.0,Hebbian,blocked,0.0,,,
5,1.0,Hebbian,blocked,0.0,,,
5,1.0,Hebbian,blocked,0.0,,,
5,1.0,Hebbian,blocked,0.0,,,
5,1.0,Hebbian,blocked,0.0,,,
5,1.0,Hebbian,blocked,0.0,,,
5,1.0,Hebbian,blocked,0.0,,,
5,1.0,Hebbian,blocked,0.0,,,
5,1.0,Hebbian,blocked,0.0,,,
5,1.0,Hebbian,blocked,0.0,,,
5,1.0,Hebbian,blocked,0.0,,,
5,1.0,Hebbian,blocked,0.0,,,
5,1.0,Hebbian,blocked,0.0,,,
5,1.0,Hebbian,blocked,0.0,,,
5,1.0,Hebbian,blocked,0.0,,,
5,1.0,Hebbian,blocked,0.0,,,
5,1.0,Hebbian,blocked,0.0,,,
5,1.0,Hebbian,blocked,0.0,,,
5,1.0,Hebbian,blocked,0.0,,,
5,0.0,Hebbian,blocked,0.0,,,
5,0.0,Hebbian,blocked,0.0,,,
5,1.0,Hebbian,blocked,0.0,,,
5,1.0,Hebbian,blocked,0.0,,,
5,1.0,Hebbian,blocked,0.0,,,
5,1.0,Hebbian,blocked,0.0,,,
5,1.0,Hebbian,blocked,0.0,,,
5,1.0,Hebbian,blocked,0.0,,,
5,1.0,Hebbian,blocked,0.0,,,
5,1.0,Hebbian,blocked,0.0,,,
5,1.0,Hebbian,blocked,0.0,,,
5,1.0,Hebbian,blocked,0.0,,,
5,1.0,Hebbian,blocked,0.0,,,
5,1.0,Hebbian,blocked,0.0,,,
5,1.0,Hebbian,blocked,0.0,,,
5,1.0,Hebbian,blocked,0.0,,,
5,0.0,Hebbian,blocked,0.0,,,
5,0.0,Hebbian,blocked,0.0,,,
5,0.0,Hebbian,blocked,0.0,,,
5,0.0,Hebbian,blocked,0.0,,,
5,0.0,Hebbian,blocked,0.0,,,
5,1.0,Hebbian,blocked,0.0,,,
5,1.0,Hebbian,blocked,0.0,,,
5,1.0,Hebbian,blocked,0.0,,,
5,1.0,Hebbian,blocked,0.0,,,
5,1.0,Hebbian,blocked,0.0,,,
5,1.0,Hebbian,blocked,0.0,,,
5,1.0,Hebbian,blocked,0.0,,,
5,1.0,Hebbian,blocked,0.0,,,
5,1.0,Hebbian,blocked,0.0,,,
5,1.0,Hebbian,blocked,0.0,,,
5,1.0,Hebbian,blocked,0.0,,,
5,1.0,Hebbian,blocked,0.0,,,
5,1.0,Hebbian,blocked,0.0,,,
5,1.0,Hebbian,blocked,0.0,,,
5,0.0,Hebbian,blocked,0.0,,,
5,0.0,Hebbian,blocked,0.0,,,
5,0.0,Hebbian,blocked,0.0,,,
5,0.0,Hebbian,blocked,0.0,,,
5,0.0,Hebbian,blocked,0.0,,,
5,1.0,Hebbian,blocked,0.0,,,
5,1.0,Hebbian,blocked,0.0,,,
5,1.0,Hebbian,blocked,0.0,,,
5,1.0,Hebbian,blocked,0.0,,,
5,1.0,Hebbian,blocked,0.0,,,
5,1.0,Hebbian,blocked,0.0,,,
5,1.0,Hebbian,blocked,0.0,,,
5,1.0,Hebbian,blocked,0.0,,,
5,1.0,Hebbian,blocked,0.0,,,
5,1.0,Hebbian,blocked,0.0,,,
5,1.0,Hebbian,blocked,0.0,,,
5,1.0,Hebbian,blocked,0.0,,,
5,1.0,Hebbian,blocked,0.0,,,
5,1.0,Hebbian,blocked,0.0,,,
5,1.0,Hebbian,blocked,0.0,,,
5,1.0,Hebbian,blocked,0.0,,,
5,0.0,Hebbian,blocked,0.0,,,
5,0.0,Hebbian,blocked,0.0,,,
5,0.0,Hebbian,blocked,0.0,,,
5,1.0,Hebbian,blocked,0.0,,,
5,1.0,Hebbian,blocked,0.0,,,
5,1.0,Hebbian,blocked,0.0,,,
5,1.0,Hebbian,blocked,0.0,,,
5,1.0,Hebbian,blocked,0.0,,,
5,1.0,Hebbian,blocked,0.0,,,
5,1.0,Hebbian,blocked,0.0,,,
5,1.0,Hebbian,blocked,0.0,,,
5,1.0,Hebbian,blocked,0.0,,,
5,1.0,Hebbian,blocked,0.0,,,
5,1.0,Hebbian,blocked,0.0,,,
5,1.0,Hebbian,blocked,0.0,,,
5,1.0,Hebbian,blocked,0.0,,,
5,1.0,Hebbian,blocked,0.0,,,
5,1.0,Hebbian,blocked,0.0,,,
5,1.0,Hebbian,blocked,0.0,,,
5,1.0,Hebbian,blocked,0.0,,,
5,1.0,Hebbian,blocked,0.0,,,
5,1.0,Hebbian,blocked,0.0,,,
5,1.0,Hebbian,blocked,0.0,,,
5,1.0,Hebbian,blocked,0.0,,,
5,1.0,Hebbian,blocked,0.0,,,
5,1.0,Hebbian,blocked,0.0,,,
5,1.0,Hebbian,blocked,0.0,,,
5,1.0,Hebbian,blocked,0.0,,,
5,1.0,Hebbian,blocked,0.0,,,
5,1.0,Hebbian,blocked,0.0,,,
5,1.0,Hebbian,blocked,0.0,,,
5,1.0,Hebbian,blocked,0.0,,,
5,1.0,Hebbian,blocked,0.0,,,
5,1.0,Hebbian,blocked,0.0,,,
5,1.0,Hebbian,blocked,0.0,,,
5,1.0,Hebbian,blocked,0.0,,,
5,1.0,Hebbian,blocked,0.0,,,
5,1.0,Hebbian,blocked,0.0,,,
5,1.0,Hebbian,blocked,0.0,,,
5,1.0,Hebbian,blocked,0.0,,,
5,1.0,Hebbian,blocked,0.0,,,
5,1.0,Hebbian,blocked,0.0,,,
5,1.0,Hebbian,blocked,0.0,,,
5,1.0,Hebbian,blocked,0.0,,,
5,1.0,Hebbian,blocked,0.0,,,
5,1.0,Hebbian,blocked,0.0,,,
5,1.0,Hebbian,blocked,0.0,,,
5,1.0,Hebbian,blocked,0.0,,,
5,1.0,Hebbian,blocked,0.0,,,
5,1.0,Hebbian,blocked,0.0,,,
5,1.0,Hebbian,blocked,0.0,,,
5,1.0,Hebbian,blocked,0.0,,,
5,1.0,Hebbian,blocked,0.0,,,
5,1.0,Hebbian,blocked,0.0,,,
5,1.0,Hebbian,blocked,0.0,,,
5,1.0,Hebbian,blocked,0.0,,,
5,1.0,Hebbian,blocked,0.0,,,
5,1.0,Hebbian,blocked,0.0,,,
5,1.0,Hebbian,blocked,0.0,,,
5,1.0,Hebbian,blocked,0.0,,,
5,1.0,Hebbian,blocked,0.0,,,
5,1.0,Hebbian,blocked,0.0,,,
5,1.0,Hebbian,blocked,0.0,,,
5,1.0,Hebbian,blocked,0.0,,,
5,1.0,Hebbian,blocked,0.0,,,
5,1.0,Hebbian,blocked,0.0,,,
5,1.0,Hebbian,blocked,0.0,,,
5,1.0,Hebbian,blocked,0.0,,,
5,1.0,Hebbian,blocked,0.0,,,
5,1.0,Hebbian,blocked,0.0,,,
5,1.0,Hebbian,blocked,0.0,,,
5,1.0,Hebbian,blocked,0.0,,,
5,1.0,Hebbian,blocked,0.0,,,
5,1.0,Hebbian,blocked,0.0,,,
5,1.0,Hebbian,blocked,0.0,,,
5,1.0,Hebbian,blocked,0.0,,,
5,1.0,Hebbian,blocked,0.0,,,
5,1.0,Hebbian,blocked,0.0,,,
5,1.0,Hebbian,blocked,0.0,,,
5,1.0,Hebbian,blocked,0.0,,,
5,1.0,Hebbian,blocked,0.0,,,
5,1.0,Hebbian,blocked,0.0,,,
5,1.0,Hebbian,blocked,0.0,,,
5,1.0,Hebbian,blocked,0.0,,,
5,1.0,Hebbian,blocked,0.0,,,
5,1.0,Hebbian,blocked,0.0,,,
5,1.0,Hebbian,blocked,0.0,,,
5,1.0,Hebbian,blocked,0.0,,,
5,1.0,Hebbian,blocked,0.0,,,
5,1.0,Hebbian,blocked,0.0,,,
5,1.0,Hebbian,blocked,0.0,,,
5,1.0,Hebbian,blocked,0.0,,,
5,1.0,Hebbian,blocked,0.0,,,
5,1.0,Hebbian,blocked,0.0,,,
5,1.0,Hebbian,blocked,0.0,,,
5,1.0,Hebbian,blocked,0.0,,,
5,1.0,Hebbian,blocked,0.0,,,
5,1.0,Hebbian,blocked,0.0,,,
5,1.0,Hebbian,blocked,0.0,,,
5,1.0,Hebbian,blocked,0.0,,,
5,1.0,Hebbian,blocked,0.0,,,
5,1.0,Hebbian,blocked,0.0,,,
5,1.0,Hebbian,blocked,0.0,,,
5,1.0,Hebbian,blocked,0.0,,,
5,1.0,Hebbian,blocked,0.0,,,
5,1.0,Hebbian,blocked,0.0,,,
5,1.0,Hebbian,blocked,0.0,,,
5,1.0,Hebbian,blocked,0.0,,,
5,1.0,Hebbian,blocked,0.0,,,
5,1.0,Hebbian,blocked,0.0,,,
5,1.0,Hebbian,blocked,0.0,,,
5,1.0,Hebbian,blocked,0.0,,,
5,1.0,Hebbian,blocked,0.0,,,
5,1.0,Hebbian,blocked,0.0,,,
5,1.0,Hebbian,blocked,0.0,,,
5,1.0,Hebbian,blocked,0.0,,,
5,1.0,Hebbian,blocked,0.0,,,
5,1.0,Hebbian,blocked,0.0,,,
5,1.0,Hebbian,blocked,0.0,,,
5,1.0,Hebbian,blocked,0.0,,,
5,1.0,Hebbian,blocked,0.0,,,
5,1.0,Hebbian,blocked,0.0,,,
5,0.0,Hebbian,blocked,0.0,,,
5,0.0,Hebbian,blocked,0.0,,,
5,0.0,Hebbian,blocked,0.0,,,
5,0.0,Hebbian,blocked,0.0,,,
5,0.0,Hebbian,blocked,0.0,,,
5,1.0,Hebbian,blocked,0.0,,,
5,1.0,Hebbian,blocked,0.0,,,
5,1.0,Hebbian,blocked,0.0,,,
5,1.0,Hebbian,blocked,0.0,,,
5,1.0,Hebbian,blocked,0.0,,,
5,1.0,Hebbian,blocked,0.0,,,
5,1.0,Hebbian,blocked,0.0,,,
5,1.0,Hebbian,blocked,0.0,,,
5,1.0,Hebbian,blocked,0.0,,,
5,1.0,Hebbian,blocked,0.0,,,
5,1.0,Hebbian,blocked,0.0,,,
5,1.0,Hebbian,blocked,0.0,,,
5,1.0,Hebbian,blocked,0.0,,,
5,1.0,Hebbian,blocked,0.0,,,
5,0.0,Hebbian,blocked,0.0,,,
5,0.0,Hebbian,blocked,0.0,,,
5,0.0,Hebbian,blocked,0.0,,,
5,0.0,Hebbian,blocked,0.0,,,
5,0.0,Hebbian,blocked,0.0,,,
5,1.0,Hebbian,blocked,0.0,,,
5,1.0,Hebbian,blocked,0.0,,,
5,1.0,Hebbian,blocked,0.0,,,
5,1.0,Hebbian,blocked,0.0,,,
5,1.0,Hebbian,blocked,0.0,,,
5,1.0,Hebbian,blocked,0.0,,,
5,1.0,Hebbian,blocked,0.0,,,
5,1.0,Hebbian,blocked,0.0,,,
5,1.0,Hebbian,blocked,0.0,,,
5,1.0,Hebbian,blocked,0.0,,,
5,1.0,Hebbian,blocked,0.0,,,
5,1.0,Hebbian,blocked,0.0,,,
5,1.0,Hebbian,blocked,0.0,,,
5,1.0,Hebbian,blocked,0.0,,,
5,0.0,Hebbian,blocked,0.0,,,
5,0.0,Hebbian,blocked,0.0,,,
5,0.0,Hebbian,blocked,0.0,,,
5,0.0,Hebbian,blocked,0.0,,,
5,0.0,Hebbian,blocked,0.0,,,
5,1.0,Hebbian,blocked,0.0,,,
5,1.0,Hebbian,blocked,0.0,,,
5,1.0,Hebbian,blocked,0.0,,,
5,1.0,Hebbian,blocked,0.0,,,
5,1.0,Hebbian,blocked,0.0,,,
5,1.0,Hebbian,blocked,0.0,,,
5,1.0,Hebbian,blocked,0.0,,,
5,1.0,Hebbian,blocked,0.0,,,
5,1.0,Hebbian,blocked,0.0,,,
5,1.0,Hebbian,blocked,0.0,,,
5,1.0,Hebbian,blocked,0.0,,,
5,1.0,Hebbian,blocked,0.0,,,
5,1.0,Hebbian,blocked,0.0,,,
5,1.0,Hebbian,blocked,0.0,,,
5,0.0,Hebbian,blocked,0.0,,,
5,0.0,Hebbian,blocked,0.0,,,
5,0.0,Hebbian,blocked,0.0,,,
5,0.0,Hebbian,blocked,0.0,,,
5,0.0,Hebbian,blocked,0.0,,,
5,1.0,Hebbian,blocked,0.0,,,
5,1.0,Hebbian,blocked,0.0,,,
5,1.0,Hebbian,blocked,0.0,,,
5,1.0,Hebbian,blocked,0.0,,,
5,1.0,Hebbian,blocked,0.0,,,
5,1.0,Hebbian,blocked,0.0,,,
5,1.0,Hebbian,blocked,0.0,,,
5,1.0,Hebbian,blocked,0.0,,,
5,1.0,Hebbian,blocked,0.0,,,
5,1.0,Hebbian,blocked,0.0,,,
5,1.0,Hebbian,blocked,0.0,,,
5,1.0,Hebbian,blocked,0.0,,,
5,1.0,Hebbian,blocked,0.0,,,
5,1.0,Hebbian,blocked,0.0,,,
5,0.0,Hebbian,blocked,0.0,,,
5,0.0,Hebbian,blocked,0.0,,,
5,0.0,Hebbian,blocked,0.0,,,
5,0.0,Hebbian,blocked,0.0,,,
5,0.0,Hebbian,blocked,0.0,,,
5,1.0,Hebbian,blocked,0.0,,,
5,1.0,Hebbian,blocked,0.0,,,
5,1.0,Hebbian,blocked,0.0,,,
5,1.0,Hebbian,blocked,0.0,,,
6,1.0,Hebbian,blocked,0.0,,,
6,1.0,Hebbian,blocked,0.0,,,
6,1.0,Hebbian,blocked,0.0,,,
6,1.0,Hebbian,blocked,0.0,,,
6,0.0,Hebbian,blocked,0.0,,,
6,0.0,Hebbian,blocked,0.0,,,
6,0.0,Hebbian,blocked,0.0,,,
6,0.0,Hebbian,blocked,0.0,,,
6,0.0,Hebbian,blocked,0.0,,,
6,1.0,Hebbian,blocked,0.0,,,
6,1.0,Hebbian,blocked,0.0,,,
6,1.0,Hebbian,blocked,0.0,,,
6,1.0,Hebbian,blocked,0.0,,,
6,1.0,Hebbian,blocked,0.0,,,
6,1.0,Hebbian,blocked,0.0,,,
6,1.0,Hebbian,blocked,0.0,,,
6,1.0,Hebbian,blocked,0.0,,,
6,1.0,Hebbian,blocked,0.0,,,
6,1.0,Hebbian,blocked,0.0,,,
6,1.0,Hebbian,blocked,0.0,,,
6,1.0,Hebbian,blocked,0.0,,,
6,1.0,Hebbian,blocked,0.0,,,
6,1.0,Hebbian,blocked,0.0,,,
6,0.0,Hebbian,blocked,0.0,,,
6,0.0,Hebbian,blocked,0.0,,,
6,0.0,Hebbian,blocked,0.0,,,
6,0.0,Hebbian,blocked,0.0,,,
6,0.0,Hebbian,blocked,0.0,,,
6,1.0,Hebbian,blocked,0.0,,,
6,1.0,Hebbian,blocked,0.0,,,
6,1.0,Hebbian,blocked,0.0,,,
6,1.0,Hebbian,blocked,0.0,,,
6,1.0,Hebbian,blocked,0.0,,,
6,1.0,Hebbian,blocked,0.0,,,
6,1.0,Hebbian,blocked,0.0,,,
6,1.0,Hebbian,blocked,0.0,,,
6,1.0,Hebbian,blocked,0.0,,,
6,1.0,Hebbian,blocked,0.0,,,
6,1.0,Hebbian,blocked,0.0,,,
6,1.0,Hebbian,blocked,0.0,,,
6,1.0,Hebbian,blocked,0.0,,,
6,1.0,Hebbian,blocked,0.0,,,
6,0.0,Hebbian,blocked,0.0,,,
6,0.0,Hebbian,blocked,0.0,,,
6,0.0,Hebbian,blocked,0.0,,,
6,0.0,Hebbian,blocked,0.0,,,
6,0.0,Hebbian,blocked,0.0,,,
6,1.0,Hebbian,blocked,0.0,,,
6,1.0,Hebbian,blocked,0.0,,,
6,1.0,Hebbian,blocked,0.0,,,
6,1.0,Hebbian,blocked,0.0,,,
6,1.0,Hebbian,blocked,0.0,,,
6,1.0,Hebbian,blocked,0.0,,,
6,1.0,Hebbian,blocked,0.0,,,
6,1.0,Hebbian,blocked,0.0,,,
6,1.0,Hebbian,blocked,0.0,,,
6,1.0,Hebbian,blocked,0.0,,,
6,1.0,Hebbian,blocked,0.0,,,
6,1.0,Hebbian,blocked,0.0,,,
6,1.0,Hebbian,blocked,0.0,,,
6,1.0,Hebbian,blocked,0.0,,,
6,0.0,Hebbian,blocked,0.0,,,
6,0.0,Hebbian,blocked,0.0,,,
6,0.0,Hebbian,blocked,0.0,,,
6,0.0,Hebbian,blocked,0.0,,,
6,0.0,Hebbian,blocked,0.0,,,
6,1.0,Hebbian,blocked,0.0,,,
6,1.0,Hebbian,blocked,0.0,,,
6,1.0,Hebbian,blocked,0.0,,,
6,1.0,Hebbian,blocked,0.0,,,
6,1.0,Hebbian,blocked,0.0,,,
6,1.0,Hebbian,blocked,0.0,,,
6,1.0,Hebbian,blocked,0.0,,,
6,1.0,Hebbian,blocked,0.0,,,
6,1.0,Hebbian,blocked,0.0,,,
6,1.0,Hebbian,blocked,0.0,,,
6,1.0,Hebbian,blocked,0.0,,,
6,1.0,Hebbian,blocked,0.0,,,
6,1.0,Hebbian,blocked,0.0,,,
6,1.0,Hebbian,blocked,0.0,,,
6,0.0,Hebbian,blocked,0.0,,,
6,0.0,Hebbian,blocked,0.0,,,
6,0.0,Hebbian,blocked,0.0,,,
6,0.0,Hebbian,blocked,0.0,,,
6,0.0,Hebbian,blocked,0.0,,,
6,1.0,Hebbian,blocked,0.0,,,
6,1.0,Hebbian,blocked,0.0,,,
6,1.0,Hebbian,blocked,0.0,,,
6,1.0,Hebbian,blocked,0.0,,,
6,1.0,Hebbian,blocked,0.0,,,
6,1.0,Hebbian,blocked,0.0,,,
6,1.0,Hebbian,blocked,0.0,,,
6,1.0,Hebbian,blocked,0.0,,,
6,1.0,Hebbian,blocked,0.0,,,
6,1.0,Hebbian,blocked,0.0,,,
6,1.0,Hebbian,blocked,0.0,,,
6,1.0,Hebbian,blocked,0.0,,,
6,1.0,Hebbian,blocked,0.0,,,
6,1.0,Hebbian,blocked,0.0,,,
6,1.0,Hebbian,blocked,0.0,,,
6,1.0,Hebbian,blocked,0.0,,,
6,1.0,Hebbian,blocked,0.0,,,
6,1.0,Hebbian,blocked,0.0,,,
6,1.0,Hebbian,blocked,0.0,,,
6,1.0,Hebbian,blocked,0.0,,,
6,1.0,Hebbian,blocked,0.0,,,
6,1.0,Hebbian,blocked,0.0,,,
6,1.0,Hebbian,blocked,0.0,,,
6,1.0,Hebbian,blocked,0.0,,,
6,1.0,Hebbian,blocked,0.0,,,
6,1.0,Hebbian,blocked,0.0,,,
6,1.0,Hebbian,blocked,0.0,,,
6,1.0,Hebbian,blocked,0.0,,,
6,1.0,Hebbian,blocked,0.0,,,
6,1.0,Hebbian,blocked,0.0,,,
6,1.0,Hebbian,blocked,0.0,,,
6,1.0,Hebbian,blocked,0.0,,,
6,1.0,Hebbian,blocked,0.0,,,
6,1.0,Hebbian,blocked,0.0,,,
6,1.0,Hebbian,blocked,0.0,,,
6,1.0,Hebbian,blocked,0.0,,,
6,1.0,Hebbian,blocked,0.0,,,
6,1.0,Hebbian,blocked,0.0,,,
6,1.0,Hebbian,blocked,0.0,,,
6,1.0,Hebbian,blocked,0.0,,,
6,1.0,Hebbian,blocked,0.0,,,
6,1.0,Hebbian,blocked,0.0,,,
6,1.0,Hebbian,blocked,0.0,,,
6,1.0,Hebbian,blocked,0.0,,,
6,1.0,Hebbian,blocked,0.0,,,
6,1.0,Hebbian,blocked,0.0,,,
6,1.0,Hebbian,blocked,0.0,,,
6,1.0,Hebbian,blocked,0.0,,,
6,1.0,Hebbian,blocked,0.0,,,
6,1.0,Hebbian,blocked,0.0,,,
6,1.0,Hebbian,blocked,0.0,,,
6,1.0,Hebbian,blocked,0.0,,,
6,1.0,Hebbian,blocked,0.0,,,
6,1.0,Hebbian,blocked,0.0,,,
6,1.0,Hebbian,blocked,0.0,,,
6,1.0,Hebbian,blocked,0.0,,,
6,1.0,Hebbian,blocked,0.0,,,
6,1.0,Hebbian,blocked,0.0,,,
6,1.0,Hebbian,blocked,0.0,,,
6,1.0,Hebbian,blocked,0.0,,,
6,1.0,Hebbian,blocked,0.0,,,
6,1.0,Hebbian,blocked,0.0,,,
6,1.0,Hebbian,blocked,0.0,,,
6,1.0,Hebbian,blocked,0.0,,,
6,1.0,Hebbian,blocked,0.0,,,
6,1.0,Hebbian,blocked,0.0,,,
6,1.0,Hebbian,blocked,0.0,,,
6,1.0,Hebbian,blocked,0.0,,,
6,1.0,Hebbian,blocked,0.0,,,
6,1.0,Hebbian,blocked,0.0,,,
6,1.0,Hebbian,blocked,0.0,,,
6,1.0,Hebbian,blocked,0.0,,,
6,1.0,Hebbian,blocked,0.0,,,
6,1.0,Hebbian,blocked,0.0,,,
6,1.0,Hebbian,blocked,0.0,,,
6,1.0,Hebbian,blocked,0.0,,,
6,1.0,Hebbian,blocked,0.0,,,
6,1.0,Hebbian,blocked,0.0,,,
6,1.0,Hebbian,blocked,0.0,,,
6,1.0,Hebbian,blocked,0.0,,,
6,1.0,Hebbian,blocked,0.0,,,
6,1.0,Hebbian,blocked,0.0,,,
6,1.0,Hebbian,blocked,0.0,,,
6,1.0,Hebbian,blocked,0.0,,,
6,1.0,Hebbian,blocked,0.0,,,
6,1.0,Hebbian,blocked,0.0,,,
6,1.0,Hebbian,blocked,0.0,,,
6,1.0,Hebbian,blocked,0.0,,,
6,1.0,Hebbian,blocked,0.0,,,
6,1.0,Hebbian,blocked,0.0,,,
6,1.0,Hebbian,blocked,0.0,,,
6,1.0,Hebbian,blocked,0.0,,,
6,1.0,Hebbian,blocked,0.0,,,
6,1.0,Hebbian,blocked,0.0,,,
6,1.0,Hebbian,blocked,0.0,,,
6,1.0,Hebbian,blocked,0.0,,,
6,1.0,Hebbian,blocked,0.0,,,
6,1.0,Hebbian,blocked,0.0,,,
6,1.0,Hebbian,blocked,0.0,,,
6,1.0,Hebbian,blocked,0.0,,,
6,1.0,Hebbian,blocked,0.0,,,
6,1.0,Hebbian,blocked,0.0,,,
6,1.0,Hebbian,blocked,0.0,,,
6,1.0,Hebbian,blocked,0.0,,,
6,1.0,Hebbian,blocked,0.0,,,
6,1.0,Hebbian,blocked,0.0,,,
6,1.0,Hebbian,blocked,0.0,,,
6,1.0,Hebbian,blocked,0.0,,,
6,1.0,Hebbian,blocked,0.0,,,
6,1.0,Hebbian,blocked,0.0,,,
6,1.0,Hebbian,blocked,0.0,,,
6,1.0,Hebbian,blocked,0.0,,,
6,1.0,Hebbian,blocked,0.0,,,
6,1.0,Hebbian,blocked,0.0,,,
6,1.0,Hebbian,blocked,0.0,,,
6,1.0,Hebbian,blocked,0.0,,,
6,1.0,Hebbian,blocked,0.0,,,
6,1.0,Hebbian,blocked,0.0,,,
6,1.0,Hebbian,blocked,0.0,,,
6,0.0,Hebbian,blocked,0.0,,,
6,0.0,Hebbian,blocked,0.0,,,
6,0.0,Hebbian,blocked,0.0,,,
6,0.0,Hebbian,blocked,0.0,,,
6,0.0,Hebbian,blocked,0.0,,,
6,1.0,Hebbian,blocked,0.0,,,
6,1.0,Hebbian,blocked,0.0,,,
6,1.0,Hebbian,blocked,0.0,,,
6,1.0,Hebbian,blocked,0.0,,,
6,1.0,Hebbian,blocked,0.0,,,
6,1.0,Hebbian,blocked,0.0,,,
6,1.0,Hebbian,blocked,0.0,,,
6,1.0,Hebbian,blocked,0.0,,,
6,1.0,Hebbian,blocked,0.0,,,
6,1.0,Hebbian,blocked,0.0,,,
6,1.0,Hebbian,blocked,0.0,,,
6,1.0,Hebbian,blocked,0.0,,,
6,1.0,Hebbian,blocked,0.0,,,
6,1.0,Hebbian,blocked,0.0,,,
6,0.0,Hebbian,blocked,0.0,,,
6,0.0,Hebbian,blocked,0.0,,,
6,0.0,Hebbian,blocked,0.0,,,
6,0.0,Hebbian,blocked,0.0,,,
6,0.0,Hebbian,blocked,0.0,,,
6,1.0,Hebbian,blocked,0.0,,,
6,1.0,Hebbian,blocked,0.0,,,
6,1.0,Hebbian,blocked,0.0,,,
6,1.0,Hebbian,blocked,0.0,,,
6,1.0,Hebbian,blocked,0.0,,,
6,1.0,Hebbian,blocked,0.0,,,
6,1.0,Hebbian,blocked,0.0,,,
6,1.0,Hebbian,blocked,0.0,,,
6,1.0,Hebbian,blocked,0.0,,,
6,1.0,Hebbian,blocked,0.0,,,
6,1.0,Hebbian,blocked,0.0,,,
6,1.0,Hebbian,blocked,0.0,,,
6,1.0,Hebbian,blocked,0.0,,,
6,1.0,Hebbian,blocked,0.0,,,
6,0.0,Hebbian,blocked,0.0,,,
6,0.0,Hebbian,blocked,0.0,,,
6,0.0,Hebbian,blocked,0.0,,,
6,0.0,Hebbian,blocked,0.0,,,
6,0.0,Hebbian,blocked,0.0,,,
6,1.0,Hebbian,blocked,0.0,,,
6,1.0,Hebbian,blocked,0.0,,,
6,1.0,Hebbian,blocked,0.0,,,
6,1.0,Hebbian,blocked,0.0,,,
6,1.0,Hebbian,blocked,0.0,,,
6,1.0,Hebbian,blocked,0.0,,,
6,1.0,Hebbian,blocked,0.0,,,
6,1.0,Hebbian,blocked,0.0,,,
6,1.0,Hebbian,blocked,0.0,,,
6,1.0,Hebbian,blocked,0.0,,,
6,1.0,Hebbian,blocked,0.0,,,
6,1.0,Hebbian,blocked,0.0,,,
6,1.0,Hebbian,blocked,0.0,,,
6,1.0,Hebbian,blocked,0.0,,,
6,0.0,Hebbian,blocked,0.0,,,
6,0.0,Hebbian,blocked,0.0,,,
6,0.0,Hebbian,blocked,0.0,,,
6,0.0,Hebbian,blocked,0.0,,,
6,0.0,Hebbian,blocked,0.0,,,
6,1.0,Hebbian,blocked,0.0,,,
6,1.0,Hebbian,blocked,0.0,,,
6,1.0,Hebbian,blocked,0.0,,,
6,1.0,Hebbian,blocked,0.0,,,
6,1.0,Hebbian,blocked,0.0,,,
6,1.0,Hebbian,blocked,0.0,,,
6,1.0,Hebbian,blocked,0.0,,,
6,1.0,Hebbian,blocked,0.0,,,
6,1.0,Hebbian,blocked,0.0,,,
6,1.0,Hebbian,blocked,0.0,,,
6,1.0,Hebbian,blocked,0.0,,,
6,1.0,Hebbian,blocked,0.0,,,
6,1.0,Hebbian,blocked,0.0,,,
6,1.0,Hebbian,blocked,0.0,,,
6,1.0,Hebbian,blocked,0.0,,,
6,0.0,Hebbian,blocked,0.0,,,
6,1.0,Hebbian,blocked,0.0,,,
6,0.0,Hebbian,blocked,0.0,,,
6,0.0,Hebbian,blocked,0.0,,,
6,1.0,Hebbian,blocked,0.0,,,
6,1.0,Hebbian,blocked,0.0,,,
6,1.0,Hebbian,blocked,0.0,,,
6,1.0,Hebbian,blocked,0.0,,,
6,1.0,Hebbian,blocked,0.0,,,
6,1.0,Hebbian,blocked,0.0,,,
6,1.0,Hebbian,blocked,0.0,,,
6,1.0,Hebbian,blocked,0.0,,,
6,1.0,Hebbian,blocked,0.0,,,
6,1.0,Hebbian,blocked,0.0,,,
6,1.0,Hebbian,blocked,0.0,,,
6,1.0,Hebbian,blocked,0.0,,,
6,1.0,Hebbian,blocked,0.0,,,
6,1.0,Hebbian,blocked,0.0,,,
6,1.0,Hebbian,blocked,0.0,,,
6,1.0,Hebbian,blocked,0.0,,,
6,1.0,Hebbian,blocked,0.0,,,
6,1.0,Hebbian,blocked,0.0,,,
6,1.0,Hebbian,blocked,0.0,,,
6,1.0,Hebbian,blocked,0.0,,,
6,1.0,Hebbian,blocked,0.0,,,
6,1.0,Hebbian,blocked,0.0,,,
6,1.0,Hebbian,blocked,0.0,,,
6,1.0,Hebbian,blocked,0.0,,,
6,1.0,Hebbian,blocked,0.0,,,
6,1.0,Hebbian,blocked,0.0,,,
6,1.0,Hebbian,blocked,0.0,,,
6,1.0,Hebbian,blocked,0.0,,,
6,1.0,Hebbian,blocked,0.0,,,
6,1.0,Hebbian,blocked,0.0,,,
6,1.0,Hebbian,blocked,0.0,,,
6,1.0,Hebbian,blocked,0.0,,,
6,1.0,Hebbian,blocked,0.0,,,
6,1.0,Hebbian,blocked,0.0,,,
6,1.0,Hebbian,blocked,0.0,,,
6,1.0,Hebbian,blocked,0.0,,,
6,1.0,Hebbian,blocked,0.0,,,
6,1.0,Hebbian,blocked,0.0,,,
6,1.0,Hebbian,blocked,0.0,,,
6,1.0,Hebbian,blocked,0.0,,,
6,1.0,Hebbian,blocked,0.0,,,
6,1.0,Hebbian,blocked,0.0,,,
6,1.0,Hebbian,blocked,0.0,,,
6,1.0,Hebbian,blocked,0.0,,,
6,1.0,Hebbian,blocked,0.0,,,
6,1.0,Hebbian,blocked,0.0,,,
6,1.0,Hebbian,blocked,0.0,,,
6,1.0,Hebbian,blocked,0.0,,,
6,1.0,Hebbian,blocked,0.0,,,
6,1.0,Hebbian,blocked,0.0,,,
6,1.0,Hebbian,blocked,0.0,,,
6,1.0,Hebbian,blocked,0.0,,,
6,1.0,Hebbian,blocked,0.0,,,
6,1.0,Hebbian,blocked,0.0,,,
6,1.0,Hebbian,blocked,0.0,,,
6,1.0,Hebbian,blocked,0.0,,,
6,1.0,Hebbian,blocked,0.0,,,
6,1.0,Hebbian,blocked,0.0,,,
6,1.0,Hebbian,blocked,0.0,,,
6,1.0,Hebbian,blocked,0.0,,,
6,1.0,Hebbian,blocked,0.0,,,
6,1.0,Hebbian,blocked,0.0,,,
6,1.0,Hebbian,blocked,0.0,,,
6,1.0,Hebbian,blocked,0.0,,,
6,1.0,Hebbian,blocked,0.0,,,
6,1.0,Hebbian,blocked,0.0,,,
6,1.0,Hebbian,blocked,0.0,,,
6,1.0,Hebbian,blocked,0.0,,,
6,1.0,Hebbian,blocked,0.0,,,
6,1.0,Hebbian,blocked,0.0,,,
6,1.0,Hebbian,blocked,0.0,,,
6,1.0,Hebbian,blocked,0.0,,,
6,1.0,Hebbian,blocked,0.0,,,
6,1.0,Hebbian,blocked,0.0,,,
6,1.0,Hebbian,blocked,0.0,,,
6,1.0,Hebbian,blocked,0.0,,,
6,1.0,Hebbian,blocked,0.0,,,
6,1.0,Hebbian,blocked,0.0,,,
6,1.0,Hebbian,blocked,0.0,,,
6,1.0,Hebbian,blocked,0.0,,,
6,1.0,Hebbian,blocked,0.0,,,
6,1.0,Hebbian,blocked,0.0,,,
6,1.0,Hebbian,blocked,0.0,,,
6,1.0,Hebbian,blocked,0.0,,,
6,1.0,Hebbian,blocked,0.0,,,
6,1.0,Hebbian,blocked,0.0,,,
6,1.0,Hebbian,blocked,0.0,,,
6,1.0,Hebbian,blocked,0.0,,,
6,1.0,Hebbian,blocked,0.0,,,
6,1.0,Hebbian,blocked,0.0,,,
6,1.0,Hebbian,blocked,0.0,,,
6,1.0,Hebbian,blocked,0.0,,,
6,1.0,Hebbian,blocked,0.0,,,
6,1.0,Hebbian,blocked,0.0,,,
6,1.0,Hebbian,blocked,0.0,,,
7,1.0,Hebbian,blocked,0.0,,,
7,1.0,Hebbian,blocked,0.0,,,
7,1.0,Hebbian,blocked,0.0,,,
7,1.0,Hebbian,blocked,0.0,,,
7,1.0,Hebbian,blocked,0.0,,,
7,1.0,Hebbian,blocked,0.0,,,
7,1.0,Hebbian,blocked,0.0,,,
7,1.0,Hebbian,blocked,0.0,,,
7,1.0,Hebbian,blocked,0.0,,,
7,1.0,Hebbian,blocked,0.0,,,
7,1.0,Hebbian,blocked,0.0,,,
7,1.0,Hebbian,blocked,0.0,,,
7,1.0,Hebbian,blocked,0.0,,,
7,1.0,Hebbian,blocked,0.0,,,
7,1.0,Hebbian,blocked,0.0,,,
7,1.0,Hebbian,blocked,0.0,,,
7,1.0,Hebbian,blocked,0.0,,,
7,1.0,Hebbian,blocked,0.0,,,
7,1.0,Hebbian,blocked,0.0,,,
7,1.0,Hebbian,blocked,0.0,,,
7,1.0,Hebbian,blocked,0.0,,,
7,1.0,Hebbian,blocked,0.0,,,
7,1.0,Hebbian,blocked,0.0,,,
7,1.0,Hebbian,blocked,0.0,,,
7,1.0,Hebbian,blocked,0.0,,,
7,1.0,Hebbian,blocked,0.0,,,
7,1.0,Hebbian,blocked,0.0,,,
7,1.0,Hebbian,blocked,0.0,,,
7,1.0,Hebbian,blocked,0.0,,,
7,1.0,Hebbian,blocked,0.0,,,
7,1.0,Hebbian,blocked,0.0,,,
7,1.0,Hebbian,blocked,0.0,,,
7,1.0,Hebbian,blocked,0.0,,,
7,1.0,Hebbian,blocked,0.0,,,
7,1.0,Hebbian,blocked,0.0,,,
7,1.0,Hebbian,blocked,0.0,,,
7,1.0,Hebbian,blocked,0.0,,,
7,1.0,Hebbian,blocked,0.0,,,
7,1.0,Hebbian,blocked,0.0,,,
7,1.0,Hebbian,blocked,0.0,,,
7,1.0,Hebbian,blocked,0.0,,,
7,1.0,Hebbian,blocked,0.0,,,
7,1.0,Hebbian,blocked,0.0,,,
7,1.0,Hebbian,blocked,0.0,,,
7,1.0,Hebbian,blocked,0.0,,,
7,1.0,Hebbian,blocked,0.0,,,
7,1.0,Hebbian,blocked,0.0,,,
7,1.0,Hebbian,blocked,0.0,,,
7,1.0,Hebbian,blocked,0.0,,,
7,1.0,Hebbian,blocked,0.0,,,
7,1.0,Hebbian,blocked,0.0,,,
7,1.0,Hebbian,blocked,0.0,,,
7,1.0,Hebbian,blocked,0.0,,,
7,1.0,Hebbian,blocked,0.0,,,
7,1.0,Hebbian,blocked,0.0,,,
7,1.0,Hebbian,blocked,0.0,,,
7,1.0,Hebbian,blocked,0.0,,,
7,1.0,Hebbian,blocked,0.0,,,
7,1.0,Hebbian,blocked,0.0,,,
7,1.0,Hebbian,blocked,0.0,,,
7,1.0,Hebbian,blocked,0.0,,,
7,1.0,Hebbian,blocked,0.0,,,
7,1.0,Hebbian,blocked,0.0,,,
7,1.0,Hebbian,blocked,0.0,,,
7,1.0,Hebbian,blocked,0.0,,,
7,1.0,Hebbian,blocked,0.0,,,
7,1.0,Hebbian,blocked,0.0,,,
7,1.0,Hebbian,blocked,0.0,,,
7,1.0,Hebbian,blocked,0.0,,,
7,1.0,Hebbian,blocked,0.0,,,
7,1.0,Hebbian,blocked,0.0,,,
7,1.0,Hebbian,blocked,0.0,,,
7,1.0,Hebbian,blocked,0.0,,,
7,1.0,Hebbian,blocked,0.0,,,
7,1.0,Hebbian,blocked,0.0,,,
7,1.0,Hebbian,blocked,0.0,,,
7,1.0,Hebbian,blocked,0.0,,,
7,1.0,Hebbian,blocked,0.0,,,
7,1.0,Hebbian,blocked,0.0,,,
7,1.0,Hebbian,blocked,0.0,,,
7,1.0,Hebbian,blocked,0.0,,,
7,1.0,Hebbian,blocked,0.0,,,
7,1.0,Hebbian,blocked,0.0,,,
7,1.0,Hebbian,blocked,0.0,,,
7,1.0,Hebbian,blocked,0.0,,,
7,1.0,Hebbian,blocked,0.0,,,
7,1.0,Hebbian,blocked,0.0,,,
7,1.0,Hebbian,blocked,0.0,,,
7,1.0,Hebbian,blocked,0.0,,,
7,1.0,Hebbian,blocked,0.0,,,
7,1.0,Hebbian,blocked,0.0,,,
7,1.0,Hebbian,blocked,0.0,,,
7,1.0,Hebbian,blocked,0.0,,,
7,1.0,Hebbian,blocked,0.0,,,
7,1.0,Hebbian,blocked,0.0,,,
7,0.0,Hebbian,blocked,0.0,,,
7,0.0,Hebbian,blocked,0.0,,,
7,0.0,Hebbian,blocked,0.0,,,
7,0.0,Hebbian,blocked,0.0,,,
7,0.0,Hebbian,blocked,0.0,,,
7,1.0,Hebbian,blocked,0.0,,,
7,1.0,Hebbian,blocked,0.0,,,
7,1.0,Hebbian,blocked,0.0,,,
7,1.0,Hebbian,blocked,0.0,,,
7,1.0,Hebbian,blocked,0.0,,,
7,1.0,Hebbian,blocked,0.0,,,
7,1.0,Hebbian,blocked,0.0,,,
7,1.0,Hebbian,blocked,0.0,,,
7,1.0,Hebbian,blocked,0.0,,,
7,1.0,Hebbian,blocked,0.0,,,
7,1.0,Hebbian,blocked,0.0,,,
7,1.0,Hebbian,blocked,0.0,,,
7,1.0,Hebbian,blocked,0.0,,,
7,1.0,Hebbian,blocked,0.0,,,
7,0.0,Hebbian,blocked,0.0,,,
7,0.0,Hebbian,blocked,0.0,,,
7,0.0,Hebbian,blocked,0.0,,,
7,0.0,Hebbian,blocked,0.0,,,
7,0.0,Hebbian,blocked,0.0,,,
7,1.0,Hebbian,blocked,0.0,,,
7,1.0,Hebbian,blocked,0.0,,,
7,1.0,Hebbian,blocked,0.0,,,
7,1.0,Hebbian,blocked,0.0,,,
7,1.0,Hebbian,blocked,0.0,,,
7,1.0,Hebbian,blocked,0.0,,,
7,1.0,Hebbian,blocked,0.0,,,
7,1.0,Hebbian,blocked,0.0,,,
7,1.0,Hebbian,blocked,0.0,,,
7,1.0,Hebbian,blocked,0.0,,,
7,1.0,Hebbian,blocked,0.0,,,
7,1.0,Hebbian,blocked,0.0,,,
7,1.0,Hebbian,blocked,0.0,,,
7,1.0,Hebbian,blocked,0.0,,,
7,0.0,Hebbian,blocked,0.0,,,
7,0.0,Hebbian,blocked,0.0,,,
7,0.0,Hebbian,blocked,0.0,,,
7,0.0,Hebbian,blocked,0.0,,,
7,0.0,Hebbian,blocked,0.0,,,
7,1.0,Hebbian,blocked,0.0,,,
7,1.0,Hebbian,blocked,0.0,,,
7,1.0,Hebbian,blocked,0.0,,,
7,1.0,Hebbian,blocked,0.0,,,
7,1.0,Hebbian,blocked,0.0,,,
7,1.0,Hebbian,blocked,0.0,,,
7,1.0,Hebbian,blocked,0.0,,,
7,1.0,Hebbian,blocked,0.0,,,
7,1.0,Hebbian,blocked,0.0,,,
7,1.0,Hebbian,blocked,0.0,,,
7,1.0,Hebbian,blocked,0.0,,,
7,1.0,Hebbian,blocked,0.0,,,
7,1.0,Hebbian,blocked,0.0,,,
7,1.0,Hebbian,blocked,0.0,,,
7,0.0,Hebbian,blocked,0.0,,,
7,0.0,Hebbian,blocked,0.0,,,
7,0.0,Hebbian,blocked,0.0,,,
7,0.0,Hebbian,blocked,0.0,,,
7,0.0,Hebbian,blocked,0.0,,,
7,1.0,Hebbian,blocked,0.0,,,
7,1.0,Hebbian,blocked,0.0,,,
7,1.0,Hebbian,blocked,0.0,,,
7,1.0,Hebbian,blocked,0.0,,,
7,1.0,Hebbian,blocked,0.0,,,
7,1.0,Hebbian,blocked,0.0,,,
7,1.0,Hebbian,blocked,0.0,,,
7,1.0,Hebbian,blocked,0.0,,,
7,1.0,Hebbian,blocked,0.0,,,
7,1.0,Hebbian,blocked,0.0,,,
7,1.0,Hebbian,blocked,0.0,,,
7,1.0,Hebbian,blocked,0.0,,,
7,1.0,Hebbian,blocked,0.0,,,
7,1.0,Hebbian,blocked,0.0,,,
7,0.0,Hebbian,blocked,0.0,,,
7,0.0,Hebbian,blocked,0.0,,,
7,0.0,Hebbian,blocked,0.0,,,
7,0.0,Hebbian,blocked,0.0,,,
7,0.0,Hebbian,blocked,0.0,,,
7,1.0,Hebbian,blocked,0.0,,,
7,1.0,Hebbian,blocked,0.0,,,
7,1.0,Hebbian,blocked,0.0,,,
7,1.0,Hebbian,blocked,0.0,,,
7,1.0,Hebbian,blocked,0.0,,,
7,1.0,Hebbian,blocked,0.0,,,
7,1.0,Hebbian,blocked,0.0,,,
7,1.0,Hebbian,blocked,0.0,,,
7,1.0,Hebbian,blocked,0.0,,,
7,1.0,Hebbian,blocked,0.0,,,
7,1.0,Hebbian,blocked,0.0,,,
7,1.0,Hebbian,blocked,0.0,,,
7,1.0,Hebbian,blocked,0.0,,,
7,1.0,Hebbian,blocked,0.0,,,
7,1.0,Hebbian,blocked,0.0,,,
7,1.0,Hebbian,blocked,0.0,,,
7,1.0,Hebbian,blocked,0.0,,,
7,1.0,Hebbian,blocked,0.0,,,
7,1.0,Hebbian,blocked,0.0,,,
7,1.0,Hebbian,blocked,0.0,,,
7,1.0,Hebbian,blocked,0.0,,,
7,1.0,Hebbian,blocked,0.0,,,
7,1.0,Hebbian,blocked,0.0,,,
7,1.0,Hebbian,blocked,0.0,,,
7,1.0,Hebbian,blocked,0.0,,,
7,1.0,Hebbian,blocked,0.0,,,
7,1.0,Hebbian,blocked,0.0,,,
7,1.0,Hebbian,blocked,0.0,,,
7,1.0,Hebbian,blocked,0.0,,,
7,1.0,Hebbian,blocked,0.0,,,
7,1.0,Hebbian,blocked,0.0,,,
7,1.0,Hebbian,blocked,0.0,,,
7,1.0,Hebbian,blocked,0.0,,,
7,1.0,Hebbian,blocked,0.0,,,
7,1.0,Hebbian,blocked,0.0,,,
7,1.0,Hebbian,blocked,0.0,,,
7,1.0,Hebbian,blocked,0.0,,,
7,1.0,Hebbian,blocked,0.0,,,
7,1.0,Hebbian,blocked,0.0,,,
7,1.0,Hebbian,blocked,0.0,,,
7,1.0,Hebbian,blocked,0.0,,,
7,1.0,Hebbian,blocked,0.0,,,
7,1.0,Hebbian,blocked,0.0,,,
7,1.0,Hebbian,blocked,0.0,,,
7,1.0,Hebbian,blocked,0.0,,,
7,1.0,Hebbian,blocked,0.0,,,
7,1.0,Hebbian,blocked,0.0,,,
7,1.0,Hebbian,blocked,0.0,,,
7,1.0,Hebbian,blocked,0.0,,,
7,1.0,Hebbian,blocked,0.0,,,
7,1.0,Hebbian,blocked,0.0,,,
7,1.0,Hebbian,blocked,0.0,,,
7,1.0,Hebbian,blocked,0.0,,,
7,1.0,Hebbian,blocked,0.0,,,
7,1.0,Hebbian,blocked,0.0,,,
7,1.0,Hebbian,blocked,0.0,,,
7,1.0,Hebbian,blocked,0.0,,,
7,1.0,Hebbian,blocked,0.0,,,
7,1.0,Hebbian,blocked,0.0,,,
7,1.0,Hebbian,blocked,0.0,,,
7,1.0,Hebbian,blocked,0.0,,,
7,1.0,Hebbian,blocked,0.0,,,
7,1.0,Hebbian,blocked,0.0,,,
7,1.0,Hebbian,blocked,0.0,,,
7,1.0,Hebbian,blocked,0.0,,,
7,1.0,Hebbian,blocked,0.0,,,
7,1.0,Hebbian,blocked,0.0,,,
7,1.0,Hebbian,blocked,0.0,,,
7,1.0,Hebbian,blocked,0.0,,,
7,1.0,Hebbian,blocked,0.0,,,
7,1.0,Hebbian,blocked,0.0,,,
7,1.0,Hebbian,blocked,0.0,,,
7,1.0,Hebbian,blocked,0.0,,,
7,1.0,Hebbian,blocked,0.0,,,
7,1.0,Hebbian,blocked,0.0,,,
7,1.0,Hebbian,blocked,0.0,,,
7,1.0,Hebbian,blocked,0.0,,,
7,1.0,Hebbian,blocked,0.0,,,
7,1.0,Hebbian,blocked,0.0,,,
7,1.0,Hebbian,blocked,0.0,,,
7,1.0,Hebbian,blocked,0.0,,,
7,1.0,Hebbian,blocked,0.0,,,
7,1.0,Hebbian,blocked,0.0,,,
7,1.0,Hebbian,blocked,0.0,,,
7,1.0,Hebbian,blocked,0.0,,,
7,1.0,Hebbian,blocked,0.0,,,
7,1.0,Hebbian,blocked,0.0,,,
7,1.0,Hebbian,blocked,0.0,,,
7,1.0,Hebbian,blocked,0.0,,,
7,1.0,Hebbian,blocked,0.0,,,
7,1.0,Hebbian,blocked,0.0,,,
7,1.0,Hebbian,blocked,0.0,,,
7,1.0,Hebbian,blocked,0.0,,,
7,1.0,Hebbian,blocked,0.0,,,
7,1.0,Hebbian,blocked,0.0,,,
7,1.0,Hebbian,blocked,0.0,,,
7,1.0,Hebbian,blocked,0.0,,,
7,1.0,Hebbian,blocked,0.0,,,
7,1.0,Hebbian,blocked,0.0,,,
7,1.0,Hebbian,blocked,0.0,,,
7,1.0,Hebbian,blocked,0.0,,,
7,1.0,Hebbian,blocked,0.0,,,
7,1.0,Hebbian,blocked,0.0,,,
7,1.0,Hebbian,blocked,0.0,,,
7,1.0,Hebbian,blocked,0.0,,,
7,1.0,Hebbian,blocked,0.0,,,
7,1.0,Hebbian,blocked,0.0,,,
7,1.0,Hebbian,blocked,0.0,,,
7,1.0,Hebbian,blocked,0.0,,,
7,1.0,Hebbian,blocked,0.0,,,
7,1.0,Hebbian,blocked,0.0,,,
7,1.0,Hebbian,blocked,0.0,,,
7,1.0,Hebbian,blocked,0.0,,,
7,1.0,Hebbian,blocked,0.0,,,
7,1.0,Hebbian,blocked,0.0,,,
7,1.0,Hebbian,blocked,0.0,,,
7,1.0,Hebbian,blocked,0.0,,,
7,1.0,Hebbian,blocked,0.0,,,
7,1.0,Hebbian,blocked,0.0,,,
7,0.0,Hebbian,blocked,0.0,,,
7,0.0,Hebbian,blocked,0.0,,,
7,0.0,Hebbian,blocked,0.0,,,
7,0.0,Hebbian,blocked,0.0,,,
7,0.0,Hebbian,blocked,0.0,,,
7,1.0,Hebbian,blocked,0.0,,,
7,1.0,Hebbian,blocked,0.0,,,
7,1.0,Hebbian,blocked,0.0,,,
7,1.0,Hebbian,blocked,0.0,,,
7,1.0,Hebbian,blocked,0.0,,,
7,1.0,Hebbian,blocked,0.0,,,
7,1.0,Hebbian,blocked,0.0,,,
7,1.0,Hebbian,blocked,0.0,,,
7,1.0,Hebbian,blocked,0.0,,,
7,1.0,Hebbian,blocked,0.0,,,
7,1.0,Hebbian,blocked,0.0,,,
7,1.0,Hebbian,blocked,0.0,,,
7,1.0,Hebbian,blocked,0.0,,,
7,1.0,Hebbian,blocked,0.0,,,
7,0.0,Hebbian,blocked,0.0,,,
7,0.0,Hebbian,blocked,0.0,,,
7,0.0,Hebbian,blocked,0.0,,,
7,0.0,Hebbian,blocked,0.0,,,
7,0.0,Hebbian,blocked,0.0,,,
7,1.0,Hebbian,blocked,0.0,,,
7,1.0,Hebbian,blocked,0.0,,,
7,1.0,Hebbian,blocked,0.0,,,
7,1.0,Hebbian,blocked,0.0,,,
7,1.0,Hebbian,blocked,0.0,,,
7,1.0,Hebbian,blocked,0.0,,,
7,1.0,Hebbian,blocked,0.0,,,
7,1.0,Hebbian,blocked,0.0,,,
7,1.0,Hebbian,blocked,0.0,,,
7,1.0,Hebbian,blocked,0.0,,,
7,1.0,Hebbian,blocked,0.0,,,
7,1.0,Hebbian,blocked,0.0,,,
7,1.0,Hebbian,blocked,0.0,,,
7,1.0,Hebbian,blocked,0.0,,,
7,0.0,Hebbian,blocked,0.0,,,
7,0.0,Hebbian,blocked,0.0,,,
7,0.0,Hebbian,blocked,0.0,,,
7,0.0,Hebbian,blocked,0.0,,,
7,0.0,Hebbian,blocked,0.0,,,
7,1.0,Hebbian,blocked,0.0,,,
7,1.0,Hebbian,blocked,0.0,,,
7,1.0,Hebbian,blocked,0.0,,,
7,1.0,Hebbian,blocked,0.0,,,
7,1.0,Hebbian,blocked,0.0,,,
7,1.0,Hebbian,blocked,0.0,,,
7,1.0,Hebbian,blocked,0.0,,,
7,1.0,Hebbian,blocked,0.0,,,
7,1.0,Hebbian,blocked,0.0,,,
7,1.0,Hebbian,blocked,0.0,,,
7,1.0,Hebbian,blocked,0.0,,,
7,1.0,Hebbian,blocked,0.0,,,
7,1.0,Hebbian,blocked,0.0,,,
7,1.0,Hebbian,blocked,0.0,,,
7,0.0,Hebbian,blocked,0.0,,,
7,0.0,Hebbian,blocked,0.0,,,
7,0.0,Hebbian,blocked,0.0,,,
7,0.0,Hebbian,blocked,0.0,,,
7,0.0,Hebbian,blocked,0.0,,,
7,1.0,Hebbian,blocked,0.0,,,
7,1.0,Hebbian,blocked,0.0,,,
7,1.0,Hebbian,blocked,0.0,,,
7,1.0,Hebbian,blocked,0.0,,,
7,1.0,Hebbian,blocked,0.0,,,
7,1.0,Hebbian,blocked,0.0,,,
7,1.0,Hebbian,blocked,0.0,,,
7,1.0,Hebbian,blocked,0.0,,,
7,1.0,Hebbian,blocked,0.0,,,
7,1.0,Hebbian,blocked,0.0,,,
7,1.0,Hebbian,blocked,0.0,,,
7,1.0,Hebbian,blocked,0.0,,,
7,1.0,Hebbian,blocked,0.0,,,
7,1.0,Hebbian,blocked,0.0,,,
7,0.0,Hebbian,blocked,0.0,,,
7,0.0,Hebbian,blocked,0.0,,,
7,0.0,Hebbian,blocked,0.0,,,
7,0.0,Hebbian,blocked,0.0,,,
7,0.0,Hebbian,blocked,0.0,,,
7,1.0,Hebbian,blocked,0.0,,,
7,1.0,Hebbian,blocked,0.0,,,
7,1.0,Hebbian,blocked,0.0,,,
7,1.0,Hebbian,blocked,0.0,,,
8,1.0,Hebbian,blocked,0.0,,,
8,1.0,Hebbian,blocked,0.0,,,
8,1.0,Hebbian,blocked,0.0,,,
8,1.0,Hebbian,blocked,0.0,,,
8,0.0,Hebbian,blocked,0.0,,,
8,0.0,Hebbian,blocked,0.0,,,
8,0.0,Hebbian,blocked,0.0,,,
8,0.0,Hebbian,blocked,0.0,,,
8,0.0,Hebbian,blocked,0.0,,,
8,1.0,Hebbian,blocked,0.0,,,
8,1.0,Hebbian,blocked,0.0,,,
8,1.0,Hebbian,blocked,0.0,,,
8,1.0,Hebbian,blocked,0.0,,,
8,1.0,Hebbian,blocked,0.0,,,
8,0.0,Hebbian,blocked,0.0,,,
8,1.0,Hebbian,blocked,0.0,,,
8,0.0,Hebbian,blocked,0.0,,,
8,0.0,Hebbian,blocked,0.0,,,
8,0.0,Hebbian,blocked,0.0,,,
8,1.0,Hebbian,blocked,0.0,,,
8,1.0,Hebbian,blocked,0.0,,,
8,1.0,Hebbian,blocked,0.0,,,
8,1.0,Hebbian,blocked,0.0,,,
8,0.0,Hebbian,blocked,0.0,,,
8,0.0,Hebbian,blocked,0.0,,,
8,0.0,Hebbian,blocked,0.0,,,
8,0.0,Hebbian,blocked,0.0,,,
8,0.0,Hebbian,blocked,0.0,,,
8,1.0,Hebbian,blocked,0.0,,,
8,1.0,Hebbian,blocked,0.0,,,
8,1.0,Hebbian,blocked,0.0,,,
8,1.0,Hebbian,blocked,0.0,,,
8,1.0,Hebbian,blocked,0.0,,,
8,0.0,Hebbian,blocked,0.0,,,
8,0.0,Hebbian,blocked,0.0,,,
8,0.0,Hebbian,blocked,0.0,,,
8,1.0,Hebbian,blocked,0.0,,,
8,1.0,Hebbian,blocked,0.0,,,
8,1.0,Hebbian,blocked,0.0,,,
8,1.0,Hebbian,blocked,0.0,,,
8,1.0,Hebbian,blocked,0.0,,,
8,1.0,Hebbian,blocked,0.0,,,
8,0.0,Hebbian,blocked,0.0,,,
8,0.0,Hebbian,blocked,0.0,,,
8,0.0,Hebbian,blocked,0.0,,,
8,0.0,Hebbian,blocked,0.0,,,
8,0.0,Hebbian,blocked,0.0,,,
8,1.0,Hebbian,blocked,0.0,,,
8,1.0,Hebbian,blocked,0.0,,,
8,1.0,Hebbian,blocked,0.0,,,
8,1.0,Hebbian,blocked,0.0,,,
8,1.0,Hebbian,blocked,0.0,,,
8,1.0,Hebbian,blocked,0.0,,,
8,1.0,Hebbian,blocked,0.0,,,
8,0.0,Hebbian,blocked,0.0,,,
8,1.0,Hebbian,blocked,0.0,,,
8,0.0,Hebbian,blocked,0.0,,,
8,1.0,Hebbian,blocked,0.0,,,
8,1.0,Hebbian,blocked,0.0,,,
8,1.0,Hebbian,blocked,0.0,,,
8,1.0,Hebbian,blocked,0.0,,,
8,0.0,Hebbian,blocked,0.0,,,
8,0.0,Hebbian,blocked,0.0,,,
8,0.0,Hebbian,blocked,0.0,,,
8,0.0,Hebbian,blocked,0.0,,,
8,0.0,Hebbian,blocked,0.0,,,
8,1.0,Hebbian,blocked,0.0,,,
8,1.0,Hebbian,blocked,0.0,,,
8,1.0,Hebbian,blocked,0.0,,,
8,1.0,Hebbian,blocked,0.0,,,
8,1.0,Hebbian,blocked,0.0,,,
8,0.0,Hebbian,blocked,0.0,,,
8,0.0,Hebbian,blocked,0.0,,,
8,0.0,Hebbian,blocked,0.0,,,
8,0.0,Hebbian,blocked,0.0,,,
8,0.0,Hebbian,blocked,0.0,,,
8,1.0,Hebbian,blocked,0.0,,,
8,1.0,Hebbian,blocked,0.0,,,
8,1.0,Hebbian,blocked,0.0,,,
8,1.0,Hebbian,blocked,0.0,,,
8,0.0,Hebbian,blocked,0.0,,,
8,0.0,Hebbian,blocked,0.0,,,
8,0.0,Hebbian,blocked,0.0,,,
8,0.0,Hebbian,blocked,0.0,,,
8,0.0,Hebbian,blocked,0.0,,,
8,1.0,Hebbian,blocked,0.0,,,
8,1.0,Hebbian,blocked,0.0,,,
8,1.0,Hebbian,blocked,0.0,,,
8,1.0,Hebbian,blocked,0.0,,,
8,1.0,Hebbian,blocked,0.0,,,
8,1.0,Hebbian,blocked,0.0,,,
8,1.0,Hebbian,blocked,0.0,,,
8,1.0,Hebbian,blocked,0.0,,,
8,1.0,Hebbian,blocked,0.0,,,
8,1.0,Hebbian,blocked,0.0,,,
8,1.0,Hebbian,blocked,0.0,,,
8,1.0,Hebbian,blocked,0.0,,,
8,1.0,Hebbian,blocked,0.0,,,
8,1.0,Hebbian,blocked,0.0,,,
8,1.0,Hebbian,blocked,0.0,,,
8,1.0,Hebbian,blocked,0.0,,,
8,1.0,Hebbian,blocked,0.0,,,
8,1.0,Hebbian,blocked,0.0,,,
8,1.0,Hebbian,blocked,0.0,,,
8,1.0,Hebbian,blocked,0.0,,,
8,1.0,Hebbian,blocked,0.0,,,
8,1.0,Hebbian,blocked,0.0,,,
8,1.0,Hebbian,blocked,0.0,,,
8,1.0,Hebbian,blocked,0.0,,,
8,1.0,Hebbian,blocked,0.0,,,
8,1.0,Hebbian,blocked,0.0,,,
8,1.0,Hebbian,blocked,0.0,,,
8,1.0,Hebbian,blocked,0.0,,,
8,1.0,Hebbian,blocked,0.0,,,
8,1.0,Hebbian,blocked,0.0,,,
8,1.0,Hebbian,blocked,0.0,,,
8,1.0,Hebbian,blocked,0.0,,,
8,1.0,Hebbian,blocked,0.0,,,
8,1.0,Hebbian,blocked,0.0,,,
8,1.0,Hebbian,blocked,0.0,,,
8,1.0,Hebbian,blocked,0.0,,,
8,1.0,Hebbian,blocked,0.0,,,
8,1.0,Hebbian,blocked,0.0,,,
8,1.0,Hebbian,blocked,0.0,,,
8,1.0,Hebbian,blocked,0.0,,,
8,1.0,Hebbian,blocked,0.0,,,
8,1.0,Hebbian,blocked,0.0,,,
8,1.0,Hebbian,blocked,0.0,,,
8,1.0,Hebbian,blocked,0.0,,,
8,1.0,Hebbian,blocked,0.0,,,
8,1.0,Hebbian,blocked,0.0,,,
8,1.0,Hebbian,blocked,0.0,,,
8,1.0,Hebbian,blocked,0.0,,,
8,1.0,Hebbian,blocked,0.0,,,
8,1.0,Hebbian,blocked,0.0,,,
8,1.0,Hebbian,blocked,0.0,,,
8,1.0,Hebbian,blocked,0.0,,,
8,1.0,Hebbian,blocked,0.0,,,
8,1.0,Hebbian,blocked,0.0,,,
8,1.0,Hebbian,blocked,0.0,,,
8,1.0,Hebbian,blocked,0.0,,,
8,1.0,Hebbian,blocked,0.0,,,
8,1.0,Hebbian,blocked,0.0,,,
8,1.0,Hebbian,blocked,0.0,,,
8,1.0,Hebbian,blocked,0.0,,,
8,1.0,Hebbian,blocked,0.0,,,
8,1.0,Hebbian,blocked,0.0,,,
8,1.0,Hebbian,blocked,0.0,,,
8,1.0,Hebbian,blocked,0.0,,,
8,1.0,Hebbian,blocked,0.0,,,
8,1.0,Hebbian,blocked,0.0,,,
8,1.0,Hebbian,blocked,0.0,,,
8,1.0,Hebbian,blocked,0.0,,,
8,1.0,Hebbian,blocked,0.0,,,
8,1.0,Hebbian,blocked,0.0,,,
8,1.0,Hebbian,blocked,0.0,,,
8,1.0,Hebbian,blocked,0.0,,,
8,1.0,Hebbian,blocked,0.0,,,
8,1.0,Hebbian,blocked,0.0,,,
8,1.0,Hebbian,blocked,0.0,,,
8,1.0,Hebbian,blocked,0.0,,,
8,1.0,Hebbian,blocked,0.0,,,
8,1.0,Hebbian,blocked,0.0,,,
8,1.0,Hebbian,blocked,0.0,,,
8,1.0,Hebbian,blocked,0.0,,,
8,1.0,Hebbian,blocked,0.0,,,
8,1.0,Hebbian,blocked,0.0,,,
8,1.0,Hebbian,blocked,0.0,,,
8,1.0,Hebbian,blocked,0.0,,,
8,1.0,Hebbian,blocked,0.0,,,
8,1.0,Hebbian,blocked,0.0,,,
8,1.0,Hebbian,blocked,0.0,,,
8,1.0,Hebbian,blocked,0.0,,,
8,1.0,Hebbian,blocked,0.0,,,
8,1.0,Hebbian,blocked,0.0,,,
8,1.0,Hebbian,blocked,0.0,,,
8,1.0,Hebbian,blocked,0.0,,,
8,1.0,Hebbian,blocked,0.0,,,
8,1.0,Hebbian,blocked,0.0,,,
8,1.0,Hebbian,blocked,0.0,,,
8,1.0,Hebbian,blocked,0.0,,,
8,1.0,Hebbian,blocked,0.0,,,
8,1.0,Hebbian,blocked,0.0,,,
8,1.0,Hebbian,blocked,0.0,,,
8,1.0,Hebbian,blocked,0.0,,,
8,1.0,Hebbian,blocked,0.0,,,
8,1.0,Hebbian,blocked,0.0,,,
8,1.0,Hebbian,blocked,0.0,,,
8,1.0,Hebbian,blocked,0.0,,,
8,1.0,Hebbian,blocked,0.0,,,
8,1.0,Hebbian,blocked,0.0,,,
8,1.0,Hebbian,blocked,0.0,,,
8,1.0,Hebbian,blocked,0.0,,,
8,1.0,Hebbian,blocked,0.0,,,
8,1.0,Hebbian,blocked,0.0,,,
8,1.0,Hebbian,blocked,0.0,,,
8,1.0,Hebbian,blocked,0.0,,,
8,0.0,Hebbian,blocked,0.0,,,
8,1.0,Hebbian,blocked,0.0,,,
8,0.0,Hebbian,blocked,0.0,,,
8,1.0,Hebbian,blocked,0.0,,,
8,1.0,Hebbian,blocked,0.0,,,
8,1.0,Hebbian,blocked,0.0,,,
8,1.0,Hebbian,blocked,0.0,,,
8,0.0,Hebbian,blocked,0.0,,,
8,0.0,Hebbian,blocked,0.0,,,
8,0.0,Hebbian,blocked,0.0,,,
8,0.0,Hebbian,blocked,0.0,,,
8,0.0,Hebbian,blocked,0.0,,,
8,1.0,Hebbian,blocked,0.0,,,
8,1.0,Hebbian,blocked,0.0,,,
8,1.0,Hebbian,blocked,0.0,,,
8,1.0,Hebbian,blocked,0.0,,,
8,1.0,Hebbian,blocked,0.0,,,
8,1.0,Hebbian,blocked,0.0,,,
8,1.0,Hebbian,blocked,0.0,,,
8,0.0,Hebbian,blocked,0.0,,,
8,0.0,Hebbian,blocked,0.0,,,
8,0.0,Hebbian,blocked,0.0,,,
8,1.0,Hebbian,blocked,0.0,,,
8,1.0,Hebbian,blocked,0.0,,,
8,1.0,Hebbian,blocked,0.0,,,
8,1.0,Hebbian,blocked,0.0,,,
8,0.0,Hebbian,blocked,0.0,,,
8,0.0,Hebbian,blocked,0.0,,,
8,0.0,Hebbian,blocked,0.0,,,
8,0.0,Hebbian,blocked,0.0,,,
8,0.0,Hebbian,blocked,0.0,,,
8,1.0,Hebbian,blocked,0.0,,,
8,1.0,Hebbian,blocked,0.0,,,
8,1.0,Hebbian,blocked,0.0,,,
8,1.0,Hebbian,blocked,0.0,,,
8,1.0,Hebbian,blocked,0.0,,,
8,1.0,Hebbian,blocked,0.0,,,
8,1.0,Hebbian,blocked,0.0,,,
8,0.0,Hebbian,blocked,0.0,,,
8,0.0,Hebbian,blocked,0.0,,,
8,0.0,Hebbian,blocked,0.0,,,
8,1.0,Hebbian,blocked,0.0,,,
8,1.0,Hebbian,blocked,0.0,,,
8,1.0,Hebbian,blocked,0.0,,,
8,1.0,Hebbian,blocked,0.0,,,
8,0.0,Hebbian,blocked,0.0,,,
8,0.0,Hebbian,blocked,0.0,,,
8,0.0,Hebbian,blocked,0.0,,,
8,0.0,Hebbian,blocked,0.0,,,
8,0.0,Hebbian,blocked,0.0,,,
8,1.0,Hebbian,blocked,0.0,,,
8,1.0,Hebbian,blocked,0.0,,,
8,1.0,Hebbian,blocked,0.0,,,
8,1.0,Hebbian,blocked,0.0,,,
8,1.0,Hebbian,blocked,0.0,,,
8,1.0,Hebbian,blocked,0.0,,,
8,1.0,Hebbian,blocked,0.0,,,
8,0.0,Hebbian,blocked,0.0,,,
8,0.0,Hebbian,blocked,0.0,,,
8,0.0,Hebbian,blocked,0.0,,,
8,1.0,Hebbian,blocked,0.0,,,
8,1.0,Hebbian,blocked,0.0,,,
8,1.0,Hebbian,blocked,0.0,,,
8,1.0,Hebbian,blocked,0.0,,,
8,0.0,Hebbian,blocked,0.0,,,
8,0.0,Hebbian,blocked,0.0,,,
8,0.0,Hebbian,blocked,0.0,,,
8,0.0,Hebbian,blocked,0.0,,,
8,0.0,Hebbian,blocked,0.0,,,
8,1.0,Hebbian,blocked,0.0,,,
8,1.0,Hebbian,blocked,0.0,,,
8,1.0,Hebbian,blocked,0.0,,,
8,1.0,Hebbian,blocked,0.0,,,
8,1.0,Hebbian,blocked,0.0,,,
8,0.0,Hebbian,blocked,0.0,,,
8,1.0,Hebbian,blocked,0.0,,,
8,0.0,Hebbian,blocked,0.0,,,
8,1.0,Hebbian,blocked,0.0,,,
8,0.0,Hebbian,blocked,0.0,,,
8,1.0,Hebbian,blocked,0.0,,,
8,1.0,Hebbian,blocked,0.0,,,
8,1.0,Hebbian,blocked,0.0,,,
8,1.0,Hebbian,blocked,0.0,,,
8,0.0,Hebbian,blocked,0.0,,,
8,0.0,Hebbian,blocked,0.0,,,
8,0.0,Hebbian,blocked,0.0,,,
8,0.0,Hebbian,blocked,0.0,,,
8,0.0,Hebbian,blocked,0.0,,,
8,1.0,Hebbian,blocked,0.0,,,
8,1.0,Hebbian,blocked,0.0,,,
8,1.0,Hebbian,blocked,0.0,,,
8,1.0,Hebbian,blocked,0.0,,,
8,1.0,Hebbian,blocked,0.0,,,
8,1.0,Hebbian,blocked,0.0,,,
8,1.0,Hebbian,blocked,0.0,,,
8,1.0,Hebbian,blocked,0.0,,,
8,1.0,Hebbian,blocked,0.0,,,
8,1.0,Hebbian,blocked,0.0,,,
8,1.0,Hebbian,blocked,0.0,,,
8,1.0,Hebbian,blocked,0.0,,,
8,1.0,Hebbian,blocked,0.0,,,
8,1.0,Hebbian,blocked,0.0,,,
8,1.0,Hebbian,blocked,0.0,,,
8,1.0,Hebbian,blocked,0.0,,,
8,1.0,Hebbian,blocked,0.0,,,
8,1.0,Hebbian,blocked,0.0,,,
8,1.0,Hebbian,blocked,0.0,,,
8,1.0,Hebbian,blocked,0.0,,,
8,1.0,Hebbian,blocked,0.0,,,
8,1.0,Hebbian,blocked,0.0,,,
8,1.0,Hebbian,blocked,0.0,,,
8,1.0,Hebbian,blocked,0.0,,,
8,1.0,Hebbian,blocked,0.0,,,
8,1.0,Hebbian,blocked,0.0,,,
8,1.0,Hebbian,blocked,0.0,,,
8,1.0,Hebbian,blocked,0.0,,,
8,1.0,Hebbian,blocked,0.0,,,
8,1.0,Hebbian,blocked,0.0,,,
8,1.0,Hebbian,blocked,0.0,,,
8,1.0,Hebbian,blocked,0.0,,,
8,1.0,Hebbian,blocked,0.0,,,
8,1.0,Hebbian,blocked,0.0,,,
8,1.0,Hebbian,blocked,0.0,,,
8,1.0,Hebbian,blocked,0.0,,,
8,1.0,Hebbian,blocked,0.0,,,
8,1.0,Hebbian,blocked,0.0,,,
8,1.0,Hebbian,blocked,0.0,,,
8,1.0,Hebbian,blocked,0.0,,,
8,1.0,Hebbian,blocked,0.0,,,
8,1.0,Hebbian,blocked,0.0,,,
8,1.0,Hebbian,blocked,0.0,,,
8,1.0,Hebbian,blocked,0.0,,,
8,1.0,Hebbian,blocked,0.0,,,
8,1.0,Hebbian,blocked,0.0,,,
8,1.0,Hebbian,blocked,0.0,,,
8,1.0,Hebbian,blocked,0.0,,,
8,1.0,Hebbian,blocked,0.0,,,
8,1.0,Hebbian,blocked,0.0,,,
8,1.0,Hebbian,blocked,0.0,,,
8,1.0,Hebbian,blocked,0.0,,,
8,1.0,Hebbian,blocked,0.0,,,
8,1.0,Hebbian,blocked,0.0,,,
8,1.0,Hebbian,blocked,0.0,,,
8,1.0,Hebbian,blocked,0.0,,,
8,1.0,Hebbian,blocked,0.0,,,
8,1.0,Hebbian,blocked,0.0,,,
8,1.0,Hebbian,blocked,0.0,,,
8,1.0,Hebbian,blocked,0.0,,,
8,1.0,Hebbian,blocked,0.0,,,
8,1.0,Hebbian,blocked,0.0,,,
8,1.0,Hebbian,blocked,0.0,,,
8,1.0,Hebbian,blocked,0.0,,,
8,1.0,Hebbian,blocked,0.0,,,
8,1.0,Hebbian,blocked,0.0,,,
8,1.0,Hebbian,blocked,0.0,,,
8,1.0,Hebbian,blocked,0.0,,,
8,1.0,Hebbian,blocked,0.0,,,
8,1.0,Hebbian,blocked,0.0,,,
8,1.0,Hebbian,blocked,0.0,,,
8,1.0,Hebbian,blocked,0.0,,,
8,1.0,Hebbian,blocked,0.0,,,
8,1.0,Hebbian,blocked,0.0,,,
8,1.0,Hebbian,blocked,0.0,,,
8,1.0,Hebbian,blocked,0.0,,,
8,1.0,Hebbian,blocked,0.0,,,
8,1.0,Hebbian,blocked,0.0,,,
8,1.0,Hebbian,blocked,0.0,,,
8,1.0,Hebbian,blocked,0.0,,,
8,1.0,Hebbian,blocked,0.0,,,
8,1.0,Hebbian,blocked,0.0,,,
8,1.0,Hebbian,blocked,0.0,,,
8,1.0,Hebbian,blocked,0.0,,,
8,1.0,Hebbian,blocked,0.0,,,
8,1.0,Hebbian,blocked,0.0,,,
8,1.0,Hebbian,blocked,0.0,,,
8,1.0,Hebbian,blocked,0.0,,,
8,1.0,Hebbian,blocked,0.0,,,
8,1.0,Hebbian,blocked,0.0,,,
8,1.0,Hebbian,blocked,0.0,,,
8,1.0,Hebbian,blocked,0.0,,,
8,1.0,Hebbian,blocked,0.0,,,
8,1.0,Hebbian,blocked,0.0,,,
8,1.0,Hebbian,blocked,0.0,,,
9,1.0,Hebbian,blocked,0.0,,,
9,1.0,Hebbian,blocked,0.0,,,
9,1.0,Hebbian,blocked,0.0,,,
9,1.0,Hebbian,blocked,0.0,,,
9,0.0,Hebbian,blocked,0.0,,,
9,0.0,Hebbian,blocked,0.0,,,
9,0.0,Hebbian,blocked,0.0,,,
9,0.0,Hebbian,blocked,0.0,,,
9,0.0,Hebbian,blocked,0.0,,,
9,1.0,Hebbian,blocked,0.0,,,
9,1.0,Hebbian,blocked,0.0,,,
9,1.0,Hebbian,blocked,0.0,,,
9,1.0,Hebbian,blocked,0.0,,,
9,1.0,Hebbian,blocked,0.0,,,
9,0.0,Hebbian,blocked,0.0,,,
9,0.0,Hebbian,blocked,0.0,,,
9,0.0,Hebbian,blocked,0.0,,,
9,0.0,Hebbian,blocked,0.0,,,
9,0.0,Hebbian,blocked,0.0,,,
9,1.0,Hebbian,blocked,0.0,,,
9,1.0,Hebbian,blocked,0.0,,,
9,1.0,Hebbian,blocked,0.0,,,
9,1.0,Hebbian,blocked,0.0,,,
9,0.0,Hebbian,blocked,0.0,,,
9,1.0,Hebbian,blocked,0.0,,,
9,0.0,Hebbian,blocked,0.0,,,
9,0.0,Hebbian,blocked,0.0,,,
9,0.0,Hebbian,blocked,0.0,,,
9,1.0,Hebbian,blocked,0.0,,,
9,1.0,Hebbian,blocked,0.0,,,
9,1.0,Hebbian,blocked,0.0,,,
9,1.0,Hebbian,blocked,0.0,,,
9,1.0,Hebbian,blocked,0.0,,,
9,0.0,Hebbian,blocked,0.0,,,
9,0.0,Hebbian,blocked,0.0,,,
9,0.0,Hebbian,blocked,0.0,,,
9,0.0,Hebbian,blocked,0.0,,,
9,0.0,Hebbian,blocked,0.0,,,
9,1.0,Hebbian,blocked,0.0,,,
9,1.0,Hebbian,blocked,0.0,,,
9,1.0,Hebbian,blocked,0.0,,,
9,1.0,Hebbian,blocked,0.0,,,
9,0.0,Hebbian,blocked,0.0,,,
9,0.0,Hebbian,blocked,0.0,,,
9,0.0,Hebbian,blocked,0.0,,,
9,0.0,Hebbian,blocked,0.0,,,
9,0.0,Hebbian,blocked,0.0,,,
9,1.0,Hebbian,blocked,0.0,,,
9,1.0,Hebbian,blocked,0.0,,,
9,1.0,Hebbian,blocked,0.0,,,
9,1.0,Hebbian,blocked,0.0,,,
9,1.0,Hebbian,blocked,0.0,,,
9,0.0,Hebbian,blocked,0.0,,,
9,0.0,Hebbian,blocked,0.0,,,
9,0.0,Hebbian,blocked,0.0,,,
9,0.0,Hebbian,blocked,0.0,,,
9,0.0,Hebbian,blocked,0.0,,,
9,1.0,Hebbian,blocked,0.0,,,
9,1.0,Hebbian,blocked,0.0,,,
9,1.0,Hebbian,blocked,0.0,,,
9,1.0,Hebbian,blocked,0.0,,,
9,0.0,Hebbian,blocked,0.0,,,
9,0.0,Hebbian,blocked,0.0,,,
9,0.0,Hebbian,blocked,0.0,,,
9,0.0,Hebbian,blocked,0.0,,,
9,0.0,Hebbian,blocked,0.0,,,
9,1.0,Hebbian,blocked,0.0,,,
9,1.0,Hebbian,blocked,0.0,,,
9,1.0,Hebbian,blocked,0.0,,,
9,1.0,Hebbian,blocked,0.0,,,
9,1.0,Hebbian,blocked,0.0,,,
9,0.0,Hebbian,blocked,0.0,,,
9,0.0,Hebbian,blocked,0.0,,,
9,0.0,Hebbian,blocked,0.0,,,
9,0.0,Hebbian,blocked,0.0,,,
9,0.0,Hebbian,blocked,0.0,,,
9,1.0,Hebbian,blocked,0.0,,,
9,1.0,Hebbian,blocked,0.0,,,
9,1.0,Hebbian,blocked,0.0,,,
9,1.0,Hebbian,blocked,0.0,,,
9,0.0,Hebbian,blocked,0.0,,,
9,0.0,Hebbian,blocked,0.0,,,
9,0.0,Hebbian,blocked,0.0,,,
9,0.0,Hebbian,blocked,0.0,,,
9,0.0,Hebbian,blocked,0.0,,,
9,1.0,Hebbian,blocked,0.0,,,
9,1.0,Hebbian,blocked,0.0,,,
9,1.0,Hebbian,blocked,0.0,,,
9,1.0,Hebbian,blocked,0.0,,,
9,1.0,Hebbian,blocked,0.0,,,
9,0.0,Hebbian,blocked,0.0,,,
9,0.0,Hebbian,blocked,0.0,,,
9,0.0,Hebbian,blocked,0.0,,,
9,0.0,Hebbian,blocked,0.0,,,
9,0.0,Hebbian,blocked,0.0,,,
9,1.0,Hebbian,blocked,0.0,,,
9,1.0,Hebbian,blocked,0.0,,,
9,1.0,Hebbian,blocked,0.0,,,
9,1.0,Hebbian,blocked,0.0,,,
9,1.0,Hebbian,blocked,0.0,,,
9,1.0,Hebbian,blocked,0.0,,,
9,1.0,Hebbian,blocked,0.0,,,
9,1.0,Hebbian,blocked,0.0,,,
9,1.0,Hebbian,blocked,0.0,,,
9,1.0,Hebbian,blocked,0.0,,,
9,1.0,Hebbian,blocked,0.0,,,
9,1.0,Hebbian,blocked,0.0,,,
9,1.0,Hebbian,blocked,0.0,,,
9,1.0,Hebbian,blocked,0.0,,,
9,1.0,Hebbian,blocked,0.0,,,
9,1.0,Hebbian,blocked,0.0,,,
9,1.0,Hebbian,blocked,0.0,,,
9,1.0,Hebbian,blocked,0.0,,,
9,1.0,Hebbian,blocked,0.0,,,
9,1.0,Hebbian,blocked,0.0,,,
9,1.0,Hebbian,blocked,0.0,,,
9,1.0,Hebbian,blocked,0.0,,,
9,1.0,Hebbian,blocked,0.0,,,
9,1.0,Hebbian,blocked,0.0,,,
9,1.0,Hebbian,blocked,0.0,,,
9,1.0,Hebbian,blocked,0.0,,,
9,1.0,Hebbian,blocked,0.0,,,
9,1.0,Hebbian,blocked,0.0,,,
9,1.0,Hebbian,blocked,0.0,,,
9,1.0,Hebbian,blocked,0.0,,,
9,1.0,Hebbian,blocked,0.0,,,
9,1.0,Hebbian,blocked,0.0,,,
9,1.0,Hebbian,blocked,0.0,,,
9,1.0,Hebbian,blocked,0.0,,,
9,1.0,Hebbian,blocked,0.0,,,
9,1.0,Hebbian,blocked,0.0,,,
9,1.0,Hebbian,blocked,0.0,,,
9,1.0,Hebbian,blocked,0.0,,,
9,1.0,Hebbian,blocked,0.0,,,
9,1.0,Hebbian,blocked,0.0,,,
9,1.0,Hebbian,blocked,0.0,,,
9,1.0,Hebbian,blocked,0.0,,,
9,1.0,Hebbian,blocked,0.0,,,
9,1.0,Hebbian,blocked,0.0,,,
9,1.0,Hebbian,blocked,0.0,,,
9,1.0,Hebbian,blocked,0.0,,,
9,1.0,Hebbian,blocked,0.0,,,
9,1.0,Hebbian,blocked,0.0,,,
9,1.0,Hebbian,blocked,0.0,,,
9,1.0,Hebbian,blocked,0.0,,,
9,1.0,Hebbian,blocked,0.0,,,
9,1.0,Hebbian,blocked,0.0,,,
9,1.0,Hebbian,blocked,0.0,,,
9,1.0,Hebbian,blocked,0.0,,,
9,1.0,Hebbian,blocked,0.0,,,
9,1.0,Hebbian,blocked,0.0,,,
9,1.0,Hebbian,blocked,0.0,,,
9,1.0,Hebbian,blocked,0.0,,,
9,1.0,Hebbian,blocked,0.0,,,
9,1.0,Hebbian,blocked,0.0,,,
9,1.0,Hebbian,blocked,0.0,,,
9,1.0,Hebbian,blocked,0.0,,,
9,1.0,Hebbian,blocked,0.0,,,
9,1.0,Hebbian,blocked,0.0,,,
9,1.0,Hebbian,blocked,0.0,,,
9,1.0,Hebbian,blocked,0.0,,,
9,1.0,Hebbian,blocked,0.0,,,
9,1.0,Hebbian,blocked,0.0,,,
9,1.0,Hebbian,blocked,0.0,,,
9,1.0,Hebbian,blocked,0.0,,,
9,1.0,Hebbian,blocked,0.0,,,
9,1.0,Hebbian,blocked,0.0,,,
9,1.0,Hebbian,blocked,0.0,,,
9,1.0,Hebbian,blocked,0.0,,,
9,1.0,Hebbian,blocked,0.0,,,
9,1.0,Hebbian,blocked,0.0,,,
9,1.0,Hebbian,blocked,0.0,,,
9,1.0,Hebbian,blocked,0.0,,,
9,1.0,Hebbian,blocked,0.0,,,
9,1.0,Hebbian,blocked,0.0,,,
9,1.0,Hebbian,blocked,0.0,,,
9,1.0,Hebbian,blocked,0.0,,,
9,1.0,Hebbian,blocked,0.0,,,
9,1.0,Hebbian,blocked,0.0,,,
9,1.0,Hebbian,blocked,0.0,,,
9,1.0,Hebbian,blocked,0.0,,,
9,1.0,Hebbian,blocked,0.0,,,
9,1.0,Hebbian,blocked,0.0,,,
9,1.0,Hebbian,blocked,0.0,,,
9,1.0,Hebbian,blocked,0.0,,,
9,1.0,Hebbian,blocked,0.0,,,
9,1.0,Hebbian,blocked,0.0,,,
9,1.0,Hebbian,blocked,0.0,,,
9,1.0,Hebbian,blocked,0.0,,,
9,1.0,Hebbian,blocked,0.0,,,
9,1.0,Hebbian,blocked,0.0,,,
9,1.0,Hebbian,blocked,0.0,,,
9,1.0,Hebbian,blocked,0.0,,,
9,1.0,Hebbian,blocked,0.0,,,
9,1.0,Hebbian,blocked,0.0,,,
9,0.0,Hebbian,blocked,0.0,,,
9,1.0,Hebbian,blocked,0.0,,,
9,0.0,Hebbian,blocked,0.0,,,
9,0.0,Hebbian,blocked,0.0,,,
9,0.0,Hebbian,blocked,0.0,,,
9,1.0,Hebbian,blocked,0.0,,,
9,1.0,Hebbian,blocked,0.0,,,
9,1.0,Hebbian,blocked,0.0,,,
9,1.0,Hebbian,blocked,0.0,,,
9,0.0,Hebbian,blocked,0.0,,,
9,0.0,Hebbian,blocked,0.0,,,
9,0.0,Hebbian,blocked,0.0,,,
9,0.0,Hebbian,blocked,0.0,,,
9,0.0,Hebbian,blocked,0.0,,,
9,1.0,Hebbian,blocked,0.0,,,
9,1.0,Hebbian,blocked,0.0,,,
9,1.0,Hebbian,blocked,0.0,,,
9,1.0,Hebbian,blocked,0.0,,,
9,1.0,Hebbian,blocked,0.0,,,
9,0.0,Hebbian,blocked,0.0,,,
9,0.0,Hebbian,blocked,0.0,,,
9,0.0,Hebbian,blocked,0.0,,,
9,0.0,Hebbian,blocked,0.0,,,
9,0.0,Hebbian,blocked,0.0,,,
9,1.0,Hebbian,blocked,0.0,,,
9,1.0,Hebbian,blocked,0.0,,,
9,1.0,Hebbian,blocked,0.0,,,
9,1.0,Hebbian,blocked,0.0,,,
9,0.0,Hebbian,blocked,0.0,,,
9,0.0,Hebbian,blocked,0.0,,,
9,0.0,Hebbian,blocked,0.0,,,
9,0.0,Hebbian,blocked,0.0,,,
9,0.0,Hebbian,blocked,0.0,,,
9,1.0,Hebbian,blocked,0.0,,,
9,1.0,Hebbian,blocked,0.0,,,
9,1.0,Hebbian,blocked,0.0,,,
9,1.0,Hebbian,blocked,0.0,,,
9,1.0,Hebbian,blocked,0.0,,,
9,0.0,Hebbian,blocked,0.0,,,
9,0.0,Hebbian,blocked,0.0,,,
9,0.0,Hebbian,blocked,0.0,,,
9,0.0,Hebbian,blocked,0.0,,,
9,0.0,Hebbian,blocked,0.0,,,
9,1.0,Hebbian,blocked,0.0,,,
9,1.0,Hebbian,blocked,0.0,,,
9,1.0,Hebbian,blocked,0.0,,,
9,1.0,Hebbian,blocked,0.0,,,
9,0.0,Hebbian,blocked,0.0,,,
9,0.0,Hebbian,blocked,0.0,,,
9,0.0,Hebbian,blocked,0.0,,,
9,0.0,Hebbian,blocked,0.0,,,
9,0.0,Hebbian,blocked,0.0,,,
9,1.0,Hebbian,blocked,0.0,,,
9,1.0,Hebbian,blocked,0.0,,,
9,1.0,Hebbian,blocked,0.0,,,
9,1.0,Hebbian,blocked,0.0,,,
9,1.0,Hebbian,blocked,0.0,,,
9,0.0,Hebbian,blocked,0.0,,,
9,0.0,Hebbian,blocked,0.0,,,
9,0.0,Hebbian,blocked,0.0,,,
9,0.0,Hebbian,blocked,0.0,,,
9,0.0,Hebbian,blocked,0.0,,,
9,1.0,Hebbian,blocked,0.0,,,
9,1.0,Hebbian,blocked,0.0,,,
9,1.0,Hebbian,blocked,0.0,,,
9,1.0,Hebbian,blocked,0.0,,,
9,0.0,Hebbian,blocked,0.0,,,
9,0.0,Hebbian,blocked,0.0,,,
9,0.0,Hebbian,blocked,0.0,,,
9,0.0,Hebbian,blocked,0.0,,,
9,0.0,Hebbian,blocked,0.0,,,
9,1.0,Hebbian,blocked,0.0,,,
9,1.0,Hebbian,blocked,0.0,,,
9,1.0,Hebbian,blocked,0.0,,,
9,1.0,Hebbian,blocked,0.0,,,
9,1.0,Hebbian,blocked,0.0,,,
9,0.0,Hebbian,blocked,0.0,,,
9,0.0,Hebbian,blocked,0.0,,,
9,0.0,Hebbian,blocked,0.0,,,
9,0.0,Hebbian,blocked,0.0,,,
9,0.0,Hebbian,blocked,0.0,,,
9,1.0,Hebbian,blocked,0.0,,,
9,1.0,Hebbian,blocked,0.0,,,
9,1.0,Hebbian,blocked,0.0,,,
9,1.0,Hebbian,blocked,0.0,,,
9,0.0,Hebbian,blocked,0.0,,,
9,0.0,Hebbian,blocked,0.0,,,
9,0.0,Hebbian,blocked,0.0,,,
9,0.0,Hebbian,blocked,0.0,,,
9,0.0,Hebbian,blocked,0.0,,,
9,1.0,Hebbian,blocked,0.0,,,
9,1.0,Hebbian,blocked,0.0,,,
9,1.0,Hebbian,blocked,0.0,,,
9,1.0,Hebbian,blocked,0.0,,,
9,1.0,Hebbian,blocked,0.0,,,
9,1.0,Hebbian,blocked,0.0,,,
9,1.0,Hebbian,blocked,0.0,,,
9,1.0,Hebbian,blocked,0.0,,,
9,1.0,Hebbian,blocked,0.0,,,
9,1.0,Hebbian,blocked,0.0,,,
9,1.0,Hebbian,blocked,0.0,,,
9,1.0,Hebbian,blocked,0.0,,,
9,1.0,Hebbian,blocked,0.0,,,
9,1.0,Hebbian,blocked,0.0,,,
9,1.0,Hebbian,blocked,0.0,,,
9,1.0,Hebbian,blocked,0.0,,,
9,1.0,Hebbian,blocked,0.0,,,
9,1.0,Hebbian,blocked,0.0,,,
9,1.0,Hebbian,blocked,0.0,,,
9,1.0,Hebbian,blocked,0.0,,,
9,1.0,Hebbian,blocked,0.0,,,
9,1.0,Hebbian,blocked,0.0,,,
9,1.0,Hebbian,blocked,0.0,,,
9,1.0,Hebbian,blocked,0.0,,,
9,1.0,Hebbian,blocked,0.0,,,
9,1.0,Hebbian,blocked,0.0,,,
9,1.0,Hebbian,blocked,0.0,,,
9,1.0,Hebbian,blocked,0.0,,,
9,1.0,Hebbian,blocked,0.0,,,
9,1.0,Hebbian,blocked,0.0,,,
9,1.0,Hebbian,blocked,0.0,,,
9,1.0,Hebbian,blocked,0.0,,,
9,1.0,Hebbian,blocked,0.0,,,
9,1.0,Hebbian,blocked,0.0,,,
9,1.0,Hebbian,blocked,0.0,,,
9,1.0,Hebbian,blocked,0.0,,,
9,1.0,Hebbian,blocked,0.0,,,
9,1.0,Hebbian,blocked,0.0,,,
9,1.0,Hebbian,blocked,0.0,,,
9,1.0,Hebbian,blocked,0.0,,,
9,1.0,Hebbian,blocked,0.0,,,
9,1.0,Hebbian,blocked,0.0,,,
9,1.0,Hebbian,blocked,0.0,,,
9,1.0,Hebbian,blocked,0.0,,,
9,1.0,Hebbian,blocked,0.0,,,
9,1.0,Hebbian,blocked,0.0,,,
9,1.0,Hebbian,blocked,0.0,,,
9,1.0,Hebbian,blocked,0.0,,,
9,1.0,Hebbian,blocked,0.0,,,
9,1.0,Hebbian,blocked,0.0,,,
9,1.0,Hebbian,blocked,0.0,,,
9,1.0,Hebbian,blocked,0.0,,,
9,1.0,Hebbian,blocked,0.0,,,
9,1.0,Hebbian,blocked,0.0,,,
9,1.0,Hebbian,blocked,0.0,,,
9,1.0,Hebbian,blocked,0.0,,,
9,1.0,Hebbian,blocked,0.0,,,
9,1.0,Hebbian,blocked,0.0,,,
9,1.0,Hebbian,blocked,0.0,,,
9,1.0,Hebbian,blocked,0.0,,,
9,1.0,Hebbian,blocked,0.0,,,
9,1.0,Hebbian,blocked,0.0,,,
9,1.0,Hebbian,blocked,0.0,,,
9,1.0,Hebbian,blocked,0.0,,,
9,1.0,Hebbian,blocked,0.0,,,
9,1.0,Hebbian,blocked,0.0,,,
9,1.0,Hebbian,blocked,0.0,,,
9,1.0,Hebbian,blocked,0.0,,,
9,1.0,Hebbian,blocked,0.0,,,
9,1.0,Hebbian,blocked,0.0,,,
9,1.0,Hebbian,blocked,0.0,,,
9,1.0,Hebbian,blocked,0.0,,,
9,1.0,Hebbian,blocked,0.0,,,
9,1.0,Hebbian,blocked,0.0,,,
9,1.0,Hebbian,blocked,0.0,,,
9,1.0,Hebbian,blocked,0.0,,,
9,1.0,Hebbian,blocked,0.0,,,
9,1.0,Hebbian,blocked,0.0,,,
9,1.0,Hebbian,blocked,0.0,,,
9,1.0,Hebbian,blocked,0.0,,,
9,1.0,Hebbian,blocked,0.0,,,
9,1.0,Hebbian,blocked,0.0,,,
9,1.0,Hebbian,blocked,0.0,,,
9,1.0,Hebbian,blocked,0.0,,,
9,1.0,Hebbian,blocked,0.0,,,
9,1.0,Hebbian,blocked,0.0,,,
9,1.0,Hebbian,blocked,0.0,,,
9,1.0,Hebbian,blocked,0.0,,,
9,1.0,Hebbian,blocked,0.0,,,
9,1.0,Hebbian,blocked,0.0,,,
9,1.0,Hebbian,blocked,0.0,,,
9,1.0,Hebbian,blocked,0.0,,,
9,1.0,Hebbian,blocked,0.0,,,
9,1.0,Hebbian,blocked,0.0,,,
9,1.0,Hebbian,blocked,0.0,,,
0,1.0,ISC,interleaved,,,7600.0,0.0
0,1.0,ISC,interleaved,,,7601.0,1.0
0,1.0,ISC,interleaved,,,7602.0,2.0
0,1.0,ISC,interleaved,,,7603.0,3.0
0,1.0,ISC,interleaved,,,7604.0,4.0
0,1.0,ISC,interleaved,,,7605.0,5.0
0,1.0,ISC,interleaved,,,7606.0,6.0
0,1.0,ISC,interleaved,,,7607.0,7.0
0,1.0,ISC,interleaved,,,7608.0,8.0
0,1.0,ISC,interleaved,,,7609.0,9.0
0,1.0,ISC,interleaved,,,7610.0,10.0
0,1.0,ISC,interleaved,,,7611.0,11.0
0,1.0,ISC,interleaved,,,7612.0,12.0
0,1.0,ISC,interleaved,,,7613.0,13.0
0,1.0,ISC,interleaved,,,7614.0,14.0
0,1.0,ISC,interleaved,,,7615.0,15.0
0,1.0,ISC,interleaved,,,7616.0,16.0
0,1.0,ISC,interleaved,,,7617.0,17.0
0,1.0,ISC,interleaved,,,7618.0,18.0
0,1.0,ISC,interleaved,,,7619.0,19.0
0,1.0,ISC,interleaved,,,7620.0,20.0
0,1.0,ISC,interleaved,,,7621.0,21.0
0,1.0,ISC,interleaved,,,7622.0,22.0
0,1.0,ISC,interleaved,,,7623.0,23.0
0,1.0,ISC,interleaved,,,7624.0,24.0
0,1.0,ISC,interleaved,,,7625.0,25.0
0,1.0,ISC,interleaved,,,7626.0,26.0
0,0.0,ISC,interleaved,,,7627.0,27.0
0,1.0,ISC,interleaved,,,7628.0,28.0
0,1.0,ISC,interleaved,,,7629.0,29.0
0,1.0,ISC,interleaved,,,7630.0,30.0
0,1.0,ISC,interleaved,,,7631.0,31.0
0,1.0,ISC,interleaved,,,7632.0,32.0
0,1.0,ISC,interleaved,,,7633.0,33.0
0,1.0,ISC,interleaved,,,7634.0,34.0
0,1.0,ISC,interleaved,,,7635.0,35.0
0,1.0,ISC,interleaved,,,7636.0,36.0
0,1.0,ISC,interleaved,,,7637.0,37.0
0,1.0,ISC,interleaved,,,7638.0,38.0
0,1.0,ISC,interleaved,,,7639.0,39.0
0,1.0,ISC,interleaved,,,7640.0,40.0
0,1.0,ISC,interleaved,,,7641.0,41.0
0,1.0,ISC,interleaved,,,7642.0,42.0
0,1.0,ISC,interleaved,,,7643.0,43.0
0,1.0,ISC,interleaved,,,7644.0,44.0
0,1.0,ISC,interleaved,,,7645.0,45.0
0,1.0,ISC,interleaved,,,7646.0,46.0
0,1.0,ISC,interleaved,,,7647.0,47.0
0,1.0,ISC,interleaved,,,7648.0,48.0
0,1.0,ISC,interleaved,,,7649.0,49.0
0,1.0,ISC,interleaved,,,7650.0,50.0
0,1.0,ISC,interleaved,,,7651.0,51.0
0,1.0,ISC,interleaved,,,7652.0,52.0
0,1.0,ISC,interleaved,,,7653.0,53.0
0,1.0,ISC,interleaved,,,7654.0,54.0
0,1.0,ISC,interleaved,,,7655.0,55.0
0,1.0,ISC,interleaved,,,7656.0,56.0
0,1.0,ISC,interleaved,,,7657.0,57.0
0,1.0,ISC,interleaved,,,7658.0,58.0
0,1.0,ISC,interleaved,,,7659.0,59.0
0,1.0,ISC,interleaved,,,7660.0,60.0
0,1.0,ISC,interleaved,,,7661.0,61.0
0,1.0,ISC,interleaved,,,7662.0,62.0
0,1.0,ISC,interleaved,,,7663.0,63.0
0,1.0,ISC,interleaved,,,7664.0,64.0
0,1.0,ISC,interleaved,,,7665.0,65.0
0,1.0,ISC,interleaved,,,7666.0,66.0
0,1.0,ISC,interleaved,,,7667.0,67.0
0,1.0,ISC,interleaved,,,7668.0,68.0
0,1.0,ISC,interleaved,,,7669.0,69.0
0,1.0,ISC,interleaved,,,7670.0,70.0
0,1.0,ISC,interleaved,,,7671.0,71.0
0,1.0,ISC,interleaved,,,7672.0,72.0
0,1.0,ISC,interleaved,,,7673.0,73.0
0,1.0,ISC,interleaved,,,7674.0,74.0
0,1.0,ISC,interleaved,,,7675.0,75.0
0,1.0,ISC,interleaved,,,7676.0,76.0
0,1.0,ISC,interleaved,,,7677.0,77.0
0,1.0,ISC,interleaved,,,7678.0,78.0
0,1.0,ISC,interleaved,,,7679.0,79.0
0,1.0,ISC,interleaved,,,7680.0,80.0
0,1.0,ISC,interleaved,,,7681.0,81.0
0,1.0,ISC,interleaved,,,7682.0,82.0
0,1.0,ISC,interleaved,,,7683.0,83.0
0,1.0,ISC,interleaved,,,7684.0,84.0
0,1.0,ISC,interleaved,,,7685.0,85.0
0,1.0,ISC,interleaved,,,7686.0,86.0
0,1.0,ISC,interleaved,,,7687.0,87.0
0,1.0,ISC,interleaved,,,7688.0,88.0
0,1.0,ISC,interleaved,,,7689.0,89.0
0,1.0,ISC,interleaved,,,7690.0,90.0
0,1.0,ISC,interleaved,,,7691.0,91.0
0,1.0,ISC,interleaved,,,7692.0,92.0
0,1.0,ISC,interleaved,,,7693.0,93.0
0,1.0,ISC,interleaved,,,7694.0,94.0
0,1.0,ISC,interleaved,,,7695.0,95.0
0,1.0,ISC,interleaved,,,7696.0,96.0
0,1.0,ISC,interleaved,,,7697.0,97.0
0,0.0,ISC,interleaved,,,7698.0,98.0
0,1.0,ISC,interleaved,,,7699.0,99.0
0,1.0,ISC,interleaved,,,7700.0,100.0
0,1.0,ISC,interleaved,,,7701.0,101.0
0,1.0,ISC,interleaved,,,7702.0,102.0
0,1.0,ISC,interleaved,,,7703.0,103.0
0,1.0,ISC,interleaved,,,7704.0,104.0
0,1.0,ISC,interleaved,,,7705.0,105.0
0,1.0,ISC,interleaved,,,7706.0,106.0
0,1.0,ISC,interleaved,,,7707.0,107.0
0,1.0,ISC,interleaved,,,7708.0,108.0
0,1.0,ISC,interleaved,,,7709.0,109.0
0,1.0,ISC,interleaved,,,7710.0,110.0
0,1.0,ISC,interleaved,,,7711.0,111.0
0,1.0,ISC,interleaved,,,7712.0,112.0
0,1.0,ISC,interleaved,,,7713.0,113.0
0,0.0,ISC,interleaved,,,7714.0,114.0
0,1.0,ISC,interleaved,,,7715.0,115.0
0,0.0,ISC,interleaved,,,7716.0,116.0
0,0.0,ISC,interleaved,,,7717.0,117.0
0,1.0,ISC,interleaved,,,7718.0,118.0
0,1.0,ISC,interleaved,,,7719.0,119.0
0,1.0,ISC,interleaved,,,7720.0,120.0
0,1.0,ISC,interleaved,,,7721.0,121.0
0,1.0,ISC,interleaved,,,7722.0,122.0
0,1.0,ISC,interleaved,,,7723.0,123.0
0,1.0,ISC,interleaved,,,7724.0,124.0
0,1.0,ISC,interleaved,,,7725.0,125.0
0,1.0,ISC,interleaved,,,7726.0,126.0
0,1.0,ISC,interleaved,,,7727.0,127.0
0,1.0,ISC,interleaved,,,7728.0,128.0
0,1.0,ISC,interleaved,,,7729.0,129.0
0,1.0,ISC,interleaved,,,7730.0,130.0
0,1.0,ISC,interleaved,,,7731.0,131.0
0,1.0,ISC,interleaved,,,7732.0,132.0
0,1.0,ISC,interleaved,,,7733.0,133.0
0,0.0,ISC,interleaved,,,7734.0,134.0
0,0.0,ISC,interleaved,,,7735.0,135.0
0,0.0,ISC,interleaved,,,7736.0,136.0
0,1.0,ISC,interleaved,,,7737.0,137.0
0,1.0,ISC,interleaved,,,7738.0,138.0
0,1.0,ISC,interleaved,,,7739.0,139.0
0,1.0,ISC,interleaved,,,7740.0,140.0
0,1.0,ISC,interleaved,,,7741.0,141.0
0,1.0,ISC,interleaved,,,7742.0,142.0
0,1.0,ISC,interleaved,,,7743.0,143.0
0,1.0,ISC,interleaved,,,7744.0,144.0
0,1.0,ISC,interleaved,,,7745.0,145.0
0,1.0,ISC,interleaved,,,7746.0,146.0
0,1.0,ISC,interleaved,,,7747.0,147.0
0,1.0,ISC,interleaved,,,7748.0,148.0
0,1.0,ISC,interleaved,,,7749.0,149.0
0,1.0,ISC,interleaved,,,7750.0,150.0
0,1.0,ISC,interleaved,,,7751.0,151.0
0,0.0,ISC,interleaved,,,7752.0,152.0
0,0.0,ISC,interleaved,,,7753.0,153.0
0,0.0,ISC,interleaved,,,7754.0,154.0
0,0.0,ISC,interleaved,,,7755.0,155.0
0,1.0,ISC,interleaved,,,7756.0,156.0
0,1.0,ISC,interleaved,,,7757.0,157.0
0,1.0,ISC,interleaved,,,7758.0,158.0
0,1.0,ISC,interleaved,,,7759.0,159.0
0,1.0,ISC,interleaved,,,7760.0,160.0
0,1.0,ISC,interleaved,,,7761.0,161.0
0,1.0,ISC,interleaved,,,7762.0,162.0
0,1.0,ISC,interleaved,,,7763.0,163.0
0,1.0,ISC,interleaved,,,7764.0,164.0
0,1.0,ISC,interleaved,,,7765.0,165.0
0,1.0,ISC,interleaved,,,7766.0,166.0
0,1.0,ISC,interleaved,,,7767.0,167.0
0,1.0,ISC,interleaved,,,7768.0,168.0
0,1.0,ISC,interleaved,,,7769.0,169.0
0,1.0,ISC,interleaved,,,7770.0,170.0
0,1.0,ISC,interleaved,,,7771.0,171.0
0,1.0,ISC,interleaved,,,7772.0,172.0
0,1.0,ISC,interleaved,,,7773.0,173.0
0,0.0,ISC,interleaved,,,7774.0,174.0
0,1.0,ISC,interleaved,,,7775.0,175.0
0,1.0,ISC,interleaved,,,7776.0,176.0
0,1.0,ISC,interleaved,,,7777.0,177.0
0,1.0,ISC,interleaved,,,7778.0,178.0
0,1.0,ISC,interleaved,,,7779.0,179.0
0,1.0,ISC,interleaved,,,7780.0,180.0
0,1.0,ISC,interleaved,,,7781.0,181.0
0,1.0,ISC,interleaved,,,7782.0,182.0
0,1.0,ISC,interleaved,,,7783.0,183.0
0,1.0,ISC,interleaved,,,7784.0,184.0
0,1.0,ISC,interleaved,,,7785.0,185.0
0,1.0,ISC,interleaved,,,7786.0,186.0
0,1.0,ISC,interleaved,,,7787.0,187.0
0,1.0,ISC,interleaved,,,7788.0,188.0
0,1.0,ISC,interleaved,,,7789.0,189.0
0,1.0,ISC,interleaved,,,7790.0,190.0
0,1.0,ISC,interleaved,,,7791.0,191.0
0,1.0,ISC,interleaved,,,7792.0,192.0
0,1.0,ISC,interleaved,,,7793.0,193.0
0,1.0,ISC,interleaved,,,7794.0,194.0
0,1.0,ISC,interleaved,,,7795.0,195.0
0,1.0,ISC,interleaved,,,7796.0,196.0
0,1.0,ISC,interleaved,,,7797.0,197.0
0,1.0,ISC,interleaved,,,7798.0,198.0
0,1.0,ISC,interleaved,,,7799.0,199.0
0,1.0,ISC,interleaved,,,7800.0,200.0
0,1.0,ISC,interleaved,,,7801.0,201.0
0,1.0,ISC,interleaved,,,7802.0,202.0
0,1.0,ISC,interleaved,,,7803.0,203.0
0,1.0,ISC,interleaved,,,7804.0,204.0
0,1.0,ISC,interleaved,,,7805.0,205.0
0,1.0,ISC,interleaved,,,7806.0,206.0
0,1.0,ISC,interleaved,,,7807.0,207.0
0,1.0,ISC,interleaved,,,7808.0,208.0
0,1.0,ISC,interleaved,,,7809.0,209.0
0,1.0,ISC,interleaved,,,7810.0,210.0
0,1.0,ISC,interleaved,,,7811.0,211.0
0,1.0,ISC,interleaved,,,7812.0,212.0
0,1.0,ISC,interleaved,,,7813.0,213.0
0,1.0,ISC,interleaved,,,7814.0,214.0
0,1.0,ISC,interleaved,,,7815.0,215.0
0,1.0,ISC,interleaved,,,7816.0,216.0
0,1.0,ISC,interleaved,,,7817.0,217.0
0,1.0,ISC,interleaved,,,7818.0,218.0
0,1.0,ISC,interleaved,,,7819.0,219.0
0,1.0,ISC,interleaved,,,7820.0,220.0
0,1.0,ISC,interleaved,,,7821.0,221.0
0,1.0,ISC,interleaved,,,7822.0,222.0
0,1.0,ISC,interleaved,,,7823.0,223.0
0,1.0,ISC,interleaved,,,7824.0,224.0
0,1.0,ISC,interleaved,,,7825.0,225.0
0,1.0,ISC,interleaved,,,7826.0,226.0
0,1.0,ISC,interleaved,,,7827.0,227.0
0,1.0,ISC,interleaved,,,7828.0,228.0
0,1.0,ISC,interleaved,,,7829.0,229.0
0,1.0,ISC,interleaved,,,7830.0,230.0
0,1.0,ISC,interleaved,,,7831.0,231.0
0,1.0,ISC,interleaved,,,7832.0,232.0
0,1.0,ISC,interleaved,,,7833.0,233.0
0,1.0,ISC,interleaved,,,7834.0,234.0
0,1.0,ISC,interleaved,,,7835.0,235.0
0,1.0,ISC,interleaved,,,7836.0,236.0
0,1.0,ISC,interleaved,,,7837.0,237.0
0,1.0,ISC,interleaved,,,7838.0,238.0
0,1.0,ISC,interleaved,,,7839.0,239.0
0,1.0,ISC,interleaved,,,7840.0,240.0
0,1.0,ISC,interleaved,,,7841.0,241.0
0,1.0,ISC,interleaved,,,7842.0,242.0
0,1.0,ISC,interleaved,,,7843.0,243.0
0,1.0,ISC,interleaved,,,7844.0,244.0
0,1.0,ISC,interleaved,,,7845.0,245.0
0,1.0,ISC,interleaved,,,7846.0,246.0
0,1.0,ISC,interleaved,,,7847.0,247.0
0,1.0,ISC,interleaved,,,7848.0,248.0
0,1.0,ISC,interleaved,,,7849.0,249.0
0,1.0,ISC,interleaved,,,7850.0,250.0
0,1.0,ISC,interleaved,,,7851.0,251.0
0,1.0,ISC,interleaved,,,7852.0,252.0
0,1.0,ISC,interleaved,,,7853.0,253.0
0,1.0,ISC,interleaved,,,7854.0,254.0
0,1.0,ISC,interleaved,,,7855.0,255.0
0,1.0,ISC,interleaved,,,7856.0,256.0
0,1.0,ISC,interleaved,,,7857.0,257.0
0,1.0,ISC,interleaved,,,7858.0,258.0
0,1.0,ISC,interleaved,,,7859.0,259.0
0,1.0,ISC,interleaved,,,7860.0,260.0
0,1.0,ISC,interleaved,,,7861.0,261.0
0,1.0,ISC,interleaved,,,7862.0,262.0
0,1.0,ISC,interleaved,,,7863.0,263.0
0,1.0,ISC,interleaved,,,7864.0,264.0
0,1.0,ISC,interleaved,,,7865.0,265.0
0,1.0,ISC,interleaved,,,7866.0,266.0
0,1.0,ISC,interleaved,,,7867.0,267.0
0,1.0,ISC,interleaved,,,7868.0,268.0
0,1.0,ISC,interleaved,,,7869.0,269.0
0,1.0,ISC,interleaved,,,7870.0,270.0
0,1.0,ISC,interleaved,,,7871.0,271.0
0,1.0,ISC,interleaved,,,7872.0,272.0
0,1.0,ISC,interleaved,,,7873.0,273.0
0,1.0,ISC,interleaved,,,7874.0,274.0
0,1.0,ISC,interleaved,,,7875.0,275.0
0,1.0,ISC,interleaved,,,7876.0,276.0
0,1.0,ISC,interleaved,,,7877.0,277.0
0,1.0,ISC,interleaved,,,7878.0,278.0
0,1.0,ISC,interleaved,,,7879.0,279.0
0,1.0,ISC,interleaved,,,7880.0,280.0
0,1.0,ISC,interleaved,,,7881.0,281.0
0,1.0,ISC,interleaved,,,7882.0,282.0
0,1.0,ISC,interleaved,,,7883.0,283.0
0,1.0,ISC,interleaved,,,7884.0,284.0
0,1.0,ISC,interleaved,,,7885.0,285.0
0,1.0,ISC,interleaved,,,7886.0,286.0
0,1.0,ISC,interleaved,,,7887.0,287.0
0,1.0,ISC,interleaved,,,7888.0,288.0
0,1.0,ISC,interleaved,,,7889.0,289.0
0,1.0,ISC,interleaved,,,7890.0,290.0
0,1.0,ISC,interleaved,,,7891.0,291.0
0,1.0,ISC,interleaved,,,7892.0,292.0
0,1.0,ISC,interleaved,,,7893.0,293.0
0,1.0,ISC,interleaved,,,7894.0,294.0
0,0.0,ISC,interleaved,,,7895.0,295.0
0,0.0,ISC,interleaved,,,7896.0,296.0
0,0.0,ISC,interleaved,,,7897.0,297.0
0,0.0,ISC,interleaved,,,7898.0,298.0
0,1.0,ISC,interleaved,,,7899.0,299.0
0,1.0,ISC,interleaved,,,7900.0,300.0
0,1.0,ISC,interleaved,,,7901.0,301.0
0,1.0,ISC,interleaved,,,7902.0,302.0
0,1.0,ISC,interleaved,,,7903.0,303.0
0,1.0,ISC,interleaved,,,7904.0,304.0
0,1.0,ISC,interleaved,,,7905.0,305.0
0,1.0,ISC,interleaved,,,7906.0,306.0
0,1.0,ISC,interleaved,,,7907.0,307.0
0,1.0,ISC,interleaved,,,7908.0,308.0
0,1.0,ISC,interleaved,,,7909.0,309.0
0,1.0,ISC,interleaved,,,7910.0,310.0
0,1.0,ISC,interleaved,,,7911.0,311.0
0,1.0,ISC,interleaved,,,7912.0,312.0
0,1.0,ISC,interleaved,,,7913.0,313.0
0,0.0,ISC,interleaved,,,7914.0,314.0
0,0.0,ISC,interleaved,,,7915.0,315.0
0,1.0,ISC,interleaved,,,7916.0,316.0
0,1.0,ISC,interleaved,,,7917.0,317.0
0,0.0,ISC,interleaved,,,7918.0,318.0
0,1.0,ISC,interleaved,,,7919.0,319.0
0,1.0,ISC,interleaved,,,7920.0,320.0
0,1.0,ISC,interleaved,,,7921.0,321.0
0,1.0,ISC,interleaved,,,7922.0,322.0
0,1.0,ISC,interleaved,,,7923.0,323.0
0,1.0,ISC,interleaved,,,7924.0,324.0
0,1.0,ISC,interleaved,,,7925.0,325.0
0,1.0,ISC,interleaved,,,7926.0,326.0
0,1.0,ISC,interleaved,,,7927.0,327.0
0,1.0,ISC,interleaved,,,7928.0,328.0
0,1.0,ISC,interleaved,,,7929.0,329.0
0,1.0,ISC,interleaved,,,7930.0,330.0
0,1.0,ISC,interleaved,,,7931.0,331.0
0,1.0,ISC,interleaved,,,7932.0,332.0
0,0.0,ISC,interleaved,,,7933.0,333.0
0,0.0,ISC,interleaved,,,7934.0,334.0
0,1.0,ISC,interleaved,,,7935.0,335.0
0,0.0,ISC,interleaved,,,7936.0,336.0
0,0.0,ISC,interleaved,,,7937.0,337.0
0,1.0,ISC,interleaved,,,7938.0,338.0
0,1.0,ISC,interleaved,,,7939.0,339.0
0,1.0,ISC,interleaved,,,7940.0,340.0
0,1.0,ISC,interleaved,,,7941.0,341.0
0,1.0,ISC,interleaved,,,7942.0,342.0
0,1.0,ISC,interleaved,,,7943.0,343.0
0,1.0,ISC,interleaved,,,7944.0,344.0
0,1.0,ISC,interleaved,,,7945.0,345.0
0,1.0,ISC,interleaved,,,7946.0,346.0
0,1.0,ISC,interleaved,,,7947.0,347.0
0,1.0,ISC,interleaved,,,7948.0,348.0
0,1.0,ISC,interleaved,,,7949.0,349.0
0,1.0,ISC,interleaved,,,7950.0,350.0
0,1.0,ISC,interleaved,,,7951.0,351.0
0,0.0,ISC,interleaved,,,7952.0,352.0
0,0.0,ISC,interleaved,,,7953.0,353.0
0,1.0,ISC,interleaved,,,7954.0,354.0
0,1.0,ISC,interleaved,,,7955.0,355.0
0,0.0,ISC,interleaved,,,7956.0,356.0
0,1.0,ISC,interleaved,,,7957.0,357.0
0,1.0,ISC,interleaved,,,7958.0,358.0
0,1.0,ISC,interleaved,,,7959.0,359.0
0,1.0,ISC,interleaved,,,7960.0,360.0
0,1.0,ISC,interleaved,,,7961.0,361.0
0,1.0,ISC,interleaved,,,7962.0,362.0
0,1.0,ISC,interleaved,,,7963.0,363.0
0,1.0,ISC,interleaved,,,7964.0,364.0
0,1.0,ISC,interleaved,,,7965.0,365.0
0,1.0,ISC,interleaved,,,7966.0,366.0
0,1.0,ISC,interleaved,,,7967.0,367.0
0,1.0,ISC,interleaved,,,7968.0,368.0
0,1.0,ISC,interleaved,,,7969.0,369.0
0,1.0,ISC,interleaved,,,7970.0,370.0
0,0.0,ISC,interleaved,,,7971.0,371.0
0,1.0,ISC,interleaved,,,7972.0,372.0
0,0.0,ISC,interleaved,,,7973.0,373.0
0,1.0,ISC,interleaved,,,7974.0,374.0
0,0.0,ISC,interleaved,,,7975.0,375.0
0,1.0,ISC,interleaved,,,7976.0,376.0
0,1.0,ISC,interleaved,,,7977.0,377.0
0,1.0,ISC,interleaved,,,7978.0,378.0
0,1.0,ISC,interleaved,,,7979.0,379.0
1,1.0,ISC,interleaved,,,7980.0,0.0
1,1.0,ISC,interleaved,,,7981.0,1.0
1,1.0,ISC,interleaved,,,7982.0,2.0
1,1.0,ISC,interleaved,,,7983.0,3.0
1,0.0,ISC,interleaved,,,7984.0,4.0
1,0.0,ISC,interleaved,,,7985.0,5.0
1,0.0,ISC,interleaved,,,7986.0,6.0
1,0.0,ISC,interleaved,,,7987.0,7.0
1,0.0,ISC,interleaved,,,7988.0,8.0
1,1.0,ISC,interleaved,,,7989.0,9.0
1,1.0,ISC,interleaved,,,7990.0,10.0
1,1.0,ISC,interleaved,,,7991.0,11.0
1,1.0,ISC,interleaved,,,7992.0,12.0
1,1.0,ISC,interleaved,,,7993.0,13.0
1,1.0,ISC,interleaved,,,7994.0,14.0
1,1.0,ISC,interleaved,,,7995.0,15.0
1,1.0,ISC,interleaved,,,7996.0,16.0
1,1.0,ISC,interleaved,,,7997.0,17.0
1,1.0,ISC,interleaved,,,7998.0,18.0
1,1.0,ISC,interleaved,,,7999.0,19.0
1,1.0,ISC,interleaved,,,8000.0,20.0
1,1.0,ISC,interleaved,,,8001.0,21.0
1,1.0,ISC,interleaved,,,8002.0,22.0
1,0.0,ISC,interleaved,,,8003.0,23.0
1,0.0,ISC,interleaved,,,8004.0,24.0
1,1.0,ISC,interleaved,,,8005.0,25.0
1,1.0,ISC,interleaved,,,8006.0,26.0
1,1.0,ISC,interleaved,,,8007.0,27.0
1,1.0,ISC,interleaved,,,8008.0,28.0
1,1.0,ISC,interleaved,,,8009.0,29.0
1,1.0,ISC,interleaved,,,8010.0,30.0
1,1.0,ISC,interleaved,,,8011.0,31.0
1,1.0,ISC,interleaved,,,8012.0,32.0
1,1.0,ISC,interleaved,,,8013.0,33.0
1,1.0,ISC,interleaved,,,8014.0,34.0
1,1.0,ISC,interleaved,,,8015.0,35.0
1,1.0,ISC,interleaved,,,8016.0,36.0
1,1.0,ISC,interleaved,,,8017.0,37.0
1,1.0,ISC,interleaved,,,8018.0,38.0
1,1.0,ISC,interleaved,,,8019.0,39.0
1,1.0,ISC,interleaved,,,8020.0,40.0
1,1.0,ISC,interleaved,,,8021.0,41.0
1,0.0,ISC,interleaved,,,8022.0,42.0
1,0.0,ISC,interleaved,,,8023.0,43.0
1,0.0,ISC,interleaved,,,8024.0,44.0
1,1.0,ISC,interleaved,,,8025.0,45.0
1,0.0,ISC,interleaved,,,8026.0,46.0
1,1.0,ISC,interleaved,,,8027.0,47.0
1,1.0,ISC,interleaved,,,8028.0,48.0
1,1.0,ISC,interleaved,,,8029.0,49.0
1,1.0,ISC,interleaved,,,8030.0,50.0
1,1.0,ISC,interleaved,,,8031.0,51.0
1,1.0,ISC,interleaved,,,8032.0,52.0
1,1.0,ISC,interleaved,,,8033.0,53.0
1,1.0,ISC,interleaved,,,8034.0,54.0
1,1.0,ISC,interleaved,,,8035.0,55.0
1,1.0,ISC,interleaved,,,8036.0,56.0
1,1.0,ISC,interleaved,,,8037.0,57.0
1,1.0,ISC,interleaved,,,8038.0,58.0
1,1.0,ISC,interleaved,,,8039.0,59.0
1,1.0,ISC,interleaved,,,8040.0,60.0
1,0.0,ISC,interleaved,,,8041.0,61.0
1,1.0,ISC,interleaved,,,8042.0,62.0
1,1.0,ISC,interleaved,,,8043.0,63.0
1,1.0,ISC,interleaved,,,8044.0,64.0
1,1.0,ISC,interleaved,,,8045.0,65.0
1,1.0,ISC,interleaved,,,8046.0,66.0
1,1.0,ISC,interleaved,,,8047.0,67.0
1,1.0,ISC,interleaved,,,8048.0,68.0
1,1.0,ISC,interleaved,,,8049.0,69.0
1,1.0,ISC,interleaved,,,8050.0,70.0
1,1.0,ISC,interleaved,,,8051.0,71.0
1,1.0,ISC,interleaved,,,8052.0,72.0
1,1.0,ISC,interleaved,,,8053.0,73.0
1,1.0,ISC,interleaved,,,8054.0,74.0
1,1.0,ISC,interleaved,,,8055.0,75.0
1,1.0,ISC,interleaved,,,8056.0,76.0
1,1.0,ISC,interleaved,,,8057.0,77.0
1,1.0,ISC,interleaved,,,8058.0,78.0
1,1.0,ISC,interleaved,,,8059.0,79.0
1,0.0,ISC,interleaved,,,8060.0,80.0
1,0.0,ISC,interleaved,,,8061.0,81.0
1,1.0,ISC,interleaved,,,8062.0,82.0
1,1.0,ISC,interleaved,,,8063.0,83.0
1,1.0,ISC,interleaved,,,8064.0,84.0
1,1.0,ISC,interleaved,,,8065.0,85.0
1,1.0,ISC,interleaved,,,8066.0,86.0
1,1.0,ISC,interleaved,,,8067.0,87.0
1,1.0,ISC,interleaved,,,8068.0,88.0
1,1.0,ISC,interleaved,,,8069.0,89.0
1,1.0,ISC,interleaved,,,8070.0,90.0
1,1.0,ISC,interleaved,,,8071.0,91.0
1,1.0,ISC,interleaved,,,8072.0,92.0
1,1.0,ISC,interleaved,,,8073.0,93.0
1,1.0,ISC,interleaved,,,8074.0,94.0
1,1.0,ISC,interleaved,,,8075.0,95.0
1,1.0,ISC,interleaved,,,8076.0,96.0
1,1.0,ISC,interleaved,,,8077.0,97.0
1,1.0,ISC,interleaved,,,8078.0,98.0
1,1.0,ISC,interleaved,,,8079.0,99.0
1,1.0,ISC,interleaved,,,8080.0,100.0
1,1.0,ISC,interleaved,,,8081.0,101.0
1,1.0,ISC,interleaved,,,8082.0,102.0
1,1.0,ISC,interleaved,,,8083.0,103.0
1,1.0,ISC,interleaved,,,8084.0,104.0
1,1.0,ISC,interleaved,,,8085.0,105.0
1,1.0,ISC,interleaved,,,8086.0,106.0
1,1.0,ISC,interleaved,,,8087.0,107.0
1,1.0,ISC,interleaved,,,8088.0,108.0
1,1.0,ISC,interleaved,,,8089.0,109.0
1,1.0,ISC,interleaved,,,8090.0,110.0
1,1.0,ISC,interleaved,,,8091.0,111.0
1,1.0,ISC,interleaved,,,8092.0,112.0
1,1.0,ISC,interleaved,,,8093.0,113.0
1,1.0,ISC,interleaved,,,8094.0,114.0
1,1.0,ISC,interleaved,,,8095.0,115.0
1,1.0,ISC,interleaved,,,8096.0,116.0
1,1.0,ISC,interleaved,,,8097.0,117.0
1,1.0,ISC,interleaved,,,8098.0,118.0
1,1.0,ISC,interleaved,,,8099.0,119.0
1,1.0,ISC,interleaved,,,8100.0,120.0
1,1.0,ISC,interleaved,,,8101.0,121.0
1,1.0,ISC,interleaved,,,8102.0,122.0
1,1.0,ISC,interleaved,,,8103.0,123.0
1,1.0,ISC,interleaved,,,8104.0,124.0
1,1.0,ISC,interleaved,,,8105.0,125.0
1,1.0,ISC,interleaved,,,8106.0,126.0
1,1.0,ISC,interleaved,,,8107.0,127.0
1,1.0,ISC,interleaved,,,8108.0,128.0
1,1.0,ISC,interleaved,,,8109.0,129.0
1,1.0,ISC,interleaved,,,8110.0,130.0
1,1.0,ISC,interleaved,,,8111.0,131.0
1,1.0,ISC,interleaved,,,8112.0,132.0
1,1.0,ISC,interleaved,,,8113.0,133.0
1,1.0,ISC,interleaved,,,8114.0,134.0
1,1.0,ISC,interleaved,,,8115.0,135.0
1,0.0,ISC,interleaved,,,8116.0,136.0
1,1.0,ISC,interleaved,,,8117.0,137.0
1,1.0,ISC,interleaved,,,8118.0,138.0
1,1.0,ISC,interleaved,,,8119.0,139.0
1,1.0,ISC,interleaved,,,8120.0,140.0
1,1.0,ISC,interleaved,,,8121.0,141.0
1,1.0,ISC,interleaved,,,8122.0,142.0
1,1.0,ISC,interleaved,,,8123.0,143.0
1,1.0,ISC,interleaved,,,8124.0,144.0
1,1.0,ISC,interleaved,,,8125.0,145.0
1,1.0,ISC,interleaved,,,8126.0,146.0
1,1.0,ISC,interleaved,,,8127.0,147.0
1,1.0,ISC,interleaved,,,8128.0,148.0
1,1.0,ISC,interleaved,,,8129.0,149.0
1,1.0,ISC,interleaved,,,8130.0,150.0
1,1.0,ISC,interleaved,,,8131.0,151.0
1,1.0,ISC,interleaved,,,8132.0,152.0
1,0.0,ISC,interleaved,,,8133.0,153.0
1,1.0,ISC,interleaved,,,8134.0,154.0
1,0.0,ISC,interleaved,,,8135.0,155.0
1,1.0,ISC,interleaved,,,8136.0,156.0
1,1.0,ISC,interleaved,,,8137.0,157.0
1,1.0,ISC,interleaved,,,8138.0,158.0
1,1.0,ISC,interleaved,,,8139.0,159.0
1,1.0,ISC,interleaved,,,8140.0,160.0
1,1.0,ISC,interleaved,,,8141.0,161.0
1,1.0,ISC,interleaved,,,8142.0,162.0
1,1.0,ISC,interleaved,,,8143.0,163.0
1,1.0,ISC,interleaved,,,8144.0,164.0
1,1.0,ISC,interleaved,,,8145.0,165.0
1,1.0,ISC,interleaved,,,8146.0,166.0
1,1.0,ISC,interleaved,,,8147.0,167.0
1,1.0,ISC,interleaved,,,8148.0,168.0
1,1.0,ISC,interleaved,,,8149.0,169.0
1,1.0,ISC,interleaved,,,8150.0,170.0
1,1.0,ISC,interleaved,,,8151.0,171.0
1,1.0,ISC,interleaved,,,8152.0,172.0
1,1.0,ISC,interleaved,,,8153.0,173.0
1,0.0,ISC,interleaved,,,8154.0,174.0
1,0.0,ISC,interleaved,,,8155.0,175.0
1,1.0,ISC,interleaved,,,8156.0,176.0
1,1.0,ISC,interleaved,,,8157.0,177.0
1,1.0,ISC,interleaved,,,8158.0,178.0
1,1.0,ISC,interleaved,,,8159.0,179.0
1,1.0,ISC,interleaved,,,8160.0,180.0
1,1.0,ISC,interleaved,,,8161.0,181.0
1,1.0,ISC,interleaved,,,8162.0,182.0
1,1.0,ISC,interleaved,,,8163.0,183.0
1,1.0,ISC,interleaved,,,8164.0,184.0
1,1.0,ISC,interleaved,,,8165.0,185.0
1,1.0,ISC,interleaved,,,8166.0,186.0
1,1.0,ISC,interleaved,,,8167.0,187.0
1,1.0,ISC,interleaved,,,8168.0,188.0
1,1.0,ISC,interleaved,,,8169.0,189.0
1,1.0,ISC,interleaved,,,8170.0,190.0
1,1.0,ISC,interleaved,,,8171.0,191.0
1,1.0,ISC,interleaved,,,8172.0,192.0
1,1.0,ISC,interleaved,,,8173.0,193.0
1,1.0,ISC,interleaved,,,8174.0,194.0
1,1.0,ISC,interleaved,,,8175.0,195.0
1,1.0,ISC,interleaved,,,8176.0,196.0
1,1.0,ISC,interleaved,,,8177.0,197.0
1,1.0,ISC,interleaved,,,8178.0,198.0
1,1.0,ISC,interleaved,,,8179.0,199.0
1,1.0,ISC,interleaved,,,8180.0,200.0
1,1.0,ISC,interleaved,,,8181.0,201.0
1,1.0,ISC,interleaved,,,8182.0,202.0
1,1.0,ISC,interleaved,,,8183.0,203.0
1,1.0,ISC,interleaved,,,8184.0,204.0
1,1.0,ISC,interleaved,,,8185.0,205.0
1,1.0,ISC,interleaved,,,8186.0,206.0
1,1.0,ISC,interleaved,,,8187.0,207.0
1,1.0,ISC,interleaved,,,8188.0,208.0
1,1.0,ISC,interleaved,,,8189.0,209.0
1,1.0,ISC,interleaved,,,8190.0,210.0
1,1.0,ISC,interleaved,,,8191.0,211.0
1,1.0,ISC,interleaved,,,8192.0,212.0
1,1.0,ISC,interleaved,,,8193.0,213.0
1,1.0,ISC,interleaved,,,8194.0,214.0
1,1.0,ISC,interleaved,,,8195.0,215.0
1,1.0,ISC,interleaved,,,8196.0,216.0
1,1.0,ISC,interleaved,,,8197.0,217.0
1,1.0,ISC,interleaved,,,8198.0,218.0
1,1.0,ISC,interleaved,,,8199.0,219.0
1,1.0,ISC,interleaved,,,8200.0,220.0
1,1.0,ISC,interleaved,,,8201.0,221.0
1,1.0,ISC,interleaved,,,8202.0,222.0
1,1.0,ISC,interleaved,,,8203.0,223.0
1,1.0,ISC,interleaved,,,8204.0,224.0
1,1.0,ISC,interleaved,,,8205.0,225.0
1,1.0,ISC,interleaved,,,8206.0,226.0
1,1.0,ISC,interleaved,,,8207.0,227.0
1,1.0,ISC,interleaved,,,8208.0,228.0
1,1.0,ISC,interleaved,,,8209.0,229.0
1,1.0,ISC,interleaved,,,8210.0,230.0
1,1.0,ISC,interleaved,,,8211.0,231.0
1,1.0,ISC,interleaved,,,8212.0,232.0
1,1.0,ISC,interleaved,,,8213.0,233.0
1,1.0,ISC,interleaved,,,8214.0,234.0
1,1.0,ISC,interleaved,,,8215.0,235.0
1,1.0,ISC,interleaved,,,8216.0,236.0
1,1.0,ISC,interleaved,,,8217.0,237.0
1,1.0,ISC,interleaved,,,8218.0,238.0
1,1.0,ISC,interleaved,,,8219.0,239.0
1,1.0,ISC,interleaved,,,8220.0,240.0
1,1.0,ISC,interleaved,,,8221.0,241.0
1,1.0,ISC,interleaved,,,8222.0,242.0
1,1.0,ISC,interleaved,,,8223.0,243.0
1,1.0,ISC,interleaved,,,8224.0,244.0
1,1.0,ISC,interleaved,,,8225.0,245.0
1,1.0,ISC,interleaved,,,8226.0,246.0
1,1.0,ISC,interleaved,,,8227.0,247.0
1,1.0,ISC,interleaved,,,8228.0,248.0
1,1.0,ISC,interleaved,,,8229.0,249.0
1,1.0,ISC,interleaved,,,8230.0,250.0
1,1.0,ISC,interleaved,,,8231.0,251.0
1,1.0,ISC,interleaved,,,8232.0,252.0
1,1.0,ISC,interleaved,,,8233.0,253.0
1,1.0,ISC,interleaved,,,8234.0,254.0
1,1.0,ISC,interleaved,,,8235.0,255.0
1,1.0,ISC,interleaved,,,8236.0,256.0
1,1.0,ISC,interleaved,,,8237.0,257.0
1,1.0,ISC,interleaved,,,8238.0,258.0
1,1.0,ISC,interleaved,,,8239.0,259.0
1,1.0,ISC,interleaved,,,8240.0,260.0
1,1.0,ISC,interleaved,,,8241.0,261.0
1,1.0,ISC,interleaved,,,8242.0,262.0
1,1.0,ISC,interleaved,,,8243.0,263.0
1,1.0,ISC,interleaved,,,8244.0,264.0
1,1.0,ISC,interleaved,,,8245.0,265.0
1,1.0,ISC,interleaved,,,8246.0,266.0
1,1.0,ISC,interleaved,,,8247.0,267.0
1,1.0,ISC,interleaved,,,8248.0,268.0
1,1.0,ISC,interleaved,,,8249.0,269.0
1,1.0,ISC,interleaved,,,8250.0,270.0
1,1.0,ISC,interleaved,,,8251.0,271.0
1,1.0,ISC,interleaved,,,8252.0,272.0
1,1.0,ISC,interleaved,,,8253.0,273.0
1,1.0,ISC,interleaved,,,8254.0,274.0
1,1.0,ISC,interleaved,,,8255.0,275.0
1,1.0,ISC,interleaved,,,8256.0,276.0
1,1.0,ISC,interleaved,,,8257.0,277.0
1,1.0,ISC,interleaved,,,8258.0,278.0
1,1.0,ISC,interleaved,,,8259.0,279.0
1,1.0,ISC,interleaved,,,8260.0,280.0
1,1.0,ISC,interleaved,,,8261.0,281.0
1,1.0,ISC,interleaved,,,8262.0,282.0
1,1.0,ISC,interleaved,,,8263.0,283.0
1,1.0,ISC,interleaved,,,8264.0,284.0
1,1.0,ISC,interleaved,,,8265.0,285.0
1,1.0,ISC,interleaved,,,8266.0,286.0
1,1.0,ISC,interleaved,,,8267.0,287.0
1,1.0,ISC,interleaved,,,8268.0,288.0
1,1.0,ISC,interleaved,,,8269.0,289.0
1,1.0,ISC,interleaved,,,8270.0,290.0
1,1.0,ISC,interleaved,,,8271.0,291.0
1,1.0,ISC,interleaved,,,8272.0,292.0
1,1.0,ISC,interleaved,,,8273.0,293.0
1,1.0,ISC,interleaved,,,8274.0,294.0
1,1.0,ISC,interleaved,,,8275.0,295.0
1,0.0,ISC,interleaved,,,8276.0,296.0
1,0.0,ISC,interleaved,,,8277.0,297.0
1,1.0,ISC,interleaved,,,8278.0,298.0
1,1.0,ISC,interleaved,,,8279.0,299.0
1,1.0,ISC,interleaved,,,8280.0,300.0
1,1.0,ISC,interleaved,,,8281.0,301.0
1,1.0,ISC,interleaved,,,8282.0,302.0
1,1.0,ISC,interleaved,,,8283.0,303.0
1,1.0,ISC,interleaved,,,8284.0,304.0
1,1.0,ISC,interleaved,,,8285.0,305.0
1,1.0,ISC,interleaved,,,8286.0,306.0
1,1.0,ISC,interleaved,,,8287.0,307.0
1,1.0,ISC,interleaved,,,8288.0,308.0
1,1.0,ISC,interleaved,,,8289.0,309.0
1,1.0,ISC,interleaved,,,8290.0,310.0
1,1.0,ISC,interleaved,,,8291.0,311.0
1,1.0,ISC,interleaved,,,8292.0,312.0
1,1.0,ISC,interleaved,,,8293.0,313.0
1,0.0,ISC,interleaved,,,8294.0,314.0
1,0.0,ISC,interleaved,,,8295.0,315.0
1,1.0,ISC,interleaved,,,8296.0,316.0
1,0.0,ISC,interleaved,,,8297.0,317.0
1,1.0,ISC,interleaved,,,8298.0,318.0
1,1.0,ISC,interleaved,,,8299.0,319.0
1,1.0,ISC,interleaved,,,8300.0,320.0
1,1.0,ISC,interleaved,,,8301.0,321.0
1,1.0,ISC,interleaved,,,8302.0,322.0
1,1.0,ISC,interleaved,,,8303.0,323.0
1,1.0,ISC,interleaved,,,8304.0,324.0
1,1.0,ISC,interleaved,,,8305.0,325.0
1,1.0,ISC,interleaved,,,8306.0,326.0
1,1.0,ISC,interleaved,,,8307.0,327.0
1,1.0,ISC,interleaved,,,8308.0,328.0
1,1.0,ISC,interleaved,,,8309.0,329.0
1,1.0,ISC,interleaved,,,8310.0,330.0
1,1.0,ISC,interleaved,,,8311.0,331.0
1,1.0,ISC,interleaved,,,8312.0,332.0
1,0.0,ISC,interleaved,,,8313.0,333.0
1,0.0,ISC,interleaved,,,8314.0,334.0
1,0.0,ISC,interleaved,,,8315.0,335.0
1,0.0,ISC,interleaved,,,8316.0,336.0
1,0.0,ISC,interleaved,,,8317.0,337.0
1,1.0,ISC,interleaved,,,8318.0,338.0
1,1.0,ISC,interleaved,,,8319.0,339.0
1,1.0,ISC,interleaved,,,8320.0,340.0
1,1.0,ISC,interleaved,,,8321.0,341.0
1,1.0,ISC,interleaved,,,8322.0,342.0
1,1.0,ISC,interleaved,,,8323.0,343.0
1,1.0,ISC,interleaved,,,8324.0,344.0
1,1.0,ISC,interleaved,,,8325.0,345.0
1,1.0,ISC,interleaved,,,8326.0,346.0
1,1.0,ISC,interleaved,,,8327.0,347.0
1,1.0,ISC,interleaved,,,8328.0,348.0
1,1.0,ISC,interleaved,,,8329.0,349.0
1,1.0,ISC,interleaved,,,8330.0,350.0
1,1.0,ISC,interleaved,,,8331.0,351.0
1,1.0,ISC,interleaved,,,8332.0,352.0
1,0.0,ISC,interleaved,,,8333.0,353.0
1,1.0,ISC,interleaved,,,8334.0,354.0
1,1.0,ISC,interleaved,,,8335.0,355.0
1,1.0,ISC,interleaved,,,8336.0,356.0
1,1.0,ISC,interleaved,,,8337.0,357.0
1,1.0,ISC,interleaved,,,8338.0,358.0
1,1.0,ISC,interleaved,,,8339.0,359.0
1,1.0,ISC,interleaved,,,8340.0,360.0
1,1.0,ISC,interleaved,,,8341.0,361.0
1,1.0,ISC,interleaved,,,8342.0,362.0
1,1.0,ISC,interleaved,,,8343.0,363.0
1,1.0,ISC,interleaved,,,8344.0,364.0
1,1.0,ISC,interleaved,,,8345.0,365.0
1,1.0,ISC,interleaved,,,8346.0,366.0
1,1.0,ISC,interleaved,,,8347.0,367.0
1,1.0,ISC,interleaved,,,8348.0,368.0
1,1.0,ISC,interleaved,,,8349.0,369.0
1,1.0,ISC,interleaved,,,8350.0,370.0
1,0.0,ISC,interleaved,,,8351.0,371.0
1,0.0,ISC,interleaved,,,8352.0,372.0
1,1.0,ISC,interleaved,,,8353.0,373.0
1,1.0,ISC,interleaved,,,8354.0,374.0
1,1.0,ISC,interleaved,,,8355.0,375.0
1,1.0,ISC,interleaved,,,8356.0,376.0
1,1.0,ISC,interleaved,,,8357.0,377.0
1,1.0,ISC,interleaved,,,8358.0,378.0
1,1.0,ISC,interleaved,,,8359.0,379.0
2,1.0,ISC,interleaved,,,8360.0,0.0
2,1.0,ISC,interleaved,,,8361.0,1.0
2,1.0,ISC,interleaved,,,8362.0,2.0
2,1.0,ISC,interleaved,,,8363.0,3.0
2,0.0,ISC,interleaved,,,8364.0,4.0
2,1.0,ISC,interleaved,,,8365.0,5.0
2,0.0,ISC,interleaved,,,8366.0,6.0
2,0.0,ISC,interleaved,,,8367.0,7.0
2,1.0,ISC,interleaved,,,8368.0,8.0
2,1.0,ISC,interleaved,,,8369.0,9.0
2,1.0,ISC,interleaved,,,8370.0,10.0
2,1.0,ISC,interleaved,,,8371.0,11.0
2,1.0,ISC,interleaved,,,8372.0,12.0
2,1.0,ISC,interleaved,,,8373.0,13.0
2,1.0,ISC,interleaved,,,8374.0,14.0
2,1.0,ISC,interleaved,,,8375.0,15.0
2,1.0,ISC,interleaved,,,8376.0,16.0
2,1.0,ISC,interleaved,,,8377.0,17.0
2,1.0,ISC,interleaved,,,8378.0,18.0
2,1.0,ISC,interleaved,,,8379.0,19.0
2,1.0,ISC,interleaved,,,8380.0,20.0
2,1.0,ISC,interleaved,,,8381.0,21.0
2,1.0,ISC,interleaved,,,8382.0,22.0
2,1.0,ISC,interleaved,,,8383.0,23.0
2,1.0,ISC,interleaved,,,8384.0,24.0
2,1.0,ISC,interleaved,,,8385.0,25.0
2,1.0,ISC,interleaved,,,8386.0,26.0
2,1.0,ISC,interleaved,,,8387.0,27.0
2,1.0,ISC,interleaved,,,8388.0,28.0
2,1.0,ISC,interleaved,,,8389.0,29.0
2,1.0,ISC,interleaved,,,8390.0,30.0
2,1.0,ISC,interleaved,,,8391.0,31.0
2,1.0,ISC,interleaved,,,8392.0,32.0
2,1.0,ISC,interleaved,,,8393.0,33.0
2,1.0,ISC,interleaved,,,8394.0,34.0
2,1.0,ISC,interleaved,,,8395.0,35.0
2,1.0,ISC,interleaved,,,8396.0,36.0
2,1.0,ISC,interleaved,,,8397.0,37.0
2,1.0,ISC,interleaved,,,8398.0,38.0
2,1.0,ISC,interleaved,,,8399.0,39.0
2,1.0,ISC,interleaved,,,8400.0,40.0
2,1.0,ISC,interleaved,,,8401.0,41.0
2,0.0,ISC,interleaved,,,8402.0,42.0
2,1.0,ISC,interleaved,,,8403.0,43.0
2,0.0,ISC,interleaved,,,8404.0,44.0
2,0.0,ISC,interleaved,,,8405.0,45.0
2,0.0,ISC,interleaved,,,8406.0,46.0
2,1.0,ISC,interleaved,,,8407.0,47.0
2,1.0,ISC,interleaved,,,8408.0,48.0
2,1.0,ISC,interleaved,,,8409.0,49.0
2,1.0,ISC,interleaved,,,8410.0,50.0
2,1.0,ISC,interleaved,,,8411.0,51.0
2,1.0,ISC,interleaved,,,8412.0,52.0
2,1.0,ISC,interleaved,,,8413.0,53.0
2,1.0,ISC,interleaved,,,8414.0,54.0
2,1.0,ISC,interleaved,,,8415.0,55.0
2,1.0,ISC,interleaved,,,8416.0,56.0
2,1.0,ISC,interleaved,,,8417.0,57.0
2,1.0,ISC,interleaved,,,8418.0,58.0
2,1.0,ISC,interleaved,,,8419.0,59.0
2,1.0,ISC,interleaved,,,8420.0,60.0
2,1.0,ISC,interleaved,,,8421.0,61.0
2,1.0,ISC,interleaved,,,8422.0,62.0
2,1.0,ISC,interleaved,,,8423.0,63.0
2,1.0,ISC,interleaved,,,8424.0,64.0
2,1.0,ISC,interleaved,,,8425.0,65.0
2,1.0,ISC,interleaved,,,8426.0,66.0
2,1.0,ISC,interleaved,,,8427.0,67.0
2,1.0,ISC,interleaved,,,8428.0,68.0
2,1.0,ISC,interleaved,,,8429.0,69.0
2,1.0,ISC,interleaved,,,8430.0,70.0
2,1.0,ISC,interleaved,,,8431.0,71.0
2,1.0,ISC,interleaved,,,8432.0,72.0
2,1.0,ISC,interleaved,,,8433.0,73.0
2,1.0,ISC,interleaved,,,8434.0,74.0
2,1.0,ISC,interleaved,,,8435.0,75.0
2,1.0,ISC,interleaved,,,8436.0,76.0
2,1.0,ISC,interleaved,,,8437.0,77.0
2,1.0,ISC,interleaved,,,8438.0,78.0
2,1.0,ISC,interleaved,,,8439.0,79.0
2,1.0,ISC,interleaved,,,8440.0,80.0
2,1.0,ISC,interleaved,,,8441.0,81.0
2,0.0,ISC,interleaved,,,8442.0,82.0
2,0.0,ISC,interleaved,,,8443.0,83.0
2,0.0,ISC,interleaved,,,8444.0,84.0
2,1.0,ISC,interleaved,,,8445.0,85.0
2,1.0,ISC,interleaved,,,8446.0,86.0
2,1.0,ISC,interleaved,,,8447.0,87.0
2,1.0,ISC,interleaved,,,8448.0,88.0
2,1.0,ISC,interleaved,,,8449.0,89.0
2,1.0,ISC,interleaved,,,8450.0,90.0
2,1.0,ISC,interleaved,,,8451.0,91.0
2,1.0,ISC,interleaved,,,8452.0,92.0
2,1.0,ISC,interleaved,,,8453.0,93.0
2,1.0,ISC,interleaved,,,8454.0,94.0
2,1.0,ISC,interleaved,,,8455.0,95.0
2,0.0,ISC,interleaved,,,8456.0,96.0
2,1.0,ISC,interleaved,,,8457.0,97.0
2,1.0,ISC,interleaved,,,8458.0,98.0
2,1.0,ISC,interleaved,,,8459.0,99.0
2,1.0,ISC,interleaved,,,8460.0,100.0
2,1.0,ISC,interleaved,,,8461.0,101.0
2,1.0,ISC,interleaved,,,8462.0,102.0
2,1.0,ISC,interleaved,,,8463.0,103.0
2,1.0,ISC,interleaved,,,8464.0,104.0
2,1.0,ISC,interleaved,,,8465.0,105.0
2,1.0,ISC,interleaved,,,8466.0,106.0
2,1.0,ISC,interleaved,,,8467.0,107.0
2,1.0,ISC,interleaved,,,8468.0,108.0
2,1.0,ISC,interleaved,,,8469.0,109.0
2,1.0,ISC,interleaved,,,8470.0,110.0
2,1.0,ISC,interleaved,,,8471.0,111.0
2,1.0,ISC,interleaved,,,8472.0,112.0
2,1.0,ISC,interleaved,,,8473.0,113.0
2,1.0,ISC,interleaved,,,8474.0,114.0
2,1.0,ISC,interleaved,,,8475.0,115.0
2,1.0,ISC,interleaved,,,8476.0,116.0
2,1.0,ISC,interleaved,,,8477.0,117.0
2,1.0,ISC,interleaved,,,8478.0,118.0
2,1.0,ISC,interleaved,,,8479.0,119.0
2,1.0,ISC,interleaved,,,8480.0,120.0
2,1.0,ISC,interleaved,,,8481.0,121.0
2,1.0,ISC,interleaved,,,8482.0,122.0
2,1.0,ISC,interleaved,,,8483.0,123.0
2,1.0,ISC,interleaved,,,8484.0,124.0
2,1.0,ISC,interleaved,,,8485.0,125.0
2,1.0,ISC,interleaved,,,8486.0,126.0
2,1.0,ISC,interleaved,,,8487.0,127.0
2,1.0,ISC,interleaved,,,8488.0,128.0
2,1.0,ISC,interleaved,,,8489.0,129.0
2,1.0,ISC,interleaved,,,8490.0,130.0
2,1.0,ISC,interleaved,,,8491.0,131.0
2,1.0,ISC,interleaved,,,8492.0,132.0
2,1.0,ISC,interleaved,,,8493.0,133.0
2,1.0,ISC,interleaved,,,8494.0,134.0
2,1.0,ISC,interleaved,,,8495.0,135.0
2,1.0,ISC,interleaved,,,8496.0,136.0
2,1.0,ISC,interleaved,,,8497.0,137.0
2,1.0,ISC,interleaved,,,8498.0,138.0
2,1.0,ISC,interleaved,,,8499.0,139.0
2,1.0,ISC,interleaved,,,8500.0,140.0
2,1.0,ISC,interleaved,,,8501.0,141.0
2,1.0,ISC,interleaved,,,8502.0,142.0
2,1.0,ISC,interleaved,,,8503.0,143.0
2,1.0,ISC,interleaved,,,8504.0,144.0
2,1.0,ISC,interleaved,,,8505.0,145.0
2,1.0,ISC,interleaved,,,8506.0,146.0
2,1.0,ISC,interleaved,,,8507.0,147.0
2,1.0,ISC,interleaved,,,8508.0,148.0
2,1.0,ISC,interleaved,,,8509.0,149.0
2,1.0,ISC,interleaved,,,8510.0,150.0
2,1.0,ISC,interleaved,,,8511.0,151.0
2,1.0,ISC,interleaved,,,8512.0,152.0
2,0.0,ISC,interleaved,,,8513.0,153.0
2,1.0,ISC,interleaved,,,8514.0,154.0
2,1.0,ISC,interleaved,,,8515.0,155.0
2,1.0,ISC,interleaved,,,8516.0,156.0
2,1.0,ISC,interleaved,,,8517.0,157.0
2,1.0,ISC,interleaved,,,8518.0,158.0
2,1.0,ISC,interleaved,,,8519.0,159.0
2,1.0,ISC,interleaved,,,8520.0,160.0
2,1.0,ISC,interleaved,,,8521.0,161.0
2,1.0,ISC,interleaved,,,8522.0,162.0
2,1.0,ISC,interleaved,,,8523.0,163.0
2,1.0,ISC,interleaved,,,8524.0,164.0
2,1.0,ISC,interleaved,,,8525.0,165.0
2,1.0,ISC,interleaved,,,8526.0,166.0
2,1.0,ISC,interleaved,,,8527.0,167.0
2,1.0,ISC,interleaved,,,8528.0,168.0
2,1.0,ISC,interleaved,,,8529.0,169.0
2,1.0,ISC,interleaved,,,8530.0,170.0
2,1.0,ISC,interleaved,,,8531.0,171.0
2,0.0,ISC,interleaved,,,8532.0,172.0
2,1.0,ISC,interleaved,,,8533.0,173.0
2,1.0,ISC,interleaved,,,8534.0,174.0
2,1.0,ISC,interleaved,,,8535.0,175.0
2,1.0,ISC,interleaved,,,8536.0,176.0
2,1.0,ISC,interleaved,,,8537.0,177.0
2,1.0,ISC,interleaved,,,8538.0,178.0
2,1.0,ISC,interleaved,,,8539.0,179.0
2,1.0,ISC,interleaved,,,8540.0,180.0
2,1.0,ISC,interleaved,,,8541.0,181.0
2,1.0,ISC,interleaved,,,8542.0,182.0
2,1.0,ISC,interleaved,,,8543.0,183.0
2,1.0,ISC,interleaved,,,8544.0,184.0
2,1.0,ISC,interleaved,,,8545.0,185.0
2,1.0,ISC,interleaved,,,8546.0,186.0
2,1.0,ISC,interleaved,,,8547.0,187.0
2,1.0,ISC,interleaved,,,8548.0,188.0
2,1.0,ISC,interleaved,,,8549.0,189.0
2,1.0,ISC,interleaved,,,8550.0,190.0
2,1.0,ISC,interleaved,,,8551.0,191.0
2,1.0,ISC,interleaved,,,8552.0,192.0
2,1.0,ISC,interleaved,,,8553.0,193.0
2,1.0,ISC,interleaved,,,8554.0,194.0
2,1.0,ISC,interleaved,,,8555.0,195.0
2,1.0,ISC,interleaved,,,8556.0,196.0
2,1.0,ISC,interleaved,,,8557.0,197.0
2,1.0,ISC,interleaved,,,8558.0,198.0
2,1.0,ISC,interleaved,,,8559.0,199.0
2,1.0,ISC,interleaved,,,8560.0,200.0
2,1.0,ISC,interleaved,,,8561.0,201.0
2,1.0,ISC,interleaved,,,8562.0,202.0
2,1.0,ISC,interleaved,,,8563.0,203.0
2,0.0,ISC,interleaved,,,8564.0,204.0
2,0.0,ISC,interleaved,,,8565.0,205.0
2,0.0,ISC,interleaved,,,8566.0,206.0
2,0.0,ISC,interleaved,,,8567.0,207.0
2,0.0,ISC,interleaved,,,8568.0,208.0
2,1.0,ISC,interleaved,,,8569.0,209.0
2,1.0,ISC,interleaved,,,8570.0,210.0
2,1.0,ISC,interleaved,,,8571.0,211.0
2,1.0,ISC,interleaved,,,8572.0,212.0
2,1.0,ISC,interleaved,,,8573.0,213.0
2,1.0,ISC,interleaved,,,8574.0,214.0
2,1.0,ISC,interleaved,,,8575.0,215.0
2,1.0,ISC,interleaved,,,8576.0,216.0
2,1.0,ISC,interleaved,,,8577.0,217.0
2,1.0,ISC,interleaved,,,8578.0,218.0
2,1.0,ISC,interleaved,,,8579.0,219.0
2,1.0,ISC,interleaved,,,8580.0,220.0
2,1.0,ISC,interleaved,,,8581.0,221.0
2,1.0,ISC,interleaved,,,8582.0,222.0
2,0.0,ISC,interleaved,,,8583.0,223.0
2,0.0,ISC,interleaved,,,8584.0,224.0
2,0.0,ISC,interleaved,,,8585.0,225.0
2,0.0,ISC,interleaved,,,8586.0,226.0
2,0.0,ISC,interleaved,,,8587.0,227.0
2,1.0,ISC,interleaved,,,8588.0,228.0
2,1.0,ISC,interleaved,,,8589.0,229.0
2,1.0,ISC,interleaved,,,8590.0,230.0
2,1.0,ISC,interleaved,,,8591.0,231.0
2,1.0,ISC,interleaved,,,8592.0,232.0
2,1.0,ISC,interleaved,,,8593.0,233.0
2,1.0,ISC,interleaved,,,8594.0,234.0
2,1.0,ISC,interleaved,,,8595.0,235.0
2,1.0,ISC,interleaved,,,8596.0,236.0
2,1.0,ISC,interleaved,,,8597.0,237.0
2,1.0,ISC,interleaved,,,8598.0,238.0
2,1.0,ISC,interleaved,,,8599.0,239.0
2,1.0,ISC,interleaved,,,8600.0,240.0
2,1.0,ISC,interleaved,,,8601.0,241.0
2,0.0,ISC,interleaved,,,8602.0,242.0
2,1.0,ISC,interleaved,,,8603.0,243.0
2,1.0,ISC,interleaved,,,8604.0,244.0
2,0.0,ISC,interleaved,,,8605.0,245.0
2,0.0,ISC,interleaved,,,8606.0,246.0
2,1.0,ISC,interleaved,,,8607.0,247.0
2,1.0,ISC,interleaved,,,8608.0,248.0
2,1.0,ISC,interleaved,,,8609.0,249.0
2,1.0,ISC,interleaved,,,8610.0,250.0
2,1.0,ISC,interleaved,,,8611.0,251.0
2,1.0,ISC,interleaved,,,8612.0,252.0
2,1.0,ISC,interleaved,,,8613.0,253.0
2,1.0,ISC,interleaved,,,8614.0,254.0
2,1.0,ISC,interleaved,,,8615.0,255.0
2,1.0,ISC,interleaved,,,8616.0,256.0
2,1.0,ISC,interleaved,,,8617.0,257.0
2,1.0,ISC,interleaved,,,8618.0,258.0
2,1.0,ISC,interleaved,,,8619.0,259.0
2,1.0,ISC,interleaved,,,8620.0,260.0
2,0.0,ISC,interleaved,,,8621.0,261.0
2,1.0,ISC,interleaved,,,8622.0,262.0
2,0.0,ISC,interleaved,,,8623.0,263.0
2,0.0,ISC,interleaved,,,8624.0,264.0
2,1.0,ISC,interleaved,,,8625.0,265.0
2,1.0,ISC,interleaved,,,8626.0,266.0
2,1.0,ISC,interleaved,,,8627.0,267.0
2,1.0,ISC,interleaved,,,8628.0,268.0
2,1.0,ISC,interleaved,,,8629.0,269.0
2,1.0,ISC,interleaved,,,8630.0,270.0
2,1.0,ISC,interleaved,,,8631.0,271.0
2,1.0,ISC,interleaved,,,8632.0,272.0
2,1.0,ISC,interleaved,,,8633.0,273.0
2,1.0,ISC,interleaved,,,8634.0,274.0
2,1.0,ISC,interleaved,,,8635.0,275.0
2,1.0,ISC,interleaved,,,8636.0,276.0
2,1.0,ISC,interleaved,,,8637.0,277.0
2,1.0,ISC,interleaved,,,8638.0,278.0
2,1.0,ISC,interleaved,,,8639.0,279.0
2,0.0,ISC,interleaved,,,8640.0,280.0
2,0.0,ISC,interleaved,,,8641.0,281.0
2,0.0,ISC,interleaved,,,8642.0,282.0
2,0.0,ISC,interleaved,,,8643.0,283.0
2,0.0,ISC,interleaved,,,8644.0,284.0
2,1.0,ISC,interleaved,,,8645.0,285.0
2,1.0,ISC,interleaved,,,8646.0,286.0
2,1.0,ISC,interleaved,,,8647.0,287.0
2,1.0,ISC,interleaved,,,8648.0,288.0
2,1.0,ISC,interleaved,,,8649.0,289.0
2,1.0,ISC,interleaved,,,8650.0,290.0
2,1.0,ISC,interleaved,,,8651.0,291.0
2,1.0,ISC,interleaved,,,8652.0,292.0
2,1.0,ISC,interleaved,,,8653.0,293.0
2,1.0,ISC,interleaved,,,8654.0,294.0
2,1.0,ISC,interleaved,,,8655.0,295.0
2,1.0,ISC,interleaved,,,8656.0,296.0
2,1.0,ISC,interleaved,,,8657.0,297.0
2,1.0,ISC,interleaved,,,8658.0,298.0
2,1.0,ISC,interleaved,,,8659.0,299.0
2,1.0,ISC,interleaved,,,8660.0,300.0
2,1.0,ISC,interleaved,,,8661.0,301.0
2,1.0,ISC,interleaved,,,8662.0,302.0
2,1.0,ISC,interleaved,,,8663.0,303.0
2,1.0,ISC,interleaved,,,8664.0,304.0
2,1.0,ISC,interleaved,,,8665.0,305.0
2,1.0,ISC,interleaved,,,8666.0,306.0
2,1.0,ISC,interleaved,,,8667.0,307.0
2,1.0,ISC,interleaved,,,8668.0,308.0
2,1.0,ISC,interleaved,,,8669.0,309.0
2,1.0,ISC,interleaved,,,8670.0,310.0
2,1.0,ISC,interleaved,,,8671.0,311.0
2,1.0,ISC,interleaved,,,8672.0,312.0
2,1.0,ISC,interleaved,,,8673.0,313.0
2,1.0,ISC,interleaved,,,8674.0,314.0
2,1.0,ISC,interleaved,,,8675.0,315.0
2,1.0,ISC,interleaved,,,8676.0,316.0
2,1.0,ISC,interleaved,,,8677.0,317.0
2,1.0,ISC,interleaved,,,8678.0,318.0
2,1.0,ISC,interleaved,,,8679.0,319.0
2,1.0,ISC,interleaved,,,8680.0,320.0
2,1.0,ISC,interleaved,,,8681.0,321.0
2,1.0,ISC,interleaved,,,8682.0,322.0
2,1.0,ISC,interleaved,,,8683.0,323.0
2,1.0,ISC,interleaved,,,8684.0,324.0
2,1.0,ISC,interleaved,,,8685.0,325.0
2,1.0,ISC,interleaved,,,8686.0,326.0
2,1.0,ISC,interleaved,,,8687.0,327.0
2,1.0,ISC,interleaved,,,8688.0,328.0
2,1.0,ISC,interleaved,,,8689.0,329.0
2,1.0,ISC,interleaved,,,8690.0,330.0
2,1.0,ISC,interleaved,,,8691.0,331.0
2,1.0,ISC,interleaved,,,8692.0,332.0
2,1.0,ISC,interleaved,,,8693.0,333.0
2,1.0,ISC,interleaved,,,8694.0,334.0
2,1.0,ISC,interleaved,,,8695.0,335.0
2,1.0,ISC,interleaved,,,8696.0,336.0
2,1.0,ISC,interleaved,,,8697.0,337.0
2,1.0,ISC,interleaved,,,8698.0,338.0
2,1.0,ISC,interleaved,,,8699.0,339.0
2,1.0,ISC,interleaved,,,8700.0,340.0
2,1.0,ISC,interleaved,,,8701.0,341.0
2,1.0,ISC,interleaved,,,8702.0,342.0
2,1.0,ISC,interleaved,,,8703.0,343.0
2,1.0,ISC,interleaved,,,8704.0,344.0
2,1.0,ISC,interleaved,,,8705.0,345.0
2,1.0,ISC,interleaved,,,8706.0,346.0
2,1.0,ISC,interleaved,,,8707.0,347.0
2,1.0,ISC,interleaved,,,8708.0,348.0
2,1.0,ISC,interleaved,,,8709.0,349.0
2,1.0,ISC,interleaved,,,8710.0,350.0
2,1.0,ISC,interleaved,,,8711.0,351.0
2,1.0,ISC,interleaved,,,8712.0,352.0
2,1.0,ISC,interleaved,,,8713.0,353.0
2,1.0,ISC,interleaved,,,8714.0,354.0
2,1.0,ISC,interleaved,,,8715.0,355.0
2,1.0,ISC,interleaved,,,8716.0,356.0
2,1.0,ISC,interleaved,,,8717.0,357.0
2,1.0,ISC,interleaved,,,8718.0,358.0
2,1.0,ISC,interleaved,,,8719.0,359.0
2,1.0,ISC,interleaved,,,8720.0,360.0
2,1.0,ISC,interleaved,,,8721.0,361.0
2,1.0,ISC,interleaved,,,8722.0,362.0
2,1.0,ISC,interleaved,,,8723.0,363.0
2,1.0,ISC,interleaved,,,8724.0,364.0
2,1.0,ISC,interleaved,,,8725.0,365.0
2,1.0,ISC,interleaved,,,8726.0,366.0
2,1.0,ISC,interleaved,,,8727.0,367.0
2,1.0,ISC,interleaved,,,8728.0,368.0
2,1.0,ISC,interleaved,,,8729.0,369.0
2,1.0,ISC,interleaved,,,8730.0,370.0
2,1.0,ISC,interleaved,,,8731.0,371.0
2,1.0,ISC,interleaved,,,8732.0,372.0
2,1.0,ISC,interleaved,,,8733.0,373.0
2,1.0,ISC,interleaved,,,8734.0,374.0
2,1.0,ISC,interleaved,,,8735.0,375.0
2,1.0,ISC,interleaved,,,8736.0,376.0
2,1.0,ISC,interleaved,,,8737.0,377.0
2,1.0,ISC,interleaved,,,8738.0,378.0
2,1.0,ISC,interleaved,,,8739.0,379.0
3,1.0,ISC,interleaved,,,8740.0,0.0
3,1.0,ISC,interleaved,,,8741.0,1.0
3,1.0,ISC,interleaved,,,8742.0,2.0
3,1.0,ISC,interleaved,,,8743.0,3.0
3,1.0,ISC,interleaved,,,8744.0,4.0
3,1.0,ISC,interleaved,,,8745.0,5.0
3,1.0,ISC,interleaved,,,8746.0,6.0
3,1.0,ISC,interleaved,,,8747.0,7.0
3,1.0,ISC,interleaved,,,8748.0,8.0
3,1.0,ISC,interleaved,,,8749.0,9.0
3,1.0,ISC,interleaved,,,8750.0,10.0
3,1.0,ISC,interleaved,,,8751.0,11.0
3,1.0,ISC,interleaved,,,8752.0,12.0
3,1.0,ISC,interleaved,,,8753.0,13.0
3,1.0,ISC,interleaved,,,8754.0,14.0
3,1.0,ISC,interleaved,,,8755.0,15.0
3,1.0,ISC,interleaved,,,8756.0,16.0
3,1.0,ISC,interleaved,,,8757.0,17.0
3,1.0,ISC,interleaved,,,8758.0,18.0
3,1.0,ISC,interleaved,,,8759.0,19.0
3,1.0,ISC,interleaved,,,8760.0,20.0
3,1.0,ISC,interleaved,,,8761.0,21.0
3,1.0,ISC,interleaved,,,8762.0,22.0
3,1.0,ISC,interleaved,,,8763.0,23.0
3,1.0,ISC,interleaved,,,8764.0,24.0
3,1.0,ISC,interleaved,,,8765.0,25.0
3,1.0,ISC,interleaved,,,8766.0,26.0
3,1.0,ISC,interleaved,,,8767.0,27.0
3,1.0,ISC,interleaved,,,8768.0,28.0
3,1.0,ISC,interleaved,,,8769.0,29.0
3,1.0,ISC,interleaved,,,8770.0,30.0
3,1.0,ISC,interleaved,,,8771.0,31.0
3,1.0,ISC,interleaved,,,8772.0,32.0
3,1.0,ISC,interleaved,,,8773.0,33.0
3,1.0,ISC,interleaved,,,8774.0,34.0
3,1.0,ISC,interleaved,,,8775.0,35.0
3,1.0,ISC,interleaved,,,8776.0,36.0
3,1.0,ISC,interleaved,,,8777.0,37.0
3,1.0,ISC,interleaved,,,8778.0,38.0
3,1.0,ISC,interleaved,,,8779.0,39.0
3,1.0,ISC,interleaved,,,8780.0,40.0
3,1.0,ISC,interleaved,,,8781.0,41.0
3,1.0,ISC,interleaved,,,8782.0,42.0
3,1.0,ISC,interleaved,,,8783.0,43.0
3,1.0,ISC,interleaved,,,8784.0,44.0
3,1.0,ISC,interleaved,,,8785.0,45.0
3,1.0,ISC,interleaved,,,8786.0,46.0
3,1.0,ISC,interleaved,,,8787.0,47.0
3,1.0,ISC,interleaved,,,8788.0,48.0
3,1.0,ISC,interleaved,,,8789.0,49.0
3,1.0,ISC,interleaved,,,8790.0,50.0
3,1.0,ISC,interleaved,,,8791.0,51.0
3,1.0,ISC,interleaved,,,8792.0,52.0
3,1.0,ISC,interleaved,,,8793.0,53.0
3,1.0,ISC,interleaved,,,8794.0,54.0
3,1.0,ISC,interleaved,,,8795.0,55.0
3,1.0,ISC,interleaved,,,8796.0,56.0
3,1.0,ISC,interleaved,,,8797.0,57.0
3,1.0,ISC,interleaved,,,8798.0,58.0
3,1.0,ISC,interleaved,,,8799.0,59.0
3,1.0,ISC,interleaved,,,8800.0,60.0
3,1.0,ISC,interleaved,,,8801.0,61.0
3,1.0,ISC,interleaved,,,8802.0,62.0
3,0.0,ISC,interleaved,,,8803.0,63.0
3,0.0,ISC,interleaved,,,8804.0,64.0
3,1.0,ISC,interleaved,,,8805.0,65.0
3,1.0,ISC,interleaved,,,8806.0,66.0
3,1.0,ISC,interleaved,,,8807.0,67.0
3,1.0,ISC,interleaved,,,8808.0,68.0
3,1.0,ISC,interleaved,,,8809.0,69.0
3,1.0,ISC,interleaved,,,8810.0,70.0
3,1.0,ISC,interleaved,,,8811.0,71.0
3,1.0,ISC,interleaved,,,8812.0,72.0
3,1.0,ISC,interleaved,,,8813.0,73.0
3,1.0,ISC,interleaved,,,8814.0,74.0
3,1.0,ISC,interleaved,,,8815.0,75.0
3,1.0,ISC,interleaved,,,8816.0,76.0
3,1.0,ISC,interleaved,,,8817.0,77.0
3,1.0,ISC,interleaved,,,8818.0,78.0
3,1.0,ISC,interleaved,,,8819.0,79.0
3,1.0,ISC,interleaved,,,8820.0,80.0
3,1.0,ISC,interleaved,,,8821.0,81.0
3,1.0,ISC,interleaved,,,8822.0,82.0
3,1.0,ISC,interleaved,,,8823.0,83.0
3,1.0,ISC,interleaved,,,8824.0,84.0
3,1.0,ISC,interleaved,,,8825.0,85.0
3,1.0,ISC,interleaved,,,8826.0,86.0
3,1.0,ISC,interleaved,,,8827.0,87.0
3,1.0,ISC,interleaved,,,8828.0,88.0
3,1.0,ISC,interleaved,,,8829.0,89.0
3,1.0,ISC,interleaved,,,8830.0,90.0
3,1.0,ISC,interleaved,,,8831.0,91.0
3,1.0,ISC,interleaved,,,8832.0,92.0
3,1.0,ISC,interleaved,,,8833.0,93.0
3,1.0,ISC,interleaved,,,8834.0,94.0
3,1.0,ISC,interleaved,,,8835.0,95.0
3,0.0,ISC,interleaved,,,8836.0,96.0
3,0.0,ISC,interleaved,,,8837.0,97.0
3,1.0,ISC,interleaved,,,8838.0,98.0
3,1.0,ISC,interleaved,,,8839.0,99.0
3,1.0,ISC,interleaved,,,8840.0,100.0
3,1.0,ISC,interleaved,,,8841.0,101.0
3,1.0,ISC,interleaved,,,8842.0,102.0
3,1.0,ISC,interleaved,,,8843.0,103.0
3,1.0,ISC,interleaved,,,8844.0,104.0
3,1.0,ISC,interleaved,,,8845.0,105.0
3,1.0,ISC,interleaved,,,8846.0,106.0
3,1.0,ISC,interleaved,,,8847.0,107.0
3,1.0,ISC,interleaved,,,8848.0,108.0
3,1.0,ISC,interleaved,,,8849.0,109.0
3,1.0,ISC,interleaved,,,8850.0,110.0
3,1.0,ISC,interleaved,,,8851.0,111.0
3,1.0,ISC,interleaved,,,8852.0,112.0
3,1.0,ISC,interleaved,,,8853.0,113.0
3,1.0,ISC,interleaved,,,8854.0,114.0
3,0.0,ISC,interleaved,,,8855.0,115.0
3,0.0,ISC,interleaved,,,8856.0,116.0
3,1.0,ISC,interleaved,,,8857.0,117.0
3,0.0,ISC,interleaved,,,8858.0,118.0
3,1.0,ISC,interleaved,,,8859.0,119.0
3,1.0,ISC,interleaved,,,8860.0,120.0
3,1.0,ISC,interleaved,,,8861.0,121.0
3,1.0,ISC,interleaved,,,8862.0,122.0
3,1.0,ISC,interleaved,,,8863.0,123.0
3,1.0,ISC,interleaved,,,8864.0,124.0
3,1.0,ISC,interleaved,,,8865.0,125.0
3,1.0,ISC,interleaved,,,8866.0,126.0
3,1.0,ISC,interleaved,,,8867.0,127.0
3,1.0,ISC,interleaved,,,8868.0,128.0
3,1.0,ISC,interleaved,,,8869.0,129.0
3,1.0,ISC,interleaved,,,8870.0,130.0
3,1.0,ISC,interleaved,,,8871.0,131.0
3,1.0,ISC,interleaved,,,8872.0,132.0
3,1.0,ISC,interleaved,,,8873.0,133.0
3,0.0,ISC,interleaved,,,8874.0,134.0
3,0.0,ISC,interleaved,,,8875.0,135.0
3,1.0,ISC,interleaved,,,8876.0,136.0
3,0.0,ISC,interleaved,,,8877.0,137.0
3,1.0,ISC,interleaved,,,8878.0,138.0
3,1.0,ISC,interleaved,,,8879.0,139.0
3,1.0,ISC,interleaved,,,8880.0,140.0
3,1.0,ISC,interleaved,,,8881.0,141.0
3,1.0,ISC,interleaved,,,8882.0,142.0
3,1.0,ISC,interleaved,,,8883.0,143.0
3,1.0,ISC,interleaved,,,8884.0,144.0
3,1.0,ISC,interleaved,,,8885.0,145.0
3,1.0,ISC,interleaved,,,8886.0,146.0
3,1.0,ISC,interleaved,,,8887.0,147.0
3,1.0,ISC,interleaved,,,8888.0,148.0
3,1.0,ISC,interleaved,,,8889.0,149.0
3,1.0,ISC,interleaved,,,8890.0,150.0
3,1.0,ISC,interleaved,,,8891.0,151.0
3,1.0,ISC,interleaved,,,8892.0,152.0
3,0.0,ISC,interleaved,,,8893.0,153.0
3,0.0,ISC,interleaved,,,8894.0,154.0
3,1.0,ISC,interleaved,,,8895.0,155.0
3,1.0,ISC,interleaved,,,8896.0,156.0
3,1.0,ISC,interleaved,,,8897.0,157.0
3,1.0,ISC,interleaved,,,8898.0,158.0
3,1.0,ISC,interleaved,,,8899.0,159.0
3,1.0,ISC,interleaved,,,8900.0,160.0
3,1.0,ISC,interleaved,,,8901.0,161.0
3,1.0,ISC,interleaved,,,8902.0,162.0
3,1.0,ISC,interleaved,,,8903.0,163.0
3,1.0,ISC,interleaved,,,8904.0,164.0
3,1.0,ISC,interleaved,,,8905.0,165.0
3,1.0,ISC,interleaved,,,8906.0,166.0
3,1.0,ISC,interleaved,,,8907.0,167.0
3,1.0,ISC,interleaved,,,8908.0,168.0
3,1.0,ISC,interleaved,,,8909.0,169.0
3,1.0,ISC,interleaved,,,8910.0,170.0
3,1.0,ISC,interleaved,,,8911.0,171.0
3,0.0,ISC,interleaved,,,8912.0,172.0
3,1.0,ISC,interleaved,,,8913.0,173.0
3,1.0,ISC,interleaved,,,8914.0,174.0
3,0.0,ISC,interleaved,,,8915.0,175.0
3,1.0,ISC,interleaved,,,8916.0,176.0
3,1.0,ISC,interleaved,,,8917.0,177.0
3,1.0,ISC,interleaved,,,8918.0,178.0
3,1.0,ISC,interleaved,,,8919.0,179.0
3,1.0,ISC,interleaved,,,8920.0,180.0
3,1.0,ISC,interleaved,,,8921.0,181.0
3,1.0,ISC,interleaved,,,8922.0,182.0
3,1.0,ISC,interleaved,,,8923.0,183.0
3,1.0,ISC,interleaved,,,8924.0,184.0
3,1.0,ISC,interleaved,,,8925.0,185.0
3,1.0,ISC,interleaved,,,8926.0,186.0
3,1.0,ISC,interleaved,,,8927.0,187.0
3,1.0,ISC,interleaved,,,8928.0,188.0
3,1.0,ISC,interleaved,,,8929.0,189.0
3,1.0,ISC,interleaved,,,8930.0,190.0
3,1.0,ISC,interleaved,,,8931.0,191.0
3,1.0,ISC,interleaved,,,8932.0,192.0
3,1.0,ISC,interleaved,,,8933.0,193.0
3,1.0,ISC,interleaved,,,8934.0,194.0
3,1.0,ISC,interleaved,,,8935.0,195.0
3,1.0,ISC,interleaved,,,8936.0,196.0
3,1.0,ISC,interleaved,,,8937.0,197.0
3,1.0,ISC,interleaved,,,8938.0,198.0
3,1.0,ISC,interleaved,,,8939.0,199.0
3,1.0,ISC,interleaved,,,8940.0,200.0
3,1.0,ISC,interleaved,,,8941.0,201.0
3,1.0,ISC,interleaved,,,8942.0,202.0
3,1.0,ISC,interleaved,,,8943.0,203.0
3,1.0,ISC,interleaved,,,8944.0,204.0
3,1.0,ISC,interleaved,,,8945.0,205.0
3,1.0,ISC,interleaved,,,8946.0,206.0
3,1.0,ISC,interleaved,,,8947.0,207.0
3,1.0,ISC,interleaved,,,8948.0,208.0
3,1.0,ISC,interleaved,,,8949.0,209.0
3,1.0,ISC,interleaved,,,8950.0,210.0
3,1.0,ISC,interleaved,,,8951.0,211.0
3,1.0,ISC,interleaved,,,8952.0,212.0
3,1.0,ISC,interleaved,,,8953.0,213.0
3,1.0,ISC,interleaved,,,8954.0,214.0
3,1.0,ISC,interleaved,,,8955.0,215.0
3,1.0,ISC,interleaved,,,8956.0,216.0
3,1.0,ISC,interleaved,,,8957.0,217.0
3,1.0,ISC,interleaved,,,8958.0,218.0
3,1.0,ISC,interleaved,,,8959.0,219.0
3,1.0,ISC,interleaved,,,8960.0,220.0
3,1.0,ISC,interleaved,,,8961.0,221.0
3,1.0,ISC,interleaved,,,8962.0,222.0
3,1.0,ISC,interleaved,,,8963.0,223.0
3,1.0,ISC,interleaved,,,8964.0,224.0
3,1.0,ISC,interleaved,,,8965.0,225.0
3,1.0,ISC,interleaved,,,8966.0,226.0
3,1.0,ISC,interleaved,,,8967.0,227.0
3,1.0,ISC,interleaved,,,8968.0,228.0
3,1.0,ISC,interleaved,,,8969.0,229.0
3,1.0,ISC,interleaved,,,8970.0,230.0
3,1.0,ISC,interleaved,,,8971.0,231.0
3,1.0,ISC,interleaved,,,8972.0,232.0
3,1.0,ISC,interleaved,,,8973.0,233.0
3,1.0,ISC,interleaved,,,8974.0,234.0
3,1.0,ISC,interleaved,,,8975.0,235.0
3,1.0,ISC,interleaved,,,8976.0,236.0
3,1.0,ISC,interleaved,,,8977.0,237.0
3,1.0,ISC,interleaved,,,8978.0,238.0
3,1.0,ISC,interleaved,,,8979.0,239.0
3,1.0,ISC,interleaved,,,8980.0,240.0
3,1.0,ISC,interleaved,,,8981.0,241.0
3,1.0,ISC,interleaved,,,8982.0,242.0
3,1.0,ISC,interleaved,,,8983.0,243.0
3,1.0,ISC,interleaved,,,8984.0,244.0
3,1.0,ISC,interleaved,,,8985.0,245.0
3,1.0,ISC,interleaved,,,8986.0,246.0
3,1.0,ISC,interleaved,,,8987.0,247.0
3,1.0,ISC,interleaved,,,8988.0,248.0
3,1.0,ISC,interleaved,,,8989.0,249.0
3,1.0,ISC,interleaved,,,8990.0,250.0
3,1.0,ISC,interleaved,,,8991.0,251.0
3,1.0,ISC,interleaved,,,8992.0,252.0
3,1.0,ISC,interleaved,,,8993.0,253.0
3,1.0,ISC,interleaved,,,8994.0,254.0
3,1.0,ISC,interleaved,,,8995.0,255.0
3,1.0,ISC,interleaved,,,8996.0,256.0
3,1.0,ISC,interleaved,,,8997.0,257.0
3,1.0,ISC,interleaved,,,8998.0,258.0
3,1.0,ISC,interleaved,,,8999.0,259.0
3,1.0,ISC,interleaved,,,9000.0,260.0
3,1.0,ISC,interleaved,,,9001.0,261.0
3,1.0,ISC,interleaved,,,9002.0,262.0
3,1.0,ISC,interleaved,,,9003.0,263.0
3,1.0,ISC,interleaved,,,9004.0,264.0
3,1.0,ISC,interleaved,,,9005.0,265.0
3,1.0,ISC,interleaved,,,9006.0,266.0
3,1.0,ISC,interleaved,,,9007.0,267.0
3,1.0,ISC,interleaved,,,9008.0,268.0
3,1.0,ISC,interleaved,,,9009.0,269.0
3,1.0,ISC,interleaved,,,9010.0,270.0
3,1.0,ISC,interleaved,,,9011.0,271.0
3,1.0,ISC,interleaved,,,9012.0,272.0
3,1.0,ISC,interleaved,,,9013.0,273.0
3,1.0,ISC,interleaved,,,9014.0,274.0
3,1.0,ISC,interleaved,,,9015.0,275.0
3,1.0,ISC,interleaved,,,9016.0,276.0
3,1.0,ISC,interleaved,,,9017.0,277.0
3,1.0,ISC,interleaved,,,9018.0,278.0
3,1.0,ISC,interleaved,,,9019.0,279.0
3,1.0,ISC,interleaved,,,9020.0,280.0
3,1.0,ISC,interleaved,,,9021.0,281.0
3,1.0,ISC,interleaved,,,9022.0,282.0
3,1.0,ISC,interleaved,,,9023.0,283.0
3,1.0,ISC,interleaved,,,9024.0,284.0
3,1.0,ISC,interleaved,,,9025.0,285.0
3,1.0,ISC,interleaved,,,9026.0,286.0
3,1.0,ISC,interleaved,,,9027.0,287.0
3,1.0,ISC,interleaved,,,9028.0,288.0
3,1.0,ISC,interleaved,,,9029.0,289.0
3,1.0,ISC,interleaved,,,9030.0,290.0
3,1.0,ISC,interleaved,,,9031.0,291.0
3,1.0,ISC,interleaved,,,9032.0,292.0
3,1.0,ISC,interleaved,,,9033.0,293.0
3,1.0,ISC,interleaved,,,9034.0,294.0
3,1.0,ISC,interleaved,,,9035.0,295.0
3,0.0,ISC,interleaved,,,9036.0,296.0
3,0.0,ISC,interleaved,,,9037.0,297.0
3,0.0,ISC,interleaved,,,9038.0,298.0
3,0.0,ISC,interleaved,,,9039.0,299.0
3,1.0,ISC,interleaved,,,9040.0,300.0
3,1.0,ISC,interleaved,,,9041.0,301.0
3,1.0,ISC,interleaved,,,9042.0,302.0
3,1.0,ISC,interleaved,,,9043.0,303.0
3,1.0,ISC,interleaved,,,9044.0,304.0
3,1.0,ISC,interleaved,,,9045.0,305.0
3,1.0,ISC,interleaved,,,9046.0,306.0
3,1.0,ISC,interleaved,,,9047.0,307.0
3,1.0,ISC,interleaved,,,9048.0,308.0
3,1.0,ISC,interleaved,,,9049.0,309.0
3,1.0,ISC,interleaved,,,9050.0,310.0
3,1.0,ISC,interleaved,,,9051.0,311.0
3,1.0,ISC,interleaved,,,9052.0,312.0
3,1.0,ISC,interleaved,,,9053.0,313.0
3,0.0,ISC,interleaved,,,9054.0,314.0
3,0.0,ISC,interleaved,,,9055.0,315.0
3,0.0,ISC,interleaved,,,9056.0,316.0
3,1.0,ISC,interleaved,,,9057.0,317.0
3,0.0,ISC,interleaved,,,9058.0,318.0
3,1.0,ISC,interleaved,,,9059.0,319.0
3,1.0,ISC,interleaved,,,9060.0,320.0
3,1.0,ISC,interleaved,,,9061.0,321.0
3,1.0,ISC,interleaved,,,9062.0,322.0
3,1.0,ISC,interleaved,,,9063.0,323.0
3,1.0,ISC,interleaved,,,9064.0,324.0
3,1.0,ISC,interleaved,,,9065.0,325.0
3,1.0,ISC,interleaved,,,9066.0,326.0
3,1.0,ISC,interleaved,,,9067.0,327.0
3,1.0,ISC,interleaved,,,9068.0,328.0
3,1.0,ISC,interleaved,,,9069.0,329.0
3,1.0,ISC,interleaved,,,9070.0,330.0
3,1.0,ISC,interleaved,,,9071.0,331.0
3,1.0,ISC,interleaved,,,9072.0,332.0
3,0.0,ISC,interleaved,,,9073.0,333.0
3,0.0,ISC,interleaved,,,9074.0,334.0
3,1.0,ISC,interleaved,,,9075.0,335.0
3,1.0,ISC,interleaved,,,9076.0,336.0
3,0.0,ISC,interleaved,,,9077.0,337.0
3,1.0,ISC,interleaved,,,9078.0,338.0
3,1.0,ISC,interleaved,,,9079.0,339.0
3,1.0,ISC,interleaved,,,9080.0,340.0
3,1.0,ISC,interleaved,,,9081.0,341.0
3,1.0,ISC,interleaved,,,9082.0,342.0
3,1.0,ISC,interleaved,,,9083.0,343.0
3,1.0,ISC,interleaved,,,9084.0,344.0
3,1.0,ISC,interleaved,,,9085.0,345.0
3,1.0,ISC,interleaved,,,9086.0,346.0
3,1.0,ISC,interleaved,,,9087.0,347.0
3,1.0,ISC,interleaved,,,9088.0,348.0
3,1.0,ISC,interleaved,,,9089.0,349.0
3,1.0,ISC,interleaved,,,9090.0,350.0
3,1.0,ISC,interleaved,,,9091.0,351.0
3,0.0,ISC,interleaved,,,9092.0,352.0
3,0.0,ISC,interleaved,,,9093.0,353.0
3,0.0,ISC,interleaved,,,9094.0,354.0
3,1.0,ISC,interleaved,,,9095.0,355.0
3,0.0,ISC,interleaved,,,9096.0,356.0
3,1.0,ISC,interleaved,,,9097.0,357.0
3,1.0,ISC,interleaved,,,9098.0,358.0
3,1.0,ISC,interleaved,,,9099.0,359.0
3,1.0,ISC,interleaved,,,9100.0,360.0
3,1.0,ISC,interleaved,,,9101.0,361.0
3,1.0,ISC,interleaved,,,9102.0,362.0
3,1.0,ISC,interleaved,,,9103.0,363.0
3,1.0,ISC,interleaved,,,9104.0,364.0
3,1.0,ISC,interleaved,,,9105.0,365.0
3,1.0,ISC,interleaved,,,9106.0,366.0
3,1.0,ISC,interleaved,,,9107.0,367.0
3,1.0,ISC,interleaved,,,9108.0,368.0
3,1.0,ISC,interleaved,,,9109.0,369.0
3,1.0,ISC,interleaved,,,9110.0,370.0
3,1.0,ISC,interleaved,,,9111.0,371.0
3,0.0,ISC,interleaved,,,9112.0,372.0
3,0.0,ISC,interleaved,,,9113.0,373.0
3,0.0,ISC,interleaved,,,9114.0,374.0
3,0.0,ISC,interleaved,,,9115.0,375.0
3,1.0,ISC,interleaved,,,9116.0,376.0
3,1.0,ISC,interleaved,,,9117.0,377.0
3,1.0,ISC,interleaved,,,9118.0,378.0
3,1.0,ISC,interleaved,,,9119.0,379.0
4,1.0,ISC,interleaved,,,9120.0,0.0
4,1.0,ISC,interleaved,,,9121.0,1.0
4,1.0,ISC,interleaved,,,9122.0,2.0
4,1.0,ISC,interleaved,,,9123.0,3.0
4,0.0,ISC,interleaved,,,9124.0,4.0
4,0.0,ISC,interleaved,,,9125.0,5.0
4,0.0,ISC,interleaved,,,9126.0,6.0
4,1.0,ISC,interleaved,,,9127.0,7.0
4,0.0,ISC,interleaved,,,9128.0,8.0
4,1.0,ISC,interleaved,,,9129.0,9.0
4,1.0,ISC,interleaved,,,9130.0,10.0
4,1.0,ISC,interleaved,,,9131.0,11.0
4,1.0,ISC,interleaved,,,9132.0,12.0
4,1.0,ISC,interleaved,,,9133.0,13.0
4,1.0,ISC,interleaved,,,9134.0,14.0
4,1.0,ISC,interleaved,,,9135.0,15.0
4,1.0,ISC,interleaved,,,9136.0,16.0
4,1.0,ISC,interleaved,,,9137.0,17.0
4,1.0,ISC,interleaved,,,9138.0,18.0
4,1.0,ISC,interleaved,,,9139.0,19.0
4,1.0,ISC,interleaved,,,9140.0,20.0
4,1.0,ISC,interleaved,,,9141.0,21.0
4,1.0,ISC,interleaved,,,9142.0,22.0
4,1.0,ISC,interleaved,,,9143.0,23.0
4,0.0,ISC,interleaved,,,9144.0,24.0
4,1.0,ISC,interleaved,,,9145.0,25.0
4,1.0,ISC,interleaved,,,9146.0,26.0
4,0.0,ISC,interleaved,,,9147.0,27.0
4,1.0,ISC,interleaved,,,9148.0,28.0
4,1.0,ISC,interleaved,,,9149.0,29.0
4,1.0,ISC,interleaved,,,9150.0,30.0
4,1.0,ISC,interleaved,,,9151.0,31.0
4,1.0,ISC,interleaved,,,9152.0,32.0
4,1.0,ISC,interleaved,,,9153.0,33.0
4,1.0,ISC,interleaved,,,9154.0,34.0
4,1.0,ISC,interleaved,,,9155.0,35.0
4,1.0,ISC,interleaved,,,9156.0,36.0
4,1.0,ISC,interleaved,,,9157.0,37.0
4,1.0,ISC,interleaved,,,9158.0,38.0
4,1.0,ISC,interleaved,,,9159.0,39.0
4,1.0,ISC,interleaved,,,9160.0,40.0
4,1.0,ISC,interleaved,,,9161.0,41.0
4,0.0,ISC,interleaved,,,9162.0,42.0
4,0.0,ISC,interleaved,,,9163.0,43.0
4,0.0,ISC,interleaved,,,9164.0,44.0
4,0.0,ISC,interleaved,,,9165.0,45.0
4,0.0,ISC,interleaved,,,9166.0,46.0
4,1.0,ISC,interleaved,,,9167.0,47.0
4,1.0,ISC,interleaved,,,9168.0,48.0
4,1.0,ISC,interleaved,,,9169.0,49.0
4,1.0,ISC,interleaved,,,9170.0,50.0
4,1.0,ISC,interleaved,,,9171.0,51.0
4,1.0,ISC,interleaved,,,9172.0,52.0
4,1.0,ISC,interleaved,,,9173.0,53.0
4,1.0,ISC,interleaved,,,9174.0,54.0
4,1.0,ISC,interleaved,,,9175.0,55.0
4,1.0,ISC,interleaved,,,9176.0,56.0
4,1.0,ISC,interleaved,,,9177.0,57.0
4,1.0,ISC,interleaved,,,9178.0,58.0
4,1.0,ISC,interleaved,,,9179.0,59.0
4,1.0,ISC,interleaved,,,9180.0,60.0
4,1.0,ISC,interleaved,,,9181.0,61.0
4,0.0,ISC,interleaved,,,9182.0,62.0
4,1.0,ISC,interleaved,,,9183.0,63.0
4,1.0,ISC,interleaved,,,9184.0,64.0
4,1.0,ISC,interleaved,,,9185.0,65.0
4,1.0,ISC,interleaved,,,9186.0,66.0
4,1.0,ISC,interleaved,,,9187.0,67.0
4,1.0,ISC,interleaved,,,9188.0,68.0
4,1.0,ISC,interleaved,,,9189.0,69.0
4,1.0,ISC,interleaved,,,9190.0,70.0
4,1.0,ISC,interleaved,,,9191.0,71.0
4,1.0,ISC,interleaved,,,9192.0,72.0
4,1.0,ISC,interleaved,,,9193.0,73.0
4,1.0,ISC,interleaved,,,9194.0,74.0
4,1.0,ISC,interleaved,,,9195.0,75.0
4,1.0,ISC,interleaved,,,9196.0,76.0
4,1.0,ISC,interleaved,,,9197.0,77.0
4,1.0,ISC,interleaved,,,9198.0,78.0
4,1.0,ISC,interleaved,,,9199.0,79.0
4,1.0,ISC,interleaved,,,9200.0,80.0
4,0.0,ISC,interleaved,,,9201.0,81.0
4,0.0,ISC,interleaved,,,9202.0,82.0
4,1.0,ISC,interleaved,,,9203.0,83.0
4,0.0,ISC,interleaved,,,9204.0,84.0
4,1.0,ISC,interleaved,,,9205.0,85.0
4,1.0,ISC,interleaved,,,9206.0,86.0
4,1.0,ISC,interleaved,,,9207.0,87.0
4,1.0,ISC,interleaved,,,9208.0,88.0
4,1.0,ISC,interleaved,,,9209.0,89.0
4,1.0,ISC,interleaved,,,9210.0,90.0
4,1.0,ISC,interleaved,,,9211.0,91.0
4,1.0,ISC,interleaved,,,9212.0,92.0
4,1.0,ISC,interleaved,,,9213.0,93.0
4,1.0,ISC,interleaved,,,9214.0,94.0
4,1.0,ISC,interleaved,,,9215.0,95.0
4,1.0,ISC,interleaved,,,9216.0,96.0
4,1.0,ISC,interleaved,,,9217.0,97.0
4,1.0,ISC,interleaved,,,9218.0,98.0
4,1.0,ISC,interleaved,,,9219.0,99.0
4,1.0,ISC,interleaved,,,9220.0,100.0
4,1.0,ISC,interleaved,,,9221.0,101.0
4,1.0,ISC,interleaved,,,9222.0,102.0
4,1.0,ISC,interleaved,,,9223.0,103.0
4,1.0,ISC,interleaved,,,9224.0,104.0
4,1.0,ISC,interleaved,,,9225.0,105.0
4,1.0,ISC,interleaved,,,9226.0,106.0
4,1.0,ISC,interleaved,,,9227.0,107.0
4,1.0,ISC,interleaved,,,9228.0,108.0
4,1.0,ISC,interleaved,,,9229.0,109.0
4,1.0,ISC,interleaved,,,9230.0,110.0
4,1.0,ISC,interleaved,,,9231.0,111.0
4,1.0,ISC,interleaved,,,9232.0,112.0
4,1.0,ISC,interleaved,,,9233.0,113.0
4,1.0,ISC,interleaved,,,9234.0,114.0
4,1.0,ISC,interleaved,,,9235.0,115.0
4,1.0,ISC,interleaved,,,9236.0,116.0
4,1.0,ISC,interleaved,,,9237.0,117.0
4,1.0,ISC,interleaved,,,9238.0,118.0
4,1.0,ISC,interleaved,,,9239.0,119.0
4,1.0,ISC,interleaved,,,9240.0,120.0
4,1.0,ISC,interleaved,,,9241.0,121.0
4,1.0,ISC,interleaved,,,9242.0,122.0
4,1.0,ISC,interleaved,,,9243.0,123.0
4,1.0,ISC,interleaved,,,9244.0,124.0
4,1.0,ISC,interleaved,,,9245.0,125.0
4,1.0,ISC,interleaved,,,9246.0,126.0
4,1.0,ISC,interleaved,,,9247.0,127.0
4,1.0,ISC,interleaved,,,9248.0,128.0
4,1.0,ISC,interleaved,,,9249.0,129.0
4,1.0,ISC,interleaved,,,9250.0,130.0
4,1.0,ISC,interleaved,,,9251.0,131.0
4,1.0,ISC,interleaved,,,9252.0,132.0
4,1.0,ISC,interleaved,,,9253.0,133.0
4,1.0,ISC,interleaved,,,9254.0,134.0
4,1.0,ISC,interleaved,,,9255.0,135.0
4,1.0,ISC,interleaved,,,9256.0,136.0
4,1.0,ISC,interleaved,,,9257.0,137.0
4,1.0,ISC,interleaved,,,9258.0,138.0
4,1.0,ISC,interleaved,,,9259.0,139.0
4,1.0,ISC,interleaved,,,9260.0,140.0
4,1.0,ISC,interleaved,,,9261.0,141.0
4,1.0,ISC,interleaved,,,9262.0,142.0
4,1.0,ISC,interleaved,,,9263.0,143.0
4,1.0,ISC,interleaved,,,9264.0,144.0
4,1.0,ISC,interleaved,,,9265.0,145.0
4,1.0,ISC,interleaved,,,9266.0,146.0
4,1.0,ISC,interleaved,,,9267.0,147.0
4,1.0,ISC,interleaved,,,9268.0,148.0
4,1.0,ISC,interleaved,,,9269.0,149.0
4,1.0,ISC,interleaved,,,9270.0,150.0
4,1.0,ISC,interleaved,,,9271.0,151.0
4,1.0,ISC,interleaved,,,9272.0,152.0
4,0.0,ISC,interleaved,,,9273.0,153.0
4,1.0,ISC,interleaved,,,9274.0,154.0
4,0.0,ISC,interleaved,,,9275.0,155.0
4,1.0,ISC,interleaved,,,9276.0,156.0
4,1.0,ISC,interleaved,,,9277.0,157.0
4,1.0,ISC,interleaved,,,9278.0,158.0
4,1.0,ISC,interleaved,,,9279.0,159.0
4,1.0,ISC,interleaved,,,9280.0,160.0
4,1.0,ISC,interleaved,,,9281.0,161.0
4,1.0,ISC,interleaved,,,9282.0,162.0
4,1.0,ISC,interleaved,,,9283.0,163.0
4,1.0,ISC,interleaved,,,9284.0,164.0
4,1.0,ISC,interleaved,,,9285.0,165.0
4,1.0,ISC,interleaved,,,9286.0,166.0
4,1.0,ISC,interleaved,,,9287.0,167.0
4,1.0,ISC,interleaved,,,9288.0,168.0
4,1.0,ISC,interleaved,,,9289.0,169.0
4,1.0,ISC,interleaved,,,9290.0,170.0
4,1.0,ISC,interleaved,,,9291.0,171.0
4,1.0,ISC,interleaved,,,9292.0,172.0
4,1.0,ISC,interleaved,,,9293.0,173.0
4,1.0,ISC,interleaved,,,9294.0,174.0
4,1.0,ISC,interleaved,,,9295.0,175.0
4,1.0,ISC,interleaved,,,9296.0,176.0
4,1.0,ISC,interleaved,,,9297.0,177.0
4,1.0,ISC,interleaved,,,9298.0,178.0
4,1.0,ISC,interleaved,,,9299.0,179.0
4,1.0,ISC,interleaved,,,9300.0,180.0
4,1.0,ISC,interleaved,,,9301.0,181.0
4,1.0,ISC,interleaved,,,9302.0,182.0
4,1.0,ISC,interleaved,,,9303.0,183.0
4,1.0,ISC,interleaved,,,9304.0,184.0
4,1.0,ISC,interleaved,,,9305.0,185.0
4,1.0,ISC,interleaved,,,9306.0,186.0
4,1.0,ISC,interleaved,,,9307.0,187.0
4,1.0,ISC,interleaved,,,9308.0,188.0
4,1.0,ISC,interleaved,,,9309.0,189.0
4,1.0,ISC,interleaved,,,9310.0,190.0
4,1.0,ISC,interleaved,,,9311.0,191.0
4,1.0,ISC,interleaved,,,9312.0,192.0
4,1.0,ISC,interleaved,,,9313.0,193.0
4,1.0,ISC,interleaved,,,9314.0,194.0
4,1.0,ISC,interleaved,,,9315.0,195.0
4,1.0,ISC,interleaved,,,9316.0,196.0
4,1.0,ISC,interleaved,,,9317.0,197.0
4,1.0,ISC,interleaved,,,9318.0,198.0
4,1.0,ISC,interleaved,,,9319.0,199.0
4,1.0,ISC,interleaved,,,9320.0,200.0
4,1.0,ISC,interleaved,,,9321.0,201.0
4,1.0,ISC,interleaved,,,9322.0,202.0
4,1.0,ISC,interleaved,,,9323.0,203.0
4,0.0,ISC,interleaved,,,9324.0,204.0
4,0.0,ISC,interleaved,,,9325.0,205.0
4,0.0,ISC,interleaved,,,9326.0,206.0
4,0.0,ISC,interleaved,,,9327.0,207.0
4,0.0,ISC,interleaved,,,9328.0,208.0
4,1.0,ISC,interleaved,,,9329.0,209.0
4,1.0,ISC,interleaved,,,9330.0,210.0
4,1.0,ISC,interleaved,,,9331.0,211.0
4,1.0,ISC,interleaved,,,9332.0,212.0
4,1.0,ISC,interleaved,,,9333.0,213.0
4,1.0,ISC,interleaved,,,9334.0,214.0
4,1.0,ISC,interleaved,,,9335.0,215.0
4,1.0,ISC,interleaved,,,9336.0,216.0
4,1.0,ISC,interleaved,,,9337.0,217.0
4,1.0,ISC,interleaved,,,9338.0,218.0
4,1.0,ISC,interleaved,,,9339.0,219.0
4,1.0,ISC,interleaved,,,9340.0,220.0
4,1.0,ISC,interleaved,,,9341.0,221.0
4,1.0,ISC,interleaved,,,9342.0,222.0
4,1.0,ISC,interleaved,,,9343.0,223.0
4,1.0,ISC,interleaved,,,9344.0,224.0
4,0.0,ISC,interleaved,,,9345.0,225.0
4,0.0,ISC,interleaved,,,9346.0,226.0
4,0.0,ISC,interleaved,,,9347.0,227.0
4,1.0,ISC,interleaved,,,9348.0,228.0
4,1.0,ISC,interleaved,,,9349.0,229.0
4,1.0,ISC,interleaved,,,9350.0,230.0
4,1.0,ISC,interleaved,,,9351.0,231.0
4,1.0,ISC,interleaved,,,9352.0,232.0
4,1.0,ISC,interleaved,,,9353.0,233.0
4,1.0,ISC,interleaved,,,9354.0,234.0
4,1.0,ISC,interleaved,,,9355.0,235.0
4,1.0,ISC,interleaved,,,9356.0,236.0
4,1.0,ISC,interleaved,,,9357.0,237.0
4,1.0,ISC,interleaved,,,9358.0,238.0
4,1.0,ISC,interleaved,,,9359.0,239.0
4,1.0,ISC,interleaved,,,9360.0,240.0
4,1.0,ISC,interleaved,,,9361.0,241.0
4,1.0,ISC,interleaved,,,9362.0,242.0
4,0.0,ISC,interleaved,,,9363.0,243.0
4,1.0,ISC,interleaved,,,9364.0,244.0
4,0.0,ISC,interleaved,,,9365.0,245.0
4,1.0,ISC,interleaved,,,9366.0,246.0
4,1.0,ISC,interleaved,,,9367.0,247.0
4,1.0,ISC,interleaved,,,9368.0,248.0
4,1.0,ISC,interleaved,,,9369.0,249.0
4,1.0,ISC,interleaved,,,9370.0,250.0
4,1.0,ISC,interleaved,,,9371.0,251.0
4,1.0,ISC,interleaved,,,9372.0,252.0
4,1.0,ISC,interleaved,,,9373.0,253.0
4,1.0,ISC,interleaved,,,9374.0,254.0
4,1.0,ISC,interleaved,,,9375.0,255.0
4,1.0,ISC,interleaved,,,9376.0,256.0
4,1.0,ISC,interleaved,,,9377.0,257.0
4,1.0,ISC,interleaved,,,9378.0,258.0
4,1.0,ISC,interleaved,,,9379.0,259.0
4,1.0,ISC,interleaved,,,9380.0,260.0
4,1.0,ISC,interleaved,,,9381.0,261.0
4,0.0,ISC,interleaved,,,9382.0,262.0
4,0.0,ISC,interleaved,,,9383.0,263.0
4,0.0,ISC,interleaved,,,9384.0,264.0
4,0.0,ISC,interleaved,,,9385.0,265.0
4,1.0,ISC,interleaved,,,9386.0,266.0
4,1.0,ISC,interleaved,,,9387.0,267.0
4,1.0,ISC,interleaved,,,9388.0,268.0
4,1.0,ISC,interleaved,,,9389.0,269.0
4,1.0,ISC,interleaved,,,9390.0,270.0
4,1.0,ISC,interleaved,,,9391.0,271.0
4,1.0,ISC,interleaved,,,9392.0,272.0
4,1.0,ISC,interleaved,,,9393.0,273.0
4,1.0,ISC,interleaved,,,9394.0,274.0
4,1.0,ISC,interleaved,,,9395.0,275.0
4,1.0,ISC,interleaved,,,9396.0,276.0
4,1.0,ISC,interleaved,,,9397.0,277.0
4,1.0,ISC,interleaved,,,9398.0,278.0
4,1.0,ISC,interleaved,,,9399.0,279.0
4,1.0,ISC,interleaved,,,9400.0,280.0
4,0.0,ISC,interleaved,,,9401.0,281.0
4,0.0,ISC,interleaved,,,9402.0,282.0
4,0.0,ISC,interleaved,,,9403.0,283.0
4,0.0,ISC,interleaved,,,9404.0,284.0
4,1.0,ISC,interleaved,,,9405.0,285.0
4,1.0,ISC,interleaved,,,9406.0,286.0
4,1.0,ISC,interleaved,,,9407.0,287.0
4,1.0,ISC,interleaved,,,9408.0,288.0
4,1.0,ISC,interleaved,,,9409.0,289.0
4,1.0,ISC,interleaved,,,9410.0,290.0
4,1.0,ISC,interleaved,,,9411.0,291.0
4,1.0,ISC,interleaved,,,9412.0,292.0
4,1.0,ISC,interleaved,,,9413.0,293.0
4,1.0,ISC,interleaved,,,9414.0,294.0
4,1.0,ISC,interleaved,,,9415.0,295.0
4,1.0,ISC,interleaved,,,9416.0,296.0
4,1.0,ISC,interleaved,,,9417.0,297.0
4,1.0,ISC,interleaved,,,9418.0,298.0
4,1.0,ISC,interleaved,,,9419.0,299.0
4,1.0,ISC,interleaved,,,9420.0,300.0
4,1.0,ISC,interleaved,,,9421.0,301.0
4,1.0,ISC,interleaved,,,9422.0,302.0
4,1.0,ISC,interleaved,,,9423.0,303.0
4,1.0,ISC,interleaved,,,9424.0,304.0
4,1.0,ISC,interleaved,,,9425.0,305.0
4,1.0,ISC,interleaved,,,9426.0,306.0
4,1.0,ISC,interleaved,,,9427.0,307.0
4,1.0,ISC,interleaved,,,9428.0,308.0
4,1.0,ISC,interleaved,,,9429.0,309.0
4,1.0,ISC,interleaved,,,9430.0,310.0
4,1.0,ISC,interleaved,,,9431.0,311.0
4,1.0,ISC,interleaved,,,9432.0,312.0
4,1.0,ISC,interleaved,,,9433.0,313.0
4,1.0,ISC,interleaved,,,9434.0,314.0
4,1.0,ISC,interleaved,,,9435.0,315.0
4,1.0,ISC,interleaved,,,9436.0,316.0
4,1.0,ISC,interleaved,,,9437.0,317.0
4,1.0,ISC,interleaved,,,9438.0,318.0
4,1.0,ISC,interleaved,,,9439.0,319.0
4,1.0,ISC,interleaved,,,9440.0,320.0
4,1.0,ISC,interleaved,,,9441.0,321.0
4,1.0,ISC,interleaved,,,9442.0,322.0
4,1.0,ISC,interleaved,,,9443.0,323.0
4,1.0,ISC,interleaved,,,9444.0,324.0
4,1.0,ISC,interleaved,,,9445.0,325.0
4,1.0,ISC,interleaved,,,9446.0,326.0
4,1.0,ISC,interleaved,,,9447.0,327.0
4,1.0,ISC,interleaved,,,9448.0,328.0
4,1.0,ISC,interleaved,,,9449.0,329.0
4,1.0,ISC,interleaved,,,9450.0,330.0
4,1.0,ISC,interleaved,,,9451.0,331.0
4,1.0,ISC,interleaved,,,9452.0,332.0
4,1.0,ISC,interleaved,,,9453.0,333.0
4,1.0,ISC,interleaved,,,9454.0,334.0
4,1.0,ISC,interleaved,,,9455.0,335.0
4,1.0,ISC,interleaved,,,9456.0,336.0
4,1.0,ISC,interleaved,,,9457.0,337.0
4,1.0,ISC,interleaved,,,9458.0,338.0
4,1.0,ISC,interleaved,,,9459.0,339.0
4,1.0,ISC,interleaved,,,9460.0,340.0
4,1.0,ISC,interleaved,,,9461.0,341.0
4,1.0,ISC,interleaved,,,9462.0,342.0
4,1.0,ISC,interleaved,,,9463.0,343.0
4,1.0,ISC,interleaved,,,9464.0,344.0
4,1.0,ISC,interleaved,,,9465.0,345.0
4,1.0,ISC,interleaved,,,9466.0,346.0
4,1.0,ISC,interleaved,,,9467.0,347.0
4,1.0,ISC,interleaved,,,9468.0,348.0
4,1.0,ISC,interleaved,,,9469.0,349.0
4,1.0,ISC,interleaved,,,9470.0,350.0
4,1.0,ISC,interleaved,,,9471.0,351.0
4,1.0,ISC,interleaved,,,9472.0,352.0
4,1.0,ISC,interleaved,,,9473.0,353.0
4,1.0,ISC,interleaved,,,9474.0,354.0
4,1.0,ISC,interleaved,,,9475.0,355.0
4,1.0,ISC,interleaved,,,9476.0,356.0
4,1.0,ISC,interleaved,,,9477.0,357.0
4,1.0,ISC,interleaved,,,9478.0,358.0
4,1.0,ISC,interleaved,,,9479.0,359.0
4,1.0,ISC,interleaved,,,9480.0,360.0
4,1.0,ISC,interleaved,,,9481.0,361.0
4,1.0,ISC,interleaved,,,9482.0,362.0
4,1.0,ISC,interleaved,,,9483.0,363.0
4,1.0,ISC,interleaved,,,9484.0,364.0
4,1.0,ISC,interleaved,,,9485.0,365.0
4,1.0,ISC,interleaved,,,9486.0,366.0
4,1.0,ISC,interleaved,,,9487.0,367.0
4,1.0,ISC,interleaved,,,9488.0,368.0
4,1.0,ISC,interleaved,,,9489.0,369.0
4,1.0,ISC,interleaved,,,9490.0,370.0
4,1.0,ISC,interleaved,,,9491.0,371.0
4,1.0,ISC,interleaved,,,9492.0,372.0
4,1.0,ISC,interleaved,,,9493.0,373.0
4,1.0,ISC,interleaved,,,9494.0,374.0
4,1.0,ISC,interleaved,,,9495.0,375.0
4,1.0,ISC,interleaved,,,9496.0,376.0
4,1.0,ISC,interleaved,,,9497.0,377.0
4,1.0,ISC,interleaved,,,9498.0,378.0
4,1.0,ISC,interleaved,,,9499.0,379.0
5,1.0,ISC,interleaved,,,9500.0,0.0
5,1.0,ISC,interleaved,,,9501.0,1.0
5,1.0,ISC,interleaved,,,9502.0,2.0
5,1.0,ISC,interleaved,,,9503.0,3.0
5,0.0,ISC,interleaved,,,9504.0,4.0
5,0.0,ISC,interleaved,,,9505.0,5.0
5,1.0,ISC,interleaved,,,9506.0,6.0
5,1.0,ISC,interleaved,,,9507.0,7.0
5,1.0,ISC,interleaved,,,9508.0,8.0
5,1.0,ISC,interleaved,,,9509.0,9.0
5,1.0,ISC,interleaved,,,9510.0,10.0
5,1.0,ISC,interleaved,,,9511.0,11.0
5,1.0,ISC,interleaved,,,9512.0,12.0
5,1.0,ISC,interleaved,,,9513.0,13.0
5,1.0,ISC,interleaved,,,9514.0,14.0
5,1.0,ISC,interleaved,,,9515.0,15.0
5,1.0,ISC,interleaved,,,9516.0,16.0
5,1.0,ISC,interleaved,,,9517.0,17.0
5,1.0,ISC,interleaved,,,9518.0,18.0
5,1.0,ISC,interleaved,,,9519.0,19.0
5,1.0,ISC,interleaved,,,9520.0,20.0
5,1.0,ISC,interleaved,,,9521.0,21.0
5,1.0,ISC,interleaved,,,9522.0,22.0
5,1.0,ISC,interleaved,,,9523.0,23.0
5,1.0,ISC,interleaved,,,9524.0,24.0
5,1.0,ISC,interleaved,,,9525.0,25.0
5,1.0,ISC,interleaved,,,9526.0,26.0
5,1.0,ISC,interleaved,,,9527.0,27.0
5,1.0,ISC,interleaved,,,9528.0,28.0
5,1.0,ISC,interleaved,,,9529.0,29.0
5,1.0,ISC,interleaved,,,9530.0,30.0
5,1.0,ISC,interleaved,,,9531.0,31.0
5,1.0,ISC,interleaved,,,9532.0,32.0
5,1.0,ISC,interleaved,,,9533.0,33.0
5,1.0,ISC,interleaved,,,9534.0,34.0
5,1.0,ISC,interleaved,,,9535.0,35.0
5,1.0,ISC,interleaved,,,9536.0,36.0
5,1.0,ISC,interleaved,,,9537.0,37.0
5,1.0,ISC,interleaved,,,9538.0,38.0
5,1.0,ISC,interleaved,,,9539.0,39.0
5,1.0,ISC,interleaved,,,9540.0,40.0
5,1.0,ISC,interleaved,,,9541.0,41.0
5,1.0,ISC,interleaved,,,9542.0,42.0
5,1.0,ISC,interleaved,,,9543.0,43.0
5,1.0,ISC,interleaved,,,9544.0,44.0
5,1.0,ISC,interleaved,,,9545.0,45.0
5,1.0,ISC,interleaved,,,9546.0,46.0
5,1.0,ISC,interleaved,,,9547.0,47.0
5,1.0,ISC,interleaved,,,9548.0,48.0
5,1.0,ISC,interleaved,,,9549.0,49.0
5,1.0,ISC,interleaved,,,9550.0,50.0
5,1.0,ISC,interleaved,,,9551.0,51.0
5,1.0,ISC,interleaved,,,9552.0,52.0
5,1.0,ISC,interleaved,,,9553.0,53.0
5,1.0,ISC,interleaved,,,9554.0,54.0
5,1.0,ISC,interleaved,,,9555.0,55.0
5,1.0,ISC,interleaved,,,9556.0,56.0
5,1.0,ISC,interleaved,,,9557.0,57.0
5,1.0,ISC,interleaved,,,9558.0,58.0
5,1.0,ISC,interleaved,,,9559.0,59.0
5,1.0,ISC,interleaved,,,9560.0,60.0
5,1.0,ISC,interleaved,,,9561.0,61.0
5,1.0,ISC,interleaved,,,9562.0,62.0
5,1.0,ISC,interleaved,,,9563.0,63.0
5,1.0,ISC,interleaved,,,9564.0,64.0
5,1.0,ISC,interleaved,,,9565.0,65.0
5,1.0,ISC,interleaved,,,9566.0,66.0
5,1.0,ISC,interleaved,,,9567.0,67.0
5,1.0,ISC,interleaved,,,9568.0,68.0
5,1.0,ISC,interleaved,,,9569.0,69.0
5,1.0,ISC,interleaved,,,9570.0,70.0
5,1.0,ISC,interleaved,,,9571.0,71.0
5,1.0,ISC,interleaved,,,9572.0,72.0
5,1.0,ISC,interleaved,,,9573.0,73.0
5,1.0,ISC,interleaved,,,9574.0,74.0
5,1.0,ISC,interleaved,,,9575.0,75.0
5,1.0,ISC,interleaved,,,9576.0,76.0
5,1.0,ISC,interleaved,,,9577.0,77.0
5,1.0,ISC,interleaved,,,9578.0,78.0
5,1.0,ISC,interleaved,,,9579.0,79.0
5,1.0,ISC,interleaved,,,9580.0,80.0
5,0.0,ISC,interleaved,,,9581.0,81.0
5,1.0,ISC,interleaved,,,9582.0,82.0
5,1.0,ISC,interleaved,,,9583.0,83.0
5,1.0,ISC,interleaved,,,9584.0,84.0
5,1.0,ISC,interleaved,,,9585.0,85.0
5,1.0,ISC,interleaved,,,9586.0,86.0
5,1.0,ISC,interleaved,,,9587.0,87.0
5,1.0,ISC,interleaved,,,9588.0,88.0
5,1.0,ISC,interleaved,,,9589.0,89.0
5,1.0,ISC,interleaved,,,9590.0,90.0
5,1.0,ISC,interleaved,,,9591.0,91.0
5,1.0,ISC,interleaved,,,9592.0,92.0
5,1.0,ISC,interleaved,,,9593.0,93.0
5,1.0,ISC,interleaved,,,9594.0,94.0
5,1.0,ISC,interleaved,,,9595.0,95.0
5,1.0,ISC,interleaved,,,9596.0,96.0
5,0.0,ISC,interleaved,,,9597.0,97.0
5,0.0,ISC,interleaved,,,9598.0,98.0
5,1.0,ISC,interleaved,,,9599.0,99.0
5,1.0,ISC,interleaved,,,9600.0,100.0
5,1.0,ISC,interleaved,,,9601.0,101.0
5,1.0,ISC,interleaved,,,9602.0,102.0
5,1.0,ISC,interleaved,,,9603.0,103.0
5,1.0,ISC,interleaved,,,9604.0,104.0
5,1.0,ISC,interleaved,,,9605.0,105.0
5,1.0,ISC,interleaved,,,9606.0,106.0
5,1.0,ISC,interleaved,,,9607.0,107.0
5,1.0,ISC,interleaved,,,9608.0,108.0
5,1.0,ISC,interleaved,,,9609.0,109.0
5,1.0,ISC,interleaved,,,9610.0,110.0
5,1.0,ISC,interleaved,,,9611.0,111.0
5,1.0,ISC,interleaved,,,9612.0,112.0
5,1.0,ISC,interleaved,,,9613.0,113.0
5,1.0,ISC,interleaved,,,9614.0,114.0
5,1.0,ISC,interleaved,,,9615.0,115.0
5,1.0,ISC,interleaved,,,9616.0,116.0
5,0.0,ISC,interleaved,,,9617.0,117.0
5,1.0,ISC,interleaved,,,9618.0,118.0
5,1.0,ISC,interleaved,,,9619.0,119.0
5,1.0,ISC,interleaved,,,9620.0,120.0
5,1.0,ISC,interleaved,,,9621.0,121.0
5,1.0,ISC,interleaved,,,9622.0,122.0
5,1.0,ISC,interleaved,,,9623.0,123.0
5,1.0,ISC,interleaved,,,9624.0,124.0
5,1.0,ISC,interleaved,,,9625.0,125.0
5,1.0,ISC,interleaved,,,9626.0,126.0
5,1.0,ISC,interleaved,,,9627.0,127.0
5,1.0,ISC,interleaved,,,9628.0,128.0
5,1.0,ISC,interleaved,,,9629.0,129.0
5,1.0,ISC,interleaved,,,9630.0,130.0
5,1.0,ISC,interleaved,,,9631.0,131.0
5,1.0,ISC,interleaved,,,9632.0,132.0
5,1.0,ISC,interleaved,,,9633.0,133.0
5,0.0,ISC,interleaved,,,9634.0,134.0
5,0.0,ISC,interleaved,,,9635.0,135.0
5,0.0,ISC,interleaved,,,9636.0,136.0
5,1.0,ISC,interleaved,,,9637.0,137.0
5,1.0,ISC,interleaved,,,9638.0,138.0
5,1.0,ISC,interleaved,,,9639.0,139.0
5,1.0,ISC,interleaved,,,9640.0,140.0
5,1.0,ISC,interleaved,,,9641.0,141.0
5,1.0,ISC,interleaved,,,9642.0,142.0
5,1.0,ISC,interleaved,,,9643.0,143.0
5,1.0,ISC,interleaved,,,9644.0,144.0
5,1.0,ISC,interleaved,,,9645.0,145.0
5,1.0,ISC,interleaved,,,9646.0,146.0
5,1.0,ISC,interleaved,,,9647.0,147.0
5,1.0,ISC,interleaved,,,9648.0,148.0
5,1.0,ISC,interleaved,,,9649.0,149.0
5,1.0,ISC,interleaved,,,9650.0,150.0
5,1.0,ISC,interleaved,,,9651.0,151.0
5,0.0,ISC,interleaved,,,9652.0,152.0
5,0.0,ISC,interleaved,,,9653.0,153.0
5,0.0,ISC,interleaved,,,9654.0,154.0
5,0.0,ISC,interleaved,,,9655.0,155.0
5,0.0,ISC,interleaved,,,9656.0,156.0
5,1.0,ISC,interleaved,,,9657.0,157.0
5,1.0,ISC,interleaved,,,9658.0,158.0
5,1.0,ISC,interleaved,,,9659.0,159.0
5,1.0,ISC,interleaved,,,9660.0,160.0
5,1.0,ISC,interleaved,,,9661.0,161.0
5,1.0,ISC,interleaved,,,9662.0,162.0
5,1.0,ISC,interleaved,,,9663.0,163.0
5,1.0,ISC,interleaved,,,9664.0,164.0
5,1.0,ISC,interleaved,,,9665.0,165.0
5,1.0,ISC,interleaved,,,9666.0,166.0
5,1.0,ISC,interleaved,,,9667.0,167.0
5,1.0,ISC,interleaved,,,9668.0,168.0
5,1.0,ISC,interleaved,,,9669.0,169.0
5,1.0,ISC,interleaved,,,9670.0,170.0
5,1.0,ISC,interleaved,,,9671.0,171.0
5,1.0,ISC,interleaved,,,9672.0,172.0
5,0.0,ISC,interleaved,,,9673.0,173.0
5,0.0,ISC,interleaved,,,9674.0,174.0
5,1.0,ISC,interleaved,,,9675.0,175.0
5,1.0,ISC,interleaved,,,9676.0,176.0
5,1.0,ISC,interleaved,,,9677.0,177.0
5,1.0,ISC,interleaved,,,9678.0,178.0
5,1.0,ISC,interleaved,,,9679.0,179.0
5,1.0,ISC,interleaved,,,9680.0,180.0
5,1.0,ISC,interleaved,,,9681.0,181.0
5,1.0,ISC,interleaved,,,9682.0,182.0
5,1.0,ISC,interleaved,,,9683.0,183.0
5,1.0,ISC,interleaved,,,9684.0,184.0
5,1.0,ISC,interleaved,,,9685.0,185.0
5,1.0,ISC,interleaved,,,9686.0,186.0
5,1.0,ISC,interleaved,,,9687.0,187.0
5,1.0,ISC,interleaved,,,9688.0,188.0
5,1.0,ISC,interleaved,,,9689.0,189.0
5,1.0,ISC,interleaved,,,9690.0,190.0
5,1.0,ISC,interleaved,,,9691.0,191.0
5,1.0,ISC,interleaved,,,9692.0,192.0
5,1.0,ISC,interleaved,,,9693.0,193.0
5,1.0,ISC,interleaved,,,9694.0,194.0
5,1.0,ISC,interleaved,,,9695.0,195.0
5,1.0,ISC,interleaved,,,9696.0,196.0
5,1.0,ISC,interleaved,,,9697.0,197.0
5,1.0,ISC,interleaved,,,9698.0,198.0
5,1.0,ISC,interleaved,,,9699.0,199.0
5,1.0,ISC,interleaved,,,9700.0,200.0
5,1.0,ISC,interleaved,,,9701.0,201.0
5,1.0,ISC,interleaved,,,9702.0,202.0
5,1.0,ISC,interleaved,,,9703.0,203.0
5,0.0,ISC,interleaved,,,9704.0,204.0
5,0.0,ISC,interleaved,,,9705.0,205.0
5,0.0,ISC,interleaved,,,9706.0,206.0
5,1.0,ISC,interleaved,,,9707.0,207.0
5,0.0,ISC,interleaved,,,9708.0,208.0
5,1.0,ISC,interleaved,,,9709.0,209.0
5,1.0,ISC,interleaved,,,9710.0,210.0
5,1.0,ISC,interleaved,,,9711.0,211.0
5,1.0,ISC,interleaved,,,9712.0,212.0
5,1.0,ISC,interleaved,,,9713.0,213.0
5,1.0,ISC,interleaved,,,9714.0,214.0
5,1.0,ISC,interleaved,,,9715.0,215.0
5,1.0,ISC,interleaved,,,9716.0,216.0
5,1.0,ISC,interleaved,,,9717.0,217.0
5,1.0,ISC,interleaved,,,9718.0,218.0
5,1.0,ISC,interleaved,,,9719.0,219.0
5,1.0,ISC,interleaved,,,9720.0,220.0
5,1.0,ISC,interleaved,,,9721.0,221.0
5,1.0,ISC,interleaved,,,9722.0,222.0
5,0.0,ISC,interleaved,,,9723.0,223.0
5,0.0,ISC,interleaved,,,9724.0,224.0
5,0.0,ISC,interleaved,,,9725.0,225.0
5,0.0,ISC,interleaved,,,9726.0,226.0
5,0.0,ISC,interleaved,,,9727.0,227.0
5,1.0,ISC,interleaved,,,9728.0,228.0
5,1.0,ISC,interleaved,,,9729.0,229.0
5,1.0,ISC,interleaved,,,9730.0,230.0
5,1.0,ISC,interleaved,,,9731.0,231.0
5,1.0,ISC,interleaved,,,9732.0,232.0
5,1.0,ISC,interleaved,,,9733.0,233.0
5,1.0,ISC,interleaved,,,9734.0,234.0
5,1.0,ISC,interleaved,,,9735.0,235.0
5,1.0,ISC,interleaved,,,9736.0,236.0
5,1.0,ISC,interleaved,,,9737.0,237.0
5,1.0,ISC,interleaved,,,9738.0,238.0
5,1.0,ISC,interleaved,,,9739.0,239.0
5,1.0,ISC,interleaved,,,9740.0,240.0
5,1.0,ISC,interleaved,,,9741.0,241.0
5,1.0,ISC,interleaved,,,9742.0,242.0
5,1.0,ISC,interleaved,,,9743.0,243.0
5,1.0,ISC,interleaved,,,9744.0,244.0
5,1.0,ISC,interleaved,,,9745.0,245.0
5,0.0,ISC,interleaved,,,9746.0,246.0
5,1.0,ISC,interleaved,,,9747.0,247.0
5,1.0,ISC,interleaved,,,9748.0,248.0
5,1.0,ISC,interleaved,,,9749.0,249.0
5,1.0,ISC,interleaved,,,9750.0,250.0
5,1.0,ISC,interleaved,,,9751.0,251.0
5,1.0,ISC,interleaved,,,9752.0,252.0
5,1.0,ISC,interleaved,,,9753.0,253.0
5,1.0,ISC,interleaved,,,9754.0,254.0
5,1.0,ISC,interleaved,,,9755.0,255.0
5,1.0,ISC,interleaved,,,9756.0,256.0
5,1.0,ISC,interleaved,,,9757.0,257.0
5,1.0,ISC,interleaved,,,9758.0,258.0
5,1.0,ISC,interleaved,,,9759.0,259.0
5,1.0,ISC,interleaved,,,9760.0,260.0
5,1.0,ISC,interleaved,,,9761.0,261.0
5,1.0,ISC,interleaved,,,9762.0,262.0
5,1.0,ISC,interleaved,,,9763.0,263.0
5,1.0,ISC,interleaved,,,9764.0,264.0
5,0.0,ISC,interleaved,,,9765.0,265.0
5,1.0,ISC,interleaved,,,9766.0,266.0
5,1.0,ISC,interleaved,,,9767.0,267.0
5,1.0,ISC,interleaved,,,9768.0,268.0
5,1.0,ISC,interleaved,,,9769.0,269.0
5,1.0,ISC,interleaved,,,9770.0,270.0
5,1.0,ISC,interleaved,,,9771.0,271.0
5,1.0,ISC,interleaved,,,9772.0,272.0
5,1.0,ISC,interleaved,,,9773.0,273.0
5,1.0,ISC,interleaved,,,9774.0,274.0
5,1.0,ISC,interleaved,,,9775.0,275.0
5,1.0,ISC,interleaved,,,9776.0,276.0
5,1.0,ISC,interleaved,,,9777.0,277.0
5,1.0,ISC,interleaved,,,9778.0,278.0
5,1.0,ISC,interleaved,,,9779.0,279.0
5,1.0,ISC,interleaved,,,9780.0,280.0
5,1.0,ISC,interleaved,,,9781.0,281.0
5,1.0,ISC,interleaved,,,9782.0,282.0
5,1.0,ISC,interleaved,,,9783.0,283.0
5,1.0,ISC,interleaved,,,9784.0,284.0
5,1.0,ISC,interleaved,,,9785.0,285.0
5,1.0,ISC,interleaved,,,9786.0,286.0
5,1.0,ISC,interleaved,,,9787.0,287.0
5,1.0,ISC,interleaved,,,9788.0,288.0
5,1.0,ISC,interleaved,,,9789.0,289.0
5,1.0,ISC,interleaved,,,9790.0,290.0
5,1.0,ISC,interleaved,,,9791.0,291.0
5,1.0,ISC,interleaved,,,9792.0,292.0
5,1.0,ISC,interleaved,,,9793.0,293.0
5,1.0,ISC,interleaved,,,9794.0,294.0
5,1.0,ISC,interleaved,,,9795.0,295.0
5,1.0,ISC,interleaved,,,9796.0,296.0
5,1.0,ISC,interleaved,,,9797.0,297.0
5,0.0,ISC,interleaved,,,9798.0,298.0
5,0.0,ISC,interleaved,,,9799.0,299.0
5,1.0,ISC,interleaved,,,9800.0,300.0
5,1.0,ISC,interleaved,,,9801.0,301.0
5,1.0,ISC,interleaved,,,9802.0,302.0
5,1.0,ISC,interleaved,,,9803.0,303.0
5,1.0,ISC,interleaved,,,9804.0,304.0
5,1.0,ISC,interleaved,,,9805.0,305.0
5,1.0,ISC,interleaved,,,9806.0,306.0
5,1.0,ISC,interleaved,,,9807.0,307.0
5,1.0,ISC,interleaved,,,9808.0,308.0
5,1.0,ISC,interleaved,,,9809.0,309.0
5,1.0,ISC,interleaved,,,9810.0,310.0
5,1.0,ISC,interleaved,,,9811.0,311.0
5,1.0,ISC,interleaved,,,9812.0,312.0
5,1.0,ISC,interleaved,,,9813.0,313.0
5,1.0,ISC,interleaved,,,9814.0,314.0
5,1.0,ISC,interleaved,,,9815.0,315.0
5,1.0,ISC,interleaved,,,9816.0,316.0
5,1.0,ISC,interleaved,,,9817.0,317.0
5,0.0,ISC,interleaved,,,9818.0,318.0
5,1.0,ISC,interleaved,,,9819.0,319.0
5,1.0,ISC,interleaved,,,9820.0,320.0
5,1.0,ISC,interleaved,,,9821.0,321.0
5,1.0,ISC,interleaved,,,9822.0,322.0
5,1.0,ISC,interleaved,,,9823.0,323.0
5,1.0,ISC,interleaved,,,9824.0,324.0
5,1.0,ISC,interleaved,,,9825.0,325.0
5,1.0,ISC,interleaved,,,9826.0,326.0
5,1.0,ISC,interleaved,,,9827.0,327.0
5,1.0,ISC,interleaved,,,9828.0,328.0
5,1.0,ISC,interleaved,,,9829.0,329.0
5,1.0,ISC,interleaved,,,9830.0,330.0
5,1.0,ISC,interleaved,,,9831.0,331.0
5,1.0,ISC,interleaved,,,9832.0,332.0
5,1.0,ISC,interleaved,,,9833.0,333.0
5,1.0,ISC,interleaved,,,9834.0,334.0
5,1.0,ISC,interleaved,,,9835.0,335.0
5,1.0,ISC,interleaved,,,9836.0,336.0
5,0.0,ISC,interleaved,,,9837.0,337.0
5,1.0,ISC,interleaved,,,9838.0,338.0
5,1.0,ISC,interleaved,,,9839.0,339.0
5,1.0,ISC,interleaved,,,9840.0,340.0
5,1.0,ISC,interleaved,,,9841.0,341.0
5,1.0,ISC,interleaved,,,9842.0,342.0
5,1.0,ISC,interleaved,,,9843.0,343.0
5,1.0,ISC,interleaved,,,9844.0,344.0
5,1.0,ISC,interleaved,,,9845.0,345.0
5,1.0,ISC,interleaved,,,9846.0,346.0
5,1.0,ISC,interleaved,,,9847.0,347.0
5,1.0,ISC,interleaved,,,9848.0,348.0
5,1.0,ISC,interleaved,,,9849.0,349.0
5,1.0,ISC,interleaved,,,9850.0,350.0
5,1.0,ISC,interleaved,,,9851.0,351.0
5,0.0,ISC,interleaved,,,9852.0,352.0
5,1.0,ISC,interleaved,,,9853.0,353.0
5,0.0,ISC,interleaved,,,9854.0,354.0
5,0.0,ISC,interleaved,,,9855.0,355.0
5,0.0,ISC,interleaved,,,9856.0,356.0
5,1.0,ISC,interleaved,,,9857.0,357.0
5,1.0,ISC,interleaved,,,9858.0,358.0
5,1.0,ISC,interleaved,,,9859.0,359.0
5,1.0,ISC,interleaved,,,9860.0,360.0
5,1.0,ISC,interleaved,,,9861.0,361.0
5,1.0,ISC,interleaved,,,9862.0,362.0
5,1.0,ISC,interleaved,,,9863.0,363.0
5,1.0,ISC,interleaved,,,9864.0,364.0
5,1.0,ISC,interleaved,,,9865.0,365.0
5,1.0,ISC,interleaved,,,9866.0,366.0
5,1.0,ISC,interleaved,,,9867.0,367.0
5,1.0,ISC,interleaved,,,9868.0,368.0
5,1.0,ISC,interleaved,,,9869.0,369.0
5,1.0,ISC,interleaved,,,9870.0,370.0
5,1.0,ISC,interleaved,,,9871.0,371.0
5,1.0,ISC,interleaved,,,9872.0,372.0
5,1.0,ISC,interleaved,,,9873.0,373.0
5,1.0,ISC,interleaved,,,9874.0,374.0
5,0.0,ISC,interleaved,,,9875.0,375.0
5,1.0,ISC,interleaved,,,9876.0,376.0
5,1.0,ISC,interleaved,,,9877.0,377.0
5,1.0,ISC,interleaved,,,9878.0,378.0
5,1.0,ISC,interleaved,,,9879.0,379.0
6,1.0,ISC,interleaved,,,9880.0,0.0
6,1.0,ISC,interleaved,,,9881.0,1.0
6,1.0,ISC,interleaved,,,9882.0,2.0
6,1.0,ISC,interleaved,,,9883.0,3.0
6,1.0,ISC,interleaved,,,9884.0,4.0
6,1.0,ISC,interleaved,,,9885.0,5.0
6,1.0,ISC,interleaved,,,9886.0,6.0
6,0.0,ISC,interleaved,,,9887.0,7.0
6,0.0,ISC,interleaved,,,9888.0,8.0
6,1.0,ISC,interleaved,,,9889.0,9.0
6,1.0,ISC,interleaved,,,9890.0,10.0
6,1.0,ISC,interleaved,,,9891.0,11.0
6,1.0,ISC,interleaved,,,9892.0,12.0
6,1.0,ISC,interleaved,,,9893.0,13.0
6,1.0,ISC,interleaved,,,9894.0,14.0
6,1.0,ISC,interleaved,,,9895.0,15.0
6,1.0,ISC,interleaved,,,9896.0,16.0
6,1.0,ISC,interleaved,,,9897.0,17.0
6,1.0,ISC,interleaved,,,9898.0,18.0
6,1.0,ISC,interleaved,,,9899.0,19.0
6,1.0,ISC,interleaved,,,9900.0,20.0
6,1.0,ISC,interleaved,,,9901.0,21.0
6,1.0,ISC,interleaved,,,9902.0,22.0
6,1.0,ISC,interleaved,,,9903.0,23.0
6,1.0,ISC,interleaved,,,9904.0,24.0
6,1.0,ISC,interleaved,,,9905.0,25.0
6,0.0,ISC,interleaved,,,9906.0,26.0
6,0.0,ISC,interleaved,,,9907.0,27.0
6,1.0,ISC,interleaved,,,9908.0,28.0
6,1.0,ISC,interleaved,,,9909.0,29.0
6,1.0,ISC,interleaved,,,9910.0,30.0
6,1.0,ISC,interleaved,,,9911.0,31.0
6,1.0,ISC,interleaved,,,9912.0,32.0
6,1.0,ISC,interleaved,,,9913.0,33.0
6,1.0,ISC,interleaved,,,9914.0,34.0
6,1.0,ISC,interleaved,,,9915.0,35.0
6,1.0,ISC,interleaved,,,9916.0,36.0
6,1.0,ISC,interleaved,,,9917.0,37.0
6,1.0,ISC,interleaved,,,9918.0,38.0
6,1.0,ISC,interleaved,,,9919.0,39.0
6,1.0,ISC,interleaved,,,9920.0,40.0
6,1.0,ISC,interleaved,,,9921.0,41.0
6,0.0,ISC,interleaved,,,9922.0,42.0
6,1.0,ISC,interleaved,,,9923.0,43.0
6,0.0,ISC,interleaved,,,9924.0,44.0
6,0.0,ISC,interleaved,,,9925.0,45.0
6,1.0,ISC,interleaved,,,9926.0,46.0
6,1.0,ISC,interleaved,,,9927.0,47.0
6,1.0,ISC,interleaved,,,9928.0,48.0
6,1.0,ISC,interleaved,,,9929.0,49.0
6,1.0,ISC,interleaved,,,9930.0,50.0
6,1.0,ISC,interleaved,,,9931.0,51.0
6,1.0,ISC,interleaved,,,9932.0,52.0
6,1.0,ISC,interleaved,,,9933.0,53.0
6,1.0,ISC,interleaved,,,9934.0,54.0
6,1.0,ISC,interleaved,,,9935.0,55.0
6,1.0,ISC,interleaved,,,9936.0,56.0
6,1.0,ISC,interleaved,,,9937.0,57.0
6,1.0,ISC,interleaved,,,9938.0,58.0
6,1.0,ISC,interleaved,,,9939.0,59.0
6,1.0,ISC,interleaved,,,9940.0,60.0
6,1.0,ISC,interleaved,,,9941.0,61.0
6,0.0,ISC,interleaved,,,9942.0,62.0
6,0.0,ISC,interleaved,,,9943.0,63.0
6,0.0,ISC,interleaved,,,9944.0,64.0
6,0.0,ISC,interleaved,,,9945.0,65.0
6,1.0,ISC,interleaved,,,9946.0,66.0
6,1.0,ISC,interleaved,,,9947.0,67.0
6,1.0,ISC,interleaved,,,9948.0,68.0
6,1.0,ISC,interleaved,,,9949.0,69.0
6,1.0,ISC,interleaved,,,9950.0,70.0
6,1.0,ISC,interleaved,,,9951.0,71.0
6,1.0,ISC,interleaved,,,9952.0,72.0
6,1.0,ISC,interleaved,,,9953.0,73.0
6,1.0,ISC,interleaved,,,9954.0,74.0
6,1.0,ISC,interleaved,,,9955.0,75.0
6,1.0,ISC,interleaved,,,9956.0,76.0
6,1.0,ISC,interleaved,,,9957.0,77.0
6,1.0,ISC,interleaved,,,9958.0,78.0
6,1.0,ISC,interleaved,,,9959.0,79.0
6,0.0,ISC,interleaved,,,9960.0,80.0
6,0.0,ISC,interleaved,,,9961.0,81.0
6,0.0,ISC,interleaved,,,9962.0,82.0
6,0.0,ISC,interleaved,,,9963.0,83.0
6,0.0,ISC,interleaved,,,9964.0,84.0
6,1.0,ISC,interleaved,,,9965.0,85.0
6,1.0,ISC,interleaved,,,9966.0,86.0
6,1.0,ISC,interleaved,,,9967.0,87.0
6,1.0,ISC,interleaved,,,9968.0,88.0
6,1.0,ISC,interleaved,,,9969.0,89.0
6,1.0,ISC,interleaved,,,9970.0,90.0
6,1.0,ISC,interleaved,,,9971.0,91.0
6,1.0,ISC,interleaved,,,9972.0,92.0
6,1.0,ISC,interleaved,,,9973.0,93.0
6,1.0,ISC,interleaved,,,9974.0,94.0
6,1.0,ISC,interleaved,,,9975.0,95.0
6,1.0,ISC,interleaved,,,9976.0,96.0
6,1.0,ISC,interleaved,,,9977.0,97.0
6,1.0,ISC,interleaved,,,9978.0,98.0
6,1.0,ISC,interleaved,,,9979.0,99.0
6,1.0,ISC,interleaved,,,9980.0,100.0
6,1.0,ISC,interleaved,,,9981.0,101.0
6,1.0,ISC,interleaved,,,9982.0,102.0
6,1.0,ISC,interleaved,,,9983.0,103.0
6,1.0,ISC,interleaved,,,9984.0,104.0
6,1.0,ISC,interleaved,,,9985.0,105.0
6,1.0,ISC,interleaved,,,9986.0,106.0
6,1.0,ISC,interleaved,,,9987.0,107.0
6,1.0,ISC,interleaved,,,9988.0,108.0
6,1.0,ISC,interleaved,,,9989.0,109.0
6,1.0,ISC,interleaved,,,9990.0,110.0
6,1.0,ISC,interleaved,,,9991.0,111.0
6,1.0,ISC,interleaved,,,9992.0,112.0
6,1.0,ISC,interleaved,,,9993.0,113.0
6,1.0,ISC,interleaved,,,9994.0,114.0
6,1.0,ISC,interleaved,,,9995.0,115.0
6,1.0,ISC,interleaved,,,9996.0,116.0
6,1.0,ISC,interleaved,,,9997.0,117.0
6,1.0,ISC,interleaved,,,9998.0,118.0
6,1.0,ISC,interleaved,,,9999.0,119.0
6,1.0,ISC,interleaved,,,10000.0,120.0
6,1.0,ISC,interleaved,,,10001.0,121.0
6,1.0,ISC,interleaved,,,10002.0,122.0
6,1.0,ISC,interleaved,,,10003.0,123.0
6,1.0,ISC,interleaved,,,10004.0,124.0
6,1.0,ISC,interleaved,,,10005.0,125.0
6,1.0,ISC,interleaved,,,10006.0,126.0
6,1.0,ISC,interleaved,,,10007.0,127.0
6,1.0,ISC,interleaved,,,10008.0,128.0
6,1.0,ISC,interleaved,,,10009.0,129.0
6,1.0,ISC,interleaved,,,10010.0,130.0
6,1.0,ISC,interleaved,,,10011.0,131.0
6,1.0,ISC,interleaved,,,10012.0,132.0
6,1.0,ISC,interleaved,,,10013.0,133.0
6,1.0,ISC,interleaved,,,10014.0,134.0
6,1.0,ISC,interleaved,,,10015.0,135.0
6,1.0,ISC,interleaved,,,10016.0,136.0
6,1.0,ISC,interleaved,,,10017.0,137.0
6,1.0,ISC,interleaved,,,10018.0,138.0
6,1.0,ISC,interleaved,,,10019.0,139.0
6,1.0,ISC,interleaved,,,10020.0,140.0
6,1.0,ISC,interleaved,,,10021.0,141.0
6,1.0,ISC,interleaved,,,10022.0,142.0
6,1.0,ISC,interleaved,,,10023.0,143.0
6,1.0,ISC,interleaved,,,10024.0,144.0
6,1.0,ISC,interleaved,,,10025.0,145.0
6,1.0,ISC,interleaved,,,10026.0,146.0
6,1.0,ISC,interleaved,,,10027.0,147.0
6,1.0,ISC,interleaved,,,10028.0,148.0
6,1.0,ISC,interleaved,,,10029.0,149.0
6,1.0,ISC,interleaved,,,10030.0,150.0
6,1.0,ISC,interleaved,,,10031.0,151.0
6,1.0,ISC,interleaved,,,10032.0,152.0
6,1.0,ISC,interleaved,,,10033.0,153.0
6,1.0,ISC,interleaved,,,10034.0,154.0
6,1.0,ISC,interleaved,,,10035.0,155.0
6,1.0,ISC,interleaved,,,10036.0,156.0
6,1.0,ISC,interleaved,,,10037.0,157.0
6,1.0,ISC,interleaved,,,10038.0,158.0
6,1.0,ISC,interleaved,,,10039.0,159.0
6,1.0,ISC,interleaved,,,10040.0,160.0
6,1.0,ISC,interleaved,,,10041.0,161.0
6,1.0,ISC,interleaved,,,10042.0,162.0
6,1.0,ISC,interleaved,,,10043.0,163.0
6,1.0,ISC,interleaved,,,10044.0,164.0
6,1.0,ISC,interleaved,,,10045.0,165.0
6,1.0,ISC,interleaved,,,10046.0,166.0
6,1.0,ISC,interleaved,,,10047.0,167.0
6,1.0,ISC,interleaved,,,10048.0,168.0
6,1.0,ISC,interleaved,,,10049.0,169.0
6,1.0,ISC,interleaved,,,10050.0,170.0
6,1.0,ISC,interleaved,,,10051.0,171.0
6,1.0,ISC,interleaved,,,10052.0,172.0
6,1.0,ISC,interleaved,,,10053.0,173.0
6,1.0,ISC,interleaved,,,10054.0,174.0
6,1.0,ISC,interleaved,,,10055.0,175.0
6,1.0,ISC,interleaved,,,10056.0,176.0
6,1.0,ISC,interleaved,,,10057.0,177.0
6,1.0,ISC,interleaved,,,10058.0,178.0
6,1.0,ISC,interleaved,,,10059.0,179.0
6,1.0,ISC,interleaved,,,10060.0,180.0
6,1.0,ISC,interleaved,,,10061.0,181.0
6,1.0,ISC,interleaved,,,10062.0,182.0
6,1.0,ISC,interleaved,,,10063.0,183.0
6,1.0,ISC,interleaved,,,10064.0,184.0
6,1.0,ISC,interleaved,,,10065.0,185.0
6,1.0,ISC,interleaved,,,10066.0,186.0
6,1.0,ISC,interleaved,,,10067.0,187.0
6,1.0,ISC,interleaved,,,10068.0,188.0
6,1.0,ISC,interleaved,,,10069.0,189.0
6,1.0,ISC,interleaved,,,10070.0,190.0
6,1.0,ISC,interleaved,,,10071.0,191.0
6,1.0,ISC,interleaved,,,10072.0,192.0
6,1.0,ISC,interleaved,,,10073.0,193.0
6,1.0,ISC,interleaved,,,10074.0,194.0
6,1.0,ISC,interleaved,,,10075.0,195.0
6,1.0,ISC,interleaved,,,10076.0,196.0
6,1.0,ISC,interleaved,,,10077.0,197.0
6,1.0,ISC,interleaved,,,10078.0,198.0
6,1.0,ISC,interleaved,,,10079.0,199.0
6,1.0,ISC,interleaved,,,10080.0,200.0
6,1.0,ISC,interleaved,,,10081.0,201.0
6,1.0,ISC,interleaved,,,10082.0,202.0
6,1.0,ISC,interleaved,,,10083.0,203.0
6,1.0,ISC,interleaved,,,10084.0,204.0
6,0.0,ISC,interleaved,,,10085.0,205.0
6,1.0,ISC,interleaved,,,10086.0,206.0
6,1.0,ISC,interleaved,,,10087.0,207.0
6,1.0,ISC,interleaved,,,10088.0,208.0
6,1.0,ISC,interleaved,,,10089.0,209.0
6,1.0,ISC,interleaved,,,10090.0,210.0
6,1.0,ISC,interleaved,,,10091.0,211.0
6,1.0,ISC,interleaved,,,10092.0,212.0
6,1.0,ISC,interleaved,,,10093.0,213.0
6,1.0,ISC,interleaved,,,10094.0,214.0
6,1.0,ISC,interleaved,,,10095.0,215.0
6,1.0,ISC,interleaved,,,10096.0,216.0
6,1.0,ISC,interleaved,,,10097.0,217.0
6,1.0,ISC,interleaved,,,10098.0,218.0
6,1.0,ISC,interleaved,,,10099.0,219.0
6,1.0,ISC,interleaved,,,10100.0,220.0
6,1.0,ISC,interleaved,,,10101.0,221.0
6,1.0,ISC,interleaved,,,10102.0,222.0
6,1.0,ISC,interleaved,,,10103.0,223.0
6,1.0,ISC,interleaved,,,10104.0,224.0
6,0.0,ISC,interleaved,,,10105.0,225.0
6,0.0,ISC,interleaved,,,10106.0,226.0
6,1.0,ISC,interleaved,,,10107.0,227.0
6,1.0,ISC,interleaved,,,10108.0,228.0
6,1.0,ISC,interleaved,,,10109.0,229.0
6,1.0,ISC,interleaved,,,10110.0,230.0
6,1.0,ISC,interleaved,,,10111.0,231.0
6,1.0,ISC,interleaved,,,10112.0,232.0
6,1.0,ISC,interleaved,,,10113.0,233.0
6,1.0,ISC,interleaved,,,10114.0,234.0
6,1.0,ISC,interleaved,,,10115.0,235.0
6,1.0,ISC,interleaved,,,10116.0,236.0
6,1.0,ISC,interleaved,,,10117.0,237.0
6,1.0,ISC,interleaved,,,10118.0,238.0
6,1.0,ISC,interleaved,,,10119.0,239.0
6,1.0,ISC,interleaved,,,10120.0,240.0
6,1.0,ISC,interleaved,,,10121.0,241.0
6,1.0,ISC,interleaved,,,10122.0,242.0
6,1.0,ISC,interleaved,,,10123.0,243.0
6,0.0,ISC,interleaved,,,10124.0,244.0
6,0.0,ISC,interleaved,,,10125.0,245.0
6,1.0,ISC,interleaved,,,10126.0,246.0
6,1.0,ISC,interleaved,,,10127.0,247.0
6,1.0,ISC,interleaved,,,10128.0,248.0
6,1.0,ISC,interleaved,,,10129.0,249.0
6,1.0,ISC,interleaved,,,10130.0,250.0
6,1.0,ISC,interleaved,,,10131.0,251.0
6,1.0,ISC,interleaved,,,10132.0,252.0
6,1.0,ISC,interleaved,,,10133.0,253.0
6,1.0,ISC,interleaved,,,10134.0,254.0
6,1.0,ISC,interleaved,,,10135.0,255.0
6,1.0,ISC,interleaved,,,10136.0,256.0
6,1.0,ISC,interleaved,,,10137.0,257.0
6,1.0,ISC,interleaved,,,10138.0,258.0
6,1.0,ISC,interleaved,,,10139.0,259.0
6,1.0,ISC,interleaved,,,10140.0,260.0
6,1.0,ISC,interleaved,,,10141.0,261.0
6,0.0,ISC,interleaved,,,10142.0,262.0
6,1.0,ISC,interleaved,,,10143.0,263.0
6,0.0,ISC,interleaved,,,10144.0,264.0
6,1.0,ISC,interleaved,,,10145.0,265.0
6,1.0,ISC,interleaved,,,10146.0,266.0
6,1.0,ISC,interleaved,,,10147.0,267.0
6,1.0,ISC,interleaved,,,10148.0,268.0
6,1.0,ISC,interleaved,,,10149.0,269.0
6,1.0,ISC,interleaved,,,10150.0,270.0
6,1.0,ISC,interleaved,,,10151.0,271.0
6,1.0,ISC,interleaved,,,10152.0,272.0
6,1.0,ISC,interleaved,,,10153.0,273.0
6,1.0,ISC,interleaved,,,10154.0,274.0
6,1.0,ISC,interleaved,,,10155.0,275.0
6,1.0,ISC,interleaved,,,10156.0,276.0
6,1.0,ISC,interleaved,,,10157.0,277.0
6,1.0,ISC,interleaved,,,10158.0,278.0
6,1.0,ISC,interleaved,,,10159.0,279.0
6,1.0,ISC,interleaved,,,10160.0,280.0
6,0.0,ISC,interleaved,,,10161.0,281.0
6,0.0,ISC,interleaved,,,10162.0,282.0
6,0.0,ISC,interleaved,,,10163.0,283.0
6,1.0,ISC,interleaved,,,10164.0,284.0
6,1.0,ISC,interleaved,,,10165.0,285.0
6,1.0,ISC,interleaved,,,10166.0,286.0
6,1.0,ISC,interleaved,,,10167.0,287.0
6,1.0,ISC,interleaved,,,10168.0,288.0
6,1.0,ISC,interleaved,,,10169.0,289.0
6,1.0,ISC,interleaved,,,10170.0,290.0
6,1.0,ISC,interleaved,,,10171.0,291.0
6,1.0,ISC,interleaved,,,10172.0,292.0
6,1.0,ISC,interleaved,,,10173.0,293.0
6,1.0,ISC,interleaved,,,10174.0,294.0
6,1.0,ISC,interleaved,,,10175.0,295.0
6,1.0,ISC,interleaved,,,10176.0,296.0
6,1.0,ISC,interleaved,,,10177.0,297.0
6,1.0,ISC,interleaved,,,10178.0,298.0
6,1.0,ISC,interleaved,,,10179.0,299.0
6,1.0,ISC,interleaved,,,10180.0,300.0
6,1.0,ISC,interleaved,,,10181.0,301.0
6,1.0,ISC,interleaved,,,10182.0,302.0
6,1.0,ISC,interleaved,,,10183.0,303.0
6,1.0,ISC,interleaved,,,10184.0,304.0
6,1.0,ISC,interleaved,,,10185.0,305.0
6,1.0,ISC,interleaved,,,10186.0,306.0
6,1.0,ISC,interleaved,,,10187.0,307.0
6,1.0,ISC,interleaved,,,10188.0,308.0
6,1.0,ISC,interleaved,,,10189.0,309.0
6,1.0,ISC,interleaved,,,10190.0,310.0
6,1.0,ISC,interleaved,,,10191.0,311.0
6,1.0,ISC,interleaved,,,10192.0,312.0
6,1.0,ISC,interleaved,,,10193.0,313.0
6,1.0,ISC,interleaved,,,10194.0,314.0
6,1.0,ISC,interleaved,,,10195.0,315.0
6,1.0,ISC,interleaved,,,10196.0,316.0
6,1.0,ISC,interleaved,,,10197.0,317.0
6,1.0,ISC,interleaved,,,10198.0,318.0
6,1.0,ISC,interleaved,,,10199.0,319.0
6,1.0,ISC,interleaved,,,10200.0,320.0
6,1.0,ISC,interleaved,,,10201.0,321.0
6,1.0,ISC,interleaved,,,10202.0,322.0
6,1.0,ISC,interleaved,,,10203.0,323.0
6,1.0,ISC,interleaved,,,10204.0,324.0
6,1.0,ISC,interleaved,,,10205.0,325.0
6,1.0,ISC,interleaved,,,10206.0,326.0
6,1.0,ISC,interleaved,,,10207.0,327.0
6,1.0,ISC,interleaved,,,10208.0,328.0
6,1.0,ISC,interleaved,,,10209.0,329.0
6,1.0,ISC,interleaved,,,10210.0,330.0
6,1.0,ISC,interleaved,,,10211.0,331.0
6,1.0,ISC,interleaved,,,10212.0,332.0
6,1.0,ISC,interleaved,,,10213.0,333.0
6,1.0,ISC,interleaved,,,10214.0,334.0
6,1.0,ISC,interleaved,,,10215.0,335.0
6,1.0,ISC,interleaved,,,10216.0,336.0
6,1.0,ISC,interleaved,,,10217.0,337.0
6,1.0,ISC,interleaved,,,10218.0,338.0
6,1.0,ISC,interleaved,,,10219.0,339.0
6,1.0,ISC,interleaved,,,10220.0,340.0
6,1.0,ISC,interleaved,,,10221.0,341.0
6,1.0,ISC,interleaved,,,10222.0,342.0
6,1.0,ISC,interleaved,,,10223.0,343.0
6,1.0,ISC,interleaved,,,10224.0,344.0
6,1.0,ISC,interleaved,,,10225.0,345.0
6,1.0,ISC,interleaved,,,10226.0,346.0
6,1.0,ISC,interleaved,,,10227.0,347.0
6,1.0,ISC,interleaved,,,10228.0,348.0
6,1.0,ISC,interleaved,,,10229.0,349.0
6,1.0,ISC,interleaved,,,10230.0,350.0
6,1.0,ISC,interleaved,,,10231.0,351.0
6,1.0,ISC,interleaved,,,10232.0,352.0
6,1.0,ISC,interleaved,,,10233.0,353.0
6,1.0,ISC,interleaved,,,10234.0,354.0
6,1.0,ISC,interleaved,,,10235.0,355.0
6,1.0,ISC,interleaved,,,10236.0,356.0
6,1.0,ISC,interleaved,,,10237.0,357.0
6,1.0,ISC,interleaved,,,10238.0,358.0
6,1.0,ISC,interleaved,,,10239.0,359.0
6,1.0,ISC,interleaved,,,10240.0,360.0
6,1.0,ISC,interleaved,,,10241.0,361.0
6,1.0,ISC,interleaved,,,10242.0,362.0
6,1.0,ISC,interleaved,,,10243.0,363.0
6,1.0,ISC,interleaved,,,10244.0,364.0
6,1.0,ISC,interleaved,,,10245.0,365.0
6,1.0,ISC,interleaved,,,10246.0,366.0
6,1.0,ISC,interleaved,,,10247.0,367.0
6,1.0,ISC,interleaved,,,10248.0,368.0
6,1.0,ISC,interleaved,,,10249.0,369.0
6,1.0,ISC,interleaved,,,10250.0,370.0
6,1.0,ISC,interleaved,,,10251.0,371.0
6,1.0,ISC,interleaved,,,10252.0,372.0
6,0.0,ISC,interleaved,,,10253.0,373.0
6,1.0,ISC,interleaved,,,10254.0,374.0
6,1.0,ISC,interleaved,,,10255.0,375.0
6,1.0,ISC,interleaved,,,10256.0,376.0
6,1.0,ISC,interleaved,,,10257.0,377.0
6,1.0,ISC,interleaved,,,10258.0,378.0
6,1.0,ISC,interleaved,,,10259.0,379.0
7,1.0,ISC,interleaved,,,10260.0,0.0
7,1.0,ISC,interleaved,,,10261.0,1.0
7,1.0,ISC,interleaved,,,10262.0,2.0
7,1.0,ISC,interleaved,,,10263.0,3.0
7,1.0,ISC,interleaved,,,10264.0,4.0
7,0.0,ISC,interleaved,,,10265.0,5.0
7,1.0,ISC,interleaved,,,10266.0,6.0
7,1.0,ISC,interleaved,,,10267.0,7.0
7,1.0,ISC,interleaved,,,10268.0,8.0
7,1.0,ISC,interleaved,,,10269.0,9.0
7,1.0,ISC,interleaved,,,10270.0,10.0
7,1.0,ISC,interleaved,,,10271.0,11.0
7,1.0,ISC,interleaved,,,10272.0,12.0
7,1.0,ISC,interleaved,,,10273.0,13.0
7,1.0,ISC,interleaved,,,10274.0,14.0
7,1.0,ISC,interleaved,,,10275.0,15.0
7,1.0,ISC,interleaved,,,10276.0,16.0
7,1.0,ISC,interleaved,,,10277.0,17.0
7,1.0,ISC,interleaved,,,10278.0,18.0
7,1.0,ISC,interleaved,,,10279.0,19.0
7,1.0,ISC,interleaved,,,10280.0,20.0
7,1.0,ISC,interleaved,,,10281.0,21.0
7,1.0,ISC,interleaved,,,10282.0,22.0
7,1.0,ISC,interleaved,,,10283.0,23.0
7,1.0,ISC,interleaved,,,10284.0,24.0
7,1.0,ISC,interleaved,,,10285.0,25.0
7,1.0,ISC,interleaved,,,10286.0,26.0
7,1.0,ISC,interleaved,,,10287.0,27.0
7,1.0,ISC,interleaved,,,10288.0,28.0
7,1.0,ISC,interleaved,,,10289.0,29.0
7,1.0,ISC,interleaved,,,10290.0,30.0
7,1.0,ISC,interleaved,,,10291.0,31.0
7,1.0,ISC,interleaved,,,10292.0,32.0
7,1.0,ISC,interleaved,,,10293.0,33.0
7,1.0,ISC,interleaved,,,10294.0,34.0
7,1.0,ISC,interleaved,,,10295.0,35.0
7,1.0,ISC,interleaved,,,10296.0,36.0
7,1.0,ISC,interleaved,,,10297.0,37.0
7,1.0,ISC,interleaved,,,10298.0,38.0
7,1.0,ISC,interleaved,,,10299.0,39.0
7,1.0,ISC,interleaved,,,10300.0,40.0
7,1.0,ISC,interleaved,,,10301.0,41.0
7,1.0,ISC,interleaved,,,10302.0,42.0
7,0.0,ISC,interleaved,,,10303.0,43.0
7,1.0,ISC,interleaved,,,10304.0,44.0
7,1.0,ISC,interleaved,,,10305.0,45.0
7,0.0,ISC,interleaved,,,10306.0,46.0
7,1.0,ISC,interleaved,,,10307.0,47.0
7,1.0,ISC,interleaved,,,10308.0,48.0
7,1.0,ISC,interleaved,,,10309.0,49.0
7,1.0,ISC,interleaved,,,10310.0,50.0
7,1.0,ISC,interleaved,,,10311.0,51.0
7,1.0,ISC,interleaved,,,10312.0,52.0
7,1.0,ISC,interleaved,,,10313.0,53.0
7,1.0,ISC,interleaved,,,10314.0,54.0
7,1.0,ISC,interleaved,,,10315.0,55.0
7,1.0,ISC,interleaved,,,10316.0,56.0
7,1.0,ISC,interleaved,,,10317.0,57.0
7,1.0,ISC,interleaved,,,10318.0,58.0
7,1.0,ISC,interleaved,,,10319.0,59.0
7,1.0,ISC,interleaved,,,10320.0,60.0
7,1.0,ISC,interleaved,,,10321.0,61.0
7,0.0,ISC,interleaved,,,10322.0,62.0
7,1.0,ISC,interleaved,,,10323.0,63.0
7,1.0,ISC,interleaved,,,10324.0,64.0
7,0.0,ISC,interleaved,,,10325.0,65.0
7,1.0,ISC,interleaved,,,10326.0,66.0
7,1.0,ISC,interleaved,,,10327.0,67.0
7,1.0,ISC,interleaved,,,10328.0,68.0
7,1.0,ISC,interleaved,,,10329.0,69.0
7,1.0,ISC,interleaved,,,10330.0,70.0
7,1.0,ISC,interleaved,,,10331.0,71.0
7,1.0,ISC,interleaved,,,10332.0,72.0
7,1.0,ISC,interleaved,,,10333.0,73.0
7,1.0,ISC,interleaved,,,10334.0,74.0
7,1.0,ISC,interleaved,,,10335.0,75.0
7,1.0,ISC,interleaved,,,10336.0,76.0
7,1.0,ISC,interleaved,,,10337.0,77.0
7,1.0,ISC,interleaved,,,10338.0,78.0
7,1.0,ISC,interleaved,,,10339.0,79.0
7,1.0,ISC,interleaved,,,10340.0,80.0
7,1.0,ISC,interleaved,,,10341.0,81.0
7,1.0,ISC,interleaved,,,10342.0,82.0
7,1.0,ISC,interleaved,,,10343.0,83.0
7,0.0,ISC,interleaved,,,10344.0,84.0
7,1.0,ISC,interleaved,,,10345.0,85.0
7,1.0,ISC,interleaved,,,10346.0,86.0
7,1.0,ISC,interleaved,,,10347.0,87.0
7,1.0,ISC,interleaved,,,10348.0,88.0
7,1.0,ISC,interleaved,,,10349.0,89.0
7,1.0,ISC,interleaved,,,10350.0,90.0
7,1.0,ISC,interleaved,,,10351.0,91.0
7,1.0,ISC,interleaved,,,10352.0,92.0
7,1.0,ISC,interleaved,,,10353.0,93.0
7,1.0,ISC,interleaved,,,10354.0,94.0
7,1.0,ISC,interleaved,,,10355.0,95.0
7,0.0,ISC,interleaved,,,10356.0,96.0
7,1.0,ISC,interleaved,,,10357.0,97.0
7,0.0,ISC,interleaved,,,10358.0,98.0
7,1.0,ISC,interleaved,,,10359.0,99.0
7,1.0,ISC,interleaved,,,10360.0,100.0
7,1.0,ISC,interleaved,,,10361.0,101.0
7,1.0,ISC,interleaved,,,10362.0,102.0
7,1.0,ISC,interleaved,,,10363.0,103.0
7,1.0,ISC,interleaved,,,10364.0,104.0
7,1.0,ISC,interleaved,,,10365.0,105.0
7,1.0,ISC,interleaved,,,10366.0,106.0
7,1.0,ISC,interleaved,,,10367.0,107.0
7,1.0,ISC,interleaved,,,10368.0,108.0
7,1.0,ISC,interleaved,,,10369.0,109.0
7,1.0,ISC,interleaved,,,10370.0,110.0
7,1.0,ISC,interleaved,,,10371.0,111.0
7,1.0,ISC,interleaved,,,10372.0,112.0
7,1.0,ISC,interleaved,,,10373.0,113.0
7,1.0,ISC,interleaved,,,10374.0,114.0
7,0.0,ISC,interleaved,,,10375.0,115.0
7,1.0,ISC,interleaved,,,10376.0,116.0
7,1.0,ISC,interleaved,,,10377.0,117.0
7,1.0,ISC,interleaved,,,10378.0,118.0
7,1.0,ISC,interleaved,,,10379.0,119.0
7,1.0,ISC,interleaved,,,10380.0,120.0
7,1.0,ISC,interleaved,,,10381.0,121.0
7,1.0,ISC,interleaved,,,10382.0,122.0
7,1.0,ISC,interleaved,,,10383.0,123.0
7,1.0,ISC,interleaved,,,10384.0,124.0
7,1.0,ISC,interleaved,,,10385.0,125.0
7,1.0,ISC,interleaved,,,10386.0,126.0
7,1.0,ISC,interleaved,,,10387.0,127.0
7,1.0,ISC,interleaved,,,10388.0,128.0
7,1.0,ISC,interleaved,,,10389.0,129.0
7,1.0,ISC,interleaved,,,10390.0,130.0
7,1.0,ISC,interleaved,,,10391.0,131.0
7,1.0,ISC,interleaved,,,10392.0,132.0
7,0.0,ISC,interleaved,,,10393.0,133.0
7,0.0,ISC,interleaved,,,10394.0,134.0
7,1.0,ISC,interleaved,,,10395.0,135.0
7,0.0,ISC,interleaved,,,10396.0,136.0
7,1.0,ISC,interleaved,,,10397.0,137.0
7,1.0,ISC,interleaved,,,10398.0,138.0
7,1.0,ISC,interleaved,,,10399.0,139.0
7,1.0,ISC,interleaved,,,10400.0,140.0
7,1.0,ISC,interleaved,,,10401.0,141.0
7,1.0,ISC,interleaved,,,10402.0,142.0
7,1.0,ISC,interleaved,,,10403.0,143.0
7,1.0,ISC,interleaved,,,10404.0,144.0
7,1.0,ISC,interleaved,,,10405.0,145.0
7,1.0,ISC,interleaved,,,10406.0,146.0
7,1.0,ISC,interleaved,,,10407.0,147.0
7,1.0,ISC,interleaved,,,10408.0,148.0
7,1.0,ISC,interleaved,,,10409.0,149.0
7,1.0,ISC,interleaved,,,10410.0,150.0
7,1.0,ISC,interleaved,,,10411.0,151.0
7,0.0,ISC,interleaved,,,10412.0,152.0
7,0.0,ISC,interleaved,,,10413.0,153.0
7,1.0,ISC,interleaved,,,10414.0,154.0
7,0.0,ISC,interleaved,,,10415.0,155.0
7,1.0,ISC,interleaved,,,10416.0,156.0
7,1.0,ISC,interleaved,,,10417.0,157.0
7,1.0,ISC,interleaved,,,10418.0,158.0
7,1.0,ISC,interleaved,,,10419.0,159.0
7,1.0,ISC,interleaved,,,10420.0,160.0
7,1.0,ISC,interleaved,,,10421.0,161.0
7,1.0,ISC,interleaved,,,10422.0,162.0
7,1.0,ISC,interleaved,,,10423.0,163.0
7,1.0,ISC,interleaved,,,10424.0,164.0
7,1.0,ISC,interleaved,,,10425.0,165.0
7,1.0,ISC,interleaved,,,10426.0,166.0
7,1.0,ISC,interleaved,,,10427.0,167.0
7,1.0,ISC,interleaved,,,10428.0,168.0
7,1.0,ISC,interleaved,,,10429.0,169.0
7,1.0,ISC,interleaved,,,10430.0,170.0
7,1.0,ISC,interleaved,,,10431.0,171.0
7,1.0,ISC,interleaved,,,10432.0,172.0
7,1.0,ISC,interleaved,,,10433.0,173.0
7,1.0,ISC,interleaved,,,10434.0,174.0
7,1.0,ISC,interleaved,,,10435.0,175.0
7,1.0,ISC,interleaved,,,10436.0,176.0
7,1.0,ISC,interleaved,,,10437.0,177.0
7,1.0,ISC,interleaved,,,10438.0,178.0
7,1.0,ISC,interleaved,,,10439.0,179.0
7,1.0,ISC,interleaved,,,10440.0,180.0
7,1.0,ISC,interleaved,,,10441.0,181.0
7,1.0,ISC,interleaved,,,10442.0,182.0
7,1.0,ISC,interleaved,,,10443.0,183.0
7,1.0,ISC,interleaved,,,10444.0,184.0
7,1.0,ISC,interleaved,,,10445.0,185.0
7,1.0,ISC,interleaved,,,10446.0,186.0
7,1.0,ISC,interleaved,,,10447.0,187.0
7,1.0,ISC,interleaved,,,10448.0,188.0
7,1.0,ISC,interleaved,,,10449.0,189.0
7,1.0,ISC,interleaved,,,10450.0,190.0
7,1.0,ISC,interleaved,,,10451.0,191.0
7,1.0,ISC,interleaved,,,10452.0,192.0
7,1.0,ISC,interleaved,,,10453.0,193.0
7,1.0,ISC,interleaved,,,10454.0,194.0
7,1.0,ISC,interleaved,,,10455.0,195.0
7,1.0,ISC,interleaved,,,10456.0,196.0
7,1.0,ISC,interleaved,,,10457.0,197.0
7,1.0,ISC,interleaved,,,10458.0,198.0
7,1.0,ISC,interleaved,,,10459.0,199.0
7,1.0,ISC,interleaved,,,10460.0,200.0
7,1.0,ISC,interleaved,,,10461.0,201.0
7,1.0,ISC,interleaved,,,10462.0,202.0
7,1.0,ISC,interleaved,,,10463.0,203.0
7,1.0,ISC,interleaved,,,10464.0,204.0
7,0.0,ISC,interleaved,,,10465.0,205.0
7,1.0,ISC,interleaved,,,10466.0,206.0
7,1.0,ISC,interleaved,,,10467.0,207.0
7,1.0,ISC,interleaved,,,10468.0,208.0
7,1.0,ISC,interleaved,,,10469.0,209.0
7,1.0,ISC,interleaved,,,10470.0,210.0
7,1.0,ISC,interleaved,,,10471.0,211.0
7,1.0,ISC,interleaved,,,10472.0,212.0
7,1.0,ISC,interleaved,,,10473.0,213.0
7,1.0,ISC,interleaved,,,10474.0,214.0
7,1.0,ISC,interleaved,,,10475.0,215.0
7,1.0,ISC,interleaved,,,10476.0,216.0
7,1.0,ISC,interleaved,,,10477.0,217.0
7,1.0,ISC,interleaved,,,10478.0,218.0
7,1.0,ISC,interleaved,,,10479.0,219.0
7,1.0,ISC,interleaved,,,10480.0,220.0
7,1.0,ISC,interleaved,,,10481.0,221.0
7,1.0,ISC,interleaved,,,10482.0,222.0
7,0.0,ISC,interleaved,,,10483.0,223.0
7,0.0,ISC,interleaved,,,10484.0,224.0
7,1.0,ISC,interleaved,,,10485.0,225.0
7,0.0,ISC,interleaved,,,10486.0,226.0
7,0.0,ISC,interleaved,,,10487.0,227.0
7,1.0,ISC,interleaved,,,10488.0,228.0
7,1.0,ISC,interleaved,,,10489.0,229.0
7,1.0,ISC,interleaved,,,10490.0,230.0
7,1.0,ISC,interleaved,,,10491.0,231.0
7,1.0,ISC,interleaved,,,10492.0,232.0
7,1.0,ISC,interleaved,,,10493.0,233.0
7,1.0,ISC,interleaved,,,10494.0,234.0
7,1.0,ISC,interleaved,,,10495.0,235.0
7,1.0,ISC,interleaved,,,10496.0,236.0
7,1.0,ISC,interleaved,,,10497.0,237.0
7,1.0,ISC,interleaved,,,10498.0,238.0
7,1.0,ISC,interleaved,,,10499.0,239.0
7,1.0,ISC,interleaved,,,10500.0,240.0
7,1.0,ISC,interleaved,,,10501.0,241.0
7,1.0,ISC,interleaved,,,10502.0,242.0
7,0.0,ISC,interleaved,,,10503.0,243.0
7,1.0,ISC,interleaved,,,10504.0,244.0
7,1.0,ISC,interleaved,,,10505.0,245.0
7,1.0,ISC,interleaved,,,10506.0,246.0
7,1.0,ISC,interleaved,,,10507.0,247.0
7,1.0,ISC,interleaved,,,10508.0,248.0
7,1.0,ISC,interleaved,,,10509.0,249.0
7,1.0,ISC,interleaved,,,10510.0,250.0
7,1.0,ISC,interleaved,,,10511.0,251.0
7,1.0,ISC,interleaved,,,10512.0,252.0
7,1.0,ISC,interleaved,,,10513.0,253.0
7,1.0,ISC,interleaved,,,10514.0,254.0
7,1.0,ISC,interleaved,,,10515.0,255.0
7,1.0,ISC,interleaved,,,10516.0,256.0
7,1.0,ISC,interleaved,,,10517.0,257.0
7,1.0,ISC,interleaved,,,10518.0,258.0
7,1.0,ISC,interleaved,,,10519.0,259.0
7,1.0,ISC,interleaved,,,10520.0,260.0
7,1.0,ISC,interleaved,,,10521.0,261.0
7,0.0,ISC,interleaved,,,10522.0,262.0
7,1.0,ISC,interleaved,,,10523.0,263.0
7,1.0,ISC,interleaved,,,10524.0,264.0
7,1.0,ISC,interleaved,,,10525.0,265.0
7,1.0,ISC,interleaved,,,10526.0,266.0
7,1.0,ISC,interleaved,,,10527.0,267.0
7,1.0,ISC,interleaved,,,10528.0,268.0
7,1.0,ISC,interleaved,,,10529.0,269.0
7,1.0,ISC,interleaved,,,10530.0,270.0
7,1.0,ISC,interleaved,,,10531.0,271.0
7,1.0,ISC,interleaved,,,10532.0,272.0
7,1.0,ISC,interleaved,,,10533.0,273.0
7,1.0,ISC,interleaved,,,10534.0,274.0
7,1.0,ISC,interleaved,,,10535.0,275.0
7,1.0,ISC,interleaved,,,10536.0,276.0
7,1.0,ISC,interleaved,,,10537.0,277.0
7,1.0,ISC,interleaved,,,10538.0,278.0
7,1.0,ISC,interleaved,,,10539.0,279.0
7,1.0,ISC,interleaved,,,10540.0,280.0
7,0.0,ISC,interleaved,,,10541.0,281.0
7,1.0,ISC,interleaved,,,10542.0,282.0
7,1.0,ISC,interleaved,,,10543.0,283.0
7,1.0,ISC,interleaved,,,10544.0,284.0
7,1.0,ISC,interleaved,,,10545.0,285.0
7,1.0,ISC,interleaved,,,10546.0,286.0
7,1.0,ISC,interleaved,,,10547.0,287.0
7,1.0,ISC,interleaved,,,10548.0,288.0
7,1.0,ISC,interleaved,,,10549.0,289.0
7,1.0,ISC,interleaved,,,10550.0,290.0
7,1.0,ISC,interleaved,,,10551.0,291.0
7,1.0,ISC,interleaved,,,10552.0,292.0
7,1.0,ISC,interleaved,,,10553.0,293.0
7,1.0,ISC,interleaved,,,10554.0,294.0
7,0.0,ISC,interleaved,,,10555.0,295.0
7,1.0,ISC,interleaved,,,10556.0,296.0
7,1.0,ISC,interleaved,,,10557.0,297.0
7,0.0,ISC,interleaved,,,10558.0,298.0
7,1.0,ISC,interleaved,,,10559.0,299.0
7,1.0,ISC,interleaved,,,10560.0,300.0
7,1.0,ISC,interleaved,,,10561.0,301.0
7,1.0,ISC,interleaved,,,10562.0,302.0
7,1.0,ISC,interleaved,,,10563.0,303.0
7,1.0,ISC,interleaved,,,10564.0,304.0
7,1.0,ISC,interleaved,,,10565.0,305.0
7,1.0,ISC,interleaved,,,10566.0,306.0
7,1.0,ISC,interleaved,,,10567.0,307.0
7,1.0,ISC,interleaved,,,10568.0,308.0
7,1.0,ISC,interleaved,,,10569.0,309.0
7,1.0,ISC,interleaved,,,10570.0,310.0
7,1.0,ISC,interleaved,,,10571.0,311.0
7,1.0,ISC,interleaved,,,10572.0,312.0
7,1.0,ISC,interleaved,,,10573.0,313.0
7,1.0,ISC,interleaved,,,10574.0,314.0
7,1.0,ISC,interleaved,,,10575.0,315.0
7,1.0,ISC,interleaved,,,10576.0,316.0
7,1.0,ISC,interleaved,,,10577.0,317.0
7,1.0,ISC,interleaved,,,10578.0,318.0
7,1.0,ISC,interleaved,,,10579.0,319.0
7,1.0,ISC,interleaved,,,10580.0,320.0
7,1.0,ISC,interleaved,,,10581.0,321.0
7,1.0,ISC,interleaved,,,10582.0,322.0
7,1.0,ISC,interleaved,,,10583.0,323.0
7,1.0,ISC,interleaved,,,10584.0,324.0
7,1.0,ISC,interleaved,,,10585.0,325.0
7,1.0,ISC,interleaved,,,10586.0,326.0
7,1.0,ISC,interleaved,,,10587.0,327.0
7,1.0,ISC,interleaved,,,10588.0,328.0
7,1.0,ISC,interleaved,,,10589.0,329.0
7,1.0,ISC,interleaved,,,10590.0,330.0
7,1.0,ISC,interleaved,,,10591.0,331.0
7,1.0,ISC,interleaved,,,10592.0,332.0
7,0.0,ISC,interleaved,,,10593.0,333.0
7,1.0,ISC,interleaved,,,10594.0,334.0
7,1.0,ISC,interleaved,,,10595.0,335.0
7,1.0,ISC,interleaved,,,10596.0,336.0
7,0.0,ISC,interleaved,,,10597.0,337.0
7,1.0,ISC,interleaved,,,10598.0,338.0
7,1.0,ISC,interleaved,,,10599.0,339.0
7,1.0,ISC,interleaved,,,10600.0,340.0
7,1.0,ISC,interleaved,,,10601.0,341.0
7,1.0,ISC,interleaved,,,10602.0,342.0
7,1.0,ISC,interleaved,,,10603.0,343.0
7,1.0,ISC,interleaved,,,10604.0,344.0
7,1.0,ISC,interleaved,,,10605.0,345.0
7,1.0,ISC,interleaved,,,10606.0,346.0
7,1.0,ISC,interleaved,,,10607.0,347.0
7,1.0,ISC,interleaved,,,10608.0,348.0
7,1.0,ISC,interleaved,,,10609.0,349.0
7,1.0,ISC,interleaved,,,10610.0,350.0
7,1.0,ISC,interleaved,,,10611.0,351.0
7,0.0,ISC,interleaved,,,10612.0,352.0
7,1.0,ISC,interleaved,,,10613.0,353.0
7,0.0,ISC,interleaved,,,10614.0,354.0
7,1.0,ISC,interleaved,,,10615.0,355.0
7,0.0,ISC,interleaved,,,10616.0,356.0
7,1.0,ISC,interleaved,,,10617.0,357.0
7,1.0,ISC,interleaved,,,10618.0,358.0
7,1.0,ISC,interleaved,,,10619.0,359.0
7,1.0,ISC,interleaved,,,10620.0,360.0
7,1.0,ISC,interleaved,,,10621.0,361.0
7,1.0,ISC,interleaved,,,10622.0,362.0
7,1.0,ISC,interleaved,,,10623.0,363.0
7,1.0,ISC,interleaved,,,10624.0,364.0
7,1.0,ISC,interleaved,,,10625.0,365.0
7,1.0,ISC,interleaved,,,10626.0,366.0
7,1.0,ISC,interleaved,,,10627.0,367.0
7,1.0,ISC,interleaved,,,10628.0,368.0
7,1.0,ISC,interleaved,,,10629.0,369.0
7,1.0,ISC,interleaved,,,10630.0,370.0
7,0.0,ISC,interleaved,,,10631.0,371.0
7,1.0,ISC,interleaved,,,10632.0,372.0
7,0.0,ISC,interleaved,,,10633.0,373.0
7,1.0,ISC,interleaved,,,10634.0,374.0
7,1.0,ISC,interleaved,,,10635.0,375.0
7,1.0,ISC,interleaved,,,10636.0,376.0
7,1.0,ISC,interleaved,,,10637.0,377.0
7,1.0,ISC,interleaved,,,10638.0,378.0
7,1.0,ISC,interleaved,,,10639.0,379.0
8,1.0,ISC,interleaved,,,10640.0,0.0
8,1.0,ISC,interleaved,,,10641.0,1.0
8,1.0,ISC,interleaved,,,10642.0,2.0
8,1.0,ISC,interleaved,,,10643.0,3.0
8,1.0,ISC,interleaved,,,10644.0,4.0
8,1.0,ISC,interleaved,,,10645.0,5.0
8,1.0,ISC,interleaved,,,10646.0,6.0
8,1.0,ISC,interleaved,,,10647.0,7.0
8,1.0,ISC,interleaved,,,10648.0,8.0
8,1.0,ISC,interleaved,,,10649.0,9.0
8,1.0,ISC,interleaved,,,10650.0,10.0
8,1.0,ISC,interleaved,,,10651.0,11.0
8,1.0,ISC,interleaved,,,10652.0,12.0
8,1.0,ISC,interleaved,,,10653.0,13.0
8,1.0,ISC,interleaved,,,10654.0,14.0
8,1.0,ISC,interleaved,,,10655.0,15.0
8,1.0,ISC,interleaved,,,10656.0,16.0
8,1.0,ISC,interleaved,,,10657.0,17.0
8,1.0,ISC,interleaved,,,10658.0,18.0
8,1.0,ISC,interleaved,,,10659.0,19.0
8,1.0,ISC,interleaved,,,10660.0,20.0
8,1.0,ISC,interleaved,,,10661.0,21.0
8,1.0,ISC,interleaved,,,10662.0,22.0
8,1.0,ISC,interleaved,,,10663.0,23.0
8,0.0,ISC,interleaved,,,10664.0,24.0
8,0.0,ISC,interleaved,,,10665.0,25.0
8,0.0,ISC,interleaved,,,10666.0,26.0
8,0.0,ISC,interleaved,,,10667.0,27.0
8,1.0,ISC,interleaved,,,10668.0,28.0
8,1.0,ISC,interleaved,,,10669.0,29.0
8,1.0,ISC,interleaved,,,10670.0,30.0
8,1.0,ISC,interleaved,,,10671.0,31.0
8,1.0,ISC,interleaved,,,10672.0,32.0
8,1.0,ISC,interleaved,,,10673.0,33.0
8,1.0,ISC,interleaved,,,10674.0,34.0
8,1.0,ISC,interleaved,,,10675.0,35.0
8,1.0,ISC,interleaved,,,10676.0,36.0
8,1.0,ISC,interleaved,,,10677.0,37.0
8,1.0,ISC,interleaved,,,10678.0,38.0
8,1.0,ISC,interleaved,,,10679.0,39.0
8,1.0,ISC,interleaved,,,10680.0,40.0
8,1.0,ISC,interleaved,,,10681.0,41.0
8,1.0,ISC,interleaved,,,10682.0,42.0
8,1.0,ISC,interleaved,,,10683.0,43.0
8,1.0,ISC,interleaved,,,10684.0,44.0
8,1.0,ISC,interleaved,,,10685.0,45.0
8,1.0,ISC,interleaved,,,10686.0,46.0
8,1.0,ISC,interleaved,,,10687.0,47.0
8,1.0,ISC,interleaved,,,10688.0,48.0
8,1.0,ISC,interleaved,,,10689.0,49.0
8,1.0,ISC,interleaved,,,10690.0,50.0
8,1.0,ISC,interleaved,,,10691.0,51.0
8,1.0,ISC,interleaved,,,10692.0,52.0
8,1.0,ISC,interleaved,,,10693.0,53.0
8,1.0,ISC,interleaved,,,10694.0,54.0
8,1.0,ISC,interleaved,,,10695.0,55.0
8,1.0,ISC,interleaved,,,10696.0,56.0
8,1.0,ISC,interleaved,,,10697.0,57.0
8,1.0,ISC,interleaved,,,10698.0,58.0
8,1.0,ISC,interleaved,,,10699.0,59.0
8,1.0,ISC,interleaved,,,10700.0,60.0
8,1.0,ISC,interleaved,,,10701.0,61.0
8,1.0,ISC,interleaved,,,10702.0,62.0
8,1.0,ISC,interleaved,,,10703.0,63.0
8,1.0,ISC,interleaved,,,10704.0,64.0
8,1.0,ISC,interleaved,,,10705.0,65.0
8,1.0,ISC,interleaved,,,10706.0,66.0
8,1.0,ISC,interleaved,,,10707.0,67.0
8,1.0,ISC,interleaved,,,10708.0,68.0
8,1.0,ISC,interleaved,,,10709.0,69.0
8,1.0,ISC,interleaved,,,10710.0,70.0
8,1.0,ISC,interleaved,,,10711.0,71.0
8,1.0,ISC,interleaved,,,10712.0,72.0
8,1.0,ISC,interleaved,,,10713.0,73.0
8,1.0,ISC,interleaved,,,10714.0,74.0
8,1.0,ISC,interleaved,,,10715.0,75.0
8,1.0,ISC,interleaved,,,10716.0,76.0
8,1.0,ISC,interleaved,,,10717.0,77.0
8,1.0,ISC,interleaved,,,10718.0,78.0
8,1.0,ISC,interleaved,,,10719.0,79.0
8,1.0,ISC,interleaved,,,10720.0,80.0
8,1.0,ISC,interleaved,,,10721.0,81.0
8,1.0,ISC,interleaved,,,10722.0,82.0
8,1.0,ISC,interleaved,,,10723.0,83.0
8,1.0,ISC,interleaved,,,10724.0,84.0
8,1.0,ISC,interleaved,,,10725.0,85.0
8,1.0,ISC,interleaved,,,10726.0,86.0
8,1.0,ISC,interleaved,,,10727.0,87.0
8,1.0,ISC,interleaved,,,10728.0,88.0
8,1.0,ISC,interleaved,,,10729.0,89.0
8,1.0,ISC,interleaved,,,10730.0,90.0
8,1.0,ISC,interleaved,,,10731.0,91.0
8,1.0,ISC,interleaved,,,10732.0,92.0
8,1.0,ISC,interleaved,,,10733.0,93.0
8,1.0,ISC,interleaved,,,10734.0,94.0
8,0.0,ISC,interleaved,,,10735.0,95.0
8,1.0,ISC,interleaved,,,10736.0,96.0
8,0.0,ISC,interleaved,,,10737.0,97.0
8,1.0,ISC,interleaved,,,10738.0,98.0
8,0.0,ISC,interleaved,,,10739.0,99.0
8,1.0,ISC,interleaved,,,10740.0,100.0
8,1.0,ISC,interleaved,,,10741.0,101.0
8,1.0,ISC,interleaved,,,10742.0,102.0
8,1.0,ISC,interleaved,,,10743.0,103.0
8,1.0,ISC,interleaved,,,10744.0,104.0
8,1.0,ISC,interleaved,,,10745.0,105.0
8,1.0,ISC,interleaved,,,10746.0,106.0
8,1.0,ISC,interleaved,,,10747.0,107.0
8,1.0,ISC,interleaved,,,10748.0,108.0
8,1.0,ISC,interleaved,,,10749.0,109.0
8,1.0,ISC,interleaved,,,10750.0,110.0
8,1.0,ISC,interleaved,,,10751.0,111.0
8,1.0,ISC,interleaved,,,10752.0,112.0
8,1.0,ISC,interleaved,,,10753.0,113.0
8,1.0,ISC,interleaved,,,10754.0,114.0
8,1.0,ISC,interleaved,,,10755.0,115.0
8,0.0,ISC,interleaved,,,10756.0,116.0
8,1.0,ISC,interleaved,,,10757.0,117.0
8,0.0,ISC,interleaved,,,10758.0,118.0
8,1.0,ISC,interleaved,,,10759.0,119.0
8,1.0,ISC,interleaved,,,10760.0,120.0
8,1.0,ISC,interleaved,,,10761.0,121.0
8,1.0,ISC,interleaved,,,10762.0,122.0
8,1.0,ISC,interleaved,,,10763.0,123.0
8,1.0,ISC,interleaved,,,10764.0,124.0
8,1.0,ISC,interleaved,,,10765.0,125.0
8,1.0,ISC,interleaved,,,10766.0,126.0
8,1.0,ISC,interleaved,,,10767.0,127.0
8,1.0,ISC,interleaved,,,10768.0,128.0
8,1.0,ISC,interleaved,,,10769.0,129.0
8,1.0,ISC,interleaved,,,10770.0,130.0
8,1.0,ISC,interleaved,,,10771.0,131.0
8,1.0,ISC,interleaved,,,10772.0,132.0
8,1.0,ISC,interleaved,,,10773.0,133.0
8,1.0,ISC,interleaved,,,10774.0,134.0
8,1.0,ISC,interleaved,,,10775.0,135.0
8,1.0,ISC,interleaved,,,10776.0,136.0
8,1.0,ISC,interleaved,,,10777.0,137.0
8,1.0,ISC,interleaved,,,10778.0,138.0
8,1.0,ISC,interleaved,,,10779.0,139.0
8,1.0,ISC,interleaved,,,10780.0,140.0
8,1.0,ISC,interleaved,,,10781.0,141.0
8,1.0,ISC,interleaved,,,10782.0,142.0
8,1.0,ISC,interleaved,,,10783.0,143.0
8,1.0,ISC,interleaved,,,10784.0,144.0
8,1.0,ISC,interleaved,,,10785.0,145.0
8,1.0,ISC,interleaved,,,10786.0,146.0
8,1.0,ISC,interleaved,,,10787.0,147.0
8,1.0,ISC,interleaved,,,10788.0,148.0
8,1.0,ISC,interleaved,,,10789.0,149.0
8,1.0,ISC,interleaved,,,10790.0,150.0
8,1.0,ISC,interleaved,,,10791.0,151.0
8,1.0,ISC,interleaved,,,10792.0,152.0
8,1.0,ISC,interleaved,,,10793.0,153.0
8,0.0,ISC,interleaved,,,10794.0,154.0
8,1.0,ISC,interleaved,,,10795.0,155.0
8,0.0,ISC,interleaved,,,10796.0,156.0
8,1.0,ISC,interleaved,,,10797.0,157.0
8,1.0,ISC,interleaved,,,10798.0,158.0
8,1.0,ISC,interleaved,,,10799.0,159.0
8,1.0,ISC,interleaved,,,10800.0,160.0
8,1.0,ISC,interleaved,,,10801.0,161.0
8,1.0,ISC,interleaved,,,10802.0,162.0
8,1.0,ISC,interleaved,,,10803.0,163.0
8,1.0,ISC,interleaved,,,10804.0,164.0
8,1.0,ISC,interleaved,,,10805.0,165.0
8,1.0,ISC,interleaved,,,10806.0,166.0
8,1.0,ISC,interleaved,,,10807.0,167.0
8,1.0,ISC,interleaved,,,10808.0,168.0
8,1.0,ISC,interleaved,,,10809.0,169.0
8,1.0,ISC,interleaved,,,10810.0,170.0
8,0.0,ISC,interleaved,,,10811.0,171.0
8,1.0,ISC,interleaved,,,10812.0,172.0
8,0.0,ISC,interleaved,,,10813.0,173.0
8,0.0,ISC,interleaved,,,10814.0,174.0
8,0.0,ISC,interleaved,,,10815.0,175.0
8,1.0,ISC,interleaved,,,10816.0,176.0
8,1.0,ISC,interleaved,,,10817.0,177.0
8,1.0,ISC,interleaved,,,10818.0,178.0
8,1.0,ISC,interleaved,,,10819.0,179.0
8,1.0,ISC,interleaved,,,10820.0,180.0
8,1.0,ISC,interleaved,,,10821.0,181.0
8,1.0,ISC,interleaved,,,10822.0,182.0
8,1.0,ISC,interleaved,,,10823.0,183.0
8,1.0,ISC,interleaved,,,10824.0,184.0
8,1.0,ISC,interleaved,,,10825.0,185.0
8,1.0,ISC,interleaved,,,10826.0,186.0
8,1.0,ISC,interleaved,,,10827.0,187.0
8,1.0,ISC,interleaved,,,10828.0,188.0
8,1.0,ISC,interleaved,,,10829.0,189.0
8,1.0,ISC,interleaved,,,10830.0,190.0
8,1.0,ISC,interleaved,,,10831.0,191.0
8,1.0,ISC,interleaved,,,10832.0,192.0
8,1.0,ISC,interleaved,,,10833.0,193.0
8,1.0,ISC,interleaved,,,10834.0,194.0
8,1.0,ISC,interleaved,,,10835.0,195.0
8,1.0,ISC,interleaved,,,10836.0,196.0
8,1.0,ISC,interleaved,,,10837.0,197.0
8,1.0,ISC,interleaved,,,10838.0,198.0
8,1.0,ISC,interleaved,,,10839.0,199.0
8,1.0,ISC,interleaved,,,10840.0,200.0
8,1.0,ISC,interleaved,,,10841.0,201.0
8,1.0,ISC,interleaved,,,10842.0,202.0
8,1.0,ISC,interleaved,,,10843.0,203.0
8,1.0,ISC,interleaved,,,10844.0,204.0
8,1.0,ISC,interleaved,,,10845.0,205.0
8,0.0,ISC,interleaved,,,10846.0,206.0
8,1.0,ISC,interleaved,,,10847.0,207.0
8,1.0,ISC,interleaved,,,10848.0,208.0
8,1.0,ISC,interleaved,,,10849.0,209.0
8,1.0,ISC,interleaved,,,10850.0,210.0
8,1.0,ISC,interleaved,,,10851.0,211.0
8,1.0,ISC,interleaved,,,10852.0,212.0
8,1.0,ISC,interleaved,,,10853.0,213.0
8,1.0,ISC,interleaved,,,10854.0,214.0
8,1.0,ISC,interleaved,,,10855.0,215.0
8,1.0,ISC,interleaved,,,10856.0,216.0
8,1.0,ISC,interleaved,,,10857.0,217.0
8,1.0,ISC,interleaved,,,10858.0,218.0
8,1.0,ISC,interleaved,,,10859.0,219.0
8,1.0,ISC,interleaved,,,10860.0,220.0
8,1.0,ISC,interleaved,,,10861.0,221.0
8,1.0,ISC,interleaved,,,10862.0,222.0
8,0.0,ISC,interleaved,,,10863.0,223.0
8,1.0,ISC,interleaved,,,10864.0,224.0
8,1.0,ISC,interleaved,,,10865.0,225.0
8,1.0,ISC,interleaved,,,10866.0,226.0
8,1.0,ISC,interleaved,,,10867.0,227.0
8,1.0,ISC,interleaved,,,10868.0,228.0
8,1.0,ISC,interleaved,,,10869.0,229.0
8,1.0,ISC,interleaved,,,10870.0,230.0
8,1.0,ISC,interleaved,,,10871.0,231.0
8,1.0,ISC,interleaved,,,10872.0,232.0
8,1.0,ISC,interleaved,,,10873.0,233.0
8,1.0,ISC,interleaved,,,10874.0,234.0
8,1.0,ISC,interleaved,,,10875.0,235.0
8,1.0,ISC,interleaved,,,10876.0,236.0
8,1.0,ISC,interleaved,,,10877.0,237.0
8,1.0,ISC,interleaved,,,10878.0,238.0
8,1.0,ISC,interleaved,,,10879.0,239.0
8,1.0,ISC,interleaved,,,10880.0,240.0
8,1.0,ISC,interleaved,,,10881.0,241.0
8,1.0,ISC,interleaved,,,10882.0,242.0
8,1.0,ISC,interleaved,,,10883.0,243.0
8,1.0,ISC,interleaved,,,10884.0,244.0
8,1.0,ISC,interleaved,,,10885.0,245.0
8,0.0,ISC,interleaved,,,10886.0,246.0
8,1.0,ISC,interleaved,,,10887.0,247.0
8,1.0,ISC,interleaved,,,10888.0,248.0
8,1.0,ISC,interleaved,,,10889.0,249.0
8,1.0,ISC,interleaved,,,10890.0,250.0
8,1.0,ISC,interleaved,,,10891.0,251.0
8,1.0,ISC,interleaved,,,10892.0,252.0
8,1.0,ISC,interleaved,,,10893.0,253.0
8,1.0,ISC,interleaved,,,10894.0,254.0
8,1.0,ISC,interleaved,,,10895.0,255.0
8,1.0,ISC,interleaved,,,10896.0,256.0
8,1.0,ISC,interleaved,,,10897.0,257.0
8,1.0,ISC,interleaved,,,10898.0,258.0
8,1.0,ISC,interleaved,,,10899.0,259.0
8,1.0,ISC,interleaved,,,10900.0,260.0
8,1.0,ISC,interleaved,,,10901.0,261.0
8,1.0,ISC,interleaved,,,10902.0,262.0
8,1.0,ISC,interleaved,,,10903.0,263.0
8,1.0,ISC,interleaved,,,10904.0,264.0
8,1.0,ISC,interleaved,,,10905.0,265.0
8,1.0,ISC,interleaved,,,10906.0,266.0
8,1.0,ISC,interleaved,,,10907.0,267.0
8,1.0,ISC,interleaved,,,10908.0,268.0
8,1.0,ISC,interleaved,,,10909.0,269.0
8,1.0,ISC,interleaved,,,10910.0,270.0
8,1.0,ISC,interleaved,,,10911.0,271.0
8,1.0,ISC,interleaved,,,10912.0,272.0
8,1.0,ISC,interleaved,,,10913.0,273.0
8,1.0,ISC,interleaved,,,10914.0,274.0
8,1.0,ISC,interleaved,,,10915.0,275.0
8,1.0,ISC,interleaved,,,10916.0,276.0
8,1.0,ISC,interleaved,,,10917.0,277.0
8,1.0,ISC,interleaved,,,10918.0,278.0
8,1.0,ISC,interleaved,,,10919.0,279.0
8,1.0,ISC,interleaved,,,10920.0,280.0
8,1.0,ISC,interleaved,,,10921.0,281.0
8,1.0,ISC,interleaved,,,10922.0,282.0
8,1.0,ISC,interleaved,,,10923.0,283.0
8,1.0,ISC,interleaved,,,10924.0,284.0
8,1.0,ISC,interleaved,,,10925.0,285.0
8,1.0,ISC,interleaved,,,10926.0,286.0
8,1.0,ISC,interleaved,,,10927.0,287.0
8,1.0,ISC,interleaved,,,10928.0,288.0
8,1.0,ISC,interleaved,,,10929.0,289.0
8,1.0,ISC,interleaved,,,10930.0,290.0
8,1.0,ISC,interleaved,,,10931.0,291.0
8,1.0,ISC,interleaved,,,10932.0,292.0
8,1.0,ISC,interleaved,,,10933.0,293.0
8,1.0,ISC,interleaved,,,10934.0,294.0
8,0.0,ISC,interleaved,,,10935.0,295.0
8,1.0,ISC,interleaved,,,10936.0,296.0
8,1.0,ISC,interleaved,,,10937.0,297.0
8,1.0,ISC,interleaved,,,10938.0,298.0
8,1.0,ISC,interleaved,,,10939.0,299.0
8,1.0,ISC,interleaved,,,10940.0,300.0
8,1.0,ISC,interleaved,,,10941.0,301.0
8,1.0,ISC,interleaved,,,10942.0,302.0
8,1.0,ISC,interleaved,,,10943.0,303.0
8,1.0,ISC,interleaved,,,10944.0,304.0
8,1.0,ISC,interleaved,,,10945.0,305.0
8,1.0,ISC,interleaved,,,10946.0,306.0
8,1.0,ISC,interleaved,,,10947.0,307.0
8,1.0,ISC,interleaved,,,10948.0,308.0
8,1.0,ISC,interleaved,,,10949.0,309.0
8,1.0,ISC,interleaved,,,10950.0,310.0
8,1.0,ISC,interleaved,,,10951.0,311.0
8,1.0,ISC,interleaved,,,10952.0,312.0
8,1.0,ISC,interleaved,,,10953.0,313.0
8,1.0,ISC,interleaved,,,10954.0,314.0
8,0.0,ISC,interleaved,,,10955.0,315.0
8,0.0,ISC,interleaved,,,10956.0,316.0
8,0.0,ISC,interleaved,,,10957.0,317.0
8,0.0,ISC,interleaved,,,10958.0,318.0
8,1.0,ISC,interleaved,,,10959.0,319.0
8,1.0,ISC,interleaved,,,10960.0,320.0
8,1.0,ISC,interleaved,,,10961.0,321.0
8,1.0,ISC,interleaved,,,10962.0,322.0
8,1.0,ISC,interleaved,,,10963.0,323.0
8,1.0,ISC,interleaved,,,10964.0,324.0
8,1.0,ISC,interleaved,,,10965.0,325.0
8,1.0,ISC,interleaved,,,10966.0,326.0
8,1.0,ISC,interleaved,,,10967.0,327.0
8,1.0,ISC,interleaved,,,10968.0,328.0
8,1.0,ISC,interleaved,,,10969.0,329.0
8,1.0,ISC,interleaved,,,10970.0,330.0
8,1.0,ISC,interleaved,,,10971.0,331.0
8,1.0,ISC,interleaved,,,10972.0,332.0
8,1.0,ISC,interleaved,,,10973.0,333.0
8,1.0,ISC,interleaved,,,10974.0,334.0
8,1.0,ISC,interleaved,,,10975.0,335.0
8,1.0,ISC,interleaved,,,10976.0,336.0
8,1.0,ISC,interleaved,,,10977.0,337.0
8,1.0,ISC,interleaved,,,10978.0,338.0
8,1.0,ISC,interleaved,,,10979.0,339.0
8,1.0,ISC,interleaved,,,10980.0,340.0
8,1.0,ISC,interleaved,,,10981.0,341.0
8,1.0,ISC,interleaved,,,10982.0,342.0
8,1.0,ISC,interleaved,,,10983.0,343.0
8,1.0,ISC,interleaved,,,10984.0,344.0
8,1.0,ISC,interleaved,,,10985.0,345.0
8,1.0,ISC,interleaved,,,10986.0,346.0
8,1.0,ISC,interleaved,,,10987.0,347.0
8,1.0,ISC,interleaved,,,10988.0,348.0
8,1.0,ISC,interleaved,,,10989.0,349.0
8,1.0,ISC,interleaved,,,10990.0,350.0
8,1.0,ISC,interleaved,,,10991.0,351.0
8,0.0,ISC,interleaved,,,10992.0,352.0
8,0.0,ISC,interleaved,,,10993.0,353.0
8,0.0,ISC,interleaved,,,10994.0,354.0
8,0.0,ISC,interleaved,,,10995.0,355.0
8,0.0,ISC,interleaved,,,10996.0,356.0
8,1.0,ISC,interleaved,,,10997.0,357.0
8,1.0,ISC,interleaved,,,10998.0,358.0
8,1.0,ISC,interleaved,,,10999.0,359.0
8,1.0,ISC,interleaved,,,11000.0,360.0
8,1.0,ISC,interleaved,,,11001.0,361.0
8,1.0,ISC,interleaved,,,11002.0,362.0
8,1.0,ISC,interleaved,,,11003.0,363.0
8,1.0,ISC,interleaved,,,11004.0,364.0
8,1.0,ISC,interleaved,,,11005.0,365.0
8,1.0,ISC,interleaved,,,11006.0,366.0
8,1.0,ISC,interleaved,,,11007.0,367.0
8,1.0,ISC,interleaved,,,11008.0,368.0
8,1.0,ISC,interleaved,,,11009.0,369.0
8,1.0,ISC,interleaved,,,11010.0,370.0
8,1.0,ISC,interleaved,,,11011.0,371.0
8,0.0,ISC,interleaved,,,11012.0,372.0
8,1.0,ISC,interleaved,,,11013.0,373.0
8,1.0,ISC,interleaved,,,11014.0,374.0
8,1.0,ISC,interleaved,,,11015.0,375.0
8,1.0,ISC,interleaved,,,11016.0,376.0
8,1.0,ISC,interleaved,,,11017.0,377.0
8,1.0,ISC,interleaved,,,11018.0,378.0
8,1.0,ISC,interleaved,,,11019.0,379.0
9,1.0,ISC,interleaved,,,11020.0,0.0
9,1.0,ISC,interleaved,,,11021.0,1.0
9,1.0,ISC,interleaved,,,11022.0,2.0
9,1.0,ISC,interleaved,,,11023.0,3.0
9,1.0,ISC,interleaved,,,11024.0,4.0
9,1.0,ISC,interleaved,,,11025.0,5.0
9,1.0,ISC,interleaved,,,11026.0,6.0
9,1.0,ISC,interleaved,,,11027.0,7.0
9,1.0,ISC,interleaved,,,11028.0,8.0
9,1.0,ISC,interleaved,,,11029.0,9.0
9,1.0,ISC,interleaved,,,11030.0,10.0
9,1.0,ISC,interleaved,,,11031.0,11.0
9,1.0,ISC,interleaved,,,11032.0,12.0
9,1.0,ISC,interleaved,,,11033.0,13.0
9,1.0,ISC,interleaved,,,11034.0,14.0
9,1.0,ISC,interleaved,,,11035.0,15.0
9,1.0,ISC,interleaved,,,11036.0,16.0
9,1.0,ISC,interleaved,,,11037.0,17.0
9,1.0,ISC,interleaved,,,11038.0,18.0
9,1.0,ISC,interleaved,,,11039.0,19.0
9,1.0,ISC,interleaved,,,11040.0,20.0
9,1.0,ISC,interleaved,,,11041.0,21.0
9,1.0,ISC,interleaved,,,11042.0,22.0
9,1.0,ISC,interleaved,,,11043.0,23.0
9,1.0,ISC,interleaved,,,11044.0,24.0
9,1.0,ISC,interleaved,,,11045.0,25.0
9,1.0,ISC,interleaved,,,11046.0,26.0
9,1.0,ISC,interleaved,,,11047.0,27.0
9,1.0,ISC,interleaved,,,11048.0,28.0
9,1.0,ISC,interleaved,,,11049.0,29.0
9,1.0,ISC,interleaved,,,11050.0,30.0
9,1.0,ISC,interleaved,,,11051.0,31.0
9,1.0,ISC,interleaved,,,11052.0,32.0
9,1.0,ISC,interleaved,,,11053.0,33.0
9,1.0,ISC,interleaved,,,11054.0,34.0
9,1.0,ISC,interleaved,,,11055.0,35.0
9,1.0,ISC,interleaved,,,11056.0,36.0
9,1.0,ISC,interleaved,,,11057.0,37.0
9,1.0,ISC,interleaved,,,11058.0,38.0
9,1.0,ISC,interleaved,,,11059.0,39.0
9,1.0,ISC,interleaved,,,11060.0,40.0
9,1.0,ISC,interleaved,,,11061.0,41.0
9,1.0,ISC,interleaved,,,11062.0,42.0
9,1.0,ISC,interleaved,,,11063.0,43.0
9,1.0,ISC,interleaved,,,11064.0,44.0
9,1.0,ISC,interleaved,,,11065.0,45.0
9,1.0,ISC,interleaved,,,11066.0,46.0
9,1.0,ISC,interleaved,,,11067.0,47.0
9,1.0,ISC,interleaved,,,11068.0,48.0
9,1.0,ISC,interleaved,,,11069.0,49.0
9,1.0,ISC,interleaved,,,11070.0,50.0
9,1.0,ISC,interleaved,,,11071.0,51.0
9,1.0,ISC,interleaved,,,11072.0,52.0
9,1.0,ISC,interleaved,,,11073.0,53.0
9,1.0,ISC,interleaved,,,11074.0,54.0
9,1.0,ISC,interleaved,,,11075.0,55.0
9,1.0,ISC,interleaved,,,11076.0,56.0
9,1.0,ISC,interleaved,,,11077.0,57.0
9,1.0,ISC,interleaved,,,11078.0,58.0
9,1.0,ISC,interleaved,,,11079.0,59.0
9,1.0,ISC,interleaved,,,11080.0,60.0
9,1.0,ISC,interleaved,,,11081.0,61.0
9,1.0,ISC,interleaved,,,11082.0,62.0
9,1.0,ISC,interleaved,,,11083.0,63.0
9,1.0,ISC,interleaved,,,11084.0,64.0
9,1.0,ISC,interleaved,,,11085.0,65.0
9,1.0,ISC,interleaved,,,11086.0,66.0
9,1.0,ISC,interleaved,,,11087.0,67.0
9,1.0,ISC,interleaved,,,11088.0,68.0
9,1.0,ISC,interleaved,,,11089.0,69.0
9,1.0,ISC,interleaved,,,11090.0,70.0
9,1.0,ISC,interleaved,,,11091.0,71.0
9,1.0,ISC,interleaved,,,11092.0,72.0
9,1.0,ISC,interleaved,,,11093.0,73.0
9,1.0,ISC,interleaved,,,11094.0,74.0
9,1.0,ISC,interleaved,,,11095.0,75.0
9,1.0,ISC,interleaved,,,11096.0,76.0
9,1.0,ISC,interleaved,,,11097.0,77.0
9,1.0,ISC,interleaved,,,11098.0,78.0
9,1.0,ISC,interleaved,,,11099.0,79.0
9,1.0,ISC,interleaved,,,11100.0,80.0
9,1.0,ISC,interleaved,,,11101.0,81.0
9,1.0,ISC,interleaved,,,11102.0,82.0
9,1.0,ISC,interleaved,,,11103.0,83.0
9,1.0,ISC,interleaved,,,11104.0,84.0
9,1.0,ISC,interleaved,,,11105.0,85.0
9,1.0,ISC,interleaved,,,11106.0,86.0
9,1.0,ISC,interleaved,,,11107.0,87.0
9,1.0,ISC,interleaved,,,11108.0,88.0
9,1.0,ISC,interleaved,,,11109.0,89.0
9,1.0,ISC,interleaved,,,11110.0,90.0
9,1.0,ISC,interleaved,,,11111.0,91.0
9,1.0,ISC,interleaved,,,11112.0,92.0
9,1.0,ISC,interleaved,,,11113.0,93.0
9,1.0,ISC,interleaved,,,11114.0,94.0
9,0.0,ISC,interleaved,,,11115.0,95.0
9,0.0,ISC,interleaved,,,11116.0,96.0
9,0.0,ISC,interleaved,,,11117.0,97.0
9,0.0,ISC,interleaved,,,11118.0,98.0
9,0.0,ISC,interleaved,,,11119.0,99.0
9,1.0,ISC,interleaved,,,11120.0,100.0
9,1.0,ISC,interleaved,,,11121.0,101.0
9,1.0,ISC,interleaved,,,11122.0,102.0
9,1.0,ISC,interleaved,,,11123.0,103.0
9,1.0,ISC,interleaved,,,11124.0,104.0
9,1.0,ISC,interleaved,,,11125.0,105.0
9,1.0,ISC,interleaved,,,11126.0,106.0
9,1.0,ISC,interleaved,,,11127.0,107.0
9,1.0,ISC,interleaved,,,11128.0,108.0
9,1.0,ISC,interleaved,,,11129.0,109.0
9,1.0,ISC,interleaved,,,11130.0,110.0
9,1.0,ISC,interleaved,,,11131.0,111.0
9,1.0,ISC,interleaved,,,11132.0,112.0
9,1.0,ISC,interleaved,,,11133.0,113.0
9,0.0,ISC,interleaved,,,11134.0,114.0
9,0.0,ISC,interleaved,,,11135.0,115.0
9,0.0,ISC,interleaved,,,11136.0,116.0
9,0.0,ISC,interleaved,,,11137.0,117.0
9,0.0,ISC,interleaved,,,11138.0,118.0
9,1.0,ISC,interleaved,,,11139.0,119.0
9,1.0,ISC,interleaved,,,11140.0,120.0
9,1.0,ISC,interleaved,,,11141.0,121.0
9,1.0,ISC,interleaved,,,11142.0,122.0
9,1.0,ISC,interleaved,,,11143.0,123.0
9,1.0,ISC,interleaved,,,11144.0,124.0
9,1.0,ISC,interleaved,,,11145.0,125.0
9,1.0,ISC,interleaved,,,11146.0,126.0
9,1.0,ISC,interleaved,,,11147.0,127.0
9,1.0,ISC,interleaved,,,11148.0,128.0
9,1.0,ISC,interleaved,,,11149.0,129.0
9,1.0,ISC,interleaved,,,11150.0,130.0
9,1.0,ISC,interleaved,,,11151.0,131.0
9,1.0,ISC,interleaved,,,11152.0,132.0
9,0.0,ISC,interleaved,,,11153.0,133.0
9,0.0,ISC,interleaved,,,11154.0,134.0
9,0.0,ISC,interleaved,,,11155.0,135.0
9,0.0,ISC,interleaved,,,11156.0,136.0
9,0.0,ISC,interleaved,,,11157.0,137.0
9,1.0,ISC,interleaved,,,11158.0,138.0
9,1.0,ISC,interleaved,,,11159.0,139.0
9,1.0,ISC,interleaved,,,11160.0,140.0
9,1.0,ISC,interleaved,,,11161.0,141.0
9,1.0,ISC,interleaved,,,11162.0,142.0
9,1.0,ISC,interleaved,,,11163.0,143.0
9,1.0,ISC,interleaved,,,11164.0,144.0
9,1.0,ISC,interleaved,,,11165.0,145.0
9,1.0,ISC,interleaved,,,11166.0,146.0
9,1.0,ISC,interleaved,,,11167.0,147.0
9,1.0,ISC,interleaved,,,11168.0,148.0
9,1.0,ISC,interleaved,,,11169.0,149.0
9,1.0,ISC,interleaved,,,11170.0,150.0
9,1.0,ISC,interleaved,,,11171.0,151.0
9,0.0,ISC,interleaved,,,11172.0,152.0
9,0.0,ISC,interleaved,,,11173.0,153.0
9,0.0,ISC,interleaved,,,11174.0,154.0
9,0.0,ISC,interleaved,,,11175.0,155.0
9,0.0,ISC,interleaved,,,11176.0,156.0
9,1.0,ISC,interleaved,,,11177.0,157.0
9,1.0,ISC,interleaved,,,11178.0,158.0
9,1.0,ISC,interleaved,,,11179.0,159.0
9,1.0,ISC,interleaved,,,11180.0,160.0
9,1.0,ISC,interleaved,,,11181.0,161.0
9,1.0,ISC,interleaved,,,11182.0,162.0
9,1.0,ISC,interleaved,,,11183.0,163.0
9,1.0,ISC,interleaved,,,11184.0,164.0
9,1.0,ISC,interleaved,,,11185.0,165.0
9,1.0,ISC,interleaved,,,11186.0,166.0
9,1.0,ISC,interleaved,,,11187.0,167.0
9,1.0,ISC,interleaved,,,11188.0,168.0
9,1.0,ISC,interleaved,,,11189.0,169.0
9,1.0,ISC,interleaved,,,11190.0,170.0
9,0.0,ISC,interleaved,,,11191.0,171.0
9,0.0,ISC,interleaved,,,11192.0,172.0
9,0.0,ISC,interleaved,,,11193.0,173.0
9,0.0,ISC,interleaved,,,11194.0,174.0
9,0.0,ISC,interleaved,,,11195.0,175.0
9,1.0,ISC,interleaved,,,11196.0,176.0
9,1.0,ISC,interleaved,,,11197.0,177.0
9,1.0,ISC,interleaved,,,11198.0,178.0
9,1.0,ISC,interleaved,,,11199.0,179.0
9,1.0,ISC,interleaved,,,11200.0,180.0
9,1.0,ISC,interleaved,,,11201.0,181.0
9,1.0,ISC,interleaved,,,11202.0,182.0
9,1.0,ISC,interleaved,,,11203.0,183.0
9,1.0,ISC,interleaved,,,11204.0,184.0
9,1.0,ISC,interleaved,,,11205.0,185.0
9,1.0,ISC,interleaved,,,11206.0,186.0
9,1.0,ISC,interleaved,,,11207.0,187.0
9,1.0,ISC,interleaved,,,11208.0,188.0
9,1.0,ISC,interleaved,,,11209.0,189.0
9,1.0,ISC,interleaved,,,11210.0,190.0
9,1.0,ISC,interleaved,,,11211.0,191.0
9,1.0,ISC,interleaved,,,11212.0,192.0
9,1.0,ISC,interleaved,,,11213.0,193.0
9,1.0,ISC,interleaved,,,11214.0,194.0
9,1.0,ISC,interleaved,,,11215.0,195.0
9,1.0,ISC,interleaved,,,11216.0,196.0
9,1.0,ISC,interleaved,,,11217.0,197.0
9,1.0,ISC,interleaved,,,11218.0,198.0
9,1.0,ISC,interleaved,,,11219.0,199.0
9,1.0,ISC,interleaved,,,11220.0,200.0
9,1.0,ISC,interleaved,,,11221.0,201.0
9,1.0,ISC,interleaved,,,11222.0,202.0
9,1.0,ISC,interleaved,,,11223.0,203.0
9,1.0,ISC,interleaved,,,11224.0,204.0
9,1.0,ISC,interleaved,,,11225.0,205.0
9,1.0,ISC,interleaved,,,11226.0,206.0
9,1.0,ISC,interleaved,,,11227.0,207.0
9,1.0,ISC,interleaved,,,11228.0,208.0
9,1.0,ISC,interleaved,,,11229.0,209.0
9,1.0,ISC,interleaved,,,11230.0,210.0
9,1.0,ISC,interleaved,,,11231.0,211.0
9,1.0,ISC,interleaved,,,11232.0,212.0
9,1.0,ISC,interleaved,,,11233.0,213.0
9,1.0,ISC,interleaved,,,11234.0,214.0
9,1.0,ISC,interleaved,,,11235.0,215.0
9,1.0,ISC,interleaved,,,11236.0,216.0
9,1.0,ISC,interleaved,,,11237.0,217.0
9,1.0,ISC,interleaved,,,11238.0,218.0
9,1.0,ISC,interleaved,,,11239.0,219.0
9,1.0,ISC,interleaved,,,11240.0,220.0
9,1.0,ISC,interleaved,,,11241.0,221.0
9,1.0,ISC,interleaved,,,11242.0,222.0
9,1.0,ISC,interleaved,,,11243.0,223.0
9,1.0,ISC,interleaved,,,11244.0,224.0
9,1.0,ISC,interleaved,,,11245.0,225.0
9,1.0,ISC,interleaved,,,11246.0,226.0
9,1.0,ISC,interleaved,,,11247.0,227.0
9,1.0,ISC,interleaved,,,11248.0,228.0
9,1.0,ISC,interleaved,,,11249.0,229.0
9,1.0,ISC,interleaved,,,11250.0,230.0
9,1.0,ISC,interleaved,,,11251.0,231.0
9,1.0,ISC,interleaved,,,11252.0,232.0
9,1.0,ISC,interleaved,,,11253.0,233.0
9,1.0,ISC,interleaved,,,11254.0,234.0
9,1.0,ISC,interleaved,,,11255.0,235.0
9,1.0,ISC,interleaved,,,11256.0,236.0
9,1.0,ISC,interleaved,,,11257.0,237.0
9,1.0,ISC,interleaved,,,11258.0,238.0
9,1.0,ISC,interleaved,,,11259.0,239.0
9,1.0,ISC,interleaved,,,11260.0,240.0
9,1.0,ISC,interleaved,,,11261.0,241.0
9,1.0,ISC,interleaved,,,11262.0,242.0
9,1.0,ISC,interleaved,,,11263.0,243.0
9,1.0,ISC,interleaved,,,11264.0,244.0
9,1.0,ISC,interleaved,,,11265.0,245.0
9,1.0,ISC,interleaved,,,11266.0,246.0
9,1.0,ISC,interleaved,,,11267.0,247.0
9,1.0,ISC,interleaved,,,11268.0,248.0
9,1.0,ISC,interleaved,,,11269.0,249.0
9,1.0,ISC,interleaved,,,11270.0,250.0
9,1.0,ISC,interleaved,,,11271.0,251.0
9,1.0,ISC,interleaved,,,11272.0,252.0
9,1.0,ISC,interleaved,,,11273.0,253.0
9,1.0,ISC,interleaved,,,11274.0,254.0
9,1.0,ISC,interleaved,,,11275.0,255.0
9,1.0,ISC,interleaved,,,11276.0,256.0
9,1.0,ISC,interleaved,,,11277.0,257.0
9,1.0,ISC,interleaved,,,11278.0,258.0
9,1.0,ISC,interleaved,,,11279.0,259.0
9,1.0,ISC,interleaved,,,11280.0,260.0
9,1.0,ISC,interleaved,,,11281.0,261.0
9,1.0,ISC,interleaved,,,11282.0,262.0
9,1.0,ISC,interleaved,,,11283.0,263.0
9,1.0,ISC,interleaved,,,11284.0,264.0
9,1.0,ISC,interleaved,,,11285.0,265.0
9,1.0,ISC,interleaved,,,11286.0,266.0
9,1.0,ISC,interleaved,,,11287.0,267.0
9,1.0,ISC,interleaved,,,11288.0,268.0
9,1.0,ISC,interleaved,,,11289.0,269.0
9,1.0,ISC,interleaved,,,11290.0,270.0
9,1.0,ISC,interleaved,,,11291.0,271.0
9,1.0,ISC,interleaved,,,11292.0,272.0
9,1.0,ISC,interleaved,,,11293.0,273.0
9,1.0,ISC,interleaved,,,11294.0,274.0
9,1.0,ISC,interleaved,,,11295.0,275.0
9,1.0,ISC,interleaved,,,11296.0,276.0
9,1.0,ISC,interleaved,,,11297.0,277.0
9,1.0,ISC,interleaved,,,11298.0,278.0
9,1.0,ISC,interleaved,,,11299.0,279.0
9,1.0,ISC,interleaved,,,11300.0,280.0
9,1.0,ISC,interleaved,,,11301.0,281.0
9,1.0,ISC,interleaved,,,11302.0,282.0
9,1.0,ISC,interleaved,,,11303.0,283.0
9,1.0,ISC,interleaved,,,11304.0,284.0
9,1.0,ISC,interleaved,,,11305.0,285.0
9,1.0,ISC,interleaved,,,11306.0,286.0
9,1.0,ISC,interleaved,,,11307.0,287.0
9,1.0,ISC,interleaved,,,11308.0,288.0
9,1.0,ISC,interleaved,,,11309.0,289.0
9,1.0,ISC,interleaved,,,11310.0,290.0
9,1.0,ISC,interleaved,,,11311.0,291.0
9,1.0,ISC,interleaved,,,11312.0,292.0
9,1.0,ISC,interleaved,,,11313.0,293.0
9,1.0,ISC,interleaved,,,11314.0,294.0
9,0.0,ISC,interleaved,,,11315.0,295.0
9,0.0,ISC,interleaved,,,11316.0,296.0
9,0.0,ISC,interleaved,,,11317.0,297.0
9,0.0,ISC,interleaved,,,11318.0,298.0
9,0.0,ISC,interleaved,,,11319.0,299.0
9,1.0,ISC,interleaved,,,11320.0,300.0
9,1.0,ISC,interleaved,,,11321.0,301.0
9,1.0,ISC,interleaved,,,11322.0,302.0
9,1.0,ISC,interleaved,,,11323.0,303.0
9,1.0,ISC,interleaved,,,11324.0,304.0
9,1.0,ISC,interleaved,,,11325.0,305.0
9,1.0,ISC,interleaved,,,11326.0,306.0
9,1.0,ISC,interleaved,,,11327.0,307.0
9,1.0,ISC,interleaved,,,11328.0,308.0
9,1.0,ISC,interleaved,,,11329.0,309.0
9,1.0,ISC,interleaved,,,11330.0,310.0
9,1.0,ISC,interleaved,,,11331.0,311.0
9,1.0,ISC,interleaved,,,11332.0,312.0
9,1.0,ISC,interleaved,,,11333.0,313.0
9,0.0,ISC,interleaved,,,11334.0,314.0
9,0.0,ISC,interleaved,,,11335.0,315.0
9,0.0,ISC,interleaved,,,11336.0,316.0
9,0.0,ISC,interleaved,,,11337.0,317.0
9,0.0,ISC,interleaved,,,11338.0,318.0
9,1.0,ISC,interleaved,,,11339.0,319.0
9,1.0,ISC,interleaved,,,11340.0,320.0
9,1.0,ISC,interleaved,,,11341.0,321.0
9,1.0,ISC,interleaved,,,11342.0,322.0
9,1.0,ISC,interleaved,,,11343.0,323.0
9,1.0,ISC,interleaved,,,11344.0,324.0
9,1.0,ISC,interleaved,,,11345.0,325.0
9,1.0,ISC,interleaved,,,11346.0,326.0
9,1.0,ISC,interleaved,,,11347.0,327.0
9,1.0,ISC,interleaved,,,11348.0,328.0
9,1.0,ISC,interleaved,,,11349.0,329.0
9,1.0,ISC,interleaved,,,11350.0,330.0
9,1.0,ISC,interleaved,,,11351.0,331.0
9,1.0,ISC,interleaved,,,11352.0,332.0
9,0.0,ISC,interleaved,,,11353.0,333.0
9,0.0,ISC,interleaved,,,11354.0,334.0
9,0.0,ISC,interleaved,,,11355.0,335.0
9,0.0,ISC,interleaved,,,11356.0,336.0
9,0.0,ISC,interleaved,,,11357.0,337.0
9,1.0,ISC,interleaved,,,11358.0,338.0
9,1.0,ISC,interleaved,,,11359.0,339.0
9,1.0,ISC,interleaved,,,11360.0,340.0
9,1.0,ISC,interleaved,,,11361.0,341.0
9,1.0,ISC,interleaved,,,11362.0,342.0
9,1.0,ISC,interleaved,,,11363.0,343.0
9,1.0,ISC,interleaved,,,11364.0,344.0
9,1.0,ISC,interleaved,,,11365.0,345.0
9,1.0,ISC,interleaved,,,11366.0,346.0
9,1.0,ISC,interleaved,,,11367.0,347.0
9,1.0,ISC,interleaved,,,11368.0,348.0
9,1.0,ISC,interleaved,,,11369.0,349.0
9,1.0,ISC,interleaved,,,11370.0,350.0
9,1.0,ISC,interleaved,,,11371.0,351.0
9,0.0,ISC,interleaved,,,11372.0,352.0
9,0.0,ISC,interleaved,,,11373.0,353.0
9,0.0,ISC,interleaved,,,11374.0,354.0
9,0.0,ISC,interleaved,,,11375.0,355.0
9,0.0,ISC,interleaved,,,11376.0,356.0
9,1.0,ISC,interleaved,,,11377.0,357.0
9,1.0,ISC,interleaved,,,11378.0,358.0
9,1.0,ISC,interleaved,,,11379.0,359.0
9,1.0,ISC,interleaved,,,11380.0,360.0
9,1.0,ISC,interleaved,,,11381.0,361.0
9,1.0,ISC,interleaved,,,11382.0,362.0
9,1.0,ISC,interleaved,,,11383.0,363.0
9,1.0,ISC,interleaved,,,11384.0,364.0
9,1.0,ISC,interleaved,,,11385.0,365.0
9,1.0,ISC,interleaved,,,11386.0,366.0
9,1.0,ISC,interleaved,,,11387.0,367.0
9,1.0,ISC,interleaved,,,11388.0,368.0
9,1.0,ISC,interleaved,,,11389.0,369.0
9,1.0,ISC,interleaved,,,11390.0,370.0
9,0.0,ISC,interleaved,,,11391.0,371.0
9,0.0,ISC,interleaved,,,11392.0,372.0
9,0.0,ISC,interleaved,,,11393.0,373.0
9,0.0,ISC,interleaved,,,11394.0,374.0
9,0.0,ISC,interleaved,,,11395.0,375.0
9,1.0,ISC,interleaved,,,11396.0,376.0
9,1.0,ISC,interleaved,,,11397.0,377.0
9,1.0,ISC,interleaved,,,11398.0,378.0
9,1.0,ISC,interleaved,,,11399.0,379.0
0,1.0,ISC,blocked,,,11400.0,0.0
0,1.0,ISC,blocked,,,11401.0,1.0
0,1.0,ISC,blocked,,,11402.0,2.0
0,1.0,ISC,blocked,,,11403.0,3.0
0,1.0,ISC,blocked,,,11404.0,4.0
0,1.0,ISC,blocked,,,11405.0,5.0
0,1.0,ISC,blocked,,,11406.0,6.0
0,1.0,ISC,blocked,,,11407.0,7.0
0,1.0,ISC,blocked,,,11408.0,8.0
0,1.0,ISC,blocked,,,11409.0,9.0
0,1.0,ISC,blocked,,,11410.0,10.0
0,1.0,ISC,blocked,,,11411.0,11.0
0,1.0,ISC,blocked,,,11412.0,12.0
0,1.0,ISC,blocked,,,11413.0,13.0
0,0.0,ISC,blocked,,,11414.0,14.0
0,0.0,ISC,blocked,,,11415.0,15.0
0,0.0,ISC,blocked,,,11416.0,16.0
0,0.0,ISC,blocked,,,11417.0,17.0
0,0.0,ISC,blocked,,,11418.0,18.0
0,1.0,ISC,blocked,,,11419.0,19.0
0,1.0,ISC,blocked,,,11420.0,20.0
0,1.0,ISC,blocked,,,11421.0,21.0
0,1.0,ISC,blocked,,,11422.0,22.0
0,1.0,ISC,blocked,,,11423.0,23.0
0,1.0,ISC,blocked,,,11424.0,24.0
0,1.0,ISC,blocked,,,11425.0,25.0
0,1.0,ISC,blocked,,,11426.0,26.0
0,1.0,ISC,blocked,,,11427.0,27.0
0,1.0,ISC,blocked,,,11428.0,28.0
0,1.0,ISC,blocked,,,11429.0,29.0
0,1.0,ISC,blocked,,,11430.0,30.0
0,1.0,ISC,blocked,,,11431.0,31.0
0,1.0,ISC,blocked,,,11432.0,32.0
0,0.0,ISC,blocked,,,11433.0,33.0
0,0.0,ISC,blocked,,,11434.0,34.0
0,0.0,ISC,blocked,,,11435.0,35.0
0,0.0,ISC,blocked,,,11436.0,36.0
0,0.0,ISC,blocked,,,11437.0,37.0
0,1.0,ISC,blocked,,,11438.0,38.0
0,1.0,ISC,blocked,,,11439.0,39.0
0,1.0,ISC,blocked,,,11440.0,40.0
0,1.0,ISC,blocked,,,11441.0,41.0
0,1.0,ISC,blocked,,,11442.0,42.0
0,1.0,ISC,blocked,,,11443.0,43.0
0,1.0,ISC,blocked,,,11444.0,44.0
0,1.0,ISC,blocked,,,11445.0,45.0
0,1.0,ISC,blocked,,,11446.0,46.0
0,1.0,ISC,blocked,,,11447.0,47.0
0,1.0,ISC,blocked,,,11448.0,48.0
0,1.0,ISC,blocked,,,11449.0,49.0
0,1.0,ISC,blocked,,,11450.0,50.0
0,1.0,ISC,blocked,,,11451.0,51.0
0,0.0,ISC,blocked,,,11452.0,52.0
0,0.0,ISC,blocked,,,11453.0,53.0
0,0.0,ISC,blocked,,,11454.0,54.0
0,0.0,ISC,blocked,,,11455.0,55.0
0,0.0,ISC,blocked,,,11456.0,56.0
0,1.0,ISC,blocked,,,11457.0,57.0
0,1.0,ISC,blocked,,,11458.0,58.0
0,1.0,ISC,blocked,,,11459.0,59.0
0,1.0,ISC,blocked,,,11460.0,60.0
0,1.0,ISC,blocked,,,11461.0,61.0
0,1.0,ISC,blocked,,,11462.0,62.0
0,1.0,ISC,blocked,,,11463.0,63.0
0,1.0,ISC,blocked,,,11464.0,64.0
0,1.0,ISC,blocked,,,11465.0,65.0
0,1.0,ISC,blocked,,,11466.0,66.0
0,1.0,ISC,blocked,,,11467.0,67.0
0,1.0,ISC,blocked,,,11468.0,68.0
0,1.0,ISC,blocked,,,11469.0,69.0
0,1.0,ISC,blocked,,,11470.0,70.0
0,0.0,ISC,blocked,,,11471.0,71.0
0,0.0,ISC,blocked,,,11472.0,72.0
0,0.0,ISC,blocked,,,11473.0,73.0
0,0.0,ISC,blocked,,,11474.0,74.0
0,0.0,ISC,blocked,,,11475.0,75.0
0,1.0,ISC,blocked,,,11476.0,76.0
0,1.0,ISC,blocked,,,11477.0,77.0
0,1.0,ISC,blocked,,,11478.0,78.0
0,1.0,ISC,blocked,,,11479.0,79.0
0,1.0,ISC,blocked,,,11480.0,80.0
0,1.0,ISC,blocked,,,11481.0,81.0
0,1.0,ISC,blocked,,,11482.0,82.0
0,1.0,ISC,blocked,,,11483.0,83.0
0,1.0,ISC,blocked,,,11484.0,84.0
0,1.0,ISC,blocked,,,11485.0,85.0
0,1.0,ISC,blocked,,,11486.0,86.0
0,1.0,ISC,blocked,,,11487.0,87.0
0,1.0,ISC,blocked,,,11488.0,88.0
0,1.0,ISC,blocked,,,11489.0,89.0
0,0.0,ISC,blocked,,,11490.0,90.0
0,0.0,ISC,blocked,,,11491.0,91.0
0,0.0,ISC,blocked,,,11492.0,92.0
0,0.0,ISC,blocked,,,11493.0,93.0
0,0.0,ISC,blocked,,,11494.0,94.0
0,0.0,ISC,blocked,,,11495.0,95.0
0,0.0,ISC,blocked,,,11496.0,96.0
0,0.0,ISC,blocked,,,11497.0,97.0
0,0.0,ISC,blocked,,,11498.0,98.0
0,0.0,ISC,blocked,,,11499.0,99.0
0,1.0,ISC,blocked,,,11500.0,100.0
0,1.0,ISC,blocked,,,11501.0,101.0
0,1.0,ISC,blocked,,,11502.0,102.0
0,1.0,ISC,blocked,,,11503.0,103.0
0,0.0,ISC,blocked,,,11504.0,104.0
0,0.0,ISC,blocked,,,11505.0,105.0
0,0.0,ISC,blocked,,,11506.0,106.0
0,0.0,ISC,blocked,,,11507.0,107.0
0,0.0,ISC,blocked,,,11508.0,108.0
0,1.0,ISC,blocked,,,11509.0,109.0
0,1.0,ISC,blocked,,,11510.0,110.0
0,1.0,ISC,blocked,,,11511.0,111.0
0,1.0,ISC,blocked,,,11512.0,112.0
0,1.0,ISC,blocked,,,11513.0,113.0
0,0.0,ISC,blocked,,,11514.0,114.0
0,0.0,ISC,blocked,,,11515.0,115.0
0,0.0,ISC,blocked,,,11516.0,116.0
0,0.0,ISC,blocked,,,11517.0,117.0
0,0.0,ISC,blocked,,,11518.0,118.0
0,1.0,ISC,blocked,,,11519.0,119.0
0,1.0,ISC,blocked,,,11520.0,120.0
0,1.0,ISC,blocked,,,11521.0,121.0
0,1.0,ISC,blocked,,,11522.0,122.0
0,0.0,ISC,blocked,,,11523.0,123.0
0,0.0,ISC,blocked,,,11524.0,124.0
0,0.0,ISC,blocked,,,11525.0,125.0
0,0.0,ISC,blocked,,,11526.0,126.0
0,0.0,ISC,blocked,,,11527.0,127.0
0,1.0,ISC,blocked,,,11528.0,128.0
0,1.0,ISC,blocked,,,11529.0,129.0
0,1.0,ISC,blocked,,,11530.0,130.0
0,1.0,ISC,blocked,,,11531.0,131.0
0,1.0,ISC,blocked,,,11532.0,132.0
0,1.0,ISC,blocked,,,11533.0,133.0
0,0.0,ISC,blocked,,,11534.0,134.0
0,0.0,ISC,blocked,,,11535.0,135.0
0,0.0,ISC,blocked,,,11536.0,136.0
0,0.0,ISC,blocked,,,11537.0,137.0
0,1.0,ISC,blocked,,,11538.0,138.0
0,1.0,ISC,blocked,,,11539.0,139.0
0,1.0,ISC,blocked,,,11540.0,140.0
0,1.0,ISC,blocked,,,11541.0,141.0
0,0.0,ISC,blocked,,,11542.0,142.0
0,0.0,ISC,blocked,,,11543.0,143.0
0,0.0,ISC,blocked,,,11544.0,144.0
0,0.0,ISC,blocked,,,11545.0,145.0
0,0.0,ISC,blocked,,,11546.0,146.0
0,1.0,ISC,blocked,,,11547.0,147.0
0,1.0,ISC,blocked,,,11548.0,148.0
0,1.0,ISC,blocked,,,11549.0,149.0
0,1.0,ISC,blocked,,,11550.0,150.0
0,1.0,ISC,blocked,,,11551.0,151.0
0,0.0,ISC,blocked,,,11552.0,152.0
0,0.0,ISC,blocked,,,11553.0,153.0
0,0.0,ISC,blocked,,,11554.0,154.0
0,0.0,ISC,blocked,,,11555.0,155.0
0,0.0,ISC,blocked,,,11556.0,156.0
0,1.0,ISC,blocked,,,11557.0,157.0
0,1.0,ISC,blocked,,,11558.0,158.0
0,1.0,ISC,blocked,,,11559.0,159.0
0,1.0,ISC,blocked,,,11560.0,160.0
0,0.0,ISC,blocked,,,11561.0,161.0
0,0.0,ISC,blocked,,,11562.0,162.0
0,0.0,ISC,blocked,,,11563.0,163.0
0,0.0,ISC,blocked,,,11564.0,164.0
0,0.0,ISC,blocked,,,11565.0,165.0
0,1.0,ISC,blocked,,,11566.0,166.0
0,1.0,ISC,blocked,,,11567.0,167.0
0,1.0,ISC,blocked,,,11568.0,168.0
0,1.0,ISC,blocked,,,11569.0,169.0
0,1.0,ISC,blocked,,,11570.0,170.0
0,1.0,ISC,blocked,,,11571.0,171.0
0,0.0,ISC,blocked,,,11572.0,172.0
0,0.0,ISC,blocked,,,11573.0,173.0
0,0.0,ISC,blocked,,,11574.0,174.0
0,0.0,ISC,blocked,,,11575.0,175.0
0,1.0,ISC,blocked,,,11576.0,176.0
0,1.0,ISC,blocked,,,11577.0,177.0
0,1.0,ISC,blocked,,,11578.0,178.0
0,1.0,ISC,blocked,,,11579.0,179.0
0,0.0,ISC,blocked,,,11580.0,180.0
0,0.0,ISC,blocked,,,11581.0,181.0
0,0.0,ISC,blocked,,,11582.0,182.0
0,0.0,ISC,blocked,,,11583.0,183.0
0,0.0,ISC,blocked,,,11584.0,184.0
0,1.0,ISC,blocked,,,11585.0,185.0
0,1.0,ISC,blocked,,,11586.0,186.0
0,1.0,ISC,blocked,,,11587.0,187.0
0,1.0,ISC,blocked,,,11588.0,188.0
0,1.0,ISC,blocked,,,11589.0,189.0
0,1.0,ISC,blocked,,,11590.0,190.0
0,1.0,ISC,blocked,,,11591.0,191.0
0,1.0,ISC,blocked,,,11592.0,192.0
0,1.0,ISC,blocked,,,11593.0,193.0
0,1.0,ISC,blocked,,,11594.0,194.0
0,1.0,ISC,blocked,,,11595.0,195.0
0,1.0,ISC,blocked,,,11596.0,196.0
0,1.0,ISC,blocked,,,11597.0,197.0
0,1.0,ISC,blocked,,,11598.0,198.0
0,1.0,ISC,blocked,,,11599.0,199.0
0,1.0,ISC,blocked,,,11600.0,200.0
0,1.0,ISC,blocked,,,11601.0,201.0
0,1.0,ISC,blocked,,,11602.0,202.0
0,1.0,ISC,blocked,,,11603.0,203.0
0,1.0,ISC,blocked,,,11604.0,204.0
0,1.0,ISC,blocked,,,11605.0,205.0
0,1.0,ISC,blocked,,,11606.0,206.0
0,1.0,ISC,blocked,,,11607.0,207.0
0,1.0,ISC,blocked,,,11608.0,208.0
0,1.0,ISC,blocked,,,11609.0,209.0
0,1.0,ISC,blocked,,,11610.0,210.0
0,1.0,ISC,blocked,,,11611.0,211.0
0,1.0,ISC,blocked,,,11612.0,212.0
0,1.0,ISC,blocked,,,11613.0,213.0
0,1.0,ISC,blocked,,,11614.0,214.0
0,1.0,ISC,blocked,,,11615.0,215.0
0,1.0,ISC,blocked,,,11616.0,216.0
0,1.0,ISC,blocked,,,11617.0,217.0
0,1.0,ISC,blocked,,,11618.0,218.0
0,1.0,ISC,blocked,,,11619.0,219.0
0,1.0,ISC,blocked,,,11620.0,220.0
0,1.0,ISC,blocked,,,11621.0,221.0
0,1.0,ISC,blocked,,,11622.0,222.0
0,1.0,ISC,blocked,,,11623.0,223.0
0,1.0,ISC,blocked,,,11624.0,224.0
0,1.0,ISC,blocked,,,11625.0,225.0
0,1.0,ISC,blocked,,,11626.0,226.0
0,1.0,ISC,blocked,,,11627.0,227.0
0,1.0,ISC,blocked,,,11628.0,228.0
0,1.0,ISC,blocked,,,11629.0,229.0
0,1.0,ISC,blocked,,,11630.0,230.0
0,1.0,ISC,blocked,,,11631.0,231.0
0,1.0,ISC,blocked,,,11632.0,232.0
0,1.0,ISC,blocked,,,11633.0,233.0
0,1.0,ISC,blocked,,,11634.0,234.0
0,1.0,ISC,blocked,,,11635.0,235.0
0,1.0,ISC,blocked,,,11636.0,236.0
0,1.0,ISC,blocked,,,11637.0,237.0
0,1.0,ISC,blocked,,,11638.0,238.0
0,1.0,ISC,blocked,,,11639.0,239.0
0,1.0,ISC,blocked,,,11640.0,240.0
0,1.0,ISC,blocked,,,11641.0,241.0
0,1.0,ISC,blocked,,,11642.0,242.0
0,1.0,ISC,blocked,,,11643.0,243.0
0,1.0,ISC,blocked,,,11644.0,244.0
0,1.0,ISC,blocked,,,11645.0,245.0
0,1.0,ISC,blocked,,,11646.0,246.0
0,1.0,ISC,blocked,,,11647.0,247.0
0,1.0,ISC,blocked,,,11648.0,248.0
0,1.0,ISC,blocked,,,11649.0,249.0
0,1.0,ISC,blocked,,,11650.0,250.0
0,1.0,ISC,blocked,,,11651.0,251.0
0,1.0,ISC,blocked,,,11652.0,252.0
0,1.0,ISC,blocked,,,11653.0,253.0
0,1.0,ISC,blocked,,,11654.0,254.0
0,1.0,ISC,blocked,,,11655.0,255.0
0,1.0,ISC,blocked,,,11656.0,256.0
0,1.0,ISC,blocked,,,11657.0,257.0
0,1.0,ISC,blocked,,,11658.0,258.0
0,1.0,ISC,blocked,,,11659.0,259.0
0,1.0,ISC,blocked,,,11660.0,260.0
0,1.0,ISC,blocked,,,11661.0,261.0
0,1.0,ISC,blocked,,,11662.0,262.0
0,1.0,ISC,blocked,,,11663.0,263.0
0,1.0,ISC,blocked,,,11664.0,264.0
0,1.0,ISC,blocked,,,11665.0,265.0
0,1.0,ISC,blocked,,,11666.0,266.0
0,1.0,ISC,blocked,,,11667.0,267.0
0,1.0,ISC,blocked,,,11668.0,268.0
0,1.0,ISC,blocked,,,11669.0,269.0
0,1.0,ISC,blocked,,,11670.0,270.0
0,1.0,ISC,blocked,,,11671.0,271.0
0,1.0,ISC,blocked,,,11672.0,272.0
0,1.0,ISC,blocked,,,11673.0,273.0
0,1.0,ISC,blocked,,,11674.0,274.0
0,1.0,ISC,blocked,,,11675.0,275.0
0,1.0,ISC,blocked,,,11676.0,276.0
0,1.0,ISC,blocked,,,11677.0,277.0
0,1.0,ISC,blocked,,,11678.0,278.0
0,1.0,ISC,blocked,,,11679.0,279.0
0,1.0,ISC,blocked,,,11680.0,280.0
0,1.0,ISC,blocked,,,11681.0,281.0
0,1.0,ISC,blocked,,,11682.0,282.0
0,1.0,ISC,blocked,,,11683.0,283.0
0,1.0,ISC,blocked,,,11684.0,284.0
0,1.0,ISC,blocked,,,11685.0,285.0
0,1.0,ISC,blocked,,,11686.0,286.0
0,1.0,ISC,blocked,,,11687.0,287.0
0,1.0,ISC,blocked,,,11688.0,288.0
0,1.0,ISC,blocked,,,11689.0,289.0
0,1.0,ISC,blocked,,,11690.0,290.0
0,1.0,ISC,blocked,,,11691.0,291.0
0,1.0,ISC,blocked,,,11692.0,292.0
0,1.0,ISC,blocked,,,11693.0,293.0
0,1.0,ISC,blocked,,,11694.0,294.0
0,0.0,ISC,blocked,,,11695.0,295.0
0,1.0,ISC,blocked,,,11696.0,296.0
0,1.0,ISC,blocked,,,11697.0,297.0
0,0.0,ISC,blocked,,,11698.0,298.0
0,1.0,ISC,blocked,,,11699.0,299.0
0,1.0,ISC,blocked,,,11700.0,300.0
0,1.0,ISC,blocked,,,11701.0,301.0
0,1.0,ISC,blocked,,,11702.0,302.0
0,1.0,ISC,blocked,,,11703.0,303.0
0,1.0,ISC,blocked,,,11704.0,304.0
0,1.0,ISC,blocked,,,11705.0,305.0
0,1.0,ISC,blocked,,,11706.0,306.0
0,1.0,ISC,blocked,,,11707.0,307.0
0,1.0,ISC,blocked,,,11708.0,308.0
0,1.0,ISC,blocked,,,11709.0,309.0
0,1.0,ISC,blocked,,,11710.0,310.0
0,1.0,ISC,blocked,,,11711.0,311.0
0,1.0,ISC,blocked,,,11712.0,312.0
0,1.0,ISC,blocked,,,11713.0,313.0
0,0.0,ISC,blocked,,,11714.0,314.0
0,0.0,ISC,blocked,,,11715.0,315.0
0,1.0,ISC,blocked,,,11716.0,316.0
0,0.0,ISC,blocked,,,11717.0,317.0
0,0.0,ISC,blocked,,,11718.0,318.0
0,1.0,ISC,blocked,,,11719.0,319.0
0,1.0,ISC,blocked,,,11720.0,320.0
0,1.0,ISC,blocked,,,11721.0,321.0
0,1.0,ISC,blocked,,,11722.0,322.0
0,1.0,ISC,blocked,,,11723.0,323.0
0,1.0,ISC,blocked,,,11724.0,324.0
0,1.0,ISC,blocked,,,11725.0,325.0
0,1.0,ISC,blocked,,,11726.0,326.0
0,1.0,ISC,blocked,,,11727.0,327.0
0,1.0,ISC,blocked,,,11728.0,328.0
0,1.0,ISC,blocked,,,11729.0,329.0
0,1.0,ISC,blocked,,,11730.0,330.0
0,1.0,ISC,blocked,,,11731.0,331.0
0,1.0,ISC,blocked,,,11732.0,332.0
0,0.0,ISC,blocked,,,11733.0,333.0
0,0.0,ISC,blocked,,,11734.0,334.0
0,1.0,ISC,blocked,,,11735.0,335.0
0,0.0,ISC,blocked,,,11736.0,336.0
0,0.0,ISC,blocked,,,11737.0,337.0
0,1.0,ISC,blocked,,,11738.0,338.0
0,1.0,ISC,blocked,,,11739.0,339.0
0,1.0,ISC,blocked,,,11740.0,340.0
0,1.0,ISC,blocked,,,11741.0,341.0
0,1.0,ISC,blocked,,,11742.0,342.0
0,1.0,ISC,blocked,,,11743.0,343.0
0,1.0,ISC,blocked,,,11744.0,344.0
0,1.0,ISC,blocked,,,11745.0,345.0
0,1.0,ISC,blocked,,,11746.0,346.0
0,1.0,ISC,blocked,,,11747.0,347.0
0,1.0,ISC,blocked,,,11748.0,348.0
0,1.0,ISC,blocked,,,11749.0,349.0
0,1.0,ISC,blocked,,,11750.0,350.0
0,1.0,ISC,blocked,,,11751.0,351.0
0,0.0,ISC,blocked,,,11752.0,352.0
0,0.0,ISC,blocked,,,11753.0,353.0
0,0.0,ISC,blocked,,,11754.0,354.0
0,0.0,ISC,blocked,,,11755.0,355.0
0,0.0,ISC,blocked,,,11756.0,356.0
0,1.0,ISC,blocked,,,11757.0,357.0
0,1.0,ISC,blocked,,,11758.0,358.0
0,1.0,ISC,blocked,,,11759.0,359.0
0,1.0,ISC,blocked,,,11760.0,360.0
0,1.0,ISC,blocked,,,11761.0,361.0
0,1.0,ISC,blocked,,,11762.0,362.0
0,1.0,ISC,blocked,,,11763.0,363.0
0,1.0,ISC,blocked,,,11764.0,364.0
0,1.0,ISC,blocked,,,11765.0,365.0
0,1.0,ISC,blocked,,,11766.0,366.0
0,1.0,ISC,blocked,,,11767.0,367.0
0,1.0,ISC,blocked,,,11768.0,368.0
0,1.0,ISC,blocked,,,11769.0,369.0
0,1.0,ISC,blocked,,,11770.0,370.0
0,0.0,ISC,blocked,,,11771.0,371.0
0,0.0,ISC,blocked,,,11772.0,372.0
0,1.0,ISC,blocked,,,11773.0,373.0
0,0.0,ISC,blocked,,,11774.0,374.0
0,0.0,ISC,blocked,,,11775.0,375.0
0,1.0,ISC,blocked,,,11776.0,376.0
0,1.0,ISC,blocked,,,11777.0,377.0
0,1.0,ISC,blocked,,,11778.0,378.0
0,1.0,ISC,blocked,,,11779.0,379.0
1,1.0,ISC,blocked,,,11780.0,0.0
1,1.0,ISC,blocked,,,11781.0,1.0
1,1.0,ISC,blocked,,,11782.0,2.0
1,0.0,ISC,blocked,,,11783.0,3.0
1,1.0,ISC,blocked,,,11784.0,4.0
1,0.0,ISC,blocked,,,11785.0,5.0
1,1.0,ISC,blocked,,,11786.0,6.0
1,0.0,ISC,blocked,,,11787.0,7.0
1,0.0,ISC,blocked,,,11788.0,8.0
1,1.0,ISC,blocked,,,11789.0,9.0
1,1.0,ISC,blocked,,,11790.0,10.0
1,1.0,ISC,blocked,,,11791.0,11.0
1,1.0,ISC,blocked,,,11792.0,12.0
1,1.0,ISC,blocked,,,11793.0,13.0
1,0.0,ISC,blocked,,,11794.0,14.0
1,0.0,ISC,blocked,,,11795.0,15.0
1,0.0,ISC,blocked,,,11796.0,16.0
1,0.0,ISC,blocked,,,11797.0,17.0
1,0.0,ISC,blocked,,,11798.0,18.0
1,1.0,ISC,blocked,,,11799.0,19.0
1,1.0,ISC,blocked,,,11800.0,20.0
1,1.0,ISC,blocked,,,11801.0,21.0
1,0.0,ISC,blocked,,,11802.0,22.0
1,1.0,ISC,blocked,,,11803.0,23.0
1,1.0,ISC,blocked,,,11804.0,24.0
1,0.0,ISC,blocked,,,11805.0,25.0
1,0.0,ISC,blocked,,,11806.0,26.0
1,0.0,ISC,blocked,,,11807.0,27.0
1,1.0,ISC,blocked,,,11808.0,28.0
1,1.0,ISC,blocked,,,11809.0,29.0
1,1.0,ISC,blocked,,,11810.0,30.0
1,1.0,ISC,blocked,,,11811.0,31.0
1,1.0,ISC,blocked,,,11812.0,32.0
1,0.0,ISC,blocked,,,11813.0,33.0
1,0.0,ISC,blocked,,,11814.0,34.0
1,0.0,ISC,blocked,,,11815.0,35.0
1,0.0,ISC,blocked,,,11816.0,36.0
1,0.0,ISC,blocked,,,11817.0,37.0
1,1.0,ISC,blocked,,,11818.0,38.0
1,1.0,ISC,blocked,,,11819.0,39.0
1,1.0,ISC,blocked,,,11820.0,40.0
1,1.0,ISC,blocked,,,11821.0,41.0
1,1.0,ISC,blocked,,,11822.0,42.0
1,0.0,ISC,blocked,,,11823.0,43.0
1,1.0,ISC,blocked,,,11824.0,44.0
1,0.0,ISC,blocked,,,11825.0,45.0
1,0.0,ISC,blocked,,,11826.0,46.0
1,1.0,ISC,blocked,,,11827.0,47.0
1,1.0,ISC,blocked,,,11828.0,48.0
1,1.0,ISC,blocked,,,11829.0,49.0
1,1.0,ISC,blocked,,,11830.0,50.0
1,1.0,ISC,blocked,,,11831.0,51.0
1,0.0,ISC,blocked,,,11832.0,52.0
1,0.0,ISC,blocked,,,11833.0,53.0
1,0.0,ISC,blocked,,,11834.0,54.0
1,0.0,ISC,blocked,,,11835.0,55.0
1,0.0,ISC,blocked,,,11836.0,56.0
1,1.0,ISC,blocked,,,11837.0,57.0
1,1.0,ISC,blocked,,,11838.0,58.0
1,1.0,ISC,blocked,,,11839.0,59.0
1,1.0,ISC,blocked,,,11840.0,60.0
1,0.0,ISC,blocked,,,11841.0,61.0
1,0.0,ISC,blocked,,,11842.0,62.0
1,0.0,ISC,blocked,,,11843.0,63.0
1,0.0,ISC,blocked,,,11844.0,64.0
1,0.0,ISC,blocked,,,11845.0,65.0
1,1.0,ISC,blocked,,,11846.0,66.0
1,1.0,ISC,blocked,,,11847.0,67.0
1,1.0,ISC,blocked,,,11848.0,68.0
1,1.0,ISC,blocked,,,11849.0,69.0
1,1.0,ISC,blocked,,,11850.0,70.0
1,0.0,ISC,blocked,,,11851.0,71.0
1,0.0,ISC,blocked,,,11852.0,72.0
1,0.0,ISC,blocked,,,11853.0,73.0
1,0.0,ISC,blocked,,,11854.0,74.0
1,0.0,ISC,blocked,,,11855.0,75.0
1,0.0,ISC,blocked,,,11856.0,76.0
1,0.0,ISC,blocked,,,11857.0,77.0
1,1.0,ISC,blocked,,,11858.0,78.0
1,1.0,ISC,blocked,,,11859.0,79.0
1,0.0,ISC,blocked,,,11860.0,80.0
1,0.0,ISC,blocked,,,11861.0,81.0
1,0.0,ISC,blocked,,,11862.0,82.0
1,0.0,ISC,blocked,,,11863.0,83.0
1,0.0,ISC,blocked,,,11864.0,84.0
1,1.0,ISC,blocked,,,11865.0,85.0
1,1.0,ISC,blocked,,,11866.0,86.0
1,1.0,ISC,blocked,,,11867.0,87.0
1,1.0,ISC,blocked,,,11868.0,88.0
1,1.0,ISC,blocked,,,11869.0,89.0
1,0.0,ISC,blocked,,,11870.0,90.0
1,0.0,ISC,blocked,,,11871.0,91.0
1,0.0,ISC,blocked,,,11872.0,92.0
1,0.0,ISC,blocked,,,11873.0,93.0
1,0.0,ISC,blocked,,,11874.0,94.0
1,0.0,ISC,blocked,,,11875.0,95.0
1,0.0,ISC,blocked,,,11876.0,96.0
1,0.0,ISC,blocked,,,11877.0,97.0
1,1.0,ISC,blocked,,,11878.0,98.0
1,1.0,ISC,blocked,,,11879.0,99.0
1,1.0,ISC,blocked,,,11880.0,100.0
1,1.0,ISC,blocked,,,11881.0,101.0
1,1.0,ISC,blocked,,,11882.0,102.0
1,1.0,ISC,blocked,,,11883.0,103.0
1,0.0,ISC,blocked,,,11884.0,104.0
1,0.0,ISC,blocked,,,11885.0,105.0
1,0.0,ISC,blocked,,,11886.0,106.0
1,0.0,ISC,blocked,,,11887.0,107.0
1,0.0,ISC,blocked,,,11888.0,108.0
1,1.0,ISC,blocked,,,11889.0,109.0
1,1.0,ISC,blocked,,,11890.0,110.0
1,1.0,ISC,blocked,,,11891.0,111.0
1,1.0,ISC,blocked,,,11892.0,112.0
1,1.0,ISC,blocked,,,11893.0,113.0
1,1.0,ISC,blocked,,,11894.0,114.0
1,0.0,ISC,blocked,,,11895.0,115.0
1,1.0,ISC,blocked,,,11896.0,116.0
1,1.0,ISC,blocked,,,11897.0,117.0
1,1.0,ISC,blocked,,,11898.0,118.0
1,1.0,ISC,blocked,,,11899.0,119.0
1,1.0,ISC,blocked,,,11900.0,120.0
1,1.0,ISC,blocked,,,11901.0,121.0
1,1.0,ISC,blocked,,,11902.0,122.0
1,0.0,ISC,blocked,,,11903.0,123.0
1,0.0,ISC,blocked,,,11904.0,124.0
1,0.0,ISC,blocked,,,11905.0,125.0
1,0.0,ISC,blocked,,,11906.0,126.0
1,0.0,ISC,blocked,,,11907.0,127.0
1,1.0,ISC,blocked,,,11908.0,128.0
1,1.0,ISC,blocked,,,11909.0,129.0
1,1.0,ISC,blocked,,,11910.0,130.0
1,1.0,ISC,blocked,,,11911.0,131.0
1,1.0,ISC,blocked,,,11912.0,132.0
1,1.0,ISC,blocked,,,11913.0,133.0
1,1.0,ISC,blocked,,,11914.0,134.0
1,0.0,ISC,blocked,,,11915.0,135.0
1,1.0,ISC,blocked,,,11916.0,136.0
1,1.0,ISC,blocked,,,11917.0,137.0
1,1.0,ISC,blocked,,,11918.0,138.0
1,1.0,ISC,blocked,,,11919.0,139.0
1,1.0,ISC,blocked,,,11920.0,140.0
1,1.0,ISC,blocked,,,11921.0,141.0
1,0.0,ISC,blocked,,,11922.0,142.0
1,0.0,ISC,blocked,,,11923.0,143.0
1,0.0,ISC,blocked,,,11924.0,144.0
1,0.0,ISC,blocked,,,11925.0,145.0
1,0.0,ISC,blocked,,,11926.0,146.0
1,1.0,ISC,blocked,,,11927.0,147.0
1,1.0,ISC,blocked,,,11928.0,148.0
1,1.0,ISC,blocked,,,11929.0,149.0
1,1.0,ISC,blocked,,,11930.0,150.0
1,1.0,ISC,blocked,,,11931.0,151.0
1,1.0,ISC,blocked,,,11932.0,152.0
1,1.0,ISC,blocked,,,11933.0,153.0
1,1.0,ISC,blocked,,,11934.0,154.0
1,1.0,ISC,blocked,,,11935.0,155.0
1,1.0,ISC,blocked,,,11936.0,156.0
1,1.0,ISC,blocked,,,11937.0,157.0
1,1.0,ISC,blocked,,,11938.0,158.0
1,1.0,ISC,blocked,,,11939.0,159.0
1,1.0,ISC,blocked,,,11940.0,160.0
1,0.0,ISC,blocked,,,11941.0,161.0
1,0.0,ISC,blocked,,,11942.0,162.0
1,0.0,ISC,blocked,,,11943.0,163.0
1,0.0,ISC,blocked,,,11944.0,164.0
1,0.0,ISC,blocked,,,11945.0,165.0
1,1.0,ISC,blocked,,,11946.0,166.0
1,1.0,ISC,blocked,,,11947.0,167.0
1,1.0,ISC,blocked,,,11948.0,168.0
1,1.0,ISC,blocked,,,11949.0,169.0
1,1.0,ISC,blocked,,,11950.0,170.0
1,1.0,ISC,blocked,,,11951.0,171.0
1,1.0,ISC,blocked,,,11952.0,172.0
1,1.0,ISC,blocked,,,11953.0,173.0
1,1.0,ISC,blocked,,,11954.0,174.0
1,1.0,ISC,blocked,,,11955.0,175.0
1,1.0,ISC,blocked,,,11956.0,176.0
1,1.0,ISC,blocked,,,11957.0,177.0
1,1.0,ISC,blocked,,,11958.0,178.0
1,1.0,ISC,blocked,,,11959.0,179.0
1,0.0,ISC,blocked,,,11960.0,180.0
1,0.0,ISC,blocked,,,11961.0,181.0
1,0.0,ISC,blocked,,,11962.0,182.0
1,0.0,ISC,blocked,,,11963.0,183.0
1,0.0,ISC,blocked,,,11964.0,184.0
1,1.0,ISC,blocked,,,11965.0,185.0
1,1.0,ISC,blocked,,,11966.0,186.0
1,1.0,ISC,blocked,,,11967.0,187.0
1,1.0,ISC,blocked,,,11968.0,188.0
1,1.0,ISC,blocked,,,11969.0,189.0
1,1.0,ISC,blocked,,,11970.0,190.0
1,1.0,ISC,blocked,,,11971.0,191.0
1,1.0,ISC,blocked,,,11972.0,192.0
1,1.0,ISC,blocked,,,11973.0,193.0
1,1.0,ISC,blocked,,,11974.0,194.0
1,1.0,ISC,blocked,,,11975.0,195.0
1,1.0,ISC,blocked,,,11976.0,196.0
1,1.0,ISC,blocked,,,11977.0,197.0
1,1.0,ISC,blocked,,,11978.0,198.0
1,1.0,ISC,blocked,,,11979.0,199.0
1,1.0,ISC,blocked,,,11980.0,200.0
1,1.0,ISC,blocked,,,11981.0,201.0
1,1.0,ISC,blocked,,,11982.0,202.0
1,1.0,ISC,blocked,,,11983.0,203.0
1,0.0,ISC,blocked,,,11984.0,204.0
1,1.0,ISC,blocked,,,11985.0,205.0
1,0.0,ISC,blocked,,,11986.0,206.0
1,0.0,ISC,blocked,,,11987.0,207.0
1,0.0,ISC,blocked,,,11988.0,208.0
1,1.0,ISC,blocked,,,11989.0,209.0
1,1.0,ISC,blocked,,,11990.0,210.0
1,1.0,ISC,blocked,,,11991.0,211.0
1,1.0,ISC,blocked,,,11992.0,212.0
1,1.0,ISC,blocked,,,11993.0,213.0
1,1.0,ISC,blocked,,,11994.0,214.0
1,1.0,ISC,blocked,,,11995.0,215.0
1,1.0,ISC,blocked,,,11996.0,216.0
1,1.0,ISC,blocked,,,11997.0,217.0
1,1.0,ISC,blocked,,,11998.0,218.0
1,1.0,ISC,blocked,,,11999.0,219.0
1,1.0,ISC,blocked,,,12000.0,220.0
1,1.0,ISC,blocked,,,12001.0,221.0
1,1.0,ISC,blocked,,,12002.0,222.0
1,0.0,ISC,blocked,,,12003.0,223.0
1,0.0,ISC,blocked,,,12004.0,224.0
1,0.0,ISC,blocked,,,12005.0,225.0
1,0.0,ISC,blocked,,,12006.0,226.0
1,0.0,ISC,blocked,,,12007.0,227.0
1,1.0,ISC,blocked,,,12008.0,228.0
1,1.0,ISC,blocked,,,12009.0,229.0
1,1.0,ISC,blocked,,,12010.0,230.0
1,1.0,ISC,blocked,,,12011.0,231.0
1,1.0,ISC,blocked,,,12012.0,232.0
1,1.0,ISC,blocked,,,12013.0,233.0
1,1.0,ISC,blocked,,,12014.0,234.0
1,1.0,ISC,blocked,,,12015.0,235.0
1,1.0,ISC,blocked,,,12016.0,236.0
1,1.0,ISC,blocked,,,12017.0,237.0
1,1.0,ISC,blocked,,,12018.0,238.0
1,1.0,ISC,blocked,,,12019.0,239.0
1,1.0,ISC,blocked,,,12020.0,240.0
1,1.0,ISC,blocked,,,12021.0,241.0
1,1.0,ISC,blocked,,,12022.0,242.0
1,1.0,ISC,blocked,,,12023.0,243.0
1,0.0,ISC,blocked,,,12024.0,244.0
1,0.0,ISC,blocked,,,12025.0,245.0
1,1.0,ISC,blocked,,,12026.0,246.0
1,1.0,ISC,blocked,,,12027.0,247.0
1,1.0,ISC,blocked,,,12028.0,248.0
1,1.0,ISC,blocked,,,12029.0,249.0
1,1.0,ISC,blocked,,,12030.0,250.0
1,1.0,ISC,blocked,,,12031.0,251.0
1,1.0,ISC,blocked,,,12032.0,252.0
1,1.0,ISC,blocked,,,12033.0,253.0
1,1.0,ISC,blocked,,,12034.0,254.0
1,1.0,ISC,blocked,,,12035.0,255.0
1,1.0,ISC,blocked,,,12036.0,256.0
1,1.0,ISC,blocked,,,12037.0,257.0
1,1.0,ISC,blocked,,,12038.0,258.0
1,1.0,ISC,blocked,,,12039.0,259.0
1,1.0,ISC,blocked,,,12040.0,260.0
1,1.0,ISC,blocked,,,12041.0,261.0
1,0.0,ISC,blocked,,,12042.0,262.0
1,1.0,ISC,blocked,,,12043.0,263.0
1,0.0,ISC,blocked,,,12044.0,264.0
1,0.0,ISC,blocked,,,12045.0,265.0
1,1.0,ISC,blocked,,,12046.0,266.0
1,1.0,ISC,blocked,,,12047.0,267.0
1,1.0,ISC,blocked,,,12048.0,268.0
1,1.0,ISC,blocked,,,12049.0,269.0
1,1.0,ISC,blocked,,,12050.0,270.0
1,1.0,ISC,blocked,,,12051.0,271.0
1,1.0,ISC,blocked,,,12052.0,272.0
1,1.0,ISC,blocked,,,12053.0,273.0
1,1.0,ISC,blocked,,,12054.0,274.0
1,1.0,ISC,blocked,,,12055.0,275.0
1,1.0,ISC,blocked,,,12056.0,276.0
1,1.0,ISC,blocked,,,12057.0,277.0
1,1.0,ISC,blocked,,,12058.0,278.0
1,1.0,ISC,blocked,,,12059.0,279.0
1,0.0,ISC,blocked,,,12060.0,280.0
1,0.0,ISC,blocked,,,12061.0,281.0
1,0.0,ISC,blocked,,,12062.0,282.0
1,0.0,ISC,blocked,,,12063.0,283.0
1,0.0,ISC,blocked,,,12064.0,284.0
1,1.0,ISC,blocked,,,12065.0,285.0
1,1.0,ISC,blocked,,,12066.0,286.0
1,1.0,ISC,blocked,,,12067.0,287.0
1,1.0,ISC,blocked,,,12068.0,288.0
1,1.0,ISC,blocked,,,12069.0,289.0
1,1.0,ISC,blocked,,,12070.0,290.0
1,1.0,ISC,blocked,,,12071.0,291.0
1,1.0,ISC,blocked,,,12072.0,292.0
1,1.0,ISC,blocked,,,12073.0,293.0
1,1.0,ISC,blocked,,,12074.0,294.0
1,1.0,ISC,blocked,,,12075.0,295.0
1,1.0,ISC,blocked,,,12076.0,296.0
1,1.0,ISC,blocked,,,12077.0,297.0
1,1.0,ISC,blocked,,,12078.0,298.0
1,1.0,ISC,blocked,,,12079.0,299.0
1,1.0,ISC,blocked,,,12080.0,300.0
1,1.0,ISC,blocked,,,12081.0,301.0
1,1.0,ISC,blocked,,,12082.0,302.0
1,1.0,ISC,blocked,,,12083.0,303.0
1,1.0,ISC,blocked,,,12084.0,304.0
1,1.0,ISC,blocked,,,12085.0,305.0
1,1.0,ISC,blocked,,,12086.0,306.0
1,1.0,ISC,blocked,,,12087.0,307.0
1,1.0,ISC,blocked,,,12088.0,308.0
1,1.0,ISC,blocked,,,12089.0,309.0
1,1.0,ISC,blocked,,,12090.0,310.0
1,1.0,ISC,blocked,,,12091.0,311.0
1,1.0,ISC,blocked,,,12092.0,312.0
1,1.0,ISC,blocked,,,12093.0,313.0
1,1.0,ISC,blocked,,,12094.0,314.0
1,1.0,ISC,blocked,,,12095.0,315.0
1,1.0,ISC,blocked,,,12096.0,316.0
1,1.0,ISC,blocked,,,12097.0,317.0
1,1.0,ISC,blocked,,,12098.0,318.0
1,1.0,ISC,blocked,,,12099.0,319.0
1,1.0,ISC,blocked,,,12100.0,320.0
1,1.0,ISC,blocked,,,12101.0,321.0
1,1.0,ISC,blocked,,,12102.0,322.0
1,1.0,ISC,blocked,,,12103.0,323.0
1,1.0,ISC,blocked,,,12104.0,324.0
1,1.0,ISC,blocked,,,12105.0,325.0
1,1.0,ISC,blocked,,,12106.0,326.0
1,1.0,ISC,blocked,,,12107.0,327.0
1,1.0,ISC,blocked,,,12108.0,328.0
1,1.0,ISC,blocked,,,12109.0,329.0
1,1.0,ISC,blocked,,,12110.0,330.0
1,1.0,ISC,blocked,,,12111.0,331.0
1,1.0,ISC,blocked,,,12112.0,332.0
1,1.0,ISC,blocked,,,12113.0,333.0
1,1.0,ISC,blocked,,,12114.0,334.0
1,1.0,ISC,blocked,,,12115.0,335.0
1,1.0,ISC,blocked,,,12116.0,336.0
1,1.0,ISC,blocked,,,12117.0,337.0
1,1.0,ISC,blocked,,,12118.0,338.0
1,1.0,ISC,blocked,,,12119.0,339.0
1,1.0,ISC,blocked,,,12120.0,340.0
1,1.0,ISC,blocked,,,12121.0,341.0
1,1.0,ISC,blocked,,,12122.0,342.0
1,1.0,ISC,blocked,,,12123.0,343.0
1,1.0,ISC,blocked,,,12124.0,344.0
1,1.0,ISC,blocked,,,12125.0,345.0
1,1.0,ISC,blocked,,,12126.0,346.0
1,1.0,ISC,blocked,,,12127.0,347.0
1,1.0,ISC,blocked,,,12128.0,348.0
1,1.0,ISC,blocked,,,12129.0,349.0
1,1.0,ISC,blocked,,,12130.0,350.0
1,1.0,ISC,blocked,,,12131.0,351.0
1,1.0,ISC,blocked,,,12132.0,352.0
1,1.0,ISC,blocked,,,12133.0,353.0
1,1.0,ISC,blocked,,,12134.0,354.0
1,1.0,ISC,blocked,,,12135.0,355.0
1,1.0,ISC,blocked,,,12136.0,356.0
1,1.0,ISC,blocked,,,12137.0,357.0
1,1.0,ISC,blocked,,,12138.0,358.0
1,1.0,ISC,blocked,,,12139.0,359.0
1,1.0,ISC,blocked,,,12140.0,360.0
1,1.0,ISC,blocked,,,12141.0,361.0
1,1.0,ISC,blocked,,,12142.0,362.0
1,1.0,ISC,blocked,,,12143.0,363.0
1,1.0,ISC,blocked,,,12144.0,364.0
1,1.0,ISC,blocked,,,12145.0,365.0
1,1.0,ISC,blocked,,,12146.0,366.0
1,1.0,ISC,blocked,,,12147.0,367.0
1,1.0,ISC,blocked,,,12148.0,368.0
1,1.0,ISC,blocked,,,12149.0,369.0
1,1.0,ISC,blocked,,,12150.0,370.0
1,1.0,ISC,blocked,,,12151.0,371.0
1,1.0,ISC,blocked,,,12152.0,372.0
1,1.0,ISC,blocked,,,12153.0,373.0
1,1.0,ISC,blocked,,,12154.0,374.0
1,1.0,ISC,blocked,,,12155.0,375.0
1,1.0,ISC,blocked,,,12156.0,376.0
1,1.0,ISC,blocked,,,12157.0,377.0
1,1.0,ISC,blocked,,,12158.0,378.0
1,1.0,ISC,blocked,,,12159.0,379.0
2,1.0,ISC,blocked,,,12160.0,0.0
2,1.0,ISC,blocked,,,12161.0,1.0
2,1.0,ISC,blocked,,,12162.0,2.0
2,0.0,ISC,blocked,,,12163.0,3.0
2,0.0,ISC,blocked,,,12164.0,4.0
2,0.0,ISC,blocked,,,12165.0,5.0
2,0.0,ISC,blocked,,,12166.0,6.0
2,0.0,ISC,blocked,,,12167.0,7.0
2,1.0,ISC,blocked,,,12168.0,8.0
2,1.0,ISC,blocked,,,12169.0,9.0
2,1.0,ISC,blocked,,,12170.0,10.0
2,1.0,ISC,blocked,,,12171.0,11.0
2,1.0,ISC,blocked,,,12172.0,12.0
2,1.0,ISC,blocked,,,12173.0,13.0
2,0.0,ISC,blocked,,,12174.0,14.0
2,0.0,ISC,blocked,,,12175.0,15.0
2,0.0,ISC,blocked,,,12176.0,16.0
2,0.0,ISC,blocked,,,12177.0,17.0
2,0.0,ISC,blocked,,,12178.0,18.0
2,1.0,ISC,blocked,,,12179.0,19.0
2,1.0,ISC,blocked,,,12180.0,20.0
2,1.0,ISC,blocked,,,12181.0,21.0
2,1.0,ISC,blocked,,,12182.0,22.0
2,1.0,ISC,blocked,,,12183.0,23.0
2,1.0,ISC,blocked,,,12184.0,24.0
2,0.0,ISC,blocked,,,12185.0,25.0
2,0.0,ISC,blocked,,,12186.0,26.0
2,1.0,ISC,blocked,,,12187.0,27.0
2,1.0,ISC,blocked,,,12188.0,28.0
2,1.0,ISC,blocked,,,12189.0,29.0
2,1.0,ISC,blocked,,,12190.0,30.0
2,1.0,ISC,blocked,,,12191.0,31.0
2,1.0,ISC,blocked,,,12192.0,32.0
2,0.0,ISC,blocked,,,12193.0,33.0
2,0.0,ISC,blocked,,,12194.0,34.0
2,0.0,ISC,blocked,,,12195.0,35.0
2,0.0,ISC,blocked,,,12196.0,36.0
2,0.0,ISC,blocked,,,12197.0,37.0
2,1.0,ISC,blocked,,,12198.0,38.0
2,1.0,ISC,blocked,,,12199.0,39.0
2,1.0,ISC,blocked,,,12200.0,40.0
2,1.0,ISC,blocked,,,12201.0,41.0
2,1.0,ISC,blocked,,,12202.0,42.0
2,1.0,ISC,blocked,,,12203.0,43.0
2,0.0,ISC,blocked,,,12204.0,44.0
2,1.0,ISC,blocked,,,12205.0,45.0
2,1.0,ISC,blocked,,,12206.0,46.0
2,1.0,ISC,blocked,,,12207.0,47.0
2,1.0,ISC,blocked,,,12208.0,48.0
2,1.0,ISC,blocked,,,12209.0,49.0
2,1.0,ISC,blocked,,,12210.0,50.0
2,1.0,ISC,blocked,,,12211.0,51.0
2,0.0,ISC,blocked,,,12212.0,52.0
2,0.0,ISC,blocked,,,12213.0,53.0
2,0.0,ISC,blocked,,,12214.0,54.0
2,0.0,ISC,blocked,,,12215.0,55.0
2,0.0,ISC,blocked,,,12216.0,56.0
2,1.0,ISC,blocked,,,12217.0,57.0
2,1.0,ISC,blocked,,,12218.0,58.0
2,1.0,ISC,blocked,,,12219.0,59.0
2,1.0,ISC,blocked,,,12220.0,60.0
2,1.0,ISC,blocked,,,12221.0,61.0
2,0.0,ISC,blocked,,,12222.0,62.0
2,0.0,ISC,blocked,,,12223.0,63.0
2,0.0,ISC,blocked,,,12224.0,64.0
2,0.0,ISC,blocked,,,12225.0,65.0
2,1.0,ISC,blocked,,,12226.0,66.0
2,1.0,ISC,blocked,,,12227.0,67.0
2,1.0,ISC,blocked,,,12228.0,68.0
2,1.0,ISC,blocked,,,12229.0,69.0
2,1.0,ISC,blocked,,,12230.0,70.0
2,0.0,ISC,blocked,,,12231.0,71.0
2,0.0,ISC,blocked,,,12232.0,72.0
2,0.0,ISC,blocked,,,12233.0,73.0
2,0.0,ISC,blocked,,,12234.0,74.0
2,0.0,ISC,blocked,,,12235.0,75.0
2,0.0,ISC,blocked,,,12236.0,76.0
2,1.0,ISC,blocked,,,12237.0,77.0
2,1.0,ISC,blocked,,,12238.0,78.0
2,1.0,ISC,blocked,,,12239.0,79.0
2,0.0,ISC,blocked,,,12240.0,80.0
2,0.0,ISC,blocked,,,12241.0,81.0
2,0.0,ISC,blocked,,,12242.0,82.0
2,0.0,ISC,blocked,,,12243.0,83.0
2,0.0,ISC,blocked,,,12244.0,84.0
2,1.0,ISC,blocked,,,12245.0,85.0
2,1.0,ISC,blocked,,,12246.0,86.0
2,1.0,ISC,blocked,,,12247.0,87.0
2,1.0,ISC,blocked,,,12248.0,88.0
2,1.0,ISC,blocked,,,12249.0,89.0
2,0.0,ISC,blocked,,,12250.0,90.0
2,0.0,ISC,blocked,,,12251.0,91.0
2,0.0,ISC,blocked,,,12252.0,92.0
2,0.0,ISC,blocked,,,12253.0,93.0
2,0.0,ISC,blocked,,,12254.0,94.0
2,1.0,ISC,blocked,,,12255.0,95.0
2,0.0,ISC,blocked,,,12256.0,96.0
2,0.0,ISC,blocked,,,12257.0,97.0
2,0.0,ISC,blocked,,,12258.0,98.0
2,1.0,ISC,blocked,,,12259.0,99.0
2,1.0,ISC,blocked,,,12260.0,100.0
2,1.0,ISC,blocked,,,12261.0,101.0
2,1.0,ISC,blocked,,,12262.0,102.0
2,1.0,ISC,blocked,,,12263.0,103.0
2,0.0,ISC,blocked,,,12264.0,104.0
2,0.0,ISC,blocked,,,12265.0,105.0
2,0.0,ISC,blocked,,,12266.0,106.0
2,0.0,ISC,blocked,,,12267.0,107.0
2,0.0,ISC,blocked,,,12268.0,108.0
2,1.0,ISC,blocked,,,12269.0,109.0
2,1.0,ISC,blocked,,,12270.0,110.0
2,1.0,ISC,blocked,,,12271.0,111.0
2,1.0,ISC,blocked,,,12272.0,112.0
2,1.0,ISC,blocked,,,12273.0,113.0
2,1.0,ISC,blocked,,,12274.0,114.0
2,0.0,ISC,blocked,,,12275.0,115.0
2,0.0,ISC,blocked,,,12276.0,116.0
2,1.0,ISC,blocked,,,12277.0,117.0
2,1.0,ISC,blocked,,,12278.0,118.0
2,1.0,ISC,blocked,,,12279.0,119.0
2,1.0,ISC,blocked,,,12280.0,120.0
2,1.0,ISC,blocked,,,12281.0,121.0
2,1.0,ISC,blocked,,,12282.0,122.0
2,0.0,ISC,blocked,,,12283.0,123.0
2,0.0,ISC,blocked,,,12284.0,124.0
2,0.0,ISC,blocked,,,12285.0,125.0
2,0.0,ISC,blocked,,,12286.0,126.0
2,0.0,ISC,blocked,,,12287.0,127.0
2,1.0,ISC,blocked,,,12288.0,128.0
2,1.0,ISC,blocked,,,12289.0,129.0
2,1.0,ISC,blocked,,,12290.0,130.0
2,1.0,ISC,blocked,,,12291.0,131.0
2,1.0,ISC,blocked,,,12292.0,132.0
2,1.0,ISC,blocked,,,12293.0,133.0
2,1.0,ISC,blocked,,,12294.0,134.0
2,1.0,ISC,blocked,,,12295.0,135.0
2,1.0,ISC,blocked,,,12296.0,136.0
2,1.0,ISC,blocked,,,12297.0,137.0
2,1.0,ISC,blocked,,,12298.0,138.0
2,1.0,ISC,blocked,,,12299.0,139.0
2,1.0,ISC,blocked,,,12300.0,140.0
2,1.0,ISC,blocked,,,12301.0,141.0
2,0.0,ISC,blocked,,,12302.0,142.0
2,0.0,ISC,blocked,,,12303.0,143.0
2,0.0,ISC,blocked,,,12304.0,144.0
2,0.0,ISC,blocked,,,12305.0,145.0
2,0.0,ISC,blocked,,,12306.0,146.0
2,1.0,ISC,blocked,,,12307.0,147.0
2,1.0,ISC,blocked,,,12308.0,148.0
2,1.0,ISC,blocked,,,12309.0,149.0
2,1.0,ISC,blocked,,,12310.0,150.0
2,1.0,ISC,blocked,,,12311.0,151.0
2,1.0,ISC,blocked,,,12312.0,152.0
2,1.0,ISC,blocked,,,12313.0,153.0
2,1.0,ISC,blocked,,,12314.0,154.0
2,1.0,ISC,blocked,,,12315.0,155.0
2,1.0,ISC,blocked,,,12316.0,156.0
2,1.0,ISC,blocked,,,12317.0,157.0
2,1.0,ISC,blocked,,,12318.0,158.0
2,1.0,ISC,blocked,,,12319.0,159.0
2,1.0,ISC,blocked,,,12320.0,160.0
2,0.0,ISC,blocked,,,12321.0,161.0
2,0.0,ISC,blocked,,,12322.0,162.0
2,0.0,ISC,blocked,,,12323.0,163.0
2,0.0,ISC,blocked,,,12324.0,164.0
2,0.0,ISC,blocked,,,12325.0,165.0
2,1.0,ISC,blocked,,,12326.0,166.0
2,1.0,ISC,blocked,,,12327.0,167.0
2,1.0,ISC,blocked,,,12328.0,168.0
2,1.0,ISC,blocked,,,12329.0,169.0
2,1.0,ISC,blocked,,,12330.0,170.0
2,1.0,ISC,blocked,,,12331.0,171.0
2,0.0,ISC,blocked,,,12332.0,172.0
2,0.0,ISC,blocked,,,12333.0,173.0
2,1.0,ISC,blocked,,,12334.0,174.0
2,1.0,ISC,blocked,,,12335.0,175.0
2,1.0,ISC,blocked,,,12336.0,176.0
2,1.0,ISC,blocked,,,12337.0,177.0
2,1.0,ISC,blocked,,,12338.0,178.0
2,1.0,ISC,blocked,,,12339.0,179.0
2,0.0,ISC,blocked,,,12340.0,180.0
2,0.0,ISC,blocked,,,12341.0,181.0
2,0.0,ISC,blocked,,,12342.0,182.0
2,0.0,ISC,blocked,,,12343.0,183.0
2,0.0,ISC,blocked,,,12344.0,184.0
2,1.0,ISC,blocked,,,12345.0,185.0
2,1.0,ISC,blocked,,,12346.0,186.0
2,1.0,ISC,blocked,,,12347.0,187.0
2,1.0,ISC,blocked,,,12348.0,188.0
2,1.0,ISC,blocked,,,12349.0,189.0
2,1.0,ISC,blocked,,,12350.0,190.0
2,1.0,ISC,blocked,,,12351.0,191.0
2,1.0,ISC,blocked,,,12352.0,192.0
2,1.0,ISC,blocked,,,12353.0,193.0
2,1.0,ISC,blocked,,,12354.0,194.0
2,1.0,ISC,blocked,,,12355.0,195.0
2,1.0,ISC,blocked,,,12356.0,196.0
2,1.0,ISC,blocked,,,12357.0,197.0
2,1.0,ISC,blocked,,,12358.0,198.0
2,1.0,ISC,blocked,,,12359.0,199.0
2,1.0,ISC,blocked,,,12360.0,200.0
2,1.0,ISC,blocked,,,12361.0,201.0
2,1.0,ISC,blocked,,,12362.0,202.0
2,1.0,ISC,blocked,,,12363.0,203.0
2,1.0,ISC,blocked,,,12364.0,204.0
2,1.0,ISC,blocked,,,12365.0,205.0
2,1.0,ISC,blocked,,,12366.0,206.0
2,1.0,ISC,blocked,,,12367.0,207.0
2,1.0,ISC,blocked,,,12368.0,208.0
2,1.0,ISC,blocked,,,12369.0,209.0
2,1.0,ISC,blocked,,,12370.0,210.0
2,1.0,ISC,blocked,,,12371.0,211.0
2,1.0,ISC,blocked,,,12372.0,212.0
2,1.0,ISC,blocked,,,12373.0,213.0
2,1.0,ISC,blocked,,,12374.0,214.0
2,1.0,ISC,blocked,,,12375.0,215.0
2,1.0,ISC,blocked,,,12376.0,216.0
2,1.0,ISC,blocked,,,12377.0,217.0
2,1.0,ISC,blocked,,,12378.0,218.0
2,1.0,ISC,blocked,,,12379.0,219.0
2,1.0,ISC,blocked,,,12380.0,220.0
2,1.0,ISC,blocked,,,12381.0,221.0
2,1.0,ISC,blocked,,,12382.0,222.0
2,1.0,ISC,blocked,,,12383.0,223.0
2,1.0,ISC,blocked,,,12384.0,224.0
2,1.0,ISC,blocked,,,12385.0,225.0
2,1.0,ISC,blocked,,,12386.0,226.0
2,1.0,ISC,blocked,,,12387.0,227.0
2,1.0,ISC,blocked,,,12388.0,228.0
2,1.0,ISC,blocked,,,12389.0,229.0
2,1.0,ISC,blocked,,,12390.0,230.0
2,1.0,ISC,blocked,,,12391.0,231.0
2,1.0,ISC,blocked,,,12392.0,232.0
2,1.0,ISC,blocked,,,12393.0,233.0
2,1.0,ISC,blocked,,,12394.0,234.0
2,1.0,ISC,blocked,,,12395.0,235.0
2,1.0,ISC,blocked,,,12396.0,236.0
2,1.0,ISC,blocked,,,12397.0,237.0
2,1.0,ISC,blocked,,,12398.0,238.0
2,1.0,ISC,blocked,,,12399.0,239.0
2,1.0,ISC,blocked,,,12400.0,240.0
2,1.0,ISC,blocked,,,12401.0,241.0
2,1.0,ISC,blocked,,,12402.0,242.0
2,1.0,ISC,blocked,,,12403.0,243.0
2,1.0,ISC,blocked,,,12404.0,244.0
2,1.0,ISC,blocked,,,12405.0,245.0
2,1.0,ISC,blocked,,,12406.0,246.0
2,1.0,ISC,blocked,,,12407.0,247.0
2,1.0,ISC,blocked,,,12408.0,248.0
2,1.0,ISC,blocked,,,12409.0,249.0
2,1.0,ISC,blocked,,,12410.0,250.0
2,1.0,ISC,blocked,,,12411.0,251.0
2,1.0,ISC,blocked,,,12412.0,252.0
2,1.0,ISC,blocked,,,12413.0,253.0
2,1.0,ISC,blocked,,,12414.0,254.0
2,1.0,ISC,blocked,,,12415.0,255.0
2,1.0,ISC,blocked,,,12416.0,256.0
2,1.0,ISC,blocked,,,12417.0,257.0
2,1.0,ISC,blocked,,,12418.0,258.0
2,1.0,ISC,blocked,,,12419.0,259.0
2,1.0,ISC,blocked,,,12420.0,260.0
2,1.0,ISC,blocked,,,12421.0,261.0
2,1.0,ISC,blocked,,,12422.0,262.0
2,1.0,ISC,blocked,,,12423.0,263.0
2,1.0,ISC,blocked,,,12424.0,264.0
2,1.0,ISC,blocked,,,12425.0,265.0
2,1.0,ISC,blocked,,,12426.0,266.0
2,1.0,ISC,blocked,,,12427.0,267.0
2,1.0,ISC,blocked,,,12428.0,268.0
2,1.0,ISC,blocked,,,12429.0,269.0
2,1.0,ISC,blocked,,,12430.0,270.0
2,1.0,ISC,blocked,,,12431.0,271.0
2,1.0,ISC,blocked,,,12432.0,272.0
2,1.0,ISC,blocked,,,12433.0,273.0
2,1.0,ISC,blocked,,,12434.0,274.0
2,1.0,ISC,blocked,,,12435.0,275.0
2,1.0,ISC,blocked,,,12436.0,276.0
2,1.0,ISC,blocked,,,12437.0,277.0
2,1.0,ISC,blocked,,,12438.0,278.0
2,1.0,ISC,blocked,,,12439.0,279.0
2,1.0,ISC,blocked,,,12440.0,280.0
2,1.0,ISC,blocked,,,12441.0,281.0
2,1.0,ISC,blocked,,,12442.0,282.0
2,1.0,ISC,blocked,,,12443.0,283.0
2,1.0,ISC,blocked,,,12444.0,284.0
2,1.0,ISC,blocked,,,12445.0,285.0
2,1.0,ISC,blocked,,,12446.0,286.0
2,1.0,ISC,blocked,,,12447.0,287.0
2,1.0,ISC,blocked,,,12448.0,288.0
2,1.0,ISC,blocked,,,12449.0,289.0
2,1.0,ISC,blocked,,,12450.0,290.0
2,1.0,ISC,blocked,,,12451.0,291.0
2,1.0,ISC,blocked,,,12452.0,292.0
2,1.0,ISC,blocked,,,12453.0,293.0
2,1.0,ISC,blocked,,,12454.0,294.0
2,1.0,ISC,blocked,,,12455.0,295.0
2,1.0,ISC,blocked,,,12456.0,296.0
2,1.0,ISC,blocked,,,12457.0,297.0
2,1.0,ISC,blocked,,,12458.0,298.0
2,1.0,ISC,blocked,,,12459.0,299.0
2,1.0,ISC,blocked,,,12460.0,300.0
2,1.0,ISC,blocked,,,12461.0,301.0
2,1.0,ISC,blocked,,,12462.0,302.0
2,1.0,ISC,blocked,,,12463.0,303.0
2,1.0,ISC,blocked,,,12464.0,304.0
2,1.0,ISC,blocked,,,12465.0,305.0
2,1.0,ISC,blocked,,,12466.0,306.0
2,1.0,ISC,blocked,,,12467.0,307.0
2,1.0,ISC,blocked,,,12468.0,308.0
2,1.0,ISC,blocked,,,12469.0,309.0
2,1.0,ISC,blocked,,,12470.0,310.0
2,1.0,ISC,blocked,,,12471.0,311.0
2,1.0,ISC,blocked,,,12472.0,312.0
2,1.0,ISC,blocked,,,12473.0,313.0
2,1.0,ISC,blocked,,,12474.0,314.0
2,1.0,ISC,blocked,,,12475.0,315.0
2,0.0,ISC,blocked,,,12476.0,316.0
2,0.0,ISC,blocked,,,12477.0,317.0
2,0.0,ISC,blocked,,,12478.0,318.0
2,1.0,ISC,blocked,,,12479.0,319.0
2,1.0,ISC,blocked,,,12480.0,320.0
2,1.0,ISC,blocked,,,12481.0,321.0
2,1.0,ISC,blocked,,,12482.0,322.0
2,1.0,ISC,blocked,,,12483.0,323.0
2,1.0,ISC,blocked,,,12484.0,324.0
2,1.0,ISC,blocked,,,12485.0,325.0
2,1.0,ISC,blocked,,,12486.0,326.0
2,1.0,ISC,blocked,,,12487.0,327.0
2,1.0,ISC,blocked,,,12488.0,328.0
2,1.0,ISC,blocked,,,12489.0,329.0
2,1.0,ISC,blocked,,,12490.0,330.0
2,1.0,ISC,blocked,,,12491.0,331.0
2,1.0,ISC,blocked,,,12492.0,332.0
2,1.0,ISC,blocked,,,12493.0,333.0
2,1.0,ISC,blocked,,,12494.0,334.0
2,0.0,ISC,blocked,,,12495.0,335.0
2,0.0,ISC,blocked,,,12496.0,336.0
2,1.0,ISC,blocked,,,12497.0,337.0
2,1.0,ISC,blocked,,,12498.0,338.0
2,1.0,ISC,blocked,,,12499.0,339.0
2,1.0,ISC,blocked,,,12500.0,340.0
2,1.0,ISC,blocked,,,12501.0,341.0
2,1.0,ISC,blocked,,,12502.0,342.0
2,1.0,ISC,blocked,,,12503.0,343.0
2,1.0,ISC,blocked,,,12504.0,344.0
2,1.0,ISC,blocked,,,12505.0,345.0
2,1.0,ISC,blocked,,,12506.0,346.0
2,1.0,ISC,blocked,,,12507.0,347.0
2,1.0,ISC,blocked,,,12508.0,348.0
2,1.0,ISC,blocked,,,12509.0,349.0
2,1.0,ISC,blocked,,,12510.0,350.0
2,1.0,ISC,blocked,,,12511.0,351.0
2,1.0,ISC,blocked,,,12512.0,352.0
2,1.0,ISC,blocked,,,12513.0,353.0
2,1.0,ISC,blocked,,,12514.0,354.0
2,1.0,ISC,blocked,,,12515.0,355.0
2,1.0,ISC,blocked,,,12516.0,356.0
2,1.0,ISC,blocked,,,12517.0,357.0
2,1.0,ISC,blocked,,,12518.0,358.0
2,1.0,ISC,blocked,,,12519.0,359.0
2,1.0,ISC,blocked,,,12520.0,360.0
2,1.0,ISC,blocked,,,12521.0,361.0
2,1.0,ISC,blocked,,,12522.0,362.0
2,1.0,ISC,blocked,,,12523.0,363.0
2,1.0,ISC,blocked,,,12524.0,364.0
2,1.0,ISC,blocked,,,12525.0,365.0
2,1.0,ISC,blocked,,,12526.0,366.0
2,1.0,ISC,blocked,,,12527.0,367.0
2,1.0,ISC,blocked,,,12528.0,368.0
2,1.0,ISC,blocked,,,12529.0,369.0
2,1.0,ISC,blocked,,,12530.0,370.0
2,1.0,ISC,blocked,,,12531.0,371.0
2,1.0,ISC,blocked,,,12532.0,372.0
2,1.0,ISC,blocked,,,12533.0,373.0
2,1.0,ISC,blocked,,,12534.0,374.0
2,1.0,ISC,blocked,,,12535.0,375.0
2,1.0,ISC,blocked,,,12536.0,376.0
2,1.0,ISC,blocked,,,12537.0,377.0
2,1.0,ISC,blocked,,,12538.0,378.0
2,1.0,ISC,blocked,,,12539.0,379.0
3,1.0,ISC,blocked,,,12540.0,0.0
3,1.0,ISC,blocked,,,12541.0,1.0
3,1.0,ISC,blocked,,,12542.0,2.0
3,1.0,ISC,blocked,,,12543.0,3.0
3,1.0,ISC,blocked,,,12544.0,4.0
3,1.0,ISC,blocked,,,12545.0,5.0
3,1.0,ISC,blocked,,,12546.0,6.0
3,1.0,ISC,blocked,,,12547.0,7.0
3,1.0,ISC,blocked,,,12548.0,8.0
3,1.0,ISC,blocked,,,12549.0,9.0
3,1.0,ISC,blocked,,,12550.0,10.0
3,1.0,ISC,blocked,,,12551.0,11.0
3,1.0,ISC,blocked,,,12552.0,12.0
3,1.0,ISC,blocked,,,12553.0,13.0
3,0.0,ISC,blocked,,,12554.0,14.0
3,0.0,ISC,blocked,,,12555.0,15.0
3,0.0,ISC,blocked,,,12556.0,16.0
3,0.0,ISC,blocked,,,12557.0,17.0
3,0.0,ISC,blocked,,,12558.0,18.0
3,1.0,ISC,blocked,,,12559.0,19.0
3,1.0,ISC,blocked,,,12560.0,20.0
3,1.0,ISC,blocked,,,12561.0,21.0
3,1.0,ISC,blocked,,,12562.0,22.0
3,1.0,ISC,blocked,,,12563.0,23.0
3,1.0,ISC,blocked,,,12564.0,24.0
3,1.0,ISC,blocked,,,12565.0,25.0
3,1.0,ISC,blocked,,,12566.0,26.0
3,1.0,ISC,blocked,,,12567.0,27.0
3,1.0,ISC,blocked,,,12568.0,28.0
3,1.0,ISC,blocked,,,12569.0,29.0
3,1.0,ISC,blocked,,,12570.0,30.0
3,1.0,ISC,blocked,,,12571.0,31.0
3,1.0,ISC,blocked,,,12572.0,32.0
3,0.0,ISC,blocked,,,12573.0,33.0
3,0.0,ISC,blocked,,,12574.0,34.0
3,0.0,ISC,blocked,,,12575.0,35.0
3,0.0,ISC,blocked,,,12576.0,36.0
3,0.0,ISC,blocked,,,12577.0,37.0
3,1.0,ISC,blocked,,,12578.0,38.0
3,1.0,ISC,blocked,,,12579.0,39.0
3,1.0,ISC,blocked,,,12580.0,40.0
3,1.0,ISC,blocked,,,12581.0,41.0
3,1.0,ISC,blocked,,,12582.0,42.0
3,1.0,ISC,blocked,,,12583.0,43.0
3,1.0,ISC,blocked,,,12584.0,44.0
3,1.0,ISC,blocked,,,12585.0,45.0
3,1.0,ISC,blocked,,,12586.0,46.0
3,1.0,ISC,blocked,,,12587.0,47.0
3,1.0,ISC,blocked,,,12588.0,48.0
3,1.0,ISC,blocked,,,12589.0,49.0
3,1.0,ISC,blocked,,,12590.0,50.0
3,1.0,ISC,blocked,,,12591.0,51.0
3,0.0,ISC,blocked,,,12592.0,52.0
3,0.0,ISC,blocked,,,12593.0,53.0
3,0.0,ISC,blocked,,,12594.0,54.0
3,0.0,ISC,blocked,,,12595.0,55.0
3,0.0,ISC,blocked,,,12596.0,56.0
3,1.0,ISC,blocked,,,12597.0,57.0
3,1.0,ISC,blocked,,,12598.0,58.0
3,1.0,ISC,blocked,,,12599.0,59.0
3,1.0,ISC,blocked,,,12600.0,60.0
3,1.0,ISC,blocked,,,12601.0,61.0
3,1.0,ISC,blocked,,,12602.0,62.0
3,1.0,ISC,blocked,,,12603.0,63.0
3,1.0,ISC,blocked,,,12604.0,64.0
3,1.0,ISC,blocked,,,12605.0,65.0
3,1.0,ISC,blocked,,,12606.0,66.0
3,1.0,ISC,blocked,,,12607.0,67.0
3,1.0,ISC,blocked,,,12608.0,68.0
3,1.0,ISC,blocked,,,12609.0,69.0
3,1.0,ISC,blocked,,,12610.0,70.0
3,0.0,ISC,blocked,,,12611.0,71.0
3,0.0,ISC,blocked,,,12612.0,72.0
3,0.0,ISC,blocked,,,12613.0,73.0
3,0.0,ISC,blocked,,,12614.0,74.0
3,0.0,ISC,blocked,,,12615.0,75.0
3,1.0,ISC,blocked,,,12616.0,76.0
3,1.0,ISC,blocked,,,12617.0,77.0
3,1.0,ISC,blocked,,,12618.0,78.0
3,1.0,ISC,blocked,,,12619.0,79.0
3,1.0,ISC,blocked,,,12620.0,80.0
3,1.0,ISC,blocked,,,12621.0,81.0
3,1.0,ISC,blocked,,,12622.0,82.0
3,0.0,ISC,blocked,,,12623.0,83.0
3,1.0,ISC,blocked,,,12624.0,84.0
3,1.0,ISC,blocked,,,12625.0,85.0
3,1.0,ISC,blocked,,,12626.0,86.0
3,1.0,ISC,blocked,,,12627.0,87.0
3,1.0,ISC,blocked,,,12628.0,88.0
3,1.0,ISC,blocked,,,12629.0,89.0
3,0.0,ISC,blocked,,,12630.0,90.0
3,0.0,ISC,blocked,,,12631.0,91.0
3,0.0,ISC,blocked,,,12632.0,92.0
3,0.0,ISC,blocked,,,12633.0,93.0
3,0.0,ISC,blocked,,,12634.0,94.0
3,0.0,ISC,blocked,,,12635.0,95.0
3,0.0,ISC,blocked,,,12636.0,96.0
3,0.0,ISC,blocked,,,12637.0,97.0
3,0.0,ISC,blocked,,,12638.0,98.0
3,0.0,ISC,blocked,,,12639.0,99.0
3,1.0,ISC,blocked,,,12640.0,100.0
3,1.0,ISC,blocked,,,12641.0,101.0
3,1.0,ISC,blocked,,,12642.0,102.0
3,1.0,ISC,blocked,,,12643.0,103.0
3,0.0,ISC,blocked,,,12644.0,104.0
3,0.0,ISC,blocked,,,12645.0,105.0
3,0.0,ISC,blocked,,,12646.0,106.0
3,0.0,ISC,blocked,,,12647.0,107.0
3,0.0,ISC,blocked,,,12648.0,108.0
3,1.0,ISC,blocked,,,12649.0,109.0
3,1.0,ISC,blocked,,,12650.0,110.0
3,1.0,ISC,blocked,,,12651.0,111.0
3,1.0,ISC,blocked,,,12652.0,112.0
3,1.0,ISC,blocked,,,12653.0,113.0
3,0.0,ISC,blocked,,,12654.0,114.0
3,0.0,ISC,blocked,,,12655.0,115.0
3,0.0,ISC,blocked,,,12656.0,116.0
3,0.0,ISC,blocked,,,12657.0,117.0
3,1.0,ISC,blocked,,,12658.0,118.0
3,1.0,ISC,blocked,,,12659.0,119.0
3,1.0,ISC,blocked,,,12660.0,120.0
3,1.0,ISC,blocked,,,12661.0,121.0
3,1.0,ISC,blocked,,,12662.0,122.0
3,0.0,ISC,blocked,,,12663.0,123.0
3,0.0,ISC,blocked,,,12664.0,124.0
3,0.0,ISC,blocked,,,12665.0,125.0
3,0.0,ISC,blocked,,,12666.0,126.0
3,0.0,ISC,blocked,,,12667.0,127.0
3,1.0,ISC,blocked,,,12668.0,128.0
3,1.0,ISC,blocked,,,12669.0,129.0
3,1.0,ISC,blocked,,,12670.0,130.0
3,1.0,ISC,blocked,,,12671.0,131.0
3,1.0,ISC,blocked,,,12672.0,132.0
3,0.0,ISC,blocked,,,12673.0,133.0
3,0.0,ISC,blocked,,,12674.0,134.0
3,0.0,ISC,blocked,,,12675.0,135.0
3,0.0,ISC,blocked,,,12676.0,136.0
3,0.0,ISC,blocked,,,12677.0,137.0
3,1.0,ISC,blocked,,,12678.0,138.0
3,1.0,ISC,blocked,,,12679.0,139.0
3,1.0,ISC,blocked,,,12680.0,140.0
3,1.0,ISC,blocked,,,12681.0,141.0
3,0.0,ISC,blocked,,,12682.0,142.0
3,0.0,ISC,blocked,,,12683.0,143.0
3,0.0,ISC,blocked,,,12684.0,144.0
3,0.0,ISC,blocked,,,12685.0,145.0
3,0.0,ISC,blocked,,,12686.0,146.0
3,1.0,ISC,blocked,,,12687.0,147.0
3,1.0,ISC,blocked,,,12688.0,148.0
3,1.0,ISC,blocked,,,12689.0,149.0
3,1.0,ISC,blocked,,,12690.0,150.0
3,1.0,ISC,blocked,,,12691.0,151.0
3,0.0,ISC,blocked,,,12692.0,152.0
3,0.0,ISC,blocked,,,12693.0,153.0
3,0.0,ISC,blocked,,,12694.0,154.0
3,0.0,ISC,blocked,,,12695.0,155.0
3,1.0,ISC,blocked,,,12696.0,156.0
3,1.0,ISC,blocked,,,12697.0,157.0
3,1.0,ISC,blocked,,,12698.0,158.0
3,1.0,ISC,blocked,,,12699.0,159.0
3,1.0,ISC,blocked,,,12700.0,160.0
3,0.0,ISC,blocked,,,12701.0,161.0
3,0.0,ISC,blocked,,,12702.0,162.0
3,0.0,ISC,blocked,,,12703.0,163.0
3,0.0,ISC,blocked,,,12704.0,164.0
3,0.0,ISC,blocked,,,12705.0,165.0
3,1.0,ISC,blocked,,,12706.0,166.0
3,1.0,ISC,blocked,,,12707.0,167.0
3,1.0,ISC,blocked,,,12708.0,168.0
3,1.0,ISC,blocked,,,12709.0,169.0
3,1.0,ISC,blocked,,,12710.0,170.0
3,0.0,ISC,blocked,,,12711.0,171.0
3,0.0,ISC,blocked,,,12712.0,172.0
3,0.0,ISC,blocked,,,12713.0,173.0
3,0.0,ISC,blocked,,,12714.0,174.0
3,0.0,ISC,blocked,,,12715.0,175.0
3,1.0,ISC,blocked,,,12716.0,176.0
3,1.0,ISC,blocked,,,12717.0,177.0
3,1.0,ISC,blocked,,,12718.0,178.0
3,1.0,ISC,blocked,,,12719.0,179.0
3,0.0,ISC,blocked,,,12720.0,180.0
3,0.0,ISC,blocked,,,12721.0,181.0
3,0.0,ISC,blocked,,,12722.0,182.0
3,0.0,ISC,blocked,,,12723.0,183.0
3,0.0,ISC,blocked,,,12724.0,184.0
3,1.0,ISC,blocked,,,12725.0,185.0
3,1.0,ISC,blocked,,,12726.0,186.0
3,1.0,ISC,blocked,,,12727.0,187.0
3,1.0,ISC,blocked,,,12728.0,188.0
3,1.0,ISC,blocked,,,12729.0,189.0
3,1.0,ISC,blocked,,,12730.0,190.0
3,1.0,ISC,blocked,,,12731.0,191.0
3,1.0,ISC,blocked,,,12732.0,192.0
3,1.0,ISC,blocked,,,12733.0,193.0
3,1.0,ISC,blocked,,,12734.0,194.0
3,1.0,ISC,blocked,,,12735.0,195.0
3,1.0,ISC,blocked,,,12736.0,196.0
3,1.0,ISC,blocked,,,12737.0,197.0
3,1.0,ISC,blocked,,,12738.0,198.0
3,1.0,ISC,blocked,,,12739.0,199.0
3,1.0,ISC,blocked,,,12740.0,200.0
3,1.0,ISC,blocked,,,12741.0,201.0
3,1.0,ISC,blocked,,,12742.0,202.0
3,1.0,ISC,blocked,,,12743.0,203.0
3,1.0,ISC,blocked,,,12744.0,204.0
3,1.0,ISC,blocked,,,12745.0,205.0
3,1.0,ISC,blocked,,,12746.0,206.0
3,1.0,ISC,blocked,,,12747.0,207.0
3,1.0,ISC,blocked,,,12748.0,208.0
3,1.0,ISC,blocked,,,12749.0,209.0
3,1.0,ISC,blocked,,,12750.0,210.0
3,1.0,ISC,blocked,,,12751.0,211.0
3,1.0,ISC,blocked,,,12752.0,212.0
3,1.0,ISC,blocked,,,12753.0,213.0
3,1.0,ISC,blocked,,,12754.0,214.0
3,1.0,ISC,blocked,,,12755.0,215.0
3,1.0,ISC,blocked,,,12756.0,216.0
3,1.0,ISC,blocked,,,12757.0,217.0
3,1.0,ISC,blocked,,,12758.0,218.0
3,1.0,ISC,blocked,,,12759.0,219.0
3,1.0,ISC,blocked,,,12760.0,220.0
3,1.0,ISC,blocked,,,12761.0,221.0
3,1.0,ISC,blocked,,,12762.0,222.0
3,1.0,ISC,blocked,,,12763.0,223.0
3,1.0,ISC,blocked,,,12764.0,224.0
3,1.0,ISC,blocked,,,12765.0,225.0
3,1.0,ISC,blocked,,,12766.0,226.0
3,1.0,ISC,blocked,,,12767.0,227.0
3,1.0,ISC,blocked,,,12768.0,228.0
3,1.0,ISC,blocked,,,12769.0,229.0
3,1.0,ISC,blocked,,,12770.0,230.0
3,1.0,ISC,blocked,,,12771.0,231.0
3,1.0,ISC,blocked,,,12772.0,232.0
3,1.0,ISC,blocked,,,12773.0,233.0
3,1.0,ISC,blocked,,,12774.0,234.0
3,1.0,ISC,blocked,,,12775.0,235.0
3,1.0,ISC,blocked,,,12776.0,236.0
3,1.0,ISC,blocked,,,12777.0,237.0
3,1.0,ISC,blocked,,,12778.0,238.0
3,1.0,ISC,blocked,,,12779.0,239.0
3,1.0,ISC,blocked,,,12780.0,240.0
3,1.0,ISC,blocked,,,12781.0,241.0
3,1.0,ISC,blocked,,,12782.0,242.0
3,1.0,ISC,blocked,,,12783.0,243.0
3,1.0,ISC,blocked,,,12784.0,244.0
3,1.0,ISC,blocked,,,12785.0,245.0
3,1.0,ISC,blocked,,,12786.0,246.0
3,1.0,ISC,blocked,,,12787.0,247.0
3,1.0,ISC,blocked,,,12788.0,248.0
3,1.0,ISC,blocked,,,12789.0,249.0
3,1.0,ISC,blocked,,,12790.0,250.0
3,1.0,ISC,blocked,,,12791.0,251.0
3,1.0,ISC,blocked,,,12792.0,252.0
3,1.0,ISC,blocked,,,12793.0,253.0
3,1.0,ISC,blocked,,,12794.0,254.0
3,1.0,ISC,blocked,,,12795.0,255.0
3,1.0,ISC,blocked,,,12796.0,256.0
3,1.0,ISC,blocked,,,12797.0,257.0
3,1.0,ISC,blocked,,,12798.0,258.0
3,1.0,ISC,blocked,,,12799.0,259.0
3,1.0,ISC,blocked,,,12800.0,260.0
3,1.0,ISC,blocked,,,12801.0,261.0
3,1.0,ISC,blocked,,,12802.0,262.0
3,1.0,ISC,blocked,,,12803.0,263.0
3,1.0,ISC,blocked,,,12804.0,264.0
3,1.0,ISC,blocked,,,12805.0,265.0
3,1.0,ISC,blocked,,,12806.0,266.0
3,1.0,ISC,blocked,,,12807.0,267.0
3,1.0,ISC,blocked,,,12808.0,268.0
3,1.0,ISC,blocked,,,12809.0,269.0
3,1.0,ISC,blocked,,,12810.0,270.0
3,1.0,ISC,blocked,,,12811.0,271.0
3,1.0,ISC,blocked,,,12812.0,272.0
3,1.0,ISC,blocked,,,12813.0,273.0
3,1.0,ISC,blocked,,,12814.0,274.0
3,1.0,ISC,blocked,,,12815.0,275.0
3,1.0,ISC,blocked,,,12816.0,276.0
3,1.0,ISC,blocked,,,12817.0,277.0
3,1.0,ISC,blocked,,,12818.0,278.0
3,1.0,ISC,blocked,,,12819.0,279.0
3,1.0,ISC,blocked,,,12820.0,280.0
3,1.0,ISC,blocked,,,12821.0,281.0
3,1.0,ISC,blocked,,,12822.0,282.0
3,1.0,ISC,blocked,,,12823.0,283.0
3,1.0,ISC,blocked,,,12824.0,284.0
3,1.0,ISC,blocked,,,12825.0,285.0
3,1.0,ISC,blocked,,,12826.0,286.0
3,1.0,ISC,blocked,,,12827.0,287.0
3,1.0,ISC,blocked,,,12828.0,288.0
3,1.0,ISC,blocked,,,12829.0,289.0
3,1.0,ISC,blocked,,,12830.0,290.0
3,1.0,ISC,blocked,,,12831.0,291.0
3,1.0,ISC,blocked,,,12832.0,292.0
3,1.0,ISC,blocked,,,12833.0,293.0
3,1.0,ISC,blocked,,,12834.0,294.0
3,0.0,ISC,blocked,,,12835.0,295.0
3,1.0,ISC,blocked,,,12836.0,296.0
3,1.0,ISC,blocked,,,12837.0,297.0
3,0.0,ISC,blocked,,,12838.0,298.0
3,1.0,ISC,blocked,,,12839.0,299.0
3,1.0,ISC,blocked,,,12840.0,300.0
3,1.0,ISC,blocked,,,12841.0,301.0
3,1.0,ISC,blocked,,,12842.0,302.0
3,1.0,ISC,blocked,,,12843.0,303.0
3,1.0,ISC,blocked,,,12844.0,304.0
3,1.0,ISC,blocked,,,12845.0,305.0
3,1.0,ISC,blocked,,,12846.0,306.0
3,1.0,ISC,blocked,,,12847.0,307.0
3,1.0,ISC,blocked,,,12848.0,308.0
3,1.0,ISC,blocked,,,12849.0,309.0
3,1.0,ISC,blocked,,,12850.0,310.0
3,1.0,ISC,blocked,,,12851.0,311.0
3,1.0,ISC,blocked,,,12852.0,312.0
3,1.0,ISC,blocked,,,12853.0,313.0
3,0.0,ISC,blocked,,,12854.0,314.0
3,0.0,ISC,blocked,,,12855.0,315.0
3,0.0,ISC,blocked,,,12856.0,316.0
3,0.0,ISC,blocked,,,12857.0,317.0
3,0.0,ISC,blocked,,,12858.0,318.0
3,1.0,ISC,blocked,,,12859.0,319.0
3,1.0,ISC,blocked,,,12860.0,320.0
3,1.0,ISC,blocked,,,12861.0,321.0
3,1.0,ISC,blocked,,,12862.0,322.0
3,1.0,ISC,blocked,,,12863.0,323.0
3,1.0,ISC,blocked,,,12864.0,324.0
3,1.0,ISC,blocked,,,12865.0,325.0
3,1.0,ISC,blocked,,,12866.0,326.0
3,1.0,ISC,blocked,,,12867.0,327.0
3,1.0,ISC,blocked,,,12868.0,328.0
3,1.0,ISC,blocked,,,12869.0,329.0
3,1.0,ISC,blocked,,,12870.0,330.0
3,1.0,ISC,blocked,,,12871.0,331.0
3,1.0,ISC,blocked,,,12872.0,332.0
3,0.0,ISC,blocked,,,12873.0,333.0
3,0.0,ISC,blocked,,,12874.0,334.0
3,0.0,ISC,blocked,,,12875.0,335.0
3,0.0,ISC,blocked,,,12876.0,336.0
3,1.0,ISC,blocked,,,12877.0,337.0
3,1.0,ISC,blocked,,,12878.0,338.0
3,1.0,ISC,blocked,,,12879.0,339.0
3,1.0,ISC,blocked,,,12880.0,340.0
3,1.0,ISC,blocked,,,12881.0,341.0
3,1.0,ISC,blocked,,,12882.0,342.0
3,1.0,ISC,blocked,,,12883.0,343.0
3,1.0,ISC,blocked,,,12884.0,344.0
3,1.0,ISC,blocked,,,12885.0,345.0
3,1.0,ISC,blocked,,,12886.0,346.0
3,1.0,ISC,blocked,,,12887.0,347.0
3,1.0,ISC,blocked,,,12888.0,348.0
3,1.0,ISC,blocked,,,12889.0,349.0
3,1.0,ISC,blocked,,,12890.0,350.0
3,1.0,ISC,blocked,,,12891.0,351.0
3,1.0,ISC,blocked,,,12892.0,352.0
3,1.0,ISC,blocked,,,12893.0,353.0
3,0.0,ISC,blocked,,,12894.0,354.0
3,0.0,ISC,blocked,,,12895.0,355.0
3,1.0,ISC,blocked,,,12896.0,356.0
3,1.0,ISC,blocked,,,12897.0,357.0
3,1.0,ISC,blocked,,,12898.0,358.0
3,1.0,ISC,blocked,,,12899.0,359.0
3,1.0,ISC,blocked,,,12900.0,360.0
3,1.0,ISC,blocked,,,12901.0,361.0
3,1.0,ISC,blocked,,,12902.0,362.0
3,1.0,ISC,blocked,,,12903.0,363.0
3,1.0,ISC,blocked,,,12904.0,364.0
3,1.0,ISC,blocked,,,12905.0,365.0
3,1.0,ISC,blocked,,,12906.0,366.0
3,1.0,ISC,blocked,,,12907.0,367.0
3,1.0,ISC,blocked,,,12908.0,368.0
3,1.0,ISC,blocked,,,12909.0,369.0
3,1.0,ISC,blocked,,,12910.0,370.0
3,1.0,ISC,blocked,,,12911.0,371.0
3,1.0,ISC,blocked,,,12912.0,372.0
3,0.0,ISC,blocked,,,12913.0,373.0
3,0.0,ISC,blocked,,,12914.0,374.0
3,1.0,ISC,blocked,,,12915.0,375.0
3,1.0,ISC,blocked,,,12916.0,376.0
3,1.0,ISC,blocked,,,12917.0,377.0
3,1.0,ISC,blocked,,,12918.0,378.0
3,1.0,ISC,blocked,,,12919.0,379.0
4,1.0,ISC,blocked,,,12920.0,0.0
4,1.0,ISC,blocked,,,12921.0,1.0
4,1.0,ISC,blocked,,,12922.0,2.0
4,1.0,ISC,blocked,,,12923.0,3.0
4,1.0,ISC,blocked,,,12924.0,4.0
4,0.0,ISC,blocked,,,12925.0,5.0
4,0.0,ISC,blocked,,,12926.0,6.0
4,0.0,ISC,blocked,,,12927.0,7.0
4,0.0,ISC,blocked,,,12928.0,8.0
4,1.0,ISC,blocked,,,12929.0,9.0
4,1.0,ISC,blocked,,,12930.0,10.0
4,1.0,ISC,blocked,,,12931.0,11.0
4,1.0,ISC,blocked,,,12932.0,12.0
4,1.0,ISC,blocked,,,12933.0,13.0
4,0.0,ISC,blocked,,,12934.0,14.0
4,0.0,ISC,blocked,,,12935.0,15.0
4,0.0,ISC,blocked,,,12936.0,16.0
4,0.0,ISC,blocked,,,12937.0,17.0
4,0.0,ISC,blocked,,,12938.0,18.0
4,1.0,ISC,blocked,,,12939.0,19.0
4,1.0,ISC,blocked,,,12940.0,20.0
4,1.0,ISC,blocked,,,12941.0,21.0
4,1.0,ISC,blocked,,,12942.0,22.0
4,0.0,ISC,blocked,,,12943.0,23.0
4,0.0,ISC,blocked,,,12944.0,24.0
4,0.0,ISC,blocked,,,12945.0,25.0
4,1.0,ISC,blocked,,,12946.0,26.0
4,0.0,ISC,blocked,,,12947.0,27.0
4,1.0,ISC,blocked,,,12948.0,28.0
4,1.0,ISC,blocked,,,12949.0,29.0
4,1.0,ISC,blocked,,,12950.0,30.0
4,1.0,ISC,blocked,,,12951.0,31.0
4,1.0,ISC,blocked,,,12952.0,32.0
4,0.0,ISC,blocked,,,12953.0,33.0
4,0.0,ISC,blocked,,,12954.0,34.0
4,0.0,ISC,blocked,,,12955.0,35.0
4,0.0,ISC,blocked,,,12956.0,36.0
4,0.0,ISC,blocked,,,12957.0,37.0
4,1.0,ISC,blocked,,,12958.0,38.0
4,1.0,ISC,blocked,,,12959.0,39.0
4,1.0,ISC,blocked,,,12960.0,40.0
4,1.0,ISC,blocked,,,12961.0,41.0
4,1.0,ISC,blocked,,,12962.0,42.0
4,1.0,ISC,blocked,,,12963.0,43.0
4,1.0,ISC,blocked,,,12964.0,44.0
4,1.0,ISC,blocked,,,12965.0,45.0
4,0.0,ISC,blocked,,,12966.0,46.0
4,1.0,ISC,blocked,,,12967.0,47.0
4,1.0,ISC,blocked,,,12968.0,48.0
4,1.0,ISC,blocked,,,12969.0,49.0
4,1.0,ISC,blocked,,,12970.0,50.0
4,1.0,ISC,blocked,,,12971.0,51.0
4,0.0,ISC,blocked,,,12972.0,52.0
4,0.0,ISC,blocked,,,12973.0,53.0
4,0.0,ISC,blocked,,,12974.0,54.0
4,0.0,ISC,blocked,,,12975.0,55.0
4,0.0,ISC,blocked,,,12976.0,56.0
4,1.0,ISC,blocked,,,12977.0,57.0
4,1.0,ISC,blocked,,,12978.0,58.0
4,1.0,ISC,blocked,,,12979.0,59.0
4,1.0,ISC,blocked,,,12980.0,60.0
4,1.0,ISC,blocked,,,12981.0,61.0
4,1.0,ISC,blocked,,,12982.0,62.0
4,0.0,ISC,blocked,,,12983.0,63.0
4,1.0,ISC,blocked,,,12984.0,64.0
4,1.0,ISC,blocked,,,12985.0,65.0
4,1.0,ISC,blocked,,,12986.0,66.0
4,1.0,ISC,blocked,,,12987.0,67.0
4,1.0,ISC,blocked,,,12988.0,68.0
4,1.0,ISC,blocked,,,12989.0,69.0
4,1.0,ISC,blocked,,,12990.0,70.0
4,0.0,ISC,blocked,,,12991.0,71.0
4,0.0,ISC,blocked,,,12992.0,72.0
4,0.0,ISC,blocked,,,12993.0,73.0
4,0.0,ISC,blocked,,,12994.0,74.0
4,0.0,ISC,blocked,,,12995.0,75.0
4,1.0,ISC,blocked,,,12996.0,76.0
4,1.0,ISC,blocked,,,12997.0,77.0
4,1.0,ISC,blocked,,,12998.0,78.0
4,1.0,ISC,blocked,,,12999.0,79.0
4,1.0,ISC,blocked,,,13000.0,80.0
4,0.0,ISC,blocked,,,13001.0,81.0
4,0.0,ISC,blocked,,,13002.0,82.0
4,1.0,ISC,blocked,,,13003.0,83.0
4,0.0,ISC,blocked,,,13004.0,84.0
4,1.0,ISC,blocked,,,13005.0,85.0
4,1.0,ISC,blocked,,,13006.0,86.0
4,1.0,ISC,blocked,,,13007.0,87.0
4,1.0,ISC,blocked,,,13008.0,88.0
4,1.0,ISC,blocked,,,13009.0,89.0
4,0.0,ISC,blocked,,,13010.0,90.0
4,0.0,ISC,blocked,,,13011.0,91.0
4,0.0,ISC,blocked,,,13012.0,92.0
4,0.0,ISC,blocked,,,13013.0,93.0
4,0.0,ISC,blocked,,,13014.0,94.0
4,0.0,ISC,blocked,,,13015.0,95.0
4,1.0,ISC,blocked,,,13016.0,96.0
4,0.0,ISC,blocked,,,13017.0,97.0
4,0.0,ISC,blocked,,,13018.0,98.0
4,0.0,ISC,blocked,,,13019.0,99.0
4,1.0,ISC,blocked,,,13020.0,100.0
4,1.0,ISC,blocked,,,13021.0,101.0
4,1.0,ISC,blocked,,,13022.0,102.0
4,1.0,ISC,blocked,,,13023.0,103.0
4,0.0,ISC,blocked,,,13024.0,104.0
4,0.0,ISC,blocked,,,13025.0,105.0
4,0.0,ISC,blocked,,,13026.0,106.0
4,0.0,ISC,blocked,,,13027.0,107.0
4,0.0,ISC,blocked,,,13028.0,108.0
4,1.0,ISC,blocked,,,13029.0,109.0
4,1.0,ISC,blocked,,,13030.0,110.0
4,1.0,ISC,blocked,,,13031.0,111.0
4,1.0,ISC,blocked,,,13032.0,112.0
4,1.0,ISC,blocked,,,13033.0,113.0
4,1.0,ISC,blocked,,,13034.0,114.0
4,1.0,ISC,blocked,,,13035.0,115.0
4,0.0,ISC,blocked,,,13036.0,116.0
4,0.0,ISC,blocked,,,13037.0,117.0
4,1.0,ISC,blocked,,,13038.0,118.0
4,1.0,ISC,blocked,,,13039.0,119.0
4,1.0,ISC,blocked,,,13040.0,120.0
4,1.0,ISC,blocked,,,13041.0,121.0
4,1.0,ISC,blocked,,,13042.0,122.0
4,0.0,ISC,blocked,,,13043.0,123.0
4,0.0,ISC,blocked,,,13044.0,124.0
4,0.0,ISC,blocked,,,13045.0,125.0
4,0.0,ISC,blocked,,,13046.0,126.0
4,0.0,ISC,blocked,,,13047.0,127.0
4,1.0,ISC,blocked,,,13048.0,128.0
4,1.0,ISC,blocked,,,13049.0,129.0
4,1.0,ISC,blocked,,,13050.0,130.0
4,1.0,ISC,blocked,,,13051.0,131.0
4,1.0,ISC,blocked,,,13052.0,132.0
4,1.0,ISC,blocked,,,13053.0,133.0
4,1.0,ISC,blocked,,,13054.0,134.0
4,1.0,ISC,blocked,,,13055.0,135.0
4,1.0,ISC,blocked,,,13056.0,136.0
4,1.0,ISC,blocked,,,13057.0,137.0
4,1.0,ISC,blocked,,,13058.0,138.0
4,1.0,ISC,blocked,,,13059.0,139.0
4,1.0,ISC,blocked,,,13060.0,140.0
4,1.0,ISC,blocked,,,13061.0,141.0
4,0.0,ISC,blocked,,,13062.0,142.0
4,0.0,ISC,blocked,,,13063.0,143.0
4,0.0,ISC,blocked,,,13064.0,144.0
4,0.0,ISC,blocked,,,13065.0,145.0
4,0.0,ISC,blocked,,,13066.0,146.0
4,1.0,ISC,blocked,,,13067.0,147.0
4,1.0,ISC,blocked,,,13068.0,148.0
4,1.0,ISC,blocked,,,13069.0,149.0
4,1.0,ISC,blocked,,,13070.0,150.0
4,1.0,ISC,blocked,,,13071.0,151.0
4,1.0,ISC,blocked,,,13072.0,152.0
4,0.0,ISC,blocked,,,13073.0,153.0
4,0.0,ISC,blocked,,,13074.0,154.0
4,0.0,ISC,blocked,,,13075.0,155.0
4,0.0,ISC,blocked,,,13076.0,156.0
4,1.0,ISC,blocked,,,13077.0,157.0
4,1.0,ISC,blocked,,,13078.0,158.0
4,1.0,ISC,blocked,,,13079.0,159.0
4,1.0,ISC,blocked,,,13080.0,160.0
4,0.0,ISC,blocked,,,13081.0,161.0
4,0.0,ISC,blocked,,,13082.0,162.0
4,0.0,ISC,blocked,,,13083.0,163.0
4,0.0,ISC,blocked,,,13084.0,164.0
4,0.0,ISC,blocked,,,13085.0,165.0
4,1.0,ISC,blocked,,,13086.0,166.0
4,1.0,ISC,blocked,,,13087.0,167.0
4,1.0,ISC,blocked,,,13088.0,168.0
4,1.0,ISC,blocked,,,13089.0,169.0
4,1.0,ISC,blocked,,,13090.0,170.0
4,1.0,ISC,blocked,,,13091.0,171.0
4,1.0,ISC,blocked,,,13092.0,172.0
4,1.0,ISC,blocked,,,13093.0,173.0
4,1.0,ISC,blocked,,,13094.0,174.0
4,1.0,ISC,blocked,,,13095.0,175.0
4,1.0,ISC,blocked,,,13096.0,176.0
4,1.0,ISC,blocked,,,13097.0,177.0
4,1.0,ISC,blocked,,,13098.0,178.0
4,1.0,ISC,blocked,,,13099.0,179.0
4,0.0,ISC,blocked,,,13100.0,180.0
4,0.0,ISC,blocked,,,13101.0,181.0
4,0.0,ISC,blocked,,,13102.0,182.0
4,0.0,ISC,blocked,,,13103.0,183.0
4,0.0,ISC,blocked,,,13104.0,184.0
4,1.0,ISC,blocked,,,13105.0,185.0
4,1.0,ISC,blocked,,,13106.0,186.0
4,1.0,ISC,blocked,,,13107.0,187.0
4,1.0,ISC,blocked,,,13108.0,188.0
4,1.0,ISC,blocked,,,13109.0,189.0
4,1.0,ISC,blocked,,,13110.0,190.0
4,1.0,ISC,blocked,,,13111.0,191.0
4,1.0,ISC,blocked,,,13112.0,192.0
4,1.0,ISC,blocked,,,13113.0,193.0
4,1.0,ISC,blocked,,,13114.0,194.0
4,1.0,ISC,blocked,,,13115.0,195.0
4,1.0,ISC,blocked,,,13116.0,196.0
4,1.0,ISC,blocked,,,13117.0,197.0
4,1.0,ISC,blocked,,,13118.0,198.0
4,1.0,ISC,blocked,,,13119.0,199.0
4,1.0,ISC,blocked,,,13120.0,200.0
4,1.0,ISC,blocked,,,13121.0,201.0
4,1.0,ISC,blocked,,,13122.0,202.0
4,1.0,ISC,blocked,,,13123.0,203.0
4,1.0,ISC,blocked,,,13124.0,204.0
4,1.0,ISC,blocked,,,13125.0,205.0
4,1.0,ISC,blocked,,,13126.0,206.0
4,1.0,ISC,blocked,,,13127.0,207.0
4,1.0,ISC,blocked,,,13128.0,208.0
4,1.0,ISC,blocked,,,13129.0,209.0
4,1.0,ISC,blocked,,,13130.0,210.0
4,1.0,ISC,blocked,,,13131.0,211.0
4,1.0,ISC,blocked,,,13132.0,212.0
4,1.0,ISC,blocked,,,13133.0,213.0
4,1.0,ISC,blocked,,,13134.0,214.0
4,1.0,ISC,blocked,,,13135.0,215.0
4,1.0,ISC,blocked,,,13136.0,216.0
4,1.0,ISC,blocked,,,13137.0,217.0
4,1.0,ISC,blocked,,,13138.0,218.0
4,1.0,ISC,blocked,,,13139.0,219.0
4,1.0,ISC,blocked,,,13140.0,220.0
4,1.0,ISC,blocked,,,13141.0,221.0
4,1.0,ISC,blocked,,,13142.0,222.0
4,1.0,ISC,blocked,,,13143.0,223.0
4,1.0,ISC,blocked,,,13144.0,224.0
4,1.0,ISC,blocked,,,13145.0,225.0
4,1.0,ISC,blocked,,,13146.0,226.0
4,1.0,ISC,blocked,,,13147.0,227.0
4,1.0,ISC,blocked,,,13148.0,228.0
4,1.0,ISC,blocked,,,13149.0,229.0
4,1.0,ISC,blocked,,,13150.0,230.0
4,1.0,ISC,blocked,,,13151.0,231.0
4,1.0,ISC,blocked,,,13152.0,232.0
4,1.0,ISC,blocked,,,13153.0,233.0
4,1.0,ISC,blocked,,,13154.0,234.0
4,1.0,ISC,blocked,,,13155.0,235.0
4,1.0,ISC,blocked,,,13156.0,236.0
4,1.0,ISC,blocked,,,13157.0,237.0
4,1.0,ISC,blocked,,,13158.0,238.0
4,1.0,ISC,blocked,,,13159.0,239.0
4,1.0,ISC,blocked,,,13160.0,240.0
4,1.0,ISC,blocked,,,13161.0,241.0
4,1.0,ISC,blocked,,,13162.0,242.0
4,1.0,ISC,blocked,,,13163.0,243.0
4,1.0,ISC,blocked,,,13164.0,244.0
4,1.0,ISC,blocked,,,13165.0,245.0
4,1.0,ISC,blocked,,,13166.0,246.0
4,1.0,ISC,blocked,,,13167.0,247.0
4,1.0,ISC,blocked,,,13168.0,248.0
4,1.0,ISC,blocked,,,13169.0,249.0
4,1.0,ISC,blocked,,,13170.0,250.0
4,1.0,ISC,blocked,,,13171.0,251.0
4,1.0,ISC,blocked,,,13172.0,252.0
4,1.0,ISC,blocked,,,13173.0,253.0
4,1.0,ISC,blocked,,,13174.0,254.0
4,1.0,ISC,blocked,,,13175.0,255.0
4,1.0,ISC,blocked,,,13176.0,256.0
4,1.0,ISC,blocked,,,13177.0,257.0
4,1.0,ISC,blocked,,,13178.0,258.0
4,1.0,ISC,blocked,,,13179.0,259.0
4,1.0,ISC,blocked,,,13180.0,260.0
4,1.0,ISC,blocked,,,13181.0,261.0
4,1.0,ISC,blocked,,,13182.0,262.0
4,1.0,ISC,blocked,,,13183.0,263.0
4,1.0,ISC,blocked,,,13184.0,264.0
4,1.0,ISC,blocked,,,13185.0,265.0
4,1.0,ISC,blocked,,,13186.0,266.0
4,1.0,ISC,blocked,,,13187.0,267.0
4,1.0,ISC,blocked,,,13188.0,268.0
4,1.0,ISC,blocked,,,13189.0,269.0
4,1.0,ISC,blocked,,,13190.0,270.0
4,1.0,ISC,blocked,,,13191.0,271.0
4,1.0,ISC,blocked,,,13192.0,272.0
4,1.0,ISC,blocked,,,13193.0,273.0
4,1.0,ISC,blocked,,,13194.0,274.0
4,1.0,ISC,blocked,,,13195.0,275.0
4,1.0,ISC,blocked,,,13196.0,276.0
4,1.0,ISC,blocked,,,13197.0,277.0
4,1.0,ISC,blocked,,,13198.0,278.0
4,1.0,ISC,blocked,,,13199.0,279.0
4,1.0,ISC,blocked,,,13200.0,280.0
4,1.0,ISC,blocked,,,13201.0,281.0
4,1.0,ISC,blocked,,,13202.0,282.0
4,1.0,ISC,blocked,,,13203.0,283.0
4,1.0,ISC,blocked,,,13204.0,284.0
4,1.0,ISC,blocked,,,13205.0,285.0
4,1.0,ISC,blocked,,,13206.0,286.0
4,1.0,ISC,blocked,,,13207.0,287.0
4,1.0,ISC,blocked,,,13208.0,288.0
4,1.0,ISC,blocked,,,13209.0,289.0
4,1.0,ISC,blocked,,,13210.0,290.0
4,1.0,ISC,blocked,,,13211.0,291.0
4,1.0,ISC,blocked,,,13212.0,292.0
4,1.0,ISC,blocked,,,13213.0,293.0
4,1.0,ISC,blocked,,,13214.0,294.0
4,0.0,ISC,blocked,,,13215.0,295.0
4,1.0,ISC,blocked,,,13216.0,296.0
4,0.0,ISC,blocked,,,13217.0,297.0
4,0.0,ISC,blocked,,,13218.0,298.0
4,0.0,ISC,blocked,,,13219.0,299.0
4,1.0,ISC,blocked,,,13220.0,300.0
4,1.0,ISC,blocked,,,13221.0,301.0
4,1.0,ISC,blocked,,,13222.0,302.0
4,1.0,ISC,blocked,,,13223.0,303.0
4,1.0,ISC,blocked,,,13224.0,304.0
4,1.0,ISC,blocked,,,13225.0,305.0
4,1.0,ISC,blocked,,,13226.0,306.0
4,1.0,ISC,blocked,,,13227.0,307.0
4,1.0,ISC,blocked,,,13228.0,308.0
4,1.0,ISC,blocked,,,13229.0,309.0
4,1.0,ISC,blocked,,,13230.0,310.0
4,1.0,ISC,blocked,,,13231.0,311.0
4,1.0,ISC,blocked,,,13232.0,312.0
4,1.0,ISC,blocked,,,13233.0,313.0
4,0.0,ISC,blocked,,,13234.0,314.0
4,1.0,ISC,blocked,,,13235.0,315.0
4,1.0,ISC,blocked,,,13236.0,316.0
4,0.0,ISC,blocked,,,13237.0,317.0
4,1.0,ISC,blocked,,,13238.0,318.0
4,1.0,ISC,blocked,,,13239.0,319.0
4,1.0,ISC,blocked,,,13240.0,320.0
4,1.0,ISC,blocked,,,13241.0,321.0
4,1.0,ISC,blocked,,,13242.0,322.0
4,1.0,ISC,blocked,,,13243.0,323.0
4,1.0,ISC,blocked,,,13244.0,324.0
4,1.0,ISC,blocked,,,13245.0,325.0
4,1.0,ISC,blocked,,,13246.0,326.0
4,1.0,ISC,blocked,,,13247.0,327.0
4,1.0,ISC,blocked,,,13248.0,328.0
4,1.0,ISC,blocked,,,13249.0,329.0
4,1.0,ISC,blocked,,,13250.0,330.0
4,1.0,ISC,blocked,,,13251.0,331.0
4,1.0,ISC,blocked,,,13252.0,332.0
4,0.0,ISC,blocked,,,13253.0,333.0
4,0.0,ISC,blocked,,,13254.0,334.0
4,0.0,ISC,blocked,,,13255.0,335.0
4,0.0,ISC,blocked,,,13256.0,336.0
4,0.0,ISC,blocked,,,13257.0,337.0
4,1.0,ISC,blocked,,,13258.0,338.0
4,1.0,ISC,blocked,,,13259.0,339.0
4,1.0,ISC,blocked,,,13260.0,340.0
4,1.0,ISC,blocked,,,13261.0,341.0
4,1.0,ISC,blocked,,,13262.0,342.0
4,1.0,ISC,blocked,,,13263.0,343.0
4,1.0,ISC,blocked,,,13264.0,344.0
4,1.0,ISC,blocked,,,13265.0,345.0
4,1.0,ISC,blocked,,,13266.0,346.0
4,1.0,ISC,blocked,,,13267.0,347.0
4,1.0,ISC,blocked,,,13268.0,348.0
4,1.0,ISC,blocked,,,13269.0,349.0
4,1.0,ISC,blocked,,,13270.0,350.0
4,1.0,ISC,blocked,,,13271.0,351.0
4,0.0,ISC,blocked,,,13272.0,352.0
4,1.0,ISC,blocked,,,13273.0,353.0
4,0.0,ISC,blocked,,,13274.0,354.0
4,0.0,ISC,blocked,,,13275.0,355.0
4,0.0,ISC,blocked,,,13276.0,356.0
4,1.0,ISC,blocked,,,13277.0,357.0
4,1.0,ISC,blocked,,,13278.0,358.0
4,1.0,ISC,blocked,,,13279.0,359.0
4,1.0,ISC,blocked,,,13280.0,360.0
4,1.0,ISC,blocked,,,13281.0,361.0
4,1.0,ISC,blocked,,,13282.0,362.0
4,1.0,ISC,blocked,,,13283.0,363.0
4,1.0,ISC,blocked,,,13284.0,364.0
4,1.0,ISC,blocked,,,13285.0,365.0
4,1.0,ISC,blocked,,,13286.0,366.0
4,1.0,ISC,blocked,,,13287.0,367.0
4,1.0,ISC,blocked,,,13288.0,368.0
4,1.0,ISC,blocked,,,13289.0,369.0
4,1.0,ISC,blocked,,,13290.0,370.0
4,0.0,ISC,blocked,,,13291.0,371.0
4,1.0,ISC,blocked,,,13292.0,372.0
4,0.0,ISC,blocked,,,13293.0,373.0
4,0.0,ISC,blocked,,,13294.0,374.0
4,0.0,ISC,blocked,,,13295.0,375.0
4,1.0,ISC,blocked,,,13296.0,376.0
4,1.0,ISC,blocked,,,13297.0,377.0
4,1.0,ISC,blocked,,,13298.0,378.0
4,1.0,ISC,blocked,,,13299.0,379.0
5,1.0,ISC,blocked,,,13300.0,0.0
5,1.0,ISC,blocked,,,13301.0,1.0
5,1.0,ISC,blocked,,,13302.0,2.0
5,1.0,ISC,blocked,,,13303.0,3.0
5,1.0,ISC,blocked,,,13304.0,4.0
5,1.0,ISC,blocked,,,13305.0,5.0
5,1.0,ISC,blocked,,,13306.0,6.0
5,1.0,ISC,blocked,,,13307.0,7.0
5,1.0,ISC,blocked,,,13308.0,8.0
5,1.0,ISC,blocked,,,13309.0,9.0
5,1.0,ISC,blocked,,,13310.0,10.0
5,1.0,ISC,blocked,,,13311.0,11.0
5,1.0,ISC,blocked,,,13312.0,12.0
5,1.0,ISC,blocked,,,13313.0,13.0
5,0.0,ISC,blocked,,,13314.0,14.0
5,0.0,ISC,blocked,,,13315.0,15.0
5,0.0,ISC,blocked,,,13316.0,16.0
5,0.0,ISC,blocked,,,13317.0,17.0
5,0.0,ISC,blocked,,,13318.0,18.0
5,1.0,ISC,blocked,,,13319.0,19.0
5,1.0,ISC,blocked,,,13320.0,20.0
5,1.0,ISC,blocked,,,13321.0,21.0
5,1.0,ISC,blocked,,,13322.0,22.0
5,1.0,ISC,blocked,,,13323.0,23.0
5,1.0,ISC,blocked,,,13324.0,24.0
5,1.0,ISC,blocked,,,13325.0,25.0
5,1.0,ISC,blocked,,,13326.0,26.0
5,1.0,ISC,blocked,,,13327.0,27.0
5,1.0,ISC,blocked,,,13328.0,28.0
5,1.0,ISC,blocked,,,13329.0,29.0
5,1.0,ISC,blocked,,,13330.0,30.0
5,1.0,ISC,blocked,,,13331.0,31.0
5,1.0,ISC,blocked,,,13332.0,32.0
5,0.0,ISC,blocked,,,13333.0,33.0
5,0.0,ISC,blocked,,,13334.0,34.0
5,0.0,ISC,blocked,,,13335.0,35.0
5,0.0,ISC,blocked,,,13336.0,36.0
5,0.0,ISC,blocked,,,13337.0,37.0
5,1.0,ISC,blocked,,,13338.0,38.0
5,1.0,ISC,blocked,,,13339.0,39.0
5,1.0,ISC,blocked,,,13340.0,40.0
5,1.0,ISC,blocked,,,13341.0,41.0
5,1.0,ISC,blocked,,,13342.0,42.0
5,1.0,ISC,blocked,,,13343.0,43.0
5,1.0,ISC,blocked,,,13344.0,44.0
5,1.0,ISC,blocked,,,13345.0,45.0
5,1.0,ISC,blocked,,,13346.0,46.0
5,1.0,ISC,blocked,,,13347.0,47.0
5,1.0,ISC,blocked,,,13348.0,48.0
5,1.0,ISC,blocked,,,13349.0,49.0
5,1.0,ISC,blocked,,,13350.0,50.0
5,1.0,ISC,blocked,,,13351.0,51.0
5,0.0,ISC,blocked,,,13352.0,52.0
5,0.0,ISC,blocked,,,13353.0,53.0
5,0.0,ISC,blocked,,,13354.0,54.0
5,0.0,ISC,blocked,,,13355.0,55.0
5,0.0,ISC,blocked,,,13356.0,56.0
5,1.0,ISC,blocked,,,13357.0,57.0
5,1.0,ISC,blocked,,,13358.0,58.0
5,1.0,ISC,blocked,,,13359.0,59.0
5,1.0,ISC,blocked,,,13360.0,60.0
5,1.0,ISC,blocked,,,13361.0,61.0
5,1.0,ISC,blocked,,,13362.0,62.0
5,1.0,ISC,blocked,,,13363.0,63.0
5,1.0,ISC,blocked,,,13364.0,64.0
5,1.0,ISC,blocked,,,13365.0,65.0
5,1.0,ISC,blocked,,,13366.0,66.0
5,1.0,ISC,blocked,,,13367.0,67.0
5,1.0,ISC,blocked,,,13368.0,68.0
5,1.0,ISC,blocked,,,13369.0,69.0
5,1.0,ISC,blocked,,,13370.0,70.0
5,0.0,ISC,blocked,,,13371.0,71.0
5,0.0,ISC,blocked,,,13372.0,72.0
5,0.0,ISC,blocked,,,13373.0,73.0
5,0.0,ISC,blocked,,,13374.0,74.0
5,0.0,ISC,blocked,,,13375.0,75.0
5,1.0,ISC,blocked,,,13376.0,76.0
5,1.0,ISC,blocked,,,13377.0,77.0
5,1.0,ISC,blocked,,,13378.0,78.0
5,1.0,ISC,blocked,,,13379.0,79.0
5,1.0,ISC,blocked,,,13380.0,80.0
5,1.0,ISC,blocked,,,13381.0,81.0
5,0.0,ISC,blocked,,,13382.0,82.0
5,1.0,ISC,blocked,,,13383.0,83.0
5,0.0,ISC,blocked,,,13384.0,84.0
5,1.0,ISC,blocked,,,13385.0,85.0
5,1.0,ISC,blocked,,,13386.0,86.0
5,1.0,ISC,blocked,,,13387.0,87.0
5,1.0,ISC,blocked,,,13388.0,88.0
5,1.0,ISC,blocked,,,13389.0,89.0
5,0.0,ISC,blocked,,,13390.0,90.0
5,0.0,ISC,blocked,,,13391.0,91.0
5,0.0,ISC,blocked,,,13392.0,92.0
5,0.0,ISC,blocked,,,13393.0,93.0
5,0.0,ISC,blocked,,,13394.0,94.0
5,0.0,ISC,blocked,,,13395.0,95.0
5,0.0,ISC,blocked,,,13396.0,96.0
5,0.0,ISC,blocked,,,13397.0,97.0
5,0.0,ISC,blocked,,,13398.0,98.0
5,0.0,ISC,blocked,,,13399.0,99.0
5,1.0,ISC,blocked,,,13400.0,100.0
5,1.0,ISC,blocked,,,13401.0,101.0
5,1.0,ISC,blocked,,,13402.0,102.0
5,1.0,ISC,blocked,,,13403.0,103.0
5,0.0,ISC,blocked,,,13404.0,104.0
5,0.0,ISC,blocked,,,13405.0,105.0
5,0.0,ISC,blocked,,,13406.0,106.0
5,0.0,ISC,blocked,,,13407.0,107.0
5,0.0,ISC,blocked,,,13408.0,108.0
5,1.0,ISC,blocked,,,13409.0,109.0
5,1.0,ISC,blocked,,,13410.0,110.0
5,1.0,ISC,blocked,,,13411.0,111.0
5,1.0,ISC,blocked,,,13412.0,112.0
5,1.0,ISC,blocked,,,13413.0,113.0
5,0.0,ISC,blocked,,,13414.0,114.0
5,0.0,ISC,blocked,,,13415.0,115.0
5,0.0,ISC,blocked,,,13416.0,116.0
5,0.0,ISC,blocked,,,13417.0,117.0
5,0.0,ISC,blocked,,,13418.0,118.0
5,1.0,ISC,blocked,,,13419.0,119.0
5,1.0,ISC,blocked,,,13420.0,120.0
5,1.0,ISC,blocked,,,13421.0,121.0
5,0.0,ISC,blocked,,,13422.0,122.0
5,0.0,ISC,blocked,,,13423.0,123.0
5,0.0,ISC,blocked,,,13424.0,124.0
5,0.0,ISC,blocked,,,13425.0,125.0
5,0.0,ISC,blocked,,,13426.0,126.0
5,0.0,ISC,blocked,,,13427.0,127.0
5,1.0,ISC,blocked,,,13428.0,128.0
5,1.0,ISC,blocked,,,13429.0,129.0
5,1.0,ISC,blocked,,,13430.0,130.0
5,1.0,ISC,blocked,,,13431.0,131.0
5,1.0,ISC,blocked,,,13432.0,132.0
5,0.0,ISC,blocked,,,13433.0,133.0
5,0.0,ISC,blocked,,,13434.0,134.0
5,1.0,ISC,blocked,,,13435.0,135.0
5,0.0,ISC,blocked,,,13436.0,136.0
5,1.0,ISC,blocked,,,13437.0,137.0
5,1.0,ISC,blocked,,,13438.0,138.0
5,1.0,ISC,blocked,,,13439.0,139.0
5,1.0,ISC,blocked,,,13440.0,140.0
5,1.0,ISC,blocked,,,13441.0,141.0
5,0.0,ISC,blocked,,,13442.0,142.0
5,0.0,ISC,blocked,,,13443.0,143.0
5,0.0,ISC,blocked,,,13444.0,144.0
5,0.0,ISC,blocked,,,13445.0,145.0
5,0.0,ISC,blocked,,,13446.0,146.0
5,1.0,ISC,blocked,,,13447.0,147.0
5,1.0,ISC,blocked,,,13448.0,148.0
5,1.0,ISC,blocked,,,13449.0,149.0
5,1.0,ISC,blocked,,,13450.0,150.0
5,1.0,ISC,blocked,,,13451.0,151.0
5,0.0,ISC,blocked,,,13452.0,152.0
5,0.0,ISC,blocked,,,13453.0,153.0
5,0.0,ISC,blocked,,,13454.0,154.0
5,0.0,ISC,blocked,,,13455.0,155.0
5,0.0,ISC,blocked,,,13456.0,156.0
5,1.0,ISC,blocked,,,13457.0,157.0
5,1.0,ISC,blocked,,,13458.0,158.0
5,1.0,ISC,blocked,,,13459.0,159.0
5,1.0,ISC,blocked,,,13460.0,160.0
5,0.0,ISC,blocked,,,13461.0,161.0
5,0.0,ISC,blocked,,,13462.0,162.0
5,0.0,ISC,blocked,,,13463.0,163.0
5,0.0,ISC,blocked,,,13464.0,164.0
5,0.0,ISC,blocked,,,13465.0,165.0
5,1.0,ISC,blocked,,,13466.0,166.0
5,1.0,ISC,blocked,,,13467.0,167.0
5,1.0,ISC,blocked,,,13468.0,168.0
5,1.0,ISC,blocked,,,13469.0,169.0
5,1.0,ISC,blocked,,,13470.0,170.0
5,0.0,ISC,blocked,,,13471.0,171.0
5,0.0,ISC,blocked,,,13472.0,172.0
5,1.0,ISC,blocked,,,13473.0,173.0
5,0.0,ISC,blocked,,,13474.0,174.0
5,1.0,ISC,blocked,,,13475.0,175.0
5,1.0,ISC,blocked,,,13476.0,176.0
5,0.0,ISC,blocked,,,13477.0,177.0
5,1.0,ISC,blocked,,,13478.0,178.0
5,1.0,ISC,blocked,,,13479.0,179.0
5,0.0,ISC,blocked,,,13480.0,180.0
5,0.0,ISC,blocked,,,13481.0,181.0
5,0.0,ISC,blocked,,,13482.0,182.0
5,0.0,ISC,blocked,,,13483.0,183.0
5,0.0,ISC,blocked,,,13484.0,184.0
5,1.0,ISC,blocked,,,13485.0,185.0
5,1.0,ISC,blocked,,,13486.0,186.0
5,1.0,ISC,blocked,,,13487.0,187.0
5,1.0,ISC,blocked,,,13488.0,188.0
5,1.0,ISC,blocked,,,13489.0,189.0
5,1.0,ISC,blocked,,,13490.0,190.0
5,1.0,ISC,blocked,,,13491.0,191.0
5,1.0,ISC,blocked,,,13492.0,192.0
5,1.0,ISC,blocked,,,13493.0,193.0
5,1.0,ISC,blocked,,,13494.0,194.0
5,1.0,ISC,blocked,,,13495.0,195.0
5,1.0,ISC,blocked,,,13496.0,196.0
5,1.0,ISC,blocked,,,13497.0,197.0
5,1.0,ISC,blocked,,,13498.0,198.0
5,1.0,ISC,blocked,,,13499.0,199.0
5,1.0,ISC,blocked,,,13500.0,200.0
5,1.0,ISC,blocked,,,13501.0,201.0
5,1.0,ISC,blocked,,,13502.0,202.0
5,1.0,ISC,blocked,,,13503.0,203.0
5,1.0,ISC,blocked,,,13504.0,204.0
5,1.0,ISC,blocked,,,13505.0,205.0
5,1.0,ISC,blocked,,,13506.0,206.0
5,1.0,ISC,blocked,,,13507.0,207.0
5,1.0,ISC,blocked,,,13508.0,208.0
5,1.0,ISC,blocked,,,13509.0,209.0
5,1.0,ISC,blocked,,,13510.0,210.0
5,1.0,ISC,blocked,,,13511.0,211.0
5,1.0,ISC,blocked,,,13512.0,212.0
5,1.0,ISC,blocked,,,13513.0,213.0
5,1.0,ISC,blocked,,,13514.0,214.0
5,1.0,ISC,blocked,,,13515.0,215.0
5,1.0,ISC,blocked,,,13516.0,216.0
5,1.0,ISC,blocked,,,13517.0,217.0
5,1.0,ISC,blocked,,,13518.0,218.0
5,1.0,ISC,blocked,,,13519.0,219.0
5,1.0,ISC,blocked,,,13520.0,220.0
5,1.0,ISC,blocked,,,13521.0,221.0
5,1.0,ISC,blocked,,,13522.0,222.0
5,1.0,ISC,blocked,,,13523.0,223.0
5,1.0,ISC,blocked,,,13524.0,224.0
5,1.0,ISC,blocked,,,13525.0,225.0
5,1.0,ISC,blocked,,,13526.0,226.0
5,1.0,ISC,blocked,,,13527.0,227.0
5,1.0,ISC,blocked,,,13528.0,228.0
5,1.0,ISC,blocked,,,13529.0,229.0
5,1.0,ISC,blocked,,,13530.0,230.0
5,1.0,ISC,blocked,,,13531.0,231.0
5,1.0,ISC,blocked,,,13532.0,232.0
5,1.0,ISC,blocked,,,13533.0,233.0
5,1.0,ISC,blocked,,,13534.0,234.0
5,1.0,ISC,blocked,,,13535.0,235.0
5,1.0,ISC,blocked,,,13536.0,236.0
5,1.0,ISC,blocked,,,13537.0,237.0
5,1.0,ISC,blocked,,,13538.0,238.0
5,1.0,ISC,blocked,,,13539.0,239.0
5,1.0,ISC,blocked,,,13540.0,240.0
5,1.0,ISC,blocked,,,13541.0,241.0
5,1.0,ISC,blocked,,,13542.0,242.0
5,1.0,ISC,blocked,,,13543.0,243.0
5,1.0,ISC,blocked,,,13544.0,244.0
5,1.0,ISC,blocked,,,13545.0,245.0
5,1.0,ISC,blocked,,,13546.0,246.0
5,1.0,ISC,blocked,,,13547.0,247.0
5,1.0,ISC,blocked,,,13548.0,248.0
5,1.0,ISC,blocked,,,13549.0,249.0
5,1.0,ISC,blocked,,,13550.0,250.0
5,1.0,ISC,blocked,,,13551.0,251.0
5,1.0,ISC,blocked,,,13552.0,252.0
5,1.0,ISC,blocked,,,13553.0,253.0
5,1.0,ISC,blocked,,,13554.0,254.0
5,1.0,ISC,blocked,,,13555.0,255.0
5,1.0,ISC,blocked,,,13556.0,256.0
5,1.0,ISC,blocked,,,13557.0,257.0
5,1.0,ISC,blocked,,,13558.0,258.0
5,1.0,ISC,blocked,,,13559.0,259.0
5,1.0,ISC,blocked,,,13560.0,260.0
5,1.0,ISC,blocked,,,13561.0,261.0
5,1.0,ISC,blocked,,,13562.0,262.0
5,1.0,ISC,blocked,,,13563.0,263.0
5,1.0,ISC,blocked,,,13564.0,264.0
5,1.0,ISC,blocked,,,13565.0,265.0
5,1.0,ISC,blocked,,,13566.0,266.0
5,1.0,ISC,blocked,,,13567.0,267.0
5,1.0,ISC,blocked,,,13568.0,268.0
5,1.0,ISC,blocked,,,13569.0,269.0
5,1.0,ISC,blocked,,,13570.0,270.0
5,1.0,ISC,blocked,,,13571.0,271.0
5,1.0,ISC,blocked,,,13572.0,272.0
5,1.0,ISC,blocked,,,13573.0,273.0
5,1.0,ISC,blocked,,,13574.0,274.0
5,1.0,ISC,blocked,,,13575.0,275.0
5,1.0,ISC,blocked,,,13576.0,276.0
5,1.0,ISC,blocked,,,13577.0,277.0
5,1.0,ISC,blocked,,,13578.0,278.0
5,1.0,ISC,blocked,,,13579.0,279.0
5,1.0,ISC,blocked,,,13580.0,280.0
5,1.0,ISC,blocked,,,13581.0,281.0
5,1.0,ISC,blocked,,,13582.0,282.0
5,1.0,ISC,blocked,,,13583.0,283.0
5,1.0,ISC,blocked,,,13584.0,284.0
5,1.0,ISC,blocked,,,13585.0,285.0
5,1.0,ISC,blocked,,,13586.0,286.0
5,1.0,ISC,blocked,,,13587.0,287.0
5,1.0,ISC,blocked,,,13588.0,288.0
5,1.0,ISC,blocked,,,13589.0,289.0
5,1.0,ISC,blocked,,,13590.0,290.0
5,1.0,ISC,blocked,,,13591.0,291.0
5,1.0,ISC,blocked,,,13592.0,292.0
5,1.0,ISC,blocked,,,13593.0,293.0
5,1.0,ISC,blocked,,,13594.0,294.0
5,0.0,ISC,blocked,,,13595.0,295.0
5,0.0,ISC,blocked,,,13596.0,296.0
5,0.0,ISC,blocked,,,13597.0,297.0
5,0.0,ISC,blocked,,,13598.0,298.0
5,0.0,ISC,blocked,,,13599.0,299.0
5,1.0,ISC,blocked,,,13600.0,300.0
5,1.0,ISC,blocked,,,13601.0,301.0
5,1.0,ISC,blocked,,,13602.0,302.0
5,1.0,ISC,blocked,,,13603.0,303.0
5,1.0,ISC,blocked,,,13604.0,304.0
5,1.0,ISC,blocked,,,13605.0,305.0
5,1.0,ISC,blocked,,,13606.0,306.0
5,1.0,ISC,blocked,,,13607.0,307.0
5,1.0,ISC,blocked,,,13608.0,308.0
5,1.0,ISC,blocked,,,13609.0,309.0
5,1.0,ISC,blocked,,,13610.0,310.0
5,1.0,ISC,blocked,,,13611.0,311.0
5,1.0,ISC,blocked,,,13612.0,312.0
5,1.0,ISC,blocked,,,13613.0,313.0
5,1.0,ISC,blocked,,,13614.0,314.0
5,1.0,ISC,blocked,,,13615.0,315.0
5,1.0,ISC,blocked,,,13616.0,316.0
5,1.0,ISC,blocked,,,13617.0,317.0
5,1.0,ISC,blocked,,,13618.0,318.0
5,1.0,ISC,blocked,,,13619.0,319.0
5,1.0,ISC,blocked,,,13620.0,320.0
5,1.0,ISC,blocked,,,13621.0,321.0
5,1.0,ISC,blocked,,,13622.0,322.0
5,1.0,ISC,blocked,,,13623.0,323.0
5,1.0,ISC,blocked,,,13624.0,324.0
5,1.0,ISC,blocked,,,13625.0,325.0
5,1.0,ISC,blocked,,,13626.0,326.0
5,1.0,ISC,blocked,,,13627.0,327.0
5,1.0,ISC,blocked,,,13628.0,328.0
5,1.0,ISC,blocked,,,13629.0,329.0
5,1.0,ISC,blocked,,,13630.0,330.0
5,1.0,ISC,blocked,,,13631.0,331.0
5,1.0,ISC,blocked,,,13632.0,332.0
5,0.0,ISC,blocked,,,13633.0,333.0
5,0.0,ISC,blocked,,,13634.0,334.0
5,0.0,ISC,blocked,,,13635.0,335.0
5,0.0,ISC,blocked,,,13636.0,336.0
5,0.0,ISC,blocked,,,13637.0,337.0
5,1.0,ISC,blocked,,,13638.0,338.0
5,1.0,ISC,blocked,,,13639.0,339.0
5,1.0,ISC,blocked,,,13640.0,340.0
5,1.0,ISC,blocked,,,13641.0,341.0
5,1.0,ISC,blocked,,,13642.0,342.0
5,1.0,ISC,blocked,,,13643.0,343.0
5,1.0,ISC,blocked,,,13644.0,344.0
5,1.0,ISC,blocked,,,13645.0,345.0
5,1.0,ISC,blocked,,,13646.0,346.0
5,1.0,ISC,blocked,,,13647.0,347.0
5,1.0,ISC,blocked,,,13648.0,348.0
5,1.0,ISC,blocked,,,13649.0,349.0
5,1.0,ISC,blocked,,,13650.0,350.0
5,1.0,ISC,blocked,,,13651.0,351.0
5,0.0,ISC,blocked,,,13652.0,352.0
5,0.0,ISC,blocked,,,13653.0,353.0
5,0.0,ISC,blocked,,,13654.0,354.0
5,1.0,ISC,blocked,,,13655.0,355.0
5,1.0,ISC,blocked,,,13656.0,356.0
5,1.0,ISC,blocked,,,13657.0,357.0
5,1.0,ISC,blocked,,,13658.0,358.0
5,1.0,ISC,blocked,,,13659.0,359.0
5,1.0,ISC,blocked,,,13660.0,360.0
5,1.0,ISC,blocked,,,13661.0,361.0
5,1.0,ISC,blocked,,,13662.0,362.0
5,1.0,ISC,blocked,,,13663.0,363.0
5,1.0,ISC,blocked,,,13664.0,364.0
5,1.0,ISC,blocked,,,13665.0,365.0
5,1.0,ISC,blocked,,,13666.0,366.0
5,1.0,ISC,blocked,,,13667.0,367.0
5,1.0,ISC,blocked,,,13668.0,368.0
5,1.0,ISC,blocked,,,13669.0,369.0
5,1.0,ISC,blocked,,,13670.0,370.0
5,0.0,ISC,blocked,,,13671.0,371.0
5,0.0,ISC,blocked,,,13672.0,372.0
5,0.0,ISC,blocked,,,13673.0,373.0
5,1.0,ISC,blocked,,,13674.0,374.0
5,1.0,ISC,blocked,,,13675.0,375.0
5,1.0,ISC,blocked,,,13676.0,376.0
5,1.0,ISC,blocked,,,13677.0,377.0
5,1.0,ISC,blocked,,,13678.0,378.0
5,1.0,ISC,blocked,,,13679.0,379.0
6,0.0,ISC,blocked,,,13680.0,0.0
6,1.0,ISC,blocked,,,13681.0,1.0
6,1.0,ISC,blocked,,,13682.0,2.0
6,0.0,ISC,blocked,,,13683.0,3.0
6,0.0,ISC,blocked,,,13684.0,4.0
6,0.0,ISC,blocked,,,13685.0,5.0
6,0.0,ISC,blocked,,,13686.0,6.0
6,0.0,ISC,blocked,,,13687.0,7.0
6,0.0,ISC,blocked,,,13688.0,8.0
6,1.0,ISC,blocked,,,13689.0,9.0
6,1.0,ISC,blocked,,,13690.0,10.0
6,1.0,ISC,blocked,,,13691.0,11.0
6,1.0,ISC,blocked,,,13692.0,12.0
6,1.0,ISC,blocked,,,13693.0,13.0
6,0.0,ISC,blocked,,,13694.0,14.0
6,0.0,ISC,blocked,,,13695.0,15.0
6,0.0,ISC,blocked,,,13696.0,16.0
6,0.0,ISC,blocked,,,13697.0,17.0
6,0.0,ISC,blocked,,,13698.0,18.0
6,0.0,ISC,blocked,,,13699.0,19.0
6,1.0,ISC,blocked,,,13700.0,20.0
6,1.0,ISC,blocked,,,13701.0,21.0
6,1.0,ISC,blocked,,,13702.0,22.0
6,1.0,ISC,blocked,,,13703.0,23.0
6,1.0,ISC,blocked,,,13704.0,24.0
6,0.0,ISC,blocked,,,13705.0,25.0
6,0.0,ISC,blocked,,,13706.0,26.0
6,0.0,ISC,blocked,,,13707.0,27.0
6,1.0,ISC,blocked,,,13708.0,28.0
6,1.0,ISC,blocked,,,13709.0,29.0
6,1.0,ISC,blocked,,,13710.0,30.0
6,1.0,ISC,blocked,,,13711.0,31.0
6,1.0,ISC,blocked,,,13712.0,32.0
6,0.0,ISC,blocked,,,13713.0,33.0
6,0.0,ISC,blocked,,,13714.0,34.0
6,0.0,ISC,blocked,,,13715.0,35.0
6,0.0,ISC,blocked,,,13716.0,36.0
6,0.0,ISC,blocked,,,13717.0,37.0
6,1.0,ISC,blocked,,,13718.0,38.0
6,1.0,ISC,blocked,,,13719.0,39.0
6,1.0,ISC,blocked,,,13720.0,40.0
6,1.0,ISC,blocked,,,13721.0,41.0
6,1.0,ISC,blocked,,,13722.0,42.0
6,1.0,ISC,blocked,,,13723.0,43.0
6,0.0,ISC,blocked,,,13724.0,44.0
6,0.0,ISC,blocked,,,13725.0,45.0
6,1.0,ISC,blocked,,,13726.0,46.0
6,1.0,ISC,blocked,,,13727.0,47.0
6,1.0,ISC,blocked,,,13728.0,48.0
6,1.0,ISC,blocked,,,13729.0,49.0
6,1.0,ISC,blocked,,,13730.0,50.0
6,1.0,ISC,blocked,,,13731.0,51.0
6,0.0,ISC,blocked,,,13732.0,52.0
6,0.0,ISC,blocked,,,13733.0,53.0
6,0.0,ISC,blocked,,,13734.0,54.0
6,0.0,ISC,blocked,,,13735.0,55.0
6,0.0,ISC,blocked,,,13736.0,56.0
6,1.0,ISC,blocked,,,13737.0,57.0
6,1.0,ISC,blocked,,,13738.0,58.0
6,1.0,ISC,blocked,,,13739.0,59.0
6,1.0,ISC,blocked,,,13740.0,60.0
6,1.0,ISC,blocked,,,13741.0,61.0
6,1.0,ISC,blocked,,,13742.0,62.0
6,0.0,ISC,blocked,,,13743.0,63.0
6,1.0,ISC,blocked,,,13744.0,64.0
6,0.0,ISC,blocked,,,13745.0,65.0
6,1.0,ISC,blocked,,,13746.0,66.0
6,1.0,ISC,blocked,,,13747.0,67.0
6,1.0,ISC,blocked,,,13748.0,68.0
6,1.0,ISC,blocked,,,13749.0,69.0
6,1.0,ISC,blocked,,,13750.0,70.0
6,0.0,ISC,blocked,,,13751.0,71.0
6,0.0,ISC,blocked,,,13752.0,72.0
6,0.0,ISC,blocked,,,13753.0,73.0
6,0.0,ISC,blocked,,,13754.0,74.0
6,0.0,ISC,blocked,,,13755.0,75.0
6,0.0,ISC,blocked,,,13756.0,76.0
6,1.0,ISC,blocked,,,13757.0,77.0
6,1.0,ISC,blocked,,,13758.0,78.0
6,1.0,ISC,blocked,,,13759.0,79.0
6,0.0,ISC,blocked,,,13760.0,80.0
6,0.0,ISC,blocked,,,13761.0,81.0
6,0.0,ISC,blocked,,,13762.0,82.0
6,0.0,ISC,blocked,,,13763.0,83.0
6,0.0,ISC,blocked,,,13764.0,84.0
6,1.0,ISC,blocked,,,13765.0,85.0
6,1.0,ISC,blocked,,,13766.0,86.0
6,1.0,ISC,blocked,,,13767.0,87.0
6,1.0,ISC,blocked,,,13768.0,88.0
6,1.0,ISC,blocked,,,13769.0,89.0
6,0.0,ISC,blocked,,,13770.0,90.0
6,0.0,ISC,blocked,,,13771.0,91.0
6,0.0,ISC,blocked,,,13772.0,92.0
6,0.0,ISC,blocked,,,13773.0,93.0
6,0.0,ISC,blocked,,,13774.0,94.0
6,1.0,ISC,blocked,,,13775.0,95.0
6,0.0,ISC,blocked,,,13776.0,96.0
6,0.0,ISC,blocked,,,13777.0,97.0
6,0.0,ISC,blocked,,,13778.0,98.0
6,1.0,ISC,blocked,,,13779.0,99.0
6,1.0,ISC,blocked,,,13780.0,100.0
6,1.0,ISC,blocked,,,13781.0,101.0
6,1.0,ISC,blocked,,,13782.0,102.0
6,1.0,ISC,blocked,,,13783.0,103.0
6,0.0,ISC,blocked,,,13784.0,104.0
6,0.0,ISC,blocked,,,13785.0,105.0
6,0.0,ISC,blocked,,,13786.0,106.0
6,0.0,ISC,blocked,,,13787.0,107.0
6,0.0,ISC,blocked,,,13788.0,108.0
6,1.0,ISC,blocked,,,13789.0,109.0
6,1.0,ISC,blocked,,,13790.0,110.0
6,1.0,ISC,blocked,,,13791.0,111.0
6,1.0,ISC,blocked,,,13792.0,112.0
6,1.0,ISC,blocked,,,13793.0,113.0
6,1.0,ISC,blocked,,,13794.0,114.0
6,0.0,ISC,blocked,,,13795.0,115.0
6,0.0,ISC,blocked,,,13796.0,116.0
6,0.0,ISC,blocked,,,13797.0,117.0
6,1.0,ISC,blocked,,,13798.0,118.0
6,1.0,ISC,blocked,,,13799.0,119.0
6,1.0,ISC,blocked,,,13800.0,120.0
6,1.0,ISC,blocked,,,13801.0,121.0
6,1.0,ISC,blocked,,,13802.0,122.0
6,0.0,ISC,blocked,,,13803.0,123.0
6,0.0,ISC,blocked,,,13804.0,124.0
6,0.0,ISC,blocked,,,13805.0,125.0
6,0.0,ISC,blocked,,,13806.0,126.0
6,0.0,ISC,blocked,,,13807.0,127.0
6,1.0,ISC,blocked,,,13808.0,128.0
6,1.0,ISC,blocked,,,13809.0,129.0
6,1.0,ISC,blocked,,,13810.0,130.0
6,1.0,ISC,blocked,,,13811.0,131.0
6,1.0,ISC,blocked,,,13812.0,132.0
6,1.0,ISC,blocked,,,13813.0,133.0
6,1.0,ISC,blocked,,,13814.0,134.0
6,1.0,ISC,blocked,,,13815.0,135.0
6,1.0,ISC,blocked,,,13816.0,136.0
6,1.0,ISC,blocked,,,13817.0,137.0
6,1.0,ISC,blocked,,,13818.0,138.0
6,1.0,ISC,blocked,,,13819.0,139.0
6,1.0,ISC,blocked,,,13820.0,140.0
6,1.0,ISC,blocked,,,13821.0,141.0
6,0.0,ISC,blocked,,,13822.0,142.0
6,0.0,ISC,blocked,,,13823.0,143.0
6,0.0,ISC,blocked,,,13824.0,144.0
6,0.0,ISC,blocked,,,13825.0,145.0
6,0.0,ISC,blocked,,,13826.0,146.0
6,1.0,ISC,blocked,,,13827.0,147.0
6,1.0,ISC,blocked,,,13828.0,148.0
6,1.0,ISC,blocked,,,13829.0,149.0
6,1.0,ISC,blocked,,,13830.0,150.0
6,1.0,ISC,blocked,,,13831.0,151.0
6,1.0,ISC,blocked,,,13832.0,152.0
6,1.0,ISC,blocked,,,13833.0,153.0
6,1.0,ISC,blocked,,,13834.0,154.0
6,0.0,ISC,blocked,,,13835.0,155.0
6,1.0,ISC,blocked,,,13836.0,156.0
6,1.0,ISC,blocked,,,13837.0,157.0
6,1.0,ISC,blocked,,,13838.0,158.0
6,1.0,ISC,blocked,,,13839.0,159.0
6,1.0,ISC,blocked,,,13840.0,160.0
6,0.0,ISC,blocked,,,13841.0,161.0
6,0.0,ISC,blocked,,,13842.0,162.0
6,0.0,ISC,blocked,,,13843.0,163.0
6,0.0,ISC,blocked,,,13844.0,164.0
6,0.0,ISC,blocked,,,13845.0,165.0
6,1.0,ISC,blocked,,,13846.0,166.0
6,1.0,ISC,blocked,,,13847.0,167.0
6,1.0,ISC,blocked,,,13848.0,168.0
6,1.0,ISC,blocked,,,13849.0,169.0
6,1.0,ISC,blocked,,,13850.0,170.0
6,1.0,ISC,blocked,,,13851.0,171.0
6,1.0,ISC,blocked,,,13852.0,172.0
6,0.0,ISC,blocked,,,13853.0,173.0
6,1.0,ISC,blocked,,,13854.0,174.0
6,1.0,ISC,blocked,,,13855.0,175.0
6,1.0,ISC,blocked,,,13856.0,176.0
6,1.0,ISC,blocked,,,13857.0,177.0
6,1.0,ISC,blocked,,,13858.0,178.0
6,1.0,ISC,blocked,,,13859.0,179.0
6,0.0,ISC,blocked,,,13860.0,180.0
6,0.0,ISC,blocked,,,13861.0,181.0
6,0.0,ISC,blocked,,,13862.0,182.0
6,0.0,ISC,blocked,,,13863.0,183.0
6,0.0,ISC,blocked,,,13864.0,184.0
6,1.0,ISC,blocked,,,13865.0,185.0
6,1.0,ISC,blocked,,,13866.0,186.0
6,1.0,ISC,blocked,,,13867.0,187.0
6,1.0,ISC,blocked,,,13868.0,188.0
6,1.0,ISC,blocked,,,13869.0,189.0
6,1.0,ISC,blocked,,,13870.0,190.0
6,1.0,ISC,blocked,,,13871.0,191.0
6,1.0,ISC,blocked,,,13872.0,192.0
6,1.0,ISC,blocked,,,13873.0,193.0
6,1.0,ISC,blocked,,,13874.0,194.0
6,1.0,ISC,blocked,,,13875.0,195.0
6,1.0,ISC,blocked,,,13876.0,196.0
6,1.0,ISC,blocked,,,13877.0,197.0
6,1.0,ISC,blocked,,,13878.0,198.0
6,1.0,ISC,blocked,,,13879.0,199.0
6,1.0,ISC,blocked,,,13880.0,200.0
6,1.0,ISC,blocked,,,13881.0,201.0
6,1.0,ISC,blocked,,,13882.0,202.0
6,1.0,ISC,blocked,,,13883.0,203.0
6,0.0,ISC,blocked,,,13884.0,204.0
6,0.0,ISC,blocked,,,13885.0,205.0
6,0.0,ISC,blocked,,,13886.0,206.0
6,0.0,ISC,blocked,,,13887.0,207.0
6,0.0,ISC,blocked,,,13888.0,208.0
6,1.0,ISC,blocked,,,13889.0,209.0
6,1.0,ISC,blocked,,,13890.0,210.0
6,1.0,ISC,blocked,,,13891.0,211.0
6,1.0,ISC,blocked,,,13892.0,212.0
6,1.0,ISC,blocked,,,13893.0,213.0
6,1.0,ISC,blocked,,,13894.0,214.0
6,1.0,ISC,blocked,,,13895.0,215.0
6,1.0,ISC,blocked,,,13896.0,216.0
6,1.0,ISC,blocked,,,13897.0,217.0
6,1.0,ISC,blocked,,,13898.0,218.0
6,1.0,ISC,blocked,,,13899.0,219.0
6,1.0,ISC,blocked,,,13900.0,220.0
6,1.0,ISC,blocked,,,13901.0,221.0
6,1.0,ISC,blocked,,,13902.0,222.0
6,1.0,ISC,blocked,,,13903.0,223.0
6,0.0,ISC,blocked,,,13904.0,224.0
6,0.0,ISC,blocked,,,13905.0,225.0
6,0.0,ISC,blocked,,,13906.0,226.0
6,0.0,ISC,blocked,,,13907.0,227.0
6,1.0,ISC,blocked,,,13908.0,228.0
6,1.0,ISC,blocked,,,13909.0,229.0
6,1.0,ISC,blocked,,,13910.0,230.0
6,1.0,ISC,blocked,,,13911.0,231.0
6,1.0,ISC,blocked,,,13912.0,232.0
6,1.0,ISC,blocked,,,13913.0,233.0
6,1.0,ISC,blocked,,,13914.0,234.0
6,1.0,ISC,blocked,,,13915.0,235.0
6,1.0,ISC,blocked,,,13916.0,236.0
6,1.0,ISC,blocked,,,13917.0,237.0
6,1.0,ISC,blocked,,,13918.0,238.0
6,1.0,ISC,blocked,,,13919.0,239.0
6,1.0,ISC,blocked,,,13920.0,240.0
6,1.0,ISC,blocked,,,13921.0,241.0
6,0.0,ISC,blocked,,,13922.0,242.0
6,0.0,ISC,blocked,,,13923.0,243.0
6,0.0,ISC,blocked,,,13924.0,244.0
6,0.0,ISC,blocked,,,13925.0,245.0
6,0.0,ISC,blocked,,,13926.0,246.0
6,1.0,ISC,blocked,,,13927.0,247.0
6,1.0,ISC,blocked,,,13928.0,248.0
6,1.0,ISC,blocked,,,13929.0,249.0
6,1.0,ISC,blocked,,,13930.0,250.0
6,1.0,ISC,blocked,,,13931.0,251.0
6,1.0,ISC,blocked,,,13932.0,252.0
6,1.0,ISC,blocked,,,13933.0,253.0
6,1.0,ISC,blocked,,,13934.0,254.0
6,1.0,ISC,blocked,,,13935.0,255.0
6,1.0,ISC,blocked,,,13936.0,256.0
6,1.0,ISC,blocked,,,13937.0,257.0
6,1.0,ISC,blocked,,,13938.0,258.0
6,1.0,ISC,blocked,,,13939.0,259.0
6,1.0,ISC,blocked,,,13940.0,260.0
6,1.0,ISC,blocked,,,13941.0,261.0
6,0.0,ISC,blocked,,,13942.0,262.0
6,0.0,ISC,blocked,,,13943.0,263.0
6,0.0,ISC,blocked,,,13944.0,264.0
6,0.0,ISC,blocked,,,13945.0,265.0
6,1.0,ISC,blocked,,,13946.0,266.0
6,1.0,ISC,blocked,,,13947.0,267.0
6,1.0,ISC,blocked,,,13948.0,268.0
6,1.0,ISC,blocked,,,13949.0,269.0
6,1.0,ISC,blocked,,,13950.0,270.0
6,1.0,ISC,blocked,,,13951.0,271.0
6,1.0,ISC,blocked,,,13952.0,272.0
6,1.0,ISC,blocked,,,13953.0,273.0
6,1.0,ISC,blocked,,,13954.0,274.0
6,1.0,ISC,blocked,,,13955.0,275.0
6,1.0,ISC,blocked,,,13956.0,276.0
6,1.0,ISC,blocked,,,13957.0,277.0
6,1.0,ISC,blocked,,,13958.0,278.0
6,1.0,ISC,blocked,,,13959.0,279.0
6,1.0,ISC,blocked,,,13960.0,280.0
6,0.0,ISC,blocked,,,13961.0,281.0
6,0.0,ISC,blocked,,,13962.0,282.0
6,0.0,ISC,blocked,,,13963.0,283.0
6,1.0,ISC,blocked,,,13964.0,284.0
6,1.0,ISC,blocked,,,13965.0,285.0
6,1.0,ISC,blocked,,,13966.0,286.0
6,1.0,ISC,blocked,,,13967.0,287.0
6,1.0,ISC,blocked,,,13968.0,288.0
6,1.0,ISC,blocked,,,13969.0,289.0
6,1.0,ISC,blocked,,,13970.0,290.0
6,1.0,ISC,blocked,,,13971.0,291.0
6,1.0,ISC,blocked,,,13972.0,292.0
6,1.0,ISC,blocked,,,13973.0,293.0
6,1.0,ISC,blocked,,,13974.0,294.0
6,1.0,ISC,blocked,,,13975.0,295.0
6,1.0,ISC,blocked,,,13976.0,296.0
6,1.0,ISC,blocked,,,13977.0,297.0
6,1.0,ISC,blocked,,,13978.0,298.0
6,1.0,ISC,blocked,,,13979.0,299.0
6,1.0,ISC,blocked,,,13980.0,300.0
6,1.0,ISC,blocked,,,13981.0,301.0
6,1.0,ISC,blocked,,,13982.0,302.0
6,1.0,ISC,blocked,,,13983.0,303.0
6,1.0,ISC,blocked,,,13984.0,304.0
6,1.0,ISC,blocked,,,13985.0,305.0
6,1.0,ISC,blocked,,,13986.0,306.0
6,1.0,ISC,blocked,,,13987.0,307.0
6,1.0,ISC,blocked,,,13988.0,308.0
6,1.0,ISC,blocked,,,13989.0,309.0
6,1.0,ISC,blocked,,,13990.0,310.0
6,1.0,ISC,blocked,,,13991.0,311.0
6,1.0,ISC,blocked,,,13992.0,312.0
6,1.0,ISC,blocked,,,13993.0,313.0
6,1.0,ISC,blocked,,,13994.0,314.0
6,1.0,ISC,blocked,,,13995.0,315.0
6,1.0,ISC,blocked,,,13996.0,316.0
6,1.0,ISC,blocked,,,13997.0,317.0
6,1.0,ISC,blocked,,,13998.0,318.0
6,1.0,ISC,blocked,,,13999.0,319.0
6,1.0,ISC,blocked,,,14000.0,320.0
6,1.0,ISC,blocked,,,14001.0,321.0
6,1.0,ISC,blocked,,,14002.0,322.0
6,1.0,ISC,blocked,,,14003.0,323.0
6,1.0,ISC,blocked,,,14004.0,324.0
6,1.0,ISC,blocked,,,14005.0,325.0
6,1.0,ISC,blocked,,,14006.0,326.0
6,1.0,ISC,blocked,,,14007.0,327.0
6,1.0,ISC,blocked,,,14008.0,328.0
6,1.0,ISC,blocked,,,14009.0,329.0
6,1.0,ISC,blocked,,,14010.0,330.0
6,1.0,ISC,blocked,,,14011.0,331.0
6,1.0,ISC,blocked,,,14012.0,332.0
6,1.0,ISC,blocked,,,14013.0,333.0
6,1.0,ISC,blocked,,,14014.0,334.0
6,1.0,ISC,blocked,,,14015.0,335.0
6,1.0,ISC,blocked,,,14016.0,336.0
6,1.0,ISC,blocked,,,14017.0,337.0
6,1.0,ISC,blocked,,,14018.0,338.0
6,1.0,ISC,blocked,,,14019.0,339.0
6,1.0,ISC,blocked,,,14020.0,340.0
6,1.0,ISC,blocked,,,14021.0,341.0
6,1.0,ISC,blocked,,,14022.0,342.0
6,1.0,ISC,blocked,,,14023.0,343.0
6,1.0,ISC,blocked,,,14024.0,344.0
6,1.0,ISC,blocked,,,14025.0,345.0
6,1.0,ISC,blocked,,,14026.0,346.0
6,1.0,ISC,blocked,,,14027.0,347.0
6,1.0,ISC,blocked,,,14028.0,348.0
6,1.0,ISC,blocked,,,14029.0,349.0
6,1.0,ISC,blocked,,,14030.0,350.0
6,1.0,ISC,blocked,,,14031.0,351.0
6,1.0,ISC,blocked,,,14032.0,352.0
6,1.0,ISC,blocked,,,14033.0,353.0
6,1.0,ISC,blocked,,,14034.0,354.0
6,1.0,ISC,blocked,,,14035.0,355.0
6,1.0,ISC,blocked,,,14036.0,356.0
6,1.0,ISC,blocked,,,14037.0,357.0
6,1.0,ISC,blocked,,,14038.0,358.0
6,1.0,ISC,blocked,,,14039.0,359.0
6,1.0,ISC,blocked,,,14040.0,360.0
6,1.0,ISC,blocked,,,14041.0,361.0
6,1.0,ISC,blocked,,,14042.0,362.0
6,1.0,ISC,blocked,,,14043.0,363.0
6,1.0,ISC,blocked,,,14044.0,364.0
6,1.0,ISC,blocked,,,14045.0,365.0
6,1.0,ISC,blocked,,,14046.0,366.0
6,1.0,ISC,blocked,,,14047.0,367.0
6,1.0,ISC,blocked,,,14048.0,368.0
6,1.0,ISC,blocked,,,14049.0,369.0
6,1.0,ISC,blocked,,,14050.0,370.0
6,1.0,ISC,blocked,,,14051.0,371.0
6,1.0,ISC,blocked,,,14052.0,372.0
6,1.0,ISC,blocked,,,14053.0,373.0
6,1.0,ISC,blocked,,,14054.0,374.0
6,1.0,ISC,blocked,,,14055.0,375.0
6,1.0,ISC,blocked,,,14056.0,376.0
6,1.0,ISC,blocked,,,14057.0,377.0
6,1.0,ISC,blocked,,,14058.0,378.0
6,1.0,ISC,blocked,,,14059.0,379.0
7,1.0,ISC,blocked,,,14060.0,0.0
7,1.0,ISC,blocked,,,14061.0,1.0
7,1.0,ISC,blocked,,,14062.0,2.0
7,1.0,ISC,blocked,,,14063.0,3.0
7,1.0,ISC,blocked,,,14064.0,4.0
7,1.0,ISC,blocked,,,14065.0,5.0
7,0.0,ISC,blocked,,,14066.0,6.0
7,0.0,ISC,blocked,,,14067.0,7.0
7,1.0,ISC,blocked,,,14068.0,8.0
7,1.0,ISC,blocked,,,14069.0,9.0
7,1.0,ISC,blocked,,,14070.0,10.0
7,1.0,ISC,blocked,,,14071.0,11.0
7,1.0,ISC,blocked,,,14072.0,12.0
7,1.0,ISC,blocked,,,14073.0,13.0
7,0.0,ISC,blocked,,,14074.0,14.0
7,0.0,ISC,blocked,,,14075.0,15.0
7,0.0,ISC,blocked,,,14076.0,16.0
7,0.0,ISC,blocked,,,14077.0,17.0
7,0.0,ISC,blocked,,,14078.0,18.0
7,1.0,ISC,blocked,,,14079.0,19.0
7,1.0,ISC,blocked,,,14080.0,20.0
7,1.0,ISC,blocked,,,14081.0,21.0
7,1.0,ISC,blocked,,,14082.0,22.0
7,1.0,ISC,blocked,,,14083.0,23.0
7,1.0,ISC,blocked,,,14084.0,24.0
7,0.0,ISC,blocked,,,14085.0,25.0
7,0.0,ISC,blocked,,,14086.0,26.0
7,1.0,ISC,blocked,,,14087.0,27.0
7,1.0,ISC,blocked,,,14088.0,28.0
7,1.0,ISC,blocked,,,14089.0,29.0
7,1.0,ISC,blocked,,,14090.0,30.0
7,1.0,ISC,blocked,,,14091.0,31.0
7,1.0,ISC,blocked,,,14092.0,32.0
7,0.0,ISC,blocked,,,14093.0,33.0
7,0.0,ISC,blocked,,,14094.0,34.0
7,0.0,ISC,blocked,,,14095.0,35.0
7,0.0,ISC,blocked,,,14096.0,36.0
7,0.0,ISC,blocked,,,14097.0,37.0
7,1.0,ISC,blocked,,,14098.0,38.0
7,1.0,ISC,blocked,,,14099.0,39.0
7,1.0,ISC,blocked,,,14100.0,40.0
7,1.0,ISC,blocked,,,14101.0,41.0
7,1.0,ISC,blocked,,,14102.0,42.0
7,1.0,ISC,blocked,,,14103.0,43.0
7,1.0,ISC,blocked,,,14104.0,44.0
7,0.0,ISC,blocked,,,14105.0,45.0
7,1.0,ISC,blocked,,,14106.0,46.0
7,1.0,ISC,blocked,,,14107.0,47.0
7,1.0,ISC,blocked,,,14108.0,48.0
7,1.0,ISC,blocked,,,14109.0,49.0
7,1.0,ISC,blocked,,,14110.0,50.0
7,1.0,ISC,blocked,,,14111.0,51.0
7,0.0,ISC,blocked,,,14112.0,52.0
7,0.0,ISC,blocked,,,14113.0,53.0
7,0.0,ISC,blocked,,,14114.0,54.0
7,0.0,ISC,blocked,,,14115.0,55.0
7,0.0,ISC,blocked,,,14116.0,56.0
7,1.0,ISC,blocked,,,14117.0,57.0
7,1.0,ISC,blocked,,,14118.0,58.0
7,1.0,ISC,blocked,,,14119.0,59.0
7,1.0,ISC,blocked,,,14120.0,60.0
7,1.0,ISC,blocked,,,14121.0,61.0
7,1.0,ISC,blocked,,,14122.0,62.0
7,1.0,ISC,blocked,,,14123.0,63.0
7,0.0,ISC,blocked,,,14124.0,64.0
7,0.0,ISC,blocked,,,14125.0,65.0
7,1.0,ISC,blocked,,,14126.0,66.0
7,1.0,ISC,blocked,,,14127.0,67.0
7,1.0,ISC,blocked,,,14128.0,68.0
7,1.0,ISC,blocked,,,14129.0,69.0
7,1.0,ISC,blocked,,,14130.0,70.0
7,0.0,ISC,blocked,,,14131.0,71.0
7,0.0,ISC,blocked,,,14132.0,72.0
7,0.0,ISC,blocked,,,14133.0,73.0
7,0.0,ISC,blocked,,,14134.0,74.0
7,0.0,ISC,blocked,,,14135.0,75.0
7,1.0,ISC,blocked,,,14136.0,76.0
7,1.0,ISC,blocked,,,14137.0,77.0
7,1.0,ISC,blocked,,,14138.0,78.0
7,1.0,ISC,blocked,,,14139.0,79.0
7,0.0,ISC,blocked,,,14140.0,80.0
7,1.0,ISC,blocked,,,14141.0,81.0
7,0.0,ISC,blocked,,,14142.0,82.0
7,0.0,ISC,blocked,,,14143.0,83.0
7,0.0,ISC,blocked,,,14144.0,84.0
7,1.0,ISC,blocked,,,14145.0,85.0
7,1.0,ISC,blocked,,,14146.0,86.0
7,1.0,ISC,blocked,,,14147.0,87.0
7,1.0,ISC,blocked,,,14148.0,88.0
7,1.0,ISC,blocked,,,14149.0,89.0
7,0.0,ISC,blocked,,,14150.0,90.0
7,0.0,ISC,blocked,,,14151.0,91.0
7,0.0,ISC,blocked,,,14152.0,92.0
7,0.0,ISC,blocked,,,14153.0,93.0
7,0.0,ISC,blocked,,,14154.0,94.0
7,0.0,ISC,blocked,,,14155.0,95.0
7,0.0,ISC,blocked,,,14156.0,96.0
7,0.0,ISC,blocked,,,14157.0,97.0
7,0.0,ISC,blocked,,,14158.0,98.0
7,1.0,ISC,blocked,,,14159.0,99.0
7,1.0,ISC,blocked,,,14160.0,100.0
7,1.0,ISC,blocked,,,14161.0,101.0
7,1.0,ISC,blocked,,,14162.0,102.0
7,1.0,ISC,blocked,,,14163.0,103.0
7,0.0,ISC,blocked,,,14164.0,104.0
7,0.0,ISC,blocked,,,14165.0,105.0
7,0.0,ISC,blocked,,,14166.0,106.0
7,0.0,ISC,blocked,,,14167.0,107.0
7,0.0,ISC,blocked,,,14168.0,108.0
7,1.0,ISC,blocked,,,14169.0,109.0
7,1.0,ISC,blocked,,,14170.0,110.0
7,1.0,ISC,blocked,,,14171.0,111.0
7,1.0,ISC,blocked,,,14172.0,112.0
7,1.0,ISC,blocked,,,14173.0,113.0
7,0.0,ISC,blocked,,,14174.0,114.0
7,0.0,ISC,blocked,,,14175.0,115.0
7,0.0,ISC,blocked,,,14176.0,116.0
7,0.0,ISC,blocked,,,14177.0,117.0
7,0.0,ISC,blocked,,,14178.0,118.0
7,1.0,ISC,blocked,,,14179.0,119.0
7,1.0,ISC,blocked,,,14180.0,120.0
7,1.0,ISC,blocked,,,14181.0,121.0
7,1.0,ISC,blocked,,,14182.0,122.0
7,0.0,ISC,blocked,,,14183.0,123.0
7,0.0,ISC,blocked,,,14184.0,124.0
7,0.0,ISC,blocked,,,14185.0,125.0
7,0.0,ISC,blocked,,,14186.0,126.0
7,0.0,ISC,blocked,,,14187.0,127.0
7,1.0,ISC,blocked,,,14188.0,128.0
7,1.0,ISC,blocked,,,14189.0,129.0
7,1.0,ISC,blocked,,,14190.0,130.0
7,1.0,ISC,blocked,,,14191.0,131.0
7,1.0,ISC,blocked,,,14192.0,132.0
7,1.0,ISC,blocked,,,14193.0,133.0
7,1.0,ISC,blocked,,,14194.0,134.0
7,0.0,ISC,blocked,,,14195.0,135.0
7,0.0,ISC,blocked,,,14196.0,136.0
7,1.0,ISC,blocked,,,14197.0,137.0
7,1.0,ISC,blocked,,,14198.0,138.0
7,1.0,ISC,blocked,,,14199.0,139.0
7,1.0,ISC,blocked,,,14200.0,140.0
7,1.0,ISC,blocked,,,14201.0,141.0
7,0.0,ISC,blocked,,,14202.0,142.0
7,0.0,ISC,blocked,,,14203.0,143.0
7,0.0,ISC,blocked,,,14204.0,144.0
7,0.0,ISC,blocked,,,14205.0,145.0
7,0.0,ISC,blocked,,,14206.0,146.0
7,1.0,ISC,blocked,,,14207.0,147.0
7,1.0,ISC,blocked,,,14208.0,148.0
7,1.0,ISC,blocked,,,14209.0,149.0
7,1.0,ISC,blocked,,,14210.0,150.0
7,1.0,ISC,blocked,,,14211.0,151.0
7,1.0,ISC,blocked,,,14212.0,152.0
7,1.0,ISC,blocked,,,14213.0,153.0
7,1.0,ISC,blocked,,,14214.0,154.0
7,1.0,ISC,blocked,,,14215.0,155.0
7,1.0,ISC,blocked,,,14216.0,156.0
7,1.0,ISC,blocked,,,14217.0,157.0
7,1.0,ISC,blocked,,,14218.0,158.0
7,1.0,ISC,blocked,,,14219.0,159.0
7,1.0,ISC,blocked,,,14220.0,160.0
7,0.0,ISC,blocked,,,14221.0,161.0
7,0.0,ISC,blocked,,,14222.0,162.0
7,0.0,ISC,blocked,,,14223.0,163.0
7,0.0,ISC,blocked,,,14224.0,164.0
7,0.0,ISC,blocked,,,14225.0,165.0
7,1.0,ISC,blocked,,,14226.0,166.0
7,1.0,ISC,blocked,,,14227.0,167.0
7,1.0,ISC,blocked,,,14228.0,168.0
7,1.0,ISC,blocked,,,14229.0,169.0
7,1.0,ISC,blocked,,,14230.0,170.0
7,0.0,ISC,blocked,,,14231.0,171.0
7,0.0,ISC,blocked,,,14232.0,172.0
7,0.0,ISC,blocked,,,14233.0,173.0
7,1.0,ISC,blocked,,,14234.0,174.0
7,1.0,ISC,blocked,,,14235.0,175.0
7,1.0,ISC,blocked,,,14236.0,176.0
7,1.0,ISC,blocked,,,14237.0,177.0
7,1.0,ISC,blocked,,,14238.0,178.0
7,1.0,ISC,blocked,,,14239.0,179.0
7,0.0,ISC,blocked,,,14240.0,180.0
7,0.0,ISC,blocked,,,14241.0,181.0
7,0.0,ISC,blocked,,,14242.0,182.0
7,0.0,ISC,blocked,,,14243.0,183.0
7,0.0,ISC,blocked,,,14244.0,184.0
7,1.0,ISC,blocked,,,14245.0,185.0
7,1.0,ISC,blocked,,,14246.0,186.0
7,1.0,ISC,blocked,,,14247.0,187.0
7,1.0,ISC,blocked,,,14248.0,188.0
7,1.0,ISC,blocked,,,14249.0,189.0
7,1.0,ISC,blocked,,,14250.0,190.0
7,1.0,ISC,blocked,,,14251.0,191.0
7,1.0,ISC,blocked,,,14252.0,192.0
7,1.0,ISC,blocked,,,14253.0,193.0
7,1.0,ISC,blocked,,,14254.0,194.0
7,1.0,ISC,blocked,,,14255.0,195.0
7,1.0,ISC,blocked,,,14256.0,196.0
7,1.0,ISC,blocked,,,14257.0,197.0
7,1.0,ISC,blocked,,,14258.0,198.0
7,1.0,ISC,blocked,,,14259.0,199.0
7,1.0,ISC,blocked,,,14260.0,200.0
7,1.0,ISC,blocked,,,14261.0,201.0
7,1.0,ISC,blocked,,,14262.0,202.0
7,1.0,ISC,blocked,,,14263.0,203.0
7,1.0,ISC,blocked,,,14264.0,204.0
7,1.0,ISC,blocked,,,14265.0,205.0
7,1.0,ISC,blocked,,,14266.0,206.0
7,1.0,ISC,blocked,,,14267.0,207.0
7,1.0,ISC,blocked,,,14268.0,208.0
7,1.0,ISC,blocked,,,14269.0,209.0
7,1.0,ISC,blocked,,,14270.0,210.0
7,1.0,ISC,blocked,,,14271.0,211.0
7,1.0,ISC,blocked,,,14272.0,212.0
7,1.0,ISC,blocked,,,14273.0,213.0
7,1.0,ISC,blocked,,,14274.0,214.0
7,1.0,ISC,blocked,,,14275.0,215.0
7,1.0,ISC,blocked,,,14276.0,216.0
7,1.0,ISC,blocked,,,14277.0,217.0
7,1.0,ISC,blocked,,,14278.0,218.0
7,1.0,ISC,blocked,,,14279.0,219.0
7,1.0,ISC,blocked,,,14280.0,220.0
7,1.0,ISC,blocked,,,14281.0,221.0
7,1.0,ISC,blocked,,,14282.0,222.0
7,1.0,ISC,blocked,,,14283.0,223.0
7,1.0,ISC,blocked,,,14284.0,224.0
7,1.0,ISC,blocked,,,14285.0,225.0
7,1.0,ISC,blocked,,,14286.0,226.0
7,1.0,ISC,blocked,,,14287.0,227.0
7,1.0,ISC,blocked,,,14288.0,228.0
7,1.0,ISC,blocked,,,14289.0,229.0
7,1.0,ISC,blocked,,,14290.0,230.0
7,1.0,ISC,blocked,,,14291.0,231.0
7,1.0,ISC,blocked,,,14292.0,232.0
7,1.0,ISC,blocked,,,14293.0,233.0
7,1.0,ISC,blocked,,,14294.0,234.0
7,1.0,ISC,blocked,,,14295.0,235.0
7,1.0,ISC,blocked,,,14296.0,236.0
7,1.0,ISC,blocked,,,14297.0,237.0
7,1.0,ISC,blocked,,,14298.0,238.0
7,1.0,ISC,blocked,,,14299.0,239.0
7,1.0,ISC,blocked,,,14300.0,240.0
7,1.0,ISC,blocked,,,14301.0,241.0
7,1.0,ISC,blocked,,,14302.0,242.0
7,1.0,ISC,blocked,,,14303.0,243.0
7,1.0,ISC,blocked,,,14304.0,244.0
7,1.0,ISC,blocked,,,14305.0,245.0
7,1.0,ISC,blocked,,,14306.0,246.0
7,1.0,ISC,blocked,,,14307.0,247.0
7,1.0,ISC,blocked,,,14308.0,248.0
7,1.0,ISC,blocked,,,14309.0,249.0
7,1.0,ISC,blocked,,,14310.0,250.0
7,1.0,ISC,blocked,,,14311.0,251.0
7,1.0,ISC,blocked,,,14312.0,252.0
7,1.0,ISC,blocked,,,14313.0,253.0
7,1.0,ISC,blocked,,,14314.0,254.0
7,1.0,ISC,blocked,,,14315.0,255.0
7,1.0,ISC,blocked,,,14316.0,256.0
7,1.0,ISC,blocked,,,14317.0,257.0
7,1.0,ISC,blocked,,,14318.0,258.0
7,1.0,ISC,blocked,,,14319.0,259.0
7,1.0,ISC,blocked,,,14320.0,260.0
7,1.0,ISC,blocked,,,14321.0,261.0
7,1.0,ISC,blocked,,,14322.0,262.0
7,1.0,ISC,blocked,,,14323.0,263.0
7,1.0,ISC,blocked,,,14324.0,264.0
7,1.0,ISC,blocked,,,14325.0,265.0
7,1.0,ISC,blocked,,,14326.0,266.0
7,1.0,ISC,blocked,,,14327.0,267.0
7,1.0,ISC,blocked,,,14328.0,268.0
7,1.0,ISC,blocked,,,14329.0,269.0
7,1.0,ISC,blocked,,,14330.0,270.0
7,1.0,ISC,blocked,,,14331.0,271.0
7,1.0,ISC,blocked,,,14332.0,272.0
7,1.0,ISC,blocked,,,14333.0,273.0
7,1.0,ISC,blocked,,,14334.0,274.0
7,1.0,ISC,blocked,,,14335.0,275.0
7,1.0,ISC,blocked,,,14336.0,276.0
7,1.0,ISC,blocked,,,14337.0,277.0
7,1.0,ISC,blocked,,,14338.0,278.0
7,1.0,ISC,blocked,,,14339.0,279.0
7,1.0,ISC,blocked,,,14340.0,280.0
7,1.0,ISC,blocked,,,14341.0,281.0
7,1.0,ISC,blocked,,,14342.0,282.0
7,1.0,ISC,blocked,,,14343.0,283.0
7,1.0,ISC,blocked,,,14344.0,284.0
7,1.0,ISC,blocked,,,14345.0,285.0
7,1.0,ISC,blocked,,,14346.0,286.0
7,1.0,ISC,blocked,,,14347.0,287.0
7,1.0,ISC,blocked,,,14348.0,288.0
7,1.0,ISC,blocked,,,14349.0,289.0
7,1.0,ISC,blocked,,,14350.0,290.0
7,1.0,ISC,blocked,,,14351.0,291.0
7,1.0,ISC,blocked,,,14352.0,292.0
7,1.0,ISC,blocked,,,14353.0,293.0
7,1.0,ISC,blocked,,,14354.0,294.0
7,1.0,ISC,blocked,,,14355.0,295.0
7,1.0,ISC,blocked,,,14356.0,296.0
7,0.0,ISC,blocked,,,14357.0,297.0
7,1.0,ISC,blocked,,,14358.0,298.0
7,1.0,ISC,blocked,,,14359.0,299.0
7,1.0,ISC,blocked,,,14360.0,300.0
7,1.0,ISC,blocked,,,14361.0,301.0
7,1.0,ISC,blocked,,,14362.0,302.0
7,1.0,ISC,blocked,,,14363.0,303.0
7,1.0,ISC,blocked,,,14364.0,304.0
7,1.0,ISC,blocked,,,14365.0,305.0
7,1.0,ISC,blocked,,,14366.0,306.0
7,1.0,ISC,blocked,,,14367.0,307.0
7,1.0,ISC,blocked,,,14368.0,308.0
7,1.0,ISC,blocked,,,14369.0,309.0
7,1.0,ISC,blocked,,,14370.0,310.0
7,1.0,ISC,blocked,,,14371.0,311.0
7,1.0,ISC,blocked,,,14372.0,312.0
7,1.0,ISC,blocked,,,14373.0,313.0
7,1.0,ISC,blocked,,,14374.0,314.0
7,0.0,ISC,blocked,,,14375.0,315.0
7,0.0,ISC,blocked,,,14376.0,316.0
7,1.0,ISC,blocked,,,14377.0,317.0
7,1.0,ISC,blocked,,,14378.0,318.0
7,1.0,ISC,blocked,,,14379.0,319.0
7,1.0,ISC,blocked,,,14380.0,320.0
7,1.0,ISC,blocked,,,14381.0,321.0
7,1.0,ISC,blocked,,,14382.0,322.0
7,1.0,ISC,blocked,,,14383.0,323.0
7,1.0,ISC,blocked,,,14384.0,324.0
7,1.0,ISC,blocked,,,14385.0,325.0
7,1.0,ISC,blocked,,,14386.0,326.0
7,1.0,ISC,blocked,,,14387.0,327.0
7,1.0,ISC,blocked,,,14388.0,328.0
7,1.0,ISC,blocked,,,14389.0,329.0
7,1.0,ISC,blocked,,,14390.0,330.0
7,1.0,ISC,blocked,,,14391.0,331.0
7,1.0,ISC,blocked,,,14392.0,332.0
7,1.0,ISC,blocked,,,14393.0,333.0
7,1.0,ISC,blocked,,,14394.0,334.0
7,0.0,ISC,blocked,,,14395.0,335.0
7,0.0,ISC,blocked,,,14396.0,336.0
7,1.0,ISC,blocked,,,14397.0,337.0
7,1.0,ISC,blocked,,,14398.0,338.0
7,1.0,ISC,blocked,,,14399.0,339.0
7,1.0,ISC,blocked,,,14400.0,340.0
7,1.0,ISC,blocked,,,14401.0,341.0
7,1.0,ISC,blocked,,,14402.0,342.0
7,1.0,ISC,blocked,,,14403.0,343.0
7,1.0,ISC,blocked,,,14404.0,344.0
7,1.0,ISC,blocked,,,14405.0,345.0
7,1.0,ISC,blocked,,,14406.0,346.0
7,1.0,ISC,blocked,,,14407.0,347.0
7,1.0,ISC,blocked,,,14408.0,348.0
7,1.0,ISC,blocked,,,14409.0,349.0
7,1.0,ISC,blocked,,,14410.0,350.0
7,1.0,ISC,blocked,,,14411.0,351.0
7,1.0,ISC,blocked,,,14412.0,352.0
7,1.0,ISC,blocked,,,14413.0,353.0
7,0.0,ISC,blocked,,,14414.0,354.0
7,1.0,ISC,blocked,,,14415.0,355.0
7,1.0,ISC,blocked,,,14416.0,356.0
7,1.0,ISC,blocked,,,14417.0,357.0
7,1.0,ISC,blocked,,,14418.0,358.0
7,1.0,ISC,blocked,,,14419.0,359.0
7,1.0,ISC,blocked,,,14420.0,360.0
7,1.0,ISC,blocked,,,14421.0,361.0
7,1.0,ISC,blocked,,,14422.0,362.0
7,1.0,ISC,blocked,,,14423.0,363.0
7,1.0,ISC,blocked,,,14424.0,364.0
7,1.0,ISC,blocked,,,14425.0,365.0
7,1.0,ISC,blocked,,,14426.0,366.0
7,1.0,ISC,blocked,,,14427.0,367.0
7,1.0,ISC,blocked,,,14428.0,368.0
7,1.0,ISC,blocked,,,14429.0,369.0
7,1.0,ISC,blocked,,,14430.0,370.0
7,0.0,ISC,blocked,,,14431.0,371.0
7,0.0,ISC,blocked,,,14432.0,372.0
7,0.0,ISC,blocked,,,14433.0,373.0
7,0.0,ISC,blocked,,,14434.0,374.0
7,1.0,ISC,blocked,,,14435.0,375.0
7,1.0,ISC,blocked,,,14436.0,376.0
7,1.0,ISC,blocked,,,14437.0,377.0
7,1.0,ISC,blocked,,,14438.0,378.0
7,1.0,ISC,blocked,,,14439.0,379.0
8,1.0,ISC,blocked,,,14440.0,0.0
8,1.0,ISC,blocked,,,14441.0,1.0
8,1.0,ISC,blocked,,,14442.0,2.0
8,1.0,ISC,blocked,,,14443.0,3.0
8,1.0,ISC,blocked,,,14444.0,4.0
8,1.0,ISC,blocked,,,14445.0,5.0
8,1.0,ISC,blocked,,,14446.0,6.0
8,1.0,ISC,blocked,,,14447.0,7.0
8,1.0,ISC,blocked,,,14448.0,8.0
8,1.0,ISC,blocked,,,14449.0,9.0
8,1.0,ISC,blocked,,,14450.0,10.0
8,1.0,ISC,blocked,,,14451.0,11.0
8,1.0,ISC,blocked,,,14452.0,12.0
8,1.0,ISC,blocked,,,14453.0,13.0
8,0.0,ISC,blocked,,,14454.0,14.0
8,0.0,ISC,blocked,,,14455.0,15.0
8,0.0,ISC,blocked,,,14456.0,16.0
8,0.0,ISC,blocked,,,14457.0,17.0
8,0.0,ISC,blocked,,,14458.0,18.0
8,1.0,ISC,blocked,,,14459.0,19.0
8,1.0,ISC,blocked,,,14460.0,20.0
8,1.0,ISC,blocked,,,14461.0,21.0
8,1.0,ISC,blocked,,,14462.0,22.0
8,1.0,ISC,blocked,,,14463.0,23.0
8,1.0,ISC,blocked,,,14464.0,24.0
8,1.0,ISC,blocked,,,14465.0,25.0
8,1.0,ISC,blocked,,,14466.0,26.0
8,1.0,ISC,blocked,,,14467.0,27.0
8,1.0,ISC,blocked,,,14468.0,28.0
8,1.0,ISC,blocked,,,14469.0,29.0
8,1.0,ISC,blocked,,,14470.0,30.0
8,1.0,ISC,blocked,,,14471.0,31.0
8,1.0,ISC,blocked,,,14472.0,32.0
8,0.0,ISC,blocked,,,14473.0,33.0
8,0.0,ISC,blocked,,,14474.0,34.0
8,0.0,ISC,blocked,,,14475.0,35.0
8,0.0,ISC,blocked,,,14476.0,36.0
8,0.0,ISC,blocked,,,14477.0,37.0
8,1.0,ISC,blocked,,,14478.0,38.0
8,1.0,ISC,blocked,,,14479.0,39.0
8,1.0,ISC,blocked,,,14480.0,40.0
8,1.0,ISC,blocked,,,14481.0,41.0
8,1.0,ISC,blocked,,,14482.0,42.0
8,1.0,ISC,blocked,,,14483.0,43.0
8,1.0,ISC,blocked,,,14484.0,44.0
8,1.0,ISC,blocked,,,14485.0,45.0
8,1.0,ISC,blocked,,,14486.0,46.0
8,1.0,ISC,blocked,,,14487.0,47.0
8,1.0,ISC,blocked,,,14488.0,48.0
8,1.0,ISC,blocked,,,14489.0,49.0
8,1.0,ISC,blocked,,,14490.0,50.0
8,1.0,ISC,blocked,,,14491.0,51.0
8,0.0,ISC,blocked,,,14492.0,52.0
8,0.0,ISC,blocked,,,14493.0,53.0
8,0.0,ISC,blocked,,,14494.0,54.0
8,0.0,ISC,blocked,,,14495.0,55.0
8,0.0,ISC,blocked,,,14496.0,56.0
8,1.0,ISC,blocked,,,14497.0,57.0
8,1.0,ISC,blocked,,,14498.0,58.0
8,1.0,ISC,blocked,,,14499.0,59.0
8,1.0,ISC,blocked,,,14500.0,60.0
8,1.0,ISC,blocked,,,14501.0,61.0
8,1.0,ISC,blocked,,,14502.0,62.0
8,1.0,ISC,blocked,,,14503.0,63.0
8,1.0,ISC,blocked,,,14504.0,64.0
8,1.0,ISC,blocked,,,14505.0,65.0
8,1.0,ISC,blocked,,,14506.0,66.0
8,1.0,ISC,blocked,,,14507.0,67.0
8,1.0,ISC,blocked,,,14508.0,68.0
8,1.0,ISC,blocked,,,14509.0,69.0
8,1.0,ISC,blocked,,,14510.0,70.0
8,0.0,ISC,blocked,,,14511.0,71.0
8,0.0,ISC,blocked,,,14512.0,72.0
8,0.0,ISC,blocked,,,14513.0,73.0
8,0.0,ISC,blocked,,,14514.0,74.0
8,0.0,ISC,blocked,,,14515.0,75.0
8,1.0,ISC,blocked,,,14516.0,76.0
8,1.0,ISC,blocked,,,14517.0,77.0
8,1.0,ISC,blocked,,,14518.0,78.0
8,1.0,ISC,blocked,,,14519.0,79.0
8,1.0,ISC,blocked,,,14520.0,80.0
8,1.0,ISC,blocked,,,14521.0,81.0
8,1.0,ISC,blocked,,,14522.0,82.0
8,1.0,ISC,blocked,,,14523.0,83.0
8,1.0,ISC,blocked,,,14524.0,84.0
8,1.0,ISC,blocked,,,14525.0,85.0
8,1.0,ISC,blocked,,,14526.0,86.0
8,1.0,ISC,blocked,,,14527.0,87.0
8,1.0,ISC,blocked,,,14528.0,88.0
8,1.0,ISC,blocked,,,14529.0,89.0
8,0.0,ISC,blocked,,,14530.0,90.0
8,0.0,ISC,blocked,,,14531.0,91.0
8,0.0,ISC,blocked,,,14532.0,92.0
8,0.0,ISC,blocked,,,14533.0,93.0
8,0.0,ISC,blocked,,,14534.0,94.0
8,0.0,ISC,blocked,,,14535.0,95.0
8,0.0,ISC,blocked,,,14536.0,96.0
8,0.0,ISC,blocked,,,14537.0,97.0
8,0.0,ISC,blocked,,,14538.0,98.0
8,0.0,ISC,blocked,,,14539.0,99.0
8,0.0,ISC,blocked,,,14540.0,100.0
8,1.0,ISC,blocked,,,14541.0,101.0
8,0.0,ISC,blocked,,,14542.0,102.0
8,0.0,ISC,blocked,,,14543.0,103.0
8,0.0,ISC,blocked,,,14544.0,104.0
8,0.0,ISC,blocked,,,14545.0,105.0
8,0.0,ISC,blocked,,,14546.0,106.0
8,0.0,ISC,blocked,,,14547.0,107.0
8,0.0,ISC,blocked,,,14548.0,108.0
8,1.0,ISC,blocked,,,14549.0,109.0
8,1.0,ISC,blocked,,,14550.0,110.0
8,1.0,ISC,blocked,,,14551.0,111.0
8,1.0,ISC,blocked,,,14552.0,112.0
8,1.0,ISC,blocked,,,14553.0,113.0
8,0.0,ISC,blocked,,,14554.0,114.0
8,0.0,ISC,blocked,,,14555.0,115.0
8,0.0,ISC,blocked,,,14556.0,116.0
8,0.0,ISC,blocked,,,14557.0,117.0
8,0.0,ISC,blocked,,,14558.0,118.0
8,0.0,ISC,blocked,,,14559.0,119.0
8,1.0,ISC,blocked,,,14560.0,120.0
8,1.0,ISC,blocked,,,14561.0,121.0
8,1.0,ISC,blocked,,,14562.0,122.0
8,0.0,ISC,blocked,,,14563.0,123.0
8,0.0,ISC,blocked,,,14564.0,124.0
8,0.0,ISC,blocked,,,14565.0,125.0
8,0.0,ISC,blocked,,,14566.0,126.0
8,0.0,ISC,blocked,,,14567.0,127.0
8,1.0,ISC,blocked,,,14568.0,128.0
8,1.0,ISC,blocked,,,14569.0,129.0
8,1.0,ISC,blocked,,,14570.0,130.0
8,1.0,ISC,blocked,,,14571.0,131.0
8,1.0,ISC,blocked,,,14572.0,132.0
8,0.0,ISC,blocked,,,14573.0,133.0
8,0.0,ISC,blocked,,,14574.0,134.0
8,0.0,ISC,blocked,,,14575.0,135.0
8,0.0,ISC,blocked,,,14576.0,136.0
8,0.0,ISC,blocked,,,14577.0,137.0
8,1.0,ISC,blocked,,,14578.0,138.0
8,1.0,ISC,blocked,,,14579.0,139.0
8,1.0,ISC,blocked,,,14580.0,140.0
8,1.0,ISC,blocked,,,14581.0,141.0
8,0.0,ISC,blocked,,,14582.0,142.0
8,0.0,ISC,blocked,,,14583.0,143.0
8,0.0,ISC,blocked,,,14584.0,144.0
8,0.0,ISC,blocked,,,14585.0,145.0
8,0.0,ISC,blocked,,,14586.0,146.0
8,1.0,ISC,blocked,,,14587.0,147.0
8,1.0,ISC,blocked,,,14588.0,148.0
8,1.0,ISC,blocked,,,14589.0,149.0
8,1.0,ISC,blocked,,,14590.0,150.0
8,1.0,ISC,blocked,,,14591.0,151.0
8,0.0,ISC,blocked,,,14592.0,152.0
8,0.0,ISC,blocked,,,14593.0,153.0
8,0.0,ISC,blocked,,,14594.0,154.0
8,0.0,ISC,blocked,,,14595.0,155.0
8,0.0,ISC,blocked,,,14596.0,156.0
8,0.0,ISC,blocked,,,14597.0,157.0
8,1.0,ISC,blocked,,,14598.0,158.0
8,1.0,ISC,blocked,,,14599.0,159.0
8,1.0,ISC,blocked,,,14600.0,160.0
8,0.0,ISC,blocked,,,14601.0,161.0
8,0.0,ISC,blocked,,,14602.0,162.0
8,0.0,ISC,blocked,,,14603.0,163.0
8,0.0,ISC,blocked,,,14604.0,164.0
8,0.0,ISC,blocked,,,14605.0,165.0
8,1.0,ISC,blocked,,,14606.0,166.0
8,1.0,ISC,blocked,,,14607.0,167.0
8,1.0,ISC,blocked,,,14608.0,168.0
8,1.0,ISC,blocked,,,14609.0,169.0
8,1.0,ISC,blocked,,,14610.0,170.0
8,0.0,ISC,blocked,,,14611.0,171.0
8,0.0,ISC,blocked,,,14612.0,172.0
8,0.0,ISC,blocked,,,14613.0,173.0
8,0.0,ISC,blocked,,,14614.0,174.0
8,0.0,ISC,blocked,,,14615.0,175.0
8,0.0,ISC,blocked,,,14616.0,176.0
8,1.0,ISC,blocked,,,14617.0,177.0
8,1.0,ISC,blocked,,,14618.0,178.0
8,1.0,ISC,blocked,,,14619.0,179.0
8,0.0,ISC,blocked,,,14620.0,180.0
8,0.0,ISC,blocked,,,14621.0,181.0
8,0.0,ISC,blocked,,,14622.0,182.0
8,0.0,ISC,blocked,,,14623.0,183.0
8,0.0,ISC,blocked,,,14624.0,184.0
8,1.0,ISC,blocked,,,14625.0,185.0
8,1.0,ISC,blocked,,,14626.0,186.0
8,1.0,ISC,blocked,,,14627.0,187.0
8,1.0,ISC,blocked,,,14628.0,188.0
8,1.0,ISC,blocked,,,14629.0,189.0
8,1.0,ISC,blocked,,,14630.0,190.0
8,1.0,ISC,blocked,,,14631.0,191.0
8,1.0,ISC,blocked,,,14632.0,192.0
8,1.0,ISC,blocked,,,14633.0,193.0
8,1.0,ISC,blocked,,,14634.0,194.0
8,1.0,ISC,blocked,,,14635.0,195.0
8,1.0,ISC,blocked,,,14636.0,196.0
8,1.0,ISC,blocked,,,14637.0,197.0
8,1.0,ISC,blocked,,,14638.0,198.0
8,1.0,ISC,blocked,,,14639.0,199.0
8,1.0,ISC,blocked,,,14640.0,200.0
8,1.0,ISC,blocked,,,14641.0,201.0
8,1.0,ISC,blocked,,,14642.0,202.0
8,1.0,ISC,blocked,,,14643.0,203.0
8,1.0,ISC,blocked,,,14644.0,204.0
8,1.0,ISC,blocked,,,14645.0,205.0
8,1.0,ISC,blocked,,,14646.0,206.0
8,1.0,ISC,blocked,,,14647.0,207.0
8,1.0,ISC,blocked,,,14648.0,208.0
8,1.0,ISC,blocked,,,14649.0,209.0
8,1.0,ISC,blocked,,,14650.0,210.0
8,1.0,ISC,blocked,,,14651.0,211.0
8,1.0,ISC,blocked,,,14652.0,212.0
8,1.0,ISC,blocked,,,14653.0,213.0
8,1.0,ISC,blocked,,,14654.0,214.0
8,1.0,ISC,blocked,,,14655.0,215.0
8,1.0,ISC,blocked,,,14656.0,216.0
8,1.0,ISC,blocked,,,14657.0,217.0
8,1.0,ISC,blocked,,,14658.0,218.0
8,1.0,ISC,blocked,,,14659.0,219.0
8,1.0,ISC,blocked,,,14660.0,220.0
8,1.0,ISC,blocked,,,14661.0,221.0
8,1.0,ISC,blocked,,,14662.0,222.0
8,1.0,ISC,blocked,,,14663.0,223.0
8,1.0,ISC,blocked,,,14664.0,224.0
8,1.0,ISC,blocked,,,14665.0,225.0
8,1.0,ISC,blocked,,,14666.0,226.0
8,1.0,ISC,blocked,,,14667.0,227.0
8,1.0,ISC,blocked,,,14668.0,228.0
8,1.0,ISC,blocked,,,14669.0,229.0
8,1.0,ISC,blocked,,,14670.0,230.0
8,1.0,ISC,blocked,,,14671.0,231.0
8,1.0,ISC,blocked,,,14672.0,232.0
8,1.0,ISC,blocked,,,14673.0,233.0
8,1.0,ISC,blocked,,,14674.0,234.0
8,1.0,ISC,blocked,,,14675.0,235.0
8,1.0,ISC,blocked,,,14676.0,236.0
8,1.0,ISC,blocked,,,14677.0,237.0
8,1.0,ISC,blocked,,,14678.0,238.0
8,1.0,ISC,blocked,,,14679.0,239.0
8,1.0,ISC,blocked,,,14680.0,240.0
8,1.0,ISC,blocked,,,14681.0,241.0
8,1.0,ISC,blocked,,,14682.0,242.0
8,1.0,ISC,blocked,,,14683.0,243.0
8,1.0,ISC,blocked,,,14684.0,244.0
8,1.0,ISC,blocked,,,14685.0,245.0
8,1.0,ISC,blocked,,,14686.0,246.0
8,1.0,ISC,blocked,,,14687.0,247.0
8,1.0,ISC,blocked,,,14688.0,248.0
8,1.0,ISC,blocked,,,14689.0,249.0
8,1.0,ISC,blocked,,,14690.0,250.0
8,1.0,ISC,blocked,,,14691.0,251.0
8,1.0,ISC,blocked,,,14692.0,252.0
8,1.0,ISC,blocked,,,14693.0,253.0
8,1.0,ISC,blocked,,,14694.0,254.0
8,1.0,ISC,blocked,,,14695.0,255.0
8,1.0,ISC,blocked,,,14696.0,256.0
8,1.0,ISC,blocked,,,14697.0,257.0
8,1.0,ISC,blocked,,,14698.0,258.0
8,1.0,ISC,blocked,,,14699.0,259.0
8,1.0,ISC,blocked,,,14700.0,260.0
8,1.0,ISC,blocked,,,14701.0,261.0
8,1.0,ISC,blocked,,,14702.0,262.0
8,1.0,ISC,blocked,,,14703.0,263.0
8,1.0,ISC,blocked,,,14704.0,264.0
8,1.0,ISC,blocked,,,14705.0,265.0
8,1.0,ISC,blocked,,,14706.0,266.0
8,1.0,ISC,blocked,,,14707.0,267.0
8,1.0,ISC,blocked,,,14708.0,268.0
8,1.0,ISC,blocked,,,14709.0,269.0
8,1.0,ISC,blocked,,,14710.0,270.0
8,1.0,ISC,blocked,,,14711.0,271.0
8,1.0,ISC,blocked,,,14712.0,272.0
8,1.0,ISC,blocked,,,14713.0,273.0
8,1.0,ISC,blocked,,,14714.0,274.0
8,1.0,ISC,blocked,,,14715.0,275.0
8,1.0,ISC,blocked,,,14716.0,276.0
8,1.0,ISC,blocked,,,14717.0,277.0
8,1.0,ISC,blocked,,,14718.0,278.0
8,1.0,ISC,blocked,,,14719.0,279.0
8,0.0,ISC,blocked,,,14720.0,280.0
8,1.0,ISC,blocked,,,14721.0,281.0
8,1.0,ISC,blocked,,,14722.0,282.0
8,1.0,ISC,blocked,,,14723.0,283.0
8,1.0,ISC,blocked,,,14724.0,284.0
8,1.0,ISC,blocked,,,14725.0,285.0
8,1.0,ISC,blocked,,,14726.0,286.0
8,1.0,ISC,blocked,,,14727.0,287.0
8,1.0,ISC,blocked,,,14728.0,288.0
8,1.0,ISC,blocked,,,14729.0,289.0
8,1.0,ISC,blocked,,,14730.0,290.0
8,1.0,ISC,blocked,,,14731.0,291.0
8,1.0,ISC,blocked,,,14732.0,292.0
8,1.0,ISC,blocked,,,14733.0,293.0
8,1.0,ISC,blocked,,,14734.0,294.0
8,1.0,ISC,blocked,,,14735.0,295.0
8,1.0,ISC,blocked,,,14736.0,296.0
8,1.0,ISC,blocked,,,14737.0,297.0
8,1.0,ISC,blocked,,,14738.0,298.0
8,1.0,ISC,blocked,,,14739.0,299.0
8,1.0,ISC,blocked,,,14740.0,300.0
8,1.0,ISC,blocked,,,14741.0,301.0
8,1.0,ISC,blocked,,,14742.0,302.0
8,1.0,ISC,blocked,,,14743.0,303.0
8,1.0,ISC,blocked,,,14744.0,304.0
8,1.0,ISC,blocked,,,14745.0,305.0
8,1.0,ISC,blocked,,,14746.0,306.0
8,1.0,ISC,blocked,,,14747.0,307.0
8,1.0,ISC,blocked,,,14748.0,308.0
8,1.0,ISC,blocked,,,14749.0,309.0
8,1.0,ISC,blocked,,,14750.0,310.0
8,1.0,ISC,blocked,,,14751.0,311.0
8,1.0,ISC,blocked,,,14752.0,312.0
8,1.0,ISC,blocked,,,14753.0,313.0
8,1.0,ISC,blocked,,,14754.0,314.0
8,1.0,ISC,blocked,,,14755.0,315.0
8,0.0,ISC,blocked,,,14756.0,316.0
8,1.0,ISC,blocked,,,14757.0,317.0
8,1.0,ISC,blocked,,,14758.0,318.0
8,1.0,ISC,blocked,,,14759.0,319.0
8,1.0,ISC,blocked,,,14760.0,320.0
8,1.0,ISC,blocked,,,14761.0,321.0
8,1.0,ISC,blocked,,,14762.0,322.0
8,1.0,ISC,blocked,,,14763.0,323.0
8,1.0,ISC,blocked,,,14764.0,324.0
8,1.0,ISC,blocked,,,14765.0,325.0
8,1.0,ISC,blocked,,,14766.0,326.0
8,1.0,ISC,blocked,,,14767.0,327.0
8,1.0,ISC,blocked,,,14768.0,328.0
8,1.0,ISC,blocked,,,14769.0,329.0
8,1.0,ISC,blocked,,,14770.0,330.0
8,1.0,ISC,blocked,,,14771.0,331.0
8,1.0,ISC,blocked,,,14772.0,332.0
8,1.0,ISC,blocked,,,14773.0,333.0
8,1.0,ISC,blocked,,,14774.0,334.0
8,1.0,ISC,blocked,,,14775.0,335.0
8,1.0,ISC,blocked,,,14776.0,336.0
8,1.0,ISC,blocked,,,14777.0,337.0
8,1.0,ISC,blocked,,,14778.0,338.0
8,1.0,ISC,blocked,,,14779.0,339.0
8,1.0,ISC,blocked,,,14780.0,340.0
8,1.0,ISC,blocked,,,14781.0,341.0
8,1.0,ISC,blocked,,,14782.0,342.0
8,1.0,ISC,blocked,,,14783.0,343.0
8,1.0,ISC,blocked,,,14784.0,344.0
8,1.0,ISC,blocked,,,14785.0,345.0
8,1.0,ISC,blocked,,,14786.0,346.0
8,1.0,ISC,blocked,,,14787.0,347.0
8,1.0,ISC,blocked,,,14788.0,348.0
8,1.0,ISC,blocked,,,14789.0,349.0
8,1.0,ISC,blocked,,,14790.0,350.0
8,1.0,ISC,blocked,,,14791.0,351.0
8,0.0,ISC,blocked,,,14792.0,352.0
8,0.0,ISC,blocked,,,14793.0,353.0
8,1.0,ISC,blocked,,,14794.0,354.0
8,0.0,ISC,blocked,,,14795.0,355.0
8,1.0,ISC,blocked,,,14796.0,356.0
8,1.0,ISC,blocked,,,14797.0,357.0
8,1.0,ISC,blocked,,,14798.0,358.0
8,1.0,ISC,blocked,,,14799.0,359.0
8,1.0,ISC,blocked,,,14800.0,360.0
8,1.0,ISC,blocked,,,14801.0,361.0
8,1.0,ISC,blocked,,,14802.0,362.0
8,1.0,ISC,blocked,,,14803.0,363.0
8,1.0,ISC,blocked,,,14804.0,364.0
8,1.0,ISC,blocked,,,14805.0,365.0
8,1.0,ISC,blocked,,,14806.0,366.0
8,1.0,ISC,blocked,,,14807.0,367.0
8,1.0,ISC,blocked,,,14808.0,368.0
8,1.0,ISC,blocked,,,14809.0,369.0
8,1.0,ISC,blocked,,,14810.0,370.0
8,1.0,ISC,blocked,,,14811.0,371.0
8,1.0,ISC,blocked,,,14812.0,372.0
8,1.0,ISC,blocked,,,14813.0,373.0
8,1.0,ISC,blocked,,,14814.0,374.0
8,1.0,ISC,blocked,,,14815.0,375.0
8,1.0,ISC,blocked,,,14816.0,376.0
8,1.0,ISC,blocked,,,14817.0,377.0
8,1.0,ISC,blocked,,,14818.0,378.0
8,1.0,ISC,blocked,,,14819.0,379.0
9,1.0,ISC,blocked,,,14820.0,0.0
9,1.0,ISC,blocked,,,14821.0,1.0
9,1.0,ISC,blocked,,,14822.0,2.0
9,1.0,ISC,blocked,,,14823.0,3.0
9,1.0,ISC,blocked,,,14824.0,4.0
9,1.0,ISC,blocked,,,14825.0,5.0
9,1.0,ISC,blocked,,,14826.0,6.0
9,1.0,ISC,blocked,,,14827.0,7.0
9,0.0,ISC,blocked,,,14828.0,8.0
9,1.0,ISC,blocked,,,14829.0,9.0
9,1.0,ISC,blocked,,,14830.0,10.0
9,1.0,ISC,blocked,,,14831.0,11.0
9,1.0,ISC,blocked,,,14832.0,12.0
9,1.0,ISC,blocked,,,14833.0,13.0
9,0.0,ISC,blocked,,,14834.0,14.0
9,0.0,ISC,blocked,,,14835.0,15.0
9,0.0,ISC,blocked,,,14836.0,16.0
9,0.0,ISC,blocked,,,14837.0,17.0
9,0.0,ISC,blocked,,,14838.0,18.0
9,1.0,ISC,blocked,,,14839.0,19.0
9,1.0,ISC,blocked,,,14840.0,20.0
9,1.0,ISC,blocked,,,14841.0,21.0
9,1.0,ISC,blocked,,,14842.0,22.0
9,1.0,ISC,blocked,,,14843.0,23.0
9,1.0,ISC,blocked,,,14844.0,24.0
9,0.0,ISC,blocked,,,14845.0,25.0
9,1.0,ISC,blocked,,,14846.0,26.0
9,0.0,ISC,blocked,,,14847.0,27.0
9,1.0,ISC,blocked,,,14848.0,28.0
9,1.0,ISC,blocked,,,14849.0,29.0
9,1.0,ISC,blocked,,,14850.0,30.0
9,1.0,ISC,blocked,,,14851.0,31.0
9,1.0,ISC,blocked,,,14852.0,32.0
9,0.0,ISC,blocked,,,14853.0,33.0
9,0.0,ISC,blocked,,,14854.0,34.0
9,0.0,ISC,blocked,,,14855.0,35.0
9,0.0,ISC,blocked,,,14856.0,36.0
9,0.0,ISC,blocked,,,14857.0,37.0
9,1.0,ISC,blocked,,,14858.0,38.0
9,1.0,ISC,blocked,,,14859.0,39.0
9,1.0,ISC,blocked,,,14860.0,40.0
9,1.0,ISC,blocked,,,14861.0,41.0
9,1.0,ISC,blocked,,,14862.0,42.0
9,1.0,ISC,blocked,,,14863.0,43.0
9,1.0,ISC,blocked,,,14864.0,44.0
9,1.0,ISC,blocked,,,14865.0,45.0
9,0.0,ISC,blocked,,,14866.0,46.0
9,1.0,ISC,blocked,,,14867.0,47.0
9,1.0,ISC,blocked,,,14868.0,48.0
9,1.0,ISC,blocked,,,14869.0,49.0
9,1.0,ISC,blocked,,,14870.0,50.0
9,1.0,ISC,blocked,,,14871.0,51.0
9,0.0,ISC,blocked,,,14872.0,52.0
9,0.0,ISC,blocked,,,14873.0,53.0
9,0.0,ISC,blocked,,,14874.0,54.0
9,0.0,ISC,blocked,,,14875.0,55.0
9,0.0,ISC,blocked,,,14876.0,56.0
9,1.0,ISC,blocked,,,14877.0,57.0
9,1.0,ISC,blocked,,,14878.0,58.0
9,1.0,ISC,blocked,,,14879.0,59.0
9,1.0,ISC,blocked,,,14880.0,60.0
9,1.0,ISC,blocked,,,14881.0,61.0
9,0.0,ISC,blocked,,,14882.0,62.0
9,0.0,ISC,blocked,,,14883.0,63.0
9,0.0,ISC,blocked,,,14884.0,64.0
9,0.0,ISC,blocked,,,14885.0,65.0
9,1.0,ISC,blocked,,,14886.0,66.0
9,1.0,ISC,blocked,,,14887.0,67.0
9,1.0,ISC,blocked,,,14888.0,68.0
9,1.0,ISC,blocked,,,14889.0,69.0
9,1.0,ISC,blocked,,,14890.0,70.0
9,0.0,ISC,blocked,,,14891.0,71.0
9,0.0,ISC,blocked,,,14892.0,72.0
9,0.0,ISC,blocked,,,14893.0,73.0
9,0.0,ISC,blocked,,,14894.0,74.0
9,0.0,ISC,blocked,,,14895.0,75.0
9,1.0,ISC,blocked,,,14896.0,76.0
9,1.0,ISC,blocked,,,14897.0,77.0
9,1.0,ISC,blocked,,,14898.0,78.0
9,1.0,ISC,blocked,,,14899.0,79.0
9,1.0,ISC,blocked,,,14900.0,80.0
9,1.0,ISC,blocked,,,14901.0,81.0
9,0.0,ISC,blocked,,,14902.0,82.0
9,0.0,ISC,blocked,,,14903.0,83.0
9,0.0,ISC,blocked,,,14904.0,84.0
9,1.0,ISC,blocked,,,14905.0,85.0
9,1.0,ISC,blocked,,,14906.0,86.0
9,1.0,ISC,blocked,,,14907.0,87.0
9,1.0,ISC,blocked,,,14908.0,88.0
9,1.0,ISC,blocked,,,14909.0,89.0
9,0.0,ISC,blocked,,,14910.0,90.0
9,0.0,ISC,blocked,,,14911.0,91.0
9,0.0,ISC,blocked,,,14912.0,92.0
9,0.0,ISC,blocked,,,14913.0,93.0
9,0.0,ISC,blocked,,,14914.0,94.0
9,0.0,ISC,blocked,,,14915.0,95.0
9,0.0,ISC,blocked,,,14916.0,96.0
9,0.0,ISC,blocked,,,14917.0,97.0
9,1.0,ISC,blocked,,,14918.0,98.0
9,0.0,ISC,blocked,,,14919.0,99.0
9,1.0,ISC,blocked,,,14920.0,100.0
9,1.0,ISC,blocked,,,14921.0,101.0
9,1.0,ISC,blocked,,,14922.0,102.0
9,1.0,ISC,blocked,,,14923.0,103.0
9,0.0,ISC,blocked,,,14924.0,104.0
9,0.0,ISC,blocked,,,14925.0,105.0
9,0.0,ISC,blocked,,,14926.0,106.0
9,0.0,ISC,blocked,,,14927.0,107.0
9,0.0,ISC,blocked,,,14928.0,108.0
9,1.0,ISC,blocked,,,14929.0,109.0
9,1.0,ISC,blocked,,,14930.0,110.0
9,1.0,ISC,blocked,,,14931.0,111.0
9,1.0,ISC,blocked,,,14932.0,112.0
9,1.0,ISC,blocked,,,14933.0,113.0
9,0.0,ISC,blocked,,,14934.0,114.0
9,0.0,ISC,blocked,,,14935.0,115.0
9,0.0,ISC,blocked,,,14936.0,116.0
9,1.0,ISC,blocked,,,14937.0,117.0
9,0.0,ISC,blocked,,,14938.0,118.0
9,1.0,ISC,blocked,,,14939.0,119.0
9,1.0,ISC,blocked,,,14940.0,120.0
9,1.0,ISC,blocked,,,14941.0,121.0
9,1.0,ISC,blocked,,,14942.0,122.0
9,0.0,ISC,blocked,,,14943.0,123.0
9,0.0,ISC,blocked,,,14944.0,124.0
9,0.0,ISC,blocked,,,14945.0,125.0
9,0.0,ISC,blocked,,,14946.0,126.0
9,0.0,ISC,blocked,,,14947.0,127.0
9,1.0,ISC,blocked,,,14948.0,128.0
9,1.0,ISC,blocked,,,14949.0,129.0
9,1.0,ISC,blocked,,,14950.0,130.0
9,1.0,ISC,blocked,,,14951.0,131.0
9,1.0,ISC,blocked,,,14952.0,132.0
9,0.0,ISC,blocked,,,14953.0,133.0
9,1.0,ISC,blocked,,,14954.0,134.0
9,1.0,ISC,blocked,,,14955.0,135.0
9,1.0,ISC,blocked,,,14956.0,136.0
9,1.0,ISC,blocked,,,14957.0,137.0
9,1.0,ISC,blocked,,,14958.0,138.0
9,1.0,ISC,blocked,,,14959.0,139.0
9,1.0,ISC,blocked,,,14960.0,140.0
9,1.0,ISC,blocked,,,14961.0,141.0
9,0.0,ISC,blocked,,,14962.0,142.0
9,0.0,ISC,blocked,,,14963.0,143.0
9,0.0,ISC,blocked,,,14964.0,144.0
9,0.0,ISC,blocked,,,14965.0,145.0
9,0.0,ISC,blocked,,,14966.0,146.0
9,1.0,ISC,blocked,,,14967.0,147.0
9,1.0,ISC,blocked,,,14968.0,148.0
9,1.0,ISC,blocked,,,14969.0,149.0
9,1.0,ISC,blocked,,,14970.0,150.0
9,1.0,ISC,blocked,,,14971.0,151.0
9,1.0,ISC,blocked,,,14972.0,152.0
9,0.0,ISC,blocked,,,14973.0,153.0
9,0.0,ISC,blocked,,,14974.0,154.0
9,1.0,ISC,blocked,,,14975.0,155.0
9,1.0,ISC,blocked,,,14976.0,156.0
9,1.0,ISC,blocked,,,14977.0,157.0
9,1.0,ISC,blocked,,,14978.0,158.0
9,1.0,ISC,blocked,,,14979.0,159.0
9,1.0,ISC,blocked,,,14980.0,160.0
9,0.0,ISC,blocked,,,14981.0,161.0
9,0.0,ISC,blocked,,,14982.0,162.0
9,0.0,ISC,blocked,,,14983.0,163.0
9,0.0,ISC,blocked,,,14984.0,164.0
9,0.0,ISC,blocked,,,14985.0,165.0
9,1.0,ISC,blocked,,,14986.0,166.0
9,1.0,ISC,blocked,,,14987.0,167.0
9,1.0,ISC,blocked,,,14988.0,168.0
9,1.0,ISC,blocked,,,14989.0,169.0
9,1.0,ISC,blocked,,,14990.0,170.0
9,1.0,ISC,blocked,,,14991.0,171.0
9,1.0,ISC,blocked,,,14992.0,172.0
9,1.0,ISC,blocked,,,14993.0,173.0
9,1.0,ISC,blocked,,,14994.0,174.0
9,1.0,ISC,blocked,,,14995.0,175.0
9,1.0,ISC,blocked,,,14996.0,176.0
9,1.0,ISC,blocked,,,14997.0,177.0
9,1.0,ISC,blocked,,,14998.0,178.0
9,1.0,ISC,blocked,,,14999.0,179.0
9,0.0,ISC,blocked,,,15000.0,180.0
9,0.0,ISC,blocked,,,15001.0,181.0
9,0.0,ISC,blocked,,,15002.0,182.0
9,0.0,ISC,blocked,,,15003.0,183.0
9,0.0,ISC,blocked,,,15004.0,184.0
9,1.0,ISC,blocked,,,15005.0,185.0
9,1.0,ISC,blocked,,,15006.0,186.0
9,1.0,ISC,blocked,,,15007.0,187.0
9,1.0,ISC,blocked,,,15008.0,188.0
9,1.0,ISC,blocked,,,15009.0,189.0
9,1.0,ISC,blocked,,,15010.0,190.0
9,1.0,ISC,blocked,,,15011.0,191.0
9,1.0,ISC,blocked,,,15012.0,192.0
9,1.0,ISC,blocked,,,15013.0,193.0
9,1.0,ISC,blocked,,,15014.0,194.0
9,1.0,ISC,blocked,,,15015.0,195.0
9,1.0,ISC,blocked,,,15016.0,196.0
9,1.0,ISC,blocked,,,15017.0,197.0
9,1.0,ISC,blocked,,,15018.0,198.0
9,1.0,ISC,blocked,,,15019.0,199.0
9,1.0,ISC,blocked,,,15020.0,200.0
9,1.0,ISC,blocked,,,15021.0,201.0
9,1.0,ISC,blocked,,,15022.0,202.0
9,1.0,ISC,blocked,,,15023.0,203.0
9,1.0,ISC,blocked,,,15024.0,204.0
9,1.0,ISC,blocked,,,15025.0,205.0
9,1.0,ISC,blocked,,,15026.0,206.0
9,1.0,ISC,blocked,,,15027.0,207.0
9,1.0,ISC,blocked,,,15028.0,208.0
9,1.0,ISC,blocked,,,15029.0,209.0
9,1.0,ISC,blocked,,,15030.0,210.0
9,1.0,ISC,blocked,,,15031.0,211.0
9,1.0,ISC,blocked,,,15032.0,212.0
9,1.0,ISC,blocked,,,15033.0,213.0
9,1.0,ISC,blocked,,,15034.0,214.0
9,1.0,ISC,blocked,,,15035.0,215.0
9,1.0,ISC,blocked,,,15036.0,216.0
9,1.0,ISC,blocked,,,15037.0,217.0
9,1.0,ISC,blocked,,,15038.0,218.0
9,1.0,ISC,blocked,,,15039.0,219.0
9,1.0,ISC,blocked,,,15040.0,220.0
9,1.0,ISC,blocked,,,15041.0,221.0
9,1.0,ISC,blocked,,,15042.0,222.0
9,1.0,ISC,blocked,,,15043.0,223.0
9,1.0,ISC,blocked,,,15044.0,224.0
9,1.0,ISC,blocked,,,15045.0,225.0
9,1.0,ISC,blocked,,,15046.0,226.0
9,1.0,ISC,blocked,,,15047.0,227.0
9,1.0,ISC,blocked,,,15048.0,228.0
9,1.0,ISC,blocked,,,15049.0,229.0
9,1.0,ISC,blocked,,,15050.0,230.0
9,1.0,ISC,blocked,,,15051.0,231.0
9,1.0,ISC,blocked,,,15052.0,232.0
9,1.0,ISC,blocked,,,15053.0,233.0
9,1.0,ISC,blocked,,,15054.0,234.0
9,1.0,ISC,blocked,,,15055.0,235.0
9,1.0,ISC,blocked,,,15056.0,236.0
9,1.0,ISC,blocked,,,15057.0,237.0
9,1.0,ISC,blocked,,,15058.0,238.0
9,1.0,ISC,blocked,,,15059.0,239.0
9,1.0,ISC,blocked,,,15060.0,240.0
9,1.0,ISC,blocked,,,15061.0,241.0
9,1.0,ISC,blocked,,,15062.0,242.0
9,1.0,ISC,blocked,,,15063.0,243.0
9,1.0,ISC,blocked,,,15064.0,244.0
9,1.0,ISC,blocked,,,15065.0,245.0
9,1.0,ISC,blocked,,,15066.0,246.0
9,1.0,ISC,blocked,,,15067.0,247.0
9,1.0,ISC,blocked,,,15068.0,248.0
9,1.0,ISC,blocked,,,15069.0,249.0
9,1.0,ISC,blocked,,,15070.0,250.0
9,1.0,ISC,blocked,,,15071.0,251.0
9,1.0,ISC,blocked,,,15072.0,252.0
9,1.0,ISC,blocked,,,15073.0,253.0
9,1.0,ISC,blocked,,,15074.0,254.0
9,1.0,ISC,blocked,,,15075.0,255.0
9,1.0,ISC,blocked,,,15076.0,256.0
9,1.0,ISC,blocked,,,15077.0,257.0
9,1.0,ISC,blocked,,,15078.0,258.0
9,1.0,ISC,blocked,,,15079.0,259.0
9,1.0,ISC,blocked,,,15080.0,260.0
9,1.0,ISC,blocked,,,15081.0,261.0
9,1.0,ISC,blocked,,,15082.0,262.0
9,1.0,ISC,blocked,,,15083.0,263.0
9,1.0,ISC,blocked,,,15084.0,264.0
9,1.0,ISC,blocked,,,15085.0,265.0
9,1.0,ISC,blocked,,,15086.0,266.0
9,1.0,ISC,blocked,,,15087.0,267.0
9,1.0,ISC,blocked,,,15088.0,268.0
9,1.0,ISC,blocked,,,15089.0,269.0
9,1.0,ISC,blocked,,,15090.0,270.0
9,1.0,ISC,blocked,,,15091.0,271.0
9,1.0,ISC,blocked,,,15092.0,272.0
9,1.0,ISC,blocked,,,15093.0,273.0
9,1.0,ISC,blocked,,,15094.0,274.0
9,1.0,ISC,blocked,,,15095.0,275.0
9,1.0,ISC,blocked,,,15096.0,276.0
9,1.0,ISC,blocked,,,15097.0,277.0
9,1.0,ISC,blocked,,,15098.0,278.0
9,1.0,ISC,blocked,,,15099.0,279.0
9,1.0,ISC,blocked,,,15100.0,280.0
9,1.0,ISC,blocked,,,15101.0,281.0
9,1.0,ISC,blocked,,,15102.0,282.0
9,1.0,ISC,blocked,,,15103.0,283.0
9,1.0,ISC,blocked,,,15104.0,284.0
9,1.0,ISC,blocked,,,15105.0,285.0
9,1.0,ISC,blocked,,,15106.0,286.0
9,1.0,ISC,blocked,,,15107.0,287.0
9,1.0,ISC,blocked,,,15108.0,288.0
9,1.0,ISC,blocked,,,15109.0,289.0
9,1.0,ISC,blocked,,,15110.0,290.0
9,1.0,ISC,blocked,,,15111.0,291.0
9,1.0,ISC,blocked,,,15112.0,292.0
9,1.0,ISC,blocked,,,15113.0,293.0
9,1.0,ISC,blocked,,,15114.0,294.0
9,0.0,ISC,blocked,,,15115.0,295.0
9,0.0,ISC,blocked,,,15116.0,296.0
9,0.0,ISC,blocked,,,15117.0,297.0
9,0.0,ISC,blocked,,,15118.0,298.0
9,0.0,ISC,blocked,,,15119.0,299.0
9,1.0,ISC,blocked,,,15120.0,300.0
9,1.0,ISC,blocked,,,15121.0,301.0
9,1.0,ISC,blocked,,,15122.0,302.0
9,1.0,ISC,blocked,,,15123.0,303.0
9,1.0,ISC,blocked,,,15124.0,304.0
9,1.0,ISC,blocked,,,15125.0,305.0
9,1.0,ISC,blocked,,,15126.0,306.0
9,1.0,ISC,blocked,,,15127.0,307.0
9,1.0,ISC,blocked,,,15128.0,308.0
9,1.0,ISC,blocked,,,15129.0,309.0
9,1.0,ISC,blocked,,,15130.0,310.0
9,1.0,ISC,blocked,,,15131.0,311.0
9,1.0,ISC,blocked,,,15132.0,312.0
9,1.0,ISC,blocked,,,15133.0,313.0
9,0.0,ISC,blocked,,,15134.0,314.0
9,0.0,ISC,blocked,,,15135.0,315.0
9,0.0,ISC,blocked,,,15136.0,316.0
9,0.0,ISC,blocked,,,15137.0,317.0
9,0.0,ISC,blocked,,,15138.0,318.0
9,1.0,ISC,blocked,,,15139.0,319.0
9,1.0,ISC,blocked,,,15140.0,320.0
9,1.0,ISC,blocked,,,15141.0,321.0
9,1.0,ISC,blocked,,,15142.0,322.0
9,1.0,ISC,blocked,,,15143.0,323.0
9,1.0,ISC,blocked,,,15144.0,324.0
9,1.0,ISC,blocked,,,15145.0,325.0
9,1.0,ISC,blocked,,,15146.0,326.0
9,1.0,ISC,blocked,,,15147.0,327.0
9,1.0,ISC,blocked,,,15148.0,328.0
9,1.0,ISC,blocked,,,15149.0,329.0
9,1.0,ISC,blocked,,,15150.0,330.0
9,1.0,ISC,blocked,,,15151.0,331.0
9,1.0,ISC,blocked,,,15152.0,332.0
9,0.0,ISC,blocked,,,15153.0,333.0
9,0.0,ISC,blocked,,,15154.0,334.0
9,0.0,ISC,blocked,,,15155.0,335.0
9,0.0,ISC,blocked,,,15156.0,336.0
9,1.0,ISC,blocked,,,15157.0,337.0
9,1.0,ISC,blocked,,,15158.0,338.0
9,1.0,ISC,blocked,,,15159.0,339.0
9,1.0,ISC,blocked,,,15160.0,340.0
9,1.0,ISC,blocked,,,15161.0,341.0
9,1.0,ISC,blocked,,,15162.0,342.0
9,1.0,ISC,blocked,,,15163.0,343.0
9,1.0,ISC,blocked,,,15164.0,344.0
9,1.0,ISC,blocked,,,15165.0,345.0
9,1.0,ISC,blocked,,,15166.0,346.0
9,1.0,ISC,blocked,,,15167.0,347.0
9,1.0,ISC,blocked,,,15168.0,348.0
9,1.0,ISC,blocked,,,15169.0,349.0
9,1.0,ISC,blocked,,,15170.0,350.0
9,1.0,ISC,blocked,,,15171.0,351.0
9,0.0,ISC,blocked,,,15172.0,352.0
9,0.0,ISC,blocked,,,15173.0,353.0
9,0.0,ISC,blocked,,,15174.0,354.0
9,0.0,ISC,blocked,,,15175.0,355.0
9,0.0,ISC,blocked,,,15176.0,356.0
9,1.0,ISC,blocked,,,15177.0,357.0
9,1.0,ISC,blocked,,,15178.0,358.0
9,1.0,ISC,blocked,,,15179.0,359.0
9,1.0,ISC,blocked,,,15180.0,360.0
9,1.0,ISC,blocked,,,15181.0,361.0
9,1.0,ISC,blocked,,,15182.0,362.0
9,1.0,ISC,blocked,,,15183.0,363.0
9,1.0,ISC,blocked,,,15184.0,364.0
9,1.0,ISC,blocked,,,15185.0,365.0
9,1.0,ISC,blocked,,,15186.0,366.0
9,1.0,ISC,blocked,,,15187.0,367.0
9,1.0,ISC,blocked,,,15188.0,368.0
9,1.0,ISC,blocked,,,15189.0,369.0
9,1.0,ISC,blocked,,,15190.0,370.0
9,0.0,ISC,blocked,,,15191.0,371.0
9,0.0,ISC,blocked,,,15192.0,372.0
9,0.0,ISC,blocked,,,15193.0,373.0
9,0.0,ISC,blocked,,,15194.0,374.0
9,0.0,ISC,blocked,,,15195.0,375.0
9,1.0,ISC,blocked,,,15196.0,376.0
9,1.0,ISC,blocked,,,15197.0,377.0
9,1.0,ISC,blocked,,,15198.0,378.0
9,1.0,ISC,blocked,,,15199.0,379.0
